flags/calling_code @ last_token, residual site, full source swap, layers 19-28
n_rows=384 (seed=0), batch_size=128, max_new_tokens=8
Token breakdown: every answer shown as its actual tokens (Qwen2.5-VL splits digits one-per-token)
Generated 2026-09-11T11:51:19Z

FULL PER-ROW LOG (TOKEN BREAKDOWN): flags/calling_code @ last_token, residual, full source swap, n_rows=384, layers=[19, 20, 21, 22, 23, 24, 25, 26, 27, 28]
Qwen2.5-VL tokenizes calling-code digits ONE DIGIT PER TOKEN (e.g. '250' -> ['2','5','0']), so a single-token answer ('7', '1', ...) is rare -- most codes below show their digit-by-digit breakdown.
====================================================================================================

row 0: base=RW -> source=TN  template=calling_code_prefill_v5
  question: 'Identify the international dialing code of the country shown in this flag.'
  prefill : 'The dialing code is +'
  gold base   (expected unhooked) : '250' = ['2', '5', '0']
  gold source (expected if swap works): '216' = ['2', '1', '6']
  unhooked: '250.<|im_end|><|endoftext|><|endoftext|><|endoftext|>' = ['2', '5', '0', '.', '<|im_end|>', '<|endoftext|>', '<|endoftext|>', '<|endoftext|>']
  L19: '250.<|im_end|><|endoftext|><|endoftext|><|endoftext|>' = ['2', '5', '0', '.', '<|im_end|>', '<|endoftext|>', '<|endoftext|>', '<|endoftext|>'] [base]
  L20: '250.<|im_end|><|endoftext|><|endoftext|><|endoftext|>' = ['2', '5', '0', '.', '<|im_end|>', '<|endoftext|>', '<|endoftext|>', '<|endoftext|>'] [base]
  L21: '250.<|im_end|><|endoftext|><|endoftext|><|endoftext|>' = ['2', '5', '0', '.', '<|im_end|>', '<|endoftext|>', '<|endoftext|>', '<|endoftext|>'] [base]
  L22: '250.<|im_end|><|endoftext|><|endoftext|><|endoftext|>' = ['2', '5', '0', '.', '<|im_end|>', '<|endoftext|>', '<|endoftext|>', '<|endoftext|>'] [base]
  L23: '250.<|im_end|><|endoftext|><|endoftext|><|endoftext|>' = ['2', '5', '0', '.', '<|im_end|>', '<|endoftext|>', '<|endoftext|>', '<|endoftext|>'] [base]
  L24: '250.<|im_end|><|endoftext|><|endoftext|><|endoftext|>' = ['2', '5', '0', '.', '<|im_end|>', '<|endoftext|>', '<|endoftext|>', '<|endoftext|>'] [base]
  L25: '250.<|im_end|><|endoftext|><|endoftext|><|endoftext|>' = ['2', '5', '0', '.', '<|im_end|>', '<|endoftext|>', '<|endoftext|>', '<|endoftext|>'] [base]
  L26: '250.<|im_end|><|endoftext|><|endoftext|><|endoftext|>' = ['2', '5', '0', '.', '<|im_end|>', '<|endoftext|>', '<|endoftext|>', '<|endoftext|>'] [base]
  L27: '250.<|im_end|><|endoftext|><|endoftext|><|endoftext|>' = ['2', '5', '0', '.', '<|im_end|>', '<|endoftext|>', '<|endoftext|>', '<|endoftext|>'] [base]
  L28: '250.<|im_end|><|endoftext|><|endoftext|><|endoftext|>' = ['2', '5', '0', '.', '<|im_end|>', '<|endoftext|>', '<|endoftext|>', '<|endoftext|>'] [base]

row 1: base=AM -> source=IT  template=calling_code_prefill_v6
  question: 'What country code do you dial to call this country?'
  prefill : 'The country code is +'
  gold base   (expected unhooked) : '374' = ['3', '7', '4']
  gold source (expected if swap works): '39' = ['3', '9']
  unhooked: '374.<|im_end|><|endoftext|><|endoftext|><|endoftext|>' = ['3', '7', '4', '.', '<|im_end|>', '<|endoftext|>', '<|endoftext|>', '<|endoftext|>']
  L19: '374.<|im_end|><|endoftext|><|endoftext|><|endoftext|>' = ['3', '7', '4', '.', '<|im_end|>', '<|endoftext|>', '<|endoftext|>', '<|endoftext|>'] [base]
  L20: '374.<|im_end|><|endoftext|><|endoftext|><|endoftext|>' = ['3', '7', '4', '.', '<|im_end|>', '<|endoftext|>', '<|endoftext|>', '<|endoftext|>'] [base]
  L21: '374.<|im_end|><|endoftext|><|endoftext|><|endoftext|>' = ['3', '7', '4', '.', '<|im_end|>', '<|endoftext|>', '<|endoftext|>', '<|endoftext|>'] [base]
  L22: '374.<|im_end|><|endoftext|><|endoftext|><|endoftext|>' = ['3', '7', '4', '.', '<|im_end|>', '<|endoftext|>', '<|endoftext|>', '<|endoftext|>'] [base]
  L23: '374.<|im_end|><|endoftext|><|endoftext|><|endoftext|>' = ['3', '7', '4', '.', '<|im_end|>', '<|endoftext|>', '<|endoftext|>', '<|endoftext|>'] [base]
  L24: '374.<|im_end|><|endoftext|><|endoftext|><|endoftext|>' = ['3', '7', '4', '.', '<|im_end|>', '<|endoftext|>', '<|endoftext|>', '<|endoftext|>'] [base]
  L25: '374.<|im_end|><|endoftext|><|endoftext|><|endoftext|>' = ['3', '7', '4', '.', '<|im_end|>', '<|endoftext|>', '<|endoftext|>', '<|endoftext|>'] [base]
  L26: '374.<|im_end|><|endoftext|><|endoftext|><|endoftext|>' = ['3', '7', '4', '.', '<|im_end|>', '<|endoftext|>', '<|endoftext|>', '<|endoftext|>'] [base]
  L27: '374.<|im_end|><|endoftext|><|endoftext|><|endoftext|>' = ['3', '7', '4', '.', '<|im_end|>', '<|endoftext|>', '<|endoftext|>', '<|endoftext|>'] [base]
  L28: '374.<|im_end|><|endoftext|><|endoftext|><|endoftext|>' = ['3', '7', '4', '.', '<|im_end|>', '<|endoftext|>', '<|endoftext|>', '<|endoftext|>'] [base]

row 2: base=NZ -> source=BZ  template=calling_code_prefill_v2
  question: 'Give the international dialling code of the country shown in this flag.'
  prefill : 'The dialling code is +'
  gold base   (expected unhooked) : '64' = ['6', '4']
  gold source (expected if swap works): '501' = ['5', '0', '1']
  unhooked: '64.<|im_end|><|endoftext|><|endoftext|><|endoftext|><|endoftext|>' = ['6', '4', '.', '<|im_end|>', '<|endoftext|>', '<|endoftext|>', '<|endoftext|>', '<|endoftext|>']
  L19: '64.<|im_end|><|endoftext|><|endoftext|><|endoftext|><|endoftext|>' = ['6', '4', '.', '<|im_end|>', '<|endoftext|>', '<|endoftext|>', '<|endoftext|>', '<|endoftext|>'] [base]
  L20: '64.<|im_end|><|endoftext|><|endoftext|><|endoftext|><|endoftext|>' = ['6', '4', '.', '<|im_end|>', '<|endoftext|>', '<|endoftext|>', '<|endoftext|>', '<|endoftext|>'] [base]
  L21: '64.<|im_end|><|endoftext|><|endoftext|><|endoftext|><|endoftext|>' = ['6', '4', '.', '<|im_end|>', '<|endoftext|>', '<|endoftext|>', '<|endoftext|>', '<|endoftext|>'] [base]
  L22: '64.<|im_end|><|endoftext|><|endoftext|><|endoftext|><|endoftext|>' = ['6', '4', '.', '<|im_end|>', '<|endoftext|>', '<|endoftext|>', '<|endoftext|>', '<|endoftext|>'] [base]
  L23: '508.<|im_end|><|endoftext|><|endoftext|><|endoftext|>' = ['5', '0', '8', '.', '<|im_end|>', '<|endoftext|>', '<|endoftext|>', '<|endoftext|>'] [other]
  L24: '508.<|im_end|><|endoftext|><|endoftext|><|endoftext|>' = ['5', '0', '8', '.', '<|im_end|>', '<|endoftext|>', '<|endoftext|>', '<|endoftext|>'] [other]
  L25: '508.<|im_end|><|endoftext|><|endoftext|><|endoftext|>' = ['5', '0', '8', '.', '<|im_end|>', '<|endoftext|>', '<|endoftext|>', '<|endoftext|>'] [other]
  L26: '508.<|im_end|><|endoftext|><|endoftext|><|endoftext|>' = ['5', '0', '8', '.', '<|im_end|>', '<|endoftext|>', '<|endoftext|>', '<|endoftext|>'] [other]
  L27: '508.<|im_end|><|endoftext|><|endoftext|><|endoftext|>' = ['5', '0', '8', '.', '<|im_end|>', '<|endoftext|>', '<|endoftext|>', '<|endoftext|>'] [other]
  L28: '508.<|im_end|><|endoftext|><|endoftext|><|endoftext|>' = ['5', '0', '8', '.', '<|im_end|>', '<|endoftext|>', '<|endoftext|>', '<|endoftext|>'] [other]

row 3: base=KE -> source=IT  template=calling_code_prefill_v4
  question: 'What is the phone country code for the country in this image?'
  prefill : 'The phone code is +'
  gold base   (expected unhooked) : '254' = ['2', '5', '4']
  gold source (expected if swap works): '39' = ['3', '9']
  unhooked: '254. This corresponds to Kenya' = ['2', '5', '4', '.', ' This', ' corresponds', ' to', ' Kenya']
  L19: '254. This corresponds to Kenya' = ['2', '5', '4', '.', ' This', ' corresponds', ' to', ' Kenya'] [base]
  L20: '254. This corresponds to Kenya' = ['2', '5', '4', '.', ' This', ' corresponds', ' to', ' Kenya'] [base]
  L21: '254. This corresponds to Kenya' = ['2', '5', '4', '.', ' This', ' corresponds', ' to', ' Kenya'] [base]
  L22: '254. This corresponds to Kenya' = ['2', '5', '4', '.', ' This', ' corresponds', ' to', ' Kenya'] [base]
  L23: '39.<|im_end|><|endoftext|><|endoftext|><|endoftext|><|endoftext|>' = ['3', '9', '.', '<|im_end|>', '<|endoftext|>', '<|endoftext|>', '<|endoftext|>', '<|endoftext|>'] [HIT]
  L24: '39.<|im_end|><|endoftext|><|endoftext|><|endoftext|><|endoftext|>' = ['3', '9', '.', '<|im_end|>', '<|endoftext|>', '<|endoftext|>', '<|endoftext|>', '<|endoftext|>'] [HIT]
  L25: '32.<|im_end|><|endoftext|><|endoftext|><|endoftext|><|endoftext|>' = ['3', '2', '.', '<|im_end|>', '<|endoftext|>', '<|endoftext|>', '<|endoftext|>', '<|endoftext|>'] [other]
  L26: '32.<|im_end|><|endoftext|><|endoftext|><|endoftext|><|endoftext|>' = ['3', '2', '.', '<|im_end|>', '<|endoftext|>', '<|endoftext|>', '<|endoftext|>', '<|endoftext|>'] [other]
  L27: '39.<|im_end|><|endoftext|><|endoftext|><|endoftext|><|endoftext|>' = ['3', '9', '.', '<|im_end|>', '<|endoftext|>', '<|endoftext|>', '<|endoftext|>', '<|endoftext|>'] [HIT]
  L28: '39.<|im_end|><|endoftext|><|endoftext|><|endoftext|><|endoftext|>' = ['3', '9', '.', '<|im_end|>', '<|endoftext|>', '<|endoftext|>', '<|endoftext|>', '<|endoftext|>'] [HIT]

row 4: base=LA -> source=BD  template=calling_code_prefill_v5
  question: 'Identify the international dialing code of the country shown in this flag.'
  prefill : 'The dialing code is +'
  gold base   (expected unhooked) : '856' = ['8', '5', '6']
  gold source (expected if swap works): '880' = ['8', '8', '0']
  unhooked: '856.<|im_end|><|endoftext|><|endoftext|><|endoftext|>' = ['8', '5', '6', '.', '<|im_end|>', '<|endoftext|>', '<|endoftext|>', '<|endoftext|>']
  L19: '856.<|im_end|><|endoftext|><|endoftext|><|endoftext|>' = ['8', '5', '6', '.', '<|im_end|>', '<|endoftext|>', '<|endoftext|>', '<|endoftext|>'] [base]
  L20: '856.<|im_end|><|endoftext|><|endoftext|><|endoftext|>' = ['8', '5', '6', '.', '<|im_end|>', '<|endoftext|>', '<|endoftext|>', '<|endoftext|>'] [base]
  L21: '856.<|im_end|><|endoftext|><|endoftext|><|endoftext|>' = ['8', '5', '6', '.', '<|im_end|>', '<|endoftext|>', '<|endoftext|>', '<|endoftext|>'] [base]
  L22: '856.<|im_end|><|endoftext|><|endoftext|><|endoftext|>' = ['8', '5', '6', '.', '<|im_end|>', '<|endoftext|>', '<|endoftext|>', '<|endoftext|>'] [base]
  L23: '856.<|im_end|><|endoftext|><|endoftext|><|endoftext|>' = ['8', '5', '6', '.', '<|im_end|>', '<|endoftext|>', '<|endoftext|>', '<|endoftext|>'] [base]
  L24: '856.<|im_end|><|endoftext|><|endoftext|><|endoftext|>' = ['8', '5', '6', '.', '<|im_end|>', '<|endoftext|>', '<|endoftext|>', '<|endoftext|>'] [base]
  L25: '856.<|im_end|><|endoftext|><|endoftext|><|endoftext|>' = ['8', '5', '6', '.', '<|im_end|>', '<|endoftext|>', '<|endoftext|>', '<|endoftext|>'] [base]
  L26: '856.<|im_end|><|endoftext|><|endoftext|><|endoftext|>' = ['8', '5', '6', '.', '<|im_end|>', '<|endoftext|>', '<|endoftext|>', '<|endoftext|>'] [base]
  L27: '856.<|im_end|><|endoftext|><|endoftext|><|endoftext|>' = ['8', '5', '6', '.', '<|im_end|>', '<|endoftext|>', '<|endoftext|>', '<|endoftext|>'] [base]
  L28: '856.<|im_end|><|endoftext|><|endoftext|><|endoftext|>' = ['8', '5', '6', '.', '<|im_end|>', '<|endoftext|>', '<|endoftext|>', '<|endoftext|>'] [base]

row 5: base=SD -> source=FJ  template=calling_code_prefill_v2
  question: 'Give the international dialling code of the country shown in this flag.'
  prefill : 'The dialling code is +'
  gold base   (expected unhooked) : '249' = ['2', '4', '9']
  gold source (expected if swap works): '679' = ['6', '7', '9']
  unhooked: '249.<|im_end|><|endoftext|><|endoftext|><|endoftext|>' = ['2', '4', '9', '.', '<|im_end|>', '<|endoftext|>', '<|endoftext|>', '<|endoftext|>']
  L19: '249.<|im_end|><|endoftext|><|endoftext|><|endoftext|>' = ['2', '4', '9', '.', '<|im_end|>', '<|endoftext|>', '<|endoftext|>', '<|endoftext|>'] [base]
  L20: '249.<|im_end|><|endoftext|><|endoftext|><|endoftext|>' = ['2', '4', '9', '.', '<|im_end|>', '<|endoftext|>', '<|endoftext|>', '<|endoftext|>'] [base]
  L21: '249.<|im_end|><|endoftext|><|endoftext|><|endoftext|>' = ['2', '4', '9', '.', '<|im_end|>', '<|endoftext|>', '<|endoftext|>', '<|endoftext|>'] [base]
  L22: '249.<|im_end|><|endoftext|><|endoftext|><|endoftext|>' = ['2', '4', '9', '.', '<|im_end|>', '<|endoftext|>', '<|endoftext|>', '<|endoftext|>'] [base]
  L23: '249.<|im_end|><|endoftext|><|endoftext|><|endoftext|>' = ['2', '4', '9', '.', '<|im_end|>', '<|endoftext|>', '<|endoftext|>', '<|endoftext|>'] [base]
  L24: '66.<|im_end|><|endoftext|><|endoftext|><|endoftext|><|endoftext|>' = ['6', '6', '.', '<|im_end|>', '<|endoftext|>', '<|endoftext|>', '<|endoftext|>', '<|endoftext|>'] [other]
  L25: '66.<|im_end|><|endoftext|><|endoftext|><|endoftext|><|endoftext|>' = ['6', '6', '.', '<|im_end|>', '<|endoftext|>', '<|endoftext|>', '<|endoftext|>', '<|endoftext|>'] [other]
  L26: '66.<|im_end|><|endoftext|><|endoftext|><|endoftext|><|endoftext|>' = ['6', '6', '.', '<|im_end|>', '<|endoftext|>', '<|endoftext|>', '<|endoftext|>', '<|endoftext|>'] [other]
  L27: '66.<|im_end|><|endoftext|><|endoftext|><|endoftext|><|endoftext|>' = ['6', '6', '.', '<|im_end|>', '<|endoftext|>', '<|endoftext|>', '<|endoftext|>', '<|endoftext|>'] [other]
  L28: '66.<|im_end|><|endoftext|><|endoftext|><|endoftext|><|endoftext|>' = ['6', '6', '.', '<|im_end|>', '<|endoftext|>', '<|endoftext|>', '<|endoftext|>', '<|endoftext|>'] [other]

row 6: base=IE -> source=PE  template=calling_code_prefill_v4
  question: 'What is the phone country code for the country in this image?'
  prefill : 'The phone code is +'
  gold base   (expected unhooked) : '353' = ['3', '5', '3']
  gold source (expected if swap works): '51' = ['5', '1']
  unhooked: '353. This corresponds to Ireland' = ['3', '5', '3', '.', ' This', ' corresponds', ' to', ' Ireland']
  L19: '353. This corresponds to Ireland' = ['3', '5', '3', '.', ' This', ' corresponds', ' to', ' Ireland'] [base]
  L20: '353. This corresponds to Ireland' = ['3', '5', '3', '.', ' This', ' corresponds', ' to', ' Ireland'] [base]
  L21: '353. This corresponds to Ireland' = ['3', '5', '3', '.', ' This', ' corresponds', ' to', ' Ireland'] [base]
  L22: '353. This corresponds to Ireland' = ['3', '5', '3', '.', ' This', ' corresponds', ' to', ' Ireland'] [base]
  L23: '353. This corresponds to Ireland' = ['3', '5', '3', '.', ' This', ' corresponds', ' to', ' Ireland'] [base]
  L24: '53. This corresponds to Cuba.' = ['5', '3', '.', ' This', ' corresponds', ' to', ' Cuba', '.'] [other]
  L25: '53. This corresponds to Cuba.' = ['5', '3', '.', ' This', ' corresponds', ' to', ' Cuba', '.'] [other]
  L26: '53. This corresponds to Cuba.' = ['5', '3', '.', ' This', ' corresponds', ' to', ' Cuba', '.'] [other]
  L27: '53. This corresponds to Cuba.' = ['5', '3', '.', ' This', ' corresponds', ' to', ' Cuba', '.'] [other]
  L28: '53. This corresponds to Cuba.' = ['5', '3', '.', ' This', ' corresponds', ' to', ' Cuba', '.'] [other]

row 7: base=LU -> source=DE  template=calling_code_prefill_v5
  question: 'Identify the international dialing code of the country shown in this flag.'
  prefill : 'The dialing code is +'
  gold base   (expected unhooked) : '352' = ['3', '5', '2']
  gold source (expected if swap works): '49' = ['4', '9']
  unhooked: '352.<|im_end|><|endoftext|><|endoftext|><|endoftext|>' = ['3', '5', '2', '.', '<|im_end|>', '<|endoftext|>', '<|endoftext|>', '<|endoftext|>']
  L19: '352.<|im_end|><|endoftext|><|endoftext|><|endoftext|>' = ['3', '5', '2', '.', '<|im_end|>', '<|endoftext|>', '<|endoftext|>', '<|endoftext|>'] [base]
  L20: '352.<|im_end|><|endoftext|><|endoftext|><|endoftext|>' = ['3', '5', '2', '.', '<|im_end|>', '<|endoftext|>', '<|endoftext|>', '<|endoftext|>'] [base]
  L21: '352.<|im_end|><|endoftext|><|endoftext|><|endoftext|>' = ['3', '5', '2', '.', '<|im_end|>', '<|endoftext|>', '<|endoftext|>', '<|endoftext|>'] [base]
  L22: '352.<|im_end|><|endoftext|><|endoftext|><|endoftext|>' = ['3', '5', '2', '.', '<|im_end|>', '<|endoftext|>', '<|endoftext|>', '<|endoftext|>'] [base]
  L23: '49.<|im_end|><|endoftext|><|endoftext|><|endoftext|><|endoftext|>' = ['4', '9', '.', '<|im_end|>', '<|endoftext|>', '<|endoftext|>', '<|endoftext|>', '<|endoftext|>'] [HIT]
  L24: '49.<|im_end|><|endoftext|><|endoftext|><|endoftext|><|endoftext|>' = ['4', '9', '.', '<|im_end|>', '<|endoftext|>', '<|endoftext|>', '<|endoftext|>', '<|endoftext|>'] [HIT]
  L25: '49.<|im_end|><|endoftext|><|endoftext|><|endoftext|><|endoftext|>' = ['4', '9', '.', '<|im_end|>', '<|endoftext|>', '<|endoftext|>', '<|endoftext|>', '<|endoftext|>'] [HIT]
  L26: '49.<|im_end|><|endoftext|><|endoftext|><|endoftext|><|endoftext|>' = ['4', '9', '.', '<|im_end|>', '<|endoftext|>', '<|endoftext|>', '<|endoftext|>', '<|endoftext|>'] [HIT]
  L27: '49.<|im_end|><|endoftext|><|endoftext|><|endoftext|><|endoftext|>' = ['4', '9', '.', '<|im_end|>', '<|endoftext|>', '<|endoftext|>', '<|endoftext|>', '<|endoftext|>'] [HIT]
  L28: '49.<|im_end|><|endoftext|><|endoftext|><|endoftext|><|endoftext|>' = ['4', '9', '.', '<|im_end|>', '<|endoftext|>', '<|endoftext|>', '<|endoftext|>', '<|endoftext|>'] [HIT]

row 8: base=CY -> source=DK  template=calling_code_prefill_v1
  question: 'What is the international calling code of the country in this image?'
  prefill : 'The calling code is +'
  gold base   (expected unhooked) : '357' = ['3', '5', '7']
  gold source (expected if swap works): '45' = ['4', '5']
  unhooked: '357.<|im_end|><|endoftext|><|endoftext|><|endoftext|>' = ['3', '5', '7', '.', '<|im_end|>', '<|endoftext|>', '<|endoftext|>', '<|endoftext|>']
  L19: '357.<|im_end|><|endoftext|><|endoftext|><|endoftext|>' = ['3', '5', '7', '.', '<|im_end|>', '<|endoftext|>', '<|endoftext|>', '<|endoftext|>'] [base]
  L20: '357.<|im_end|><|endoftext|><|endoftext|><|endoftext|>' = ['3', '5', '7', '.', '<|im_end|>', '<|endoftext|>', '<|endoftext|>', '<|endoftext|>'] [base]
  L21: '357.<|im_end|><|endoftext|><|endoftext|><|endoftext|>' = ['3', '5', '7', '.', '<|im_end|>', '<|endoftext|>', '<|endoftext|>', '<|endoftext|>'] [base]
  L22: '357.<|im_end|><|endoftext|><|endoftext|><|endoftext|>' = ['3', '5', '7', '.', '<|im_end|>', '<|endoftext|>', '<|endoftext|>', '<|endoftext|>'] [base]
  L23: '357.<|im_end|><|endoftext|><|endoftext|><|endoftext|>' = ['3', '5', '7', '.', '<|im_end|>', '<|endoftext|>', '<|endoftext|>', '<|endoftext|>'] [base]
  L24: '47.<|im_end|><|endoftext|><|endoftext|><|endoftext|><|endoftext|>' = ['4', '7', '.', '<|im_end|>', '<|endoftext|>', '<|endoftext|>', '<|endoftext|>', '<|endoftext|>'] [other]
  L25: '47.<|im_end|><|endoftext|><|endoftext|><|endoftext|><|endoftext|>' = ['4', '7', '.', '<|im_end|>', '<|endoftext|>', '<|endoftext|>', '<|endoftext|>', '<|endoftext|>'] [other]
  L26: '47.<|im_end|><|endoftext|><|endoftext|><|endoftext|><|endoftext|>' = ['4', '7', '.', '<|im_end|>', '<|endoftext|>', '<|endoftext|>', '<|endoftext|>', '<|endoftext|>'] [other]
  L27: '47.<|im_end|><|endoftext|><|endoftext|><|endoftext|><|endoftext|>' = ['4', '7', '.', '<|im_end|>', '<|endoftext|>', '<|endoftext|>', '<|endoftext|>', '<|endoftext|>'] [other]
  L28: '423.<|im_end|><|endoftext|><|endoftext|><|endoftext|>' = ['4', '2', '3', '.', '<|im_end|>', '<|endoftext|>', '<|endoftext|>', '<|endoftext|>'] [other]

row 9: base=OM -> source=NP  template=calling_code_prefill_v6
  question: 'What country code do you dial to call this country?'
  prefill : 'The country code is +'
  gold base   (expected unhooked) : '968' = ['9', '6', '8']
  gold source (expected if swap works): '977' = ['9', '7', '7']
  unhooked: '968.<|im_end|><|endoftext|><|endoftext|><|endoftext|>' = ['9', '6', '8', '.', '<|im_end|>', '<|endoftext|>', '<|endoftext|>', '<|endoftext|>']
  L19: '968.<|im_end|><|endoftext|><|endoftext|><|endoftext|>' = ['9', '6', '8', '.', '<|im_end|>', '<|endoftext|>', '<|endoftext|>', '<|endoftext|>'] [base]
  L20: '968.<|im_end|><|endoftext|><|endoftext|><|endoftext|>' = ['9', '6', '8', '.', '<|im_end|>', '<|endoftext|>', '<|endoftext|>', '<|endoftext|>'] [base]
  L21: '968.<|im_end|><|endoftext|><|endoftext|><|endoftext|>' = ['9', '6', '8', '.', '<|im_end|>', '<|endoftext|>', '<|endoftext|>', '<|endoftext|>'] [base]
  L22: '968.<|im_end|><|endoftext|><|endoftext|><|endoftext|>' = ['9', '6', '8', '.', '<|im_end|>', '<|endoftext|>', '<|endoftext|>', '<|endoftext|>'] [base]
  L23: '968.<|im_end|><|endoftext|><|endoftext|><|endoftext|>' = ['9', '6', '8', '.', '<|im_end|>', '<|endoftext|>', '<|endoftext|>', '<|endoftext|>'] [base]
  L24: '968.<|im_end|><|endoftext|><|endoftext|><|endoftext|>' = ['9', '6', '8', '.', '<|im_end|>', '<|endoftext|>', '<|endoftext|>', '<|endoftext|>'] [base]
  L25: '968.<|im_end|><|endoftext|><|endoftext|><|endoftext|>' = ['9', '6', '8', '.', '<|im_end|>', '<|endoftext|>', '<|endoftext|>', '<|endoftext|>'] [base]
  L26: '968.<|im_end|><|endoftext|><|endoftext|><|endoftext|>' = ['9', '6', '8', '.', '<|im_end|>', '<|endoftext|>', '<|endoftext|>', '<|endoftext|>'] [base]
  L27: '968.<|im_end|><|endoftext|><|endoftext|><|endoftext|>' = ['9', '6', '8', '.', '<|im_end|>', '<|endoftext|>', '<|endoftext|>', '<|endoftext|>'] [base]
  L28: '968.<|im_end|><|endoftext|><|endoftext|><|endoftext|>' = ['9', '6', '8', '.', '<|im_end|>', '<|endoftext|>', '<|endoftext|>', '<|endoftext|>'] [base]

row 10: base=PA -> source=TN  template=calling_code_prefill_v6
  question: 'What country code do you dial to call this country?'
  prefill : 'The country code is +'
  gold base   (expected unhooked) : '507' = ['5', '0', '7']
  gold source (expected if swap works): '216' = ['2', '1', '6']
  unhooked: '507.<|im_end|><|endoftext|><|endoftext|><|endoftext|>' = ['5', '0', '7', '.', '<|im_end|>', '<|endoftext|>', '<|endoftext|>', '<|endoftext|>']
  L19: '507. This is the country' = ['5', '0', '7', '.', ' This', ' is', ' the', ' country'] [base]
  L20: '507.<|im_end|><|endoftext|><|endoftext|><|endoftext|>' = ['5', '0', '7', '.', '<|im_end|>', '<|endoftext|>', '<|endoftext|>', '<|endoftext|>'] [base]
  L21: '507.<|im_end|><|endoftext|><|endoftext|><|endoftext|>' = ['5', '0', '7', '.', '<|im_end|>', '<|endoftext|>', '<|endoftext|>', '<|endoftext|>'] [base]
  L22: '507.<|im_end|><|endoftext|><|endoftext|><|endoftext|>' = ['5', '0', '7', '.', '<|im_end|>', '<|endoftext|>', '<|endoftext|>', '<|endoftext|>'] [base]
  L23: '20.<|im_end|><|endoftext|><|endoftext|><|endoftext|><|endoftext|>' = ['2', '0', '.', '<|im_end|>', '<|endoftext|>', '<|endoftext|>', '<|endoftext|>', '<|endoftext|>'] [other]
  L24: '20.<|im_end|><|endoftext|><|endoftext|><|endoftext|><|endoftext|>' = ['2', '0', '.', '<|im_end|>', '<|endoftext|>', '<|endoftext|>', '<|endoftext|>', '<|endoftext|>'] [other]
  L25: '20.<|im_end|><|endoftext|><|endoftext|><|endoftext|><|endoftext|>' = ['2', '0', '.', '<|im_end|>', '<|endoftext|>', '<|endoftext|>', '<|endoftext|>', '<|endoftext|>'] [other]
  L26: '20.<|im_end|><|endoftext|><|endoftext|><|endoftext|><|endoftext|>' = ['2', '0', '.', '<|im_end|>', '<|endoftext|>', '<|endoftext|>', '<|endoftext|>', '<|endoftext|>'] [other]
  L27: '20.<|im_end|><|endoftext|><|endoftext|><|endoftext|><|endoftext|>' = ['2', '0', '.', '<|im_end|>', '<|endoftext|>', '<|endoftext|>', '<|endoftext|>', '<|endoftext|>'] [other]
  L28: '20.<|im_end|><|endoftext|><|endoftext|><|endoftext|><|endoftext|>' = ['2', '0', '.', '<|im_end|>', '<|endoftext|>', '<|endoftext|>', '<|endoftext|>', '<|endoftext|>'] [other]

row 11: base=PA -> source=NI  template=calling_code_prefill_v5
  question: 'Identify the international dialing code of the country shown in this flag.'
  prefill : 'The dialing code is +'
  gold base   (expected unhooked) : '507' = ['5', '0', '7']
  gold source (expected if swap works): '505' = ['5', '0', '5']
  unhooked: '507.<|im_end|><|endoftext|><|endoftext|><|endoftext|>' = ['5', '0', '7', '.', '<|im_end|>', '<|endoftext|>', '<|endoftext|>', '<|endoftext|>']
  L19: '507.<|im_end|><|endoftext|><|endoftext|><|endoftext|>' = ['5', '0', '7', '.', '<|im_end|>', '<|endoftext|>', '<|endoftext|>', '<|endoftext|>'] [base]
  L20: '507.<|im_end|><|endoftext|><|endoftext|><|endoftext|>' = ['5', '0', '7', '.', '<|im_end|>', '<|endoftext|>', '<|endoftext|>', '<|endoftext|>'] [base]
  L21: '507.<|im_end|><|endoftext|><|endoftext|><|endoftext|>' = ['5', '0', '7', '.', '<|im_end|>', '<|endoftext|>', '<|endoftext|>', '<|endoftext|>'] [base]
  L22: '507.<|im_end|><|endoftext|><|endoftext|><|endoftext|>' = ['5', '0', '7', '.', '<|im_end|>', '<|endoftext|>', '<|endoftext|>', '<|endoftext|>'] [base]
  L23: '507.<|im_end|><|endoftext|><|endoftext|><|endoftext|>' = ['5', '0', '7', '.', '<|im_end|>', '<|endoftext|>', '<|endoftext|>', '<|endoftext|>'] [base]
  L24: '507.<|im_end|><|endoftext|><|endoftext|><|endoftext|>' = ['5', '0', '7', '.', '<|im_end|>', '<|endoftext|>', '<|endoftext|>', '<|endoftext|>'] [base]
  L25: '507.<|im_end|><|endoftext|><|endoftext|><|endoftext|>' = ['5', '0', '7', '.', '<|im_end|>', '<|endoftext|>', '<|endoftext|>', '<|endoftext|>'] [base]
  L26: '507.<|im_end|><|endoftext|><|endoftext|><|endoftext|>' = ['5', '0', '7', '.', '<|im_end|>', '<|endoftext|>', '<|endoftext|>', '<|endoftext|>'] [base]
  L27: '507.<|im_end|><|endoftext|><|endoftext|><|endoftext|>' = ['5', '0', '7', '.', '<|im_end|>', '<|endoftext|>', '<|endoftext|>', '<|endoftext|>'] [base]
  L28: '507.<|im_end|><|endoftext|><|endoftext|><|endoftext|>' = ['5', '0', '7', '.', '<|im_end|>', '<|endoftext|>', '<|endoftext|>', '<|endoftext|>'] [base]

row 12: base=LA -> source=RW  template=calling_code_prefill_v2
  question: 'Give the international dialling code of the country shown in this flag.'
  prefill : 'The dialling code is +'
  gold base   (expected unhooked) : '856' = ['8', '5', '6']
  gold source (expected if swap works): '250' = ['2', '5', '0']
  unhooked: '856.<|im_end|><|endoftext|><|endoftext|><|endoftext|>' = ['8', '5', '6', '.', '<|im_end|>', '<|endoftext|>', '<|endoftext|>', '<|endoftext|>']
  L19: '856.<|im_end|><|endoftext|><|endoftext|><|endoftext|>' = ['8', '5', '6', '.', '<|im_end|>', '<|endoftext|>', '<|endoftext|>', '<|endoftext|>'] [base]
  L20: '856.<|im_end|><|endoftext|><|endoftext|><|endoftext|>' = ['8', '5', '6', '.', '<|im_end|>', '<|endoftext|>', '<|endoftext|>', '<|endoftext|>'] [base]
  L21: '66.<|im_end|><|endoftext|><|endoftext|><|endoftext|><|endoftext|>' = ['6', '6', '.', '<|im_end|>', '<|endoftext|>', '<|endoftext|>', '<|endoftext|>', '<|endoftext|>'] [other]
  L22: '66.<|im_end|><|endoftext|><|endoftext|><|endoftext|><|endoftext|>' = ['6', '6', '.', '<|im_end|>', '<|endoftext|>', '<|endoftext|>', '<|endoftext|>', '<|endoftext|>'] [other]
  L23: '226.<|im_end|><|endoftext|><|endoftext|><|endoftext|>' = ['2', '2', '6', '.', '<|im_end|>', '<|endoftext|>', '<|endoftext|>', '<|endoftext|>'] [other]
  L24: '226.<|im_end|><|endoftext|><|endoftext|><|endoftext|>' = ['2', '2', '6', '.', '<|im_end|>', '<|endoftext|>', '<|endoftext|>', '<|endoftext|>'] [other]
  L25: '226.<|im_end|><|endoftext|><|endoftext|><|endoftext|>' = ['2', '2', '6', '.', '<|im_end|>', '<|endoftext|>', '<|endoftext|>', '<|endoftext|>'] [other]
  L26: '226.<|im_end|><|endoftext|><|endoftext|><|endoftext|>' = ['2', '2', '6', '.', '<|im_end|>', '<|endoftext|>', '<|endoftext|>', '<|endoftext|>'] [other]
  L27: '226.<|im_end|><|endoftext|><|endoftext|><|endoftext|>' = ['2', '2', '6', '.', '<|im_end|>', '<|endoftext|>', '<|endoftext|>', '<|endoftext|>'] [other]
  L28: '226.<|im_end|><|endoftext|><|endoftext|><|endoftext|>' = ['2', '2', '6', '.', '<|im_end|>', '<|endoftext|>', '<|endoftext|>', '<|endoftext|>'] [other]

row 13: base=NA -> source=NZ  template=calling_code_prefill_v6
  question: 'What country code do you dial to call this country?'
  prefill : 'The country code is +'
  gold base   (expected unhooked) : '264' = ['2', '6', '4']
  gold source (expected if swap works): '64' = ['6', '4']
  unhooked: '264.<|im_end|><|endoftext|><|endoftext|><|endoftext|>' = ['2', '6', '4', '.', '<|im_end|>', '<|endoftext|>', '<|endoftext|>', '<|endoftext|>']
  L19: '264.<|im_end|><|endoftext|><|endoftext|><|endoftext|>' = ['2', '6', '4', '.', '<|im_end|>', '<|endoftext|>', '<|endoftext|>', '<|endoftext|>'] [HIT]
  L20: '264.<|im_end|><|endoftext|><|endoftext|><|endoftext|>' = ['2', '6', '4', '.', '<|im_end|>', '<|endoftext|>', '<|endoftext|>', '<|endoftext|>'] [HIT]
  L21: '264.<|im_end|><|endoftext|><|endoftext|><|endoftext|>' = ['2', '6', '4', '.', '<|im_end|>', '<|endoftext|>', '<|endoftext|>', '<|endoftext|>'] [HIT]
  L22: '264.<|im_end|><|endoftext|><|endoftext|><|endoftext|>' = ['2', '6', '4', '.', '<|im_end|>', '<|endoftext|>', '<|endoftext|>', '<|endoftext|>'] [HIT]
  L23: '61.<|im_end|><|endoftext|><|endoftext|><|endoftext|><|endoftext|>' = ['6', '1', '.', '<|im_end|>', '<|endoftext|>', '<|endoftext|>', '<|endoftext|>', '<|endoftext|>'] [other]
  L24: '61.<|im_end|><|endoftext|><|endoftext|><|endoftext|><|endoftext|>' = ['6', '1', '.', '<|im_end|>', '<|endoftext|>', '<|endoftext|>', '<|endoftext|>', '<|endoftext|>'] [other]
  L25: '61.<|im_end|><|endoftext|><|endoftext|><|endoftext|><|endoftext|>' = ['6', '1', '.', '<|im_end|>', '<|endoftext|>', '<|endoftext|>', '<|endoftext|>', '<|endoftext|>'] [other]
  L26: '61.<|im_end|><|endoftext|><|endoftext|><|endoftext|><|endoftext|>' = ['6', '1', '.', '<|im_end|>', '<|endoftext|>', '<|endoftext|>', '<|endoftext|>', '<|endoftext|>'] [other]
  L27: '61.<|im_end|><|endoftext|><|endoftext|><|endoftext|><|endoftext|>' = ['6', '1', '.', '<|im_end|>', '<|endoftext|>', '<|endoftext|>', '<|endoftext|>', '<|endoftext|>'] [other]
  L28: '61.<|im_end|><|endoftext|><|endoftext|><|endoftext|><|endoftext|>' = ['6', '1', '.', '<|im_end|>', '<|endoftext|>', '<|endoftext|>', '<|endoftext|>', '<|endoftext|>'] [other]

row 14: base=KW -> source=LA  template=calling_code_prefill_v6
  question: 'What country code do you dial to call this country?'
  prefill : 'The country code is +'
  gold base   (expected unhooked) : '965' = ['9', '6', '5']
  gold source (expected if swap works): '856' = ['8', '5', '6']
  unhooked: '965.<|im_end|><|endoftext|><|endoftext|><|endoftext|>' = ['9', '6', '5', '.', '<|im_end|>', '<|endoftext|>', '<|endoftext|>', '<|endoftext|>']
  L19: '965.<|im_end|><|endoftext|><|endoftext|><|endoftext|>' = ['9', '6', '5', '.', '<|im_end|>', '<|endoftext|>', '<|endoftext|>', '<|endoftext|>'] [base]
  L20: '965.<|im_end|><|endoftext|><|endoftext|><|endoftext|>' = ['9', '6', '5', '.', '<|im_end|>', '<|endoftext|>', '<|endoftext|>', '<|endoftext|>'] [base]
  L21: '965.<|im_end|><|endoftext|><|endoftext|><|endoftext|>' = ['9', '6', '5', '.', '<|im_end|>', '<|endoftext|>', '<|endoftext|>', '<|endoftext|>'] [base]
  L22: '965.<|im_end|><|endoftext|><|endoftext|><|endoftext|>' = ['9', '6', '5', '.', '<|im_end|>', '<|endoftext|>', '<|endoftext|>', '<|endoftext|>'] [base]
  L23: '66.<|im_end|><|endoftext|><|endoftext|><|endoftext|><|endoftext|>' = ['6', '6', '.', '<|im_end|>', '<|endoftext|>', '<|endoftext|>', '<|endoftext|>', '<|endoftext|>'] [other]
  L24: '86.<|im_end|><|endoftext|><|endoftext|><|endoftext|><|endoftext|>' = ['8', '6', '.', '<|im_end|>', '<|endoftext|>', '<|endoftext|>', '<|endoftext|>', '<|endoftext|>'] [other]
  L25: '86.<|im_end|><|endoftext|><|endoftext|><|endoftext|><|endoftext|>' = ['8', '6', '.', '<|im_end|>', '<|endoftext|>', '<|endoftext|>', '<|endoftext|>', '<|endoftext|>'] [other]
  L26: '86.<|im_end|><|endoftext|><|endoftext|><|endoftext|><|endoftext|>' = ['8', '6', '.', '<|im_end|>', '<|endoftext|>', '<|endoftext|>', '<|endoftext|>', '<|endoftext|>'] [other]
  L27: '86.<|im_end|><|endoftext|><|endoftext|><|endoftext|><|endoftext|>' = ['8', '6', '.', '<|im_end|>', '<|endoftext|>', '<|endoftext|>', '<|endoftext|>', '<|endoftext|>'] [other]
  L28: '86.<|im_end|><|endoftext|><|endoftext|><|endoftext|><|endoftext|>' = ['8', '6', '.', '<|im_end|>', '<|endoftext|>', '<|endoftext|>', '<|endoftext|>', '<|endoftext|>'] [other]

row 15: base=BD -> source=DZ  template=calling_code_prefill_v6
  question: 'What country code do you dial to call this country?'
  prefill : 'The country code is +'
  gold base   (expected unhooked) : '880' = ['8', '8', '0']
  gold source (expected if swap works): '213' = ['2', '1', '3']
  unhooked: '880.<|im_end|><|endoftext|><|endoftext|><|endoftext|>' = ['8', '8', '0', '.', '<|im_end|>', '<|endoftext|>', '<|endoftext|>', '<|endoftext|>']
  L19: '880.<|im_end|><|endoftext|><|endoftext|><|endoftext|>' = ['8', '8', '0', '.', '<|im_end|>', '<|endoftext|>', '<|endoftext|>', '<|endoftext|>'] [base]
  L20: '880.<|im_end|><|endoftext|><|endoftext|><|endoftext|>' = ['8', '8', '0', '.', '<|im_end|>', '<|endoftext|>', '<|endoftext|>', '<|endoftext|>'] [base]
  L21: '880.<|im_end|><|endoftext|><|endoftext|><|endoftext|>' = ['8', '8', '0', '.', '<|im_end|>', '<|endoftext|>', '<|endoftext|>', '<|endoftext|>'] [base]
  L22: '880.<|im_end|><|endoftext|><|endoftext|><|endoftext|>' = ['8', '8', '0', '.', '<|im_end|>', '<|endoftext|>', '<|endoftext|>', '<|endoftext|>'] [base]
  L23: '258.<|im_end|><|endoftext|><|endoftext|><|endoftext|>' = ['2', '5', '8', '.', '<|im_end|>', '<|endoftext|>', '<|endoftext|>', '<|endoftext|>'] [other]
  L24: '258.<|im_end|><|endoftext|><|endoftext|><|endoftext|>' = ['2', '5', '8', '.', '<|im_end|>', '<|endoftext|>', '<|endoftext|>', '<|endoftext|>'] [other]
  L25: '258.<|im_end|><|endoftext|><|endoftext|><|endoftext|>' = ['2', '5', '8', '.', '<|im_end|>', '<|endoftext|>', '<|endoftext|>', '<|endoftext|>'] [other]
  L26: '258.<|im_end|><|endoftext|><|endoftext|><|endoftext|>' = ['2', '5', '8', '.', '<|im_end|>', '<|endoftext|>', '<|endoftext|>', '<|endoftext|>'] [other]
  L27: '254.<|im_end|><|endoftext|><|endoftext|><|endoftext|>' = ['2', '5', '4', '.', '<|im_end|>', '<|endoftext|>', '<|endoftext|>', '<|endoftext|>'] [other]
  L28: '254.<|im_end|><|endoftext|><|endoftext|><|endoftext|>' = ['2', '5', '4', '.', '<|im_end|>', '<|endoftext|>', '<|endoftext|>', '<|endoftext|>'] [other]

row 16: base=UY -> source=IE  template=calling_code_prefill_v2
  question: 'Give the international dialling code of the country shown in this flag.'
  prefill : 'The dialling code is +'
  gold base   (expected unhooked) : '598' = ['5', '9', '8']
  gold source (expected if swap works): '353' = ['3', '5', '3']
  unhooked: '598.<|im_end|><|endoftext|><|endoftext|><|endoftext|>' = ['5', '9', '8', '.', '<|im_end|>', '<|endoftext|>', '<|endoftext|>', '<|endoftext|>']
  L19: '598.<|im_end|><|endoftext|><|endoftext|><|endoftext|>' = ['5', '9', '8', '.', '<|im_end|>', '<|endoftext|>', '<|endoftext|>', '<|endoftext|>'] [base]
  L20: '598.<|im_end|><|endoftext|><|endoftext|><|endoftext|>' = ['5', '9', '8', '.', '<|im_end|>', '<|endoftext|>', '<|endoftext|>', '<|endoftext|>'] [base]
  L21: '598.<|im_end|><|endoftext|><|endoftext|><|endoftext|>' = ['5', '9', '8', '.', '<|im_end|>', '<|endoftext|>', '<|endoftext|>', '<|endoftext|>'] [base]
  L22: '598.<|im_end|><|endoftext|><|endoftext|><|endoftext|>' = ['5', '9', '8', '.', '<|im_end|>', '<|endoftext|>', '<|endoftext|>', '<|endoftext|>'] [base]
  L23: '351.<|im_end|><|endoftext|><|endoftext|><|endoftext|>' = ['3', '5', '1', '.', '<|im_end|>', '<|endoftext|>', '<|endoftext|>', '<|endoftext|>'] [other]
  L24: '351.<|im_end|><|endoftext|><|endoftext|><|endoftext|>' = ['3', '5', '1', '.', '<|im_end|>', '<|endoftext|>', '<|endoftext|>', '<|endoftext|>'] [other]
  L25: '351.<|im_end|><|endoftext|><|endoftext|><|endoftext|>' = ['3', '5', '1', '.', '<|im_end|>', '<|endoftext|>', '<|endoftext|>', '<|endoftext|>'] [other]
  L26: '351.<|im_end|><|endoftext|><|endoftext|><|endoftext|>' = ['3', '5', '1', '.', '<|im_end|>', '<|endoftext|>', '<|endoftext|>', '<|endoftext|>'] [other]
  L27: '352.<|im_end|><|endoftext|><|endoftext|><|endoftext|>' = ['3', '5', '2', '.', '<|im_end|>', '<|endoftext|>', '<|endoftext|>', '<|endoftext|>'] [other]
  L28: '351.<|im_end|><|endoftext|><|endoftext|><|endoftext|>' = ['3', '5', '1', '.', '<|im_end|>', '<|endoftext|>', '<|endoftext|>', '<|endoftext|>'] [other]

row 17: base=UY -> source=UZ  template=calling_code_prefill_v6
  question: 'What country code do you dial to call this country?'
  prefill : 'The country code is +'
  gold base   (expected unhooked) : '598' = ['5', '9', '8']
  gold source (expected if swap works): '998' = ['9', '9', '8']
  unhooked: '598.<|im_end|><|endoftext|><|endoftext|><|endoftext|>' = ['5', '9', '8', '.', '<|im_end|>', '<|endoftext|>', '<|endoftext|>', '<|endoftext|>']
  L19: '598.<|im_end|><|endoftext|><|endoftext|><|endoftext|>' = ['5', '9', '8', '.', '<|im_end|>', '<|endoftext|>', '<|endoftext|>', '<|endoftext|>'] [base]
  L20: '598.<|im_end|><|endoftext|><|endoftext|><|endoftext|>' = ['5', '9', '8', '.', '<|im_end|>', '<|endoftext|>', '<|endoftext|>', '<|endoftext|>'] [base]
  L21: '598.<|im_end|><|endoftext|><|endoftext|><|endoftext|>' = ['5', '9', '8', '.', '<|im_end|>', '<|endoftext|>', '<|endoftext|>', '<|endoftext|>'] [base]
  L22: '598.<|im_end|><|endoftext|><|endoftext|><|endoftext|>' = ['5', '9', '8', '.', '<|im_end|>', '<|endoftext|>', '<|endoftext|>', '<|endoftext|>'] [base]
  L23: '90.<|im_end|><|endoftext|><|endoftext|><|endoftext|><|endoftext|>' = ['9', '0', '.', '<|im_end|>', '<|endoftext|>', '<|endoftext|>', '<|endoftext|>', '<|endoftext|>'] [other]
  L24: '90.<|im_end|><|endoftext|><|endoftext|><|endoftext|><|endoftext|>' = ['9', '0', '.', '<|im_end|>', '<|endoftext|>', '<|endoftext|>', '<|endoftext|>', '<|endoftext|>'] [other]
  L25: '90.<|im_end|><|endoftext|><|endoftext|><|endoftext|><|endoftext|>' = ['9', '0', '.', '<|im_end|>', '<|endoftext|>', '<|endoftext|>', '<|endoftext|>', '<|endoftext|>'] [other]
  L26: '90.<|im_end|><|endoftext|><|endoftext|><|endoftext|><|endoftext|>' = ['9', '0', '.', '<|im_end|>', '<|endoftext|>', '<|endoftext|>', '<|endoftext|>', '<|endoftext|>'] [other]
  L27: '90.<|im_end|><|endoftext|><|endoftext|><|endoftext|><|endoftext|>' = ['9', '0', '.', '<|im_end|>', '<|endoftext|>', '<|endoftext|>', '<|endoftext|>', '<|endoftext|>'] [other]
  L28: '90.<|im_end|><|endoftext|><|endoftext|><|endoftext|><|endoftext|>' = ['9', '0', '.', '<|im_end|>', '<|endoftext|>', '<|endoftext|>', '<|endoftext|>', '<|endoftext|>'] [other]

row 18: base=RS -> source=LU  template=calling_code_prefill_v1
  question: 'What is the international calling code of the country in this image?'
  prefill : 'The calling code is +'
  gold base   (expected unhooked) : '381' = ['3', '8', '1']
  gold source (expected if swap works): '352' = ['3', '5', '2']
  unhooked: '381.<|im_end|><|endoftext|><|endoftext|><|endoftext|>' = ['3', '8', '1', '.', '<|im_end|>', '<|endoftext|>', '<|endoftext|>', '<|endoftext|>']
  L19: '381.<|im_end|><|endoftext|><|endoftext|><|endoftext|>' = ['3', '8', '1', '.', '<|im_end|>', '<|endoftext|>', '<|endoftext|>', '<|endoftext|>'] [base]
  L20: '381.<|im_end|><|endoftext|><|endoftext|><|endoftext|>' = ['3', '8', '1', '.', '<|im_end|>', '<|endoftext|>', '<|endoftext|>', '<|endoftext|>'] [base]
  L21: '381.<|im_end|><|endoftext|><|endoftext|><|endoftext|>' = ['3', '8', '1', '.', '<|im_end|>', '<|endoftext|>', '<|endoftext|>', '<|endoftext|>'] [base]
  L22: '381.<|im_end|><|endoftext|><|endoftext|><|endoftext|>' = ['3', '8', '1', '.', '<|im_end|>', '<|endoftext|>', '<|endoftext|>', '<|endoftext|>'] [base]
  L23: '381.<|im_end|><|endoftext|><|endoftext|><|endoftext|>' = ['3', '8', '1', '.', '<|im_end|>', '<|endoftext|>', '<|endoftext|>', '<|endoftext|>'] [base]
  L24: '381.<|im_end|><|endoftext|><|endoftext|><|endoftext|>' = ['3', '8', '1', '.', '<|im_end|>', '<|endoftext|>', '<|endoftext|>', '<|endoftext|>'] [base]
  L25: '381.<|im_end|><|endoftext|><|endoftext|><|endoftext|>' = ['3', '8', '1', '.', '<|im_end|>', '<|endoftext|>', '<|endoftext|>', '<|endoftext|>'] [base]
  L26: '381.<|im_end|><|endoftext|><|endoftext|><|endoftext|>' = ['3', '8', '1', '.', '<|im_end|>', '<|endoftext|>', '<|endoftext|>', '<|endoftext|>'] [base]
  L27: '381.<|im_end|><|endoftext|><|endoftext|><|endoftext|>' = ['3', '8', '1', '.', '<|im_end|>', '<|endoftext|>', '<|endoftext|>', '<|endoftext|>'] [base]
  L28: '381.<|im_end|><|endoftext|><|endoftext|><|endoftext|>' = ['3', '8', '1', '.', '<|im_end|>', '<|endoftext|>', '<|endoftext|>', '<|endoftext|>'] [base]

row 19: base=AF -> source=DK  template=calling_code_prefill_v5
  question: 'Identify the international dialing code of the country shown in this flag.'
  prefill : 'The dialing code is +'
  gold base   (expected unhooked) : '93' = ['9', '3']
  gold source (expected if swap works): '45' = ['4', '5']
  unhooked: '93.<|im_end|><|endoftext|><|endoftext|><|endoftext|><|endoftext|>' = ['9', '3', '.', '<|im_end|>', '<|endoftext|>', '<|endoftext|>', '<|endoftext|>', '<|endoftext|>']
  L19: '93.<|im_end|><|endoftext|><|endoftext|><|endoftext|><|endoftext|>' = ['9', '3', '.', '<|im_end|>', '<|endoftext|>', '<|endoftext|>', '<|endoftext|>', '<|endoftext|>'] [base]
  L20: '93.<|im_end|><|endoftext|><|endoftext|><|endoftext|><|endoftext|>' = ['9', '3', '.', '<|im_end|>', '<|endoftext|>', '<|endoftext|>', '<|endoftext|>', '<|endoftext|>'] [base]
  L21: '93.<|im_end|><|endoftext|><|endoftext|><|endoftext|><|endoftext|>' = ['9', '3', '.', '<|im_end|>', '<|endoftext|>', '<|endoftext|>', '<|endoftext|>', '<|endoftext|>'] [base]
  L22: '93.<|im_end|><|endoftext|><|endoftext|><|endoftext|><|endoftext|>' = ['9', '3', '.', '<|im_end|>', '<|endoftext|>', '<|endoftext|>', '<|endoftext|>', '<|endoftext|>'] [base]
  L23: '49.<|im_end|><|endoftext|><|endoftext|><|endoftext|><|endoftext|>' = ['4', '9', '.', '<|im_end|>', '<|endoftext|>', '<|endoftext|>', '<|endoftext|>', '<|endoftext|>'] [other]
  L24: '49.<|im_end|><|endoftext|><|endoftext|><|endoftext|><|endoftext|>' = ['4', '9', '.', '<|im_end|>', '<|endoftext|>', '<|endoftext|>', '<|endoftext|>', '<|endoftext|>'] [other]
  L25: '49.<|im_end|><|endoftext|><|endoftext|><|endoftext|><|endoftext|>' = ['4', '9', '.', '<|im_end|>', '<|endoftext|>', '<|endoftext|>', '<|endoftext|>', '<|endoftext|>'] [other]
  L26: '49.<|im_end|><|endoftext|><|endoftext|><|endoftext|><|endoftext|>' = ['4', '9', '.', '<|im_end|>', '<|endoftext|>', '<|endoftext|>', '<|endoftext|>', '<|endoftext|>'] [other]
  L27: '44.<|im_end|><|endoftext|><|endoftext|><|endoftext|><|endoftext|>' = ['4', '4', '.', '<|im_end|>', '<|endoftext|>', '<|endoftext|>', '<|endoftext|>', '<|endoftext|>'] [other]
  L28: '44.<|im_end|><|endoftext|><|endoftext|><|endoftext|><|endoftext|>' = ['4', '4', '.', '<|im_end|>', '<|endoftext|>', '<|endoftext|>', '<|endoftext|>', '<|endoftext|>'] [other]

row 20: base=NZ -> source=LR  template=calling_code_prefill_v3
  question: 'What is the country calling code for the country in this image?'
  prefill : 'The country calling code is +'
  gold base   (expected unhooked) : '64' = ['6', '4']
  gold source (expected if swap works): '231' = ['2', '3', '1']
  unhooked: '64. This is the country calling' = ['6', '4', '.', ' This', ' is', ' the', ' country', ' calling']
  L19: '64. This is the country calling' = ['6', '4', '.', ' This', ' is', ' the', ' country', ' calling'] [base]
  L20: '64. This is the country calling' = ['6', '4', '.', ' This', ' is', ' the', ' country', ' calling'] [base]
  L21: '64. This is the country calling' = ['6', '4', '.', ' This', ' is', ' the', ' country', ' calling'] [base]
  L22: '64. This is the country calling' = ['6', '4', '.', ' This', ' is', ' the', ' country', ' calling'] [base]
  L23: '27. This corresponds to South Africa' = ['2', '7', '.', ' This', ' corresponds', ' to', ' South', ' Africa'] [other]
  L24: '27. This corresponds to South Africa' = ['2', '7', '.', ' This', ' corresponds', ' to', ' South', ' Africa'] [other]
  L25: '27. This corresponds to South Africa' = ['2', '7', '.', ' This', ' corresponds', ' to', ' South', ' Africa'] [other]
  L26: '27. This corresponds to South Africa' = ['2', '7', '.', ' This', ' corresponds', ' to', ' South', ' Africa'] [other]
  L27: '27, which corresponds to South Africa' = ['2', '7', ',', ' which', ' corresponds', ' to', ' South', ' Africa'] [other]
  L28: '27, which corresponds to South Africa' = ['2', '7', ',', ' which', ' corresponds', ' to', ' South', ' Africa'] [other]

row 21: base=LA -> source=QA  template=calling_code_prefill_v3
  question: 'What is the country calling code for the country in this image?'
  prefill : 'The country calling code is +'
  gold base   (expected unhooked) : '856' = ['8', '5', '6']
  gold source (expected if swap works): '974' = ['9', '7', '4']
  unhooked: '856. This corresponds to Laos' = ['8', '5', '6', '.', ' This', ' corresponds', ' to', ' Laos']
  L19: '856. This corresponds to Laos' = ['8', '5', '6', '.', ' This', ' corresponds', ' to', ' Laos'] [base]
  L20: '856. This corresponds to Laos' = ['8', '5', '6', '.', ' This', ' corresponds', ' to', ' Laos'] [base]
  L21: '856. This corresponds to Laos' = ['8', '5', '6', '.', ' This', ' corresponds', ' to', ' Laos'] [base]
  L22: '66. This corresponds to Thailand,' = ['6', '6', '.', ' This', ' corresponds', ' to', ' Thailand', ','] [other]
  L23: '961. This corresponds to Lebanon' = ['9', '6', '1', '.', ' This', ' corresponds', ' to', ' Lebanon'] [other]
  L24: '961. This corresponds to Lebanon' = ['9', '6', '1', '.', ' This', ' corresponds', ' to', ' Lebanon'] [other]
  L25: '961. This corresponds to Lebanon' = ['9', '6', '1', '.', ' This', ' corresponds', ' to', ' Lebanon'] [other]
  L26: '961. This corresponds to Lebanon' = ['9', '6', '1', '.', ' This', ' corresponds', ' to', ' Lebanon'] [other]
  L27: '961. This corresponds to Lebanon' = ['9', '6', '1', '.', ' This', ' corresponds', ' to', ' Lebanon'] [other]
  L28: '961. This corresponds to Lebanon' = ['9', '6', '1', '.', ' This', ' corresponds', ' to', ' Lebanon'] [other]

row 22: base=ET -> source=LA  template=calling_code_prefill_v5
  question: 'Identify the international dialing code of the country shown in this flag.'
  prefill : 'The dialing code is +'
  gold base   (expected unhooked) : '251' = ['2', '5', '1']
  gold source (expected if swap works): '856' = ['8', '5', '6']
  unhooked: '251.<|im_end|><|endoftext|><|endoftext|><|endoftext|>' = ['2', '5', '1', '.', '<|im_end|>', '<|endoftext|>', '<|endoftext|>', '<|endoftext|>']
  L19: '251.<|im_end|><|endoftext|><|endoftext|><|endoftext|>' = ['2', '5', '1', '.', '<|im_end|>', '<|endoftext|>', '<|endoftext|>', '<|endoftext|>'] [base]
  L20: '251.<|im_end|><|endoftext|><|endoftext|><|endoftext|>' = ['2', '5', '1', '.', '<|im_end|>', '<|endoftext|>', '<|endoftext|>', '<|endoftext|>'] [base]
  L21: '251.<|im_end|><|endoftext|><|endoftext|><|endoftext|>' = ['2', '5', '1', '.', '<|im_end|>', '<|endoftext|>', '<|endoftext|>', '<|endoftext|>'] [base]
  L22: '251.<|im_end|><|endoftext|><|endoftext|><|endoftext|>' = ['2', '5', '1', '.', '<|im_end|>', '<|endoftext|>', '<|endoftext|>', '<|endoftext|>'] [base]
  L23: '251.<|im_end|><|endoftext|><|endoftext|><|endoftext|>' = ['2', '5', '1', '.', '<|im_end|>', '<|endoftext|>', '<|endoftext|>', '<|endoftext|>'] [base]
  L24: '86.<|im_end|><|endoftext|><|endoftext|><|endoftext|><|endoftext|>' = ['8', '6', '.', '<|im_end|>', '<|endoftext|>', '<|endoftext|>', '<|endoftext|>', '<|endoftext|>'] [other]
  L25: '86.<|im_end|><|endoftext|><|endoftext|><|endoftext|><|endoftext|>' = ['8', '6', '.', '<|im_end|>', '<|endoftext|>', '<|endoftext|>', '<|endoftext|>', '<|endoftext|>'] [other]
  L26: '86.<|im_end|><|endoftext|><|endoftext|><|endoftext|><|endoftext|>' = ['8', '6', '.', '<|im_end|>', '<|endoftext|>', '<|endoftext|>', '<|endoftext|>', '<|endoftext|>'] [other]
  L27: '86.<|im_end|><|endoftext|><|endoftext|><|endoftext|><|endoftext|>' = ['8', '6', '.', '<|im_end|>', '<|endoftext|>', '<|endoftext|>', '<|endoftext|>', '<|endoftext|>'] [other]
  L28: '86.<|im_end|><|endoftext|><|endoftext|><|endoftext|><|endoftext|>' = ['8', '6', '.', '<|im_end|>', '<|endoftext|>', '<|endoftext|>', '<|endoftext|>', '<|endoftext|>'] [other]

row 23: base=NA -> source=JO  template=calling_code_prefill_v2
  question: 'Give the international dialling code of the country shown in this flag.'
  prefill : 'The dialling code is +'
  gold base   (expected unhooked) : '264' = ['2', '6', '4']
  gold source (expected if swap works): '962' = ['9', '6', '2']
  unhooked: '264.<|im_end|><|endoftext|><|endoftext|><|endoftext|>' = ['2', '6', '4', '.', '<|im_end|>', '<|endoftext|>', '<|endoftext|>', '<|endoftext|>']
  L19: '264.<|im_end|><|endoftext|><|endoftext|><|endoftext|>' = ['2', '6', '4', '.', '<|im_end|>', '<|endoftext|>', '<|endoftext|>', '<|endoftext|>'] [base]
  L20: '264.<|im_end|><|endoftext|><|endoftext|><|endoftext|>' = ['2', '6', '4', '.', '<|im_end|>', '<|endoftext|>', '<|endoftext|>', '<|endoftext|>'] [base]
  L21: '264.<|im_end|><|endoftext|><|endoftext|><|endoftext|>' = ['2', '6', '4', '.', '<|im_end|>', '<|endoftext|>', '<|endoftext|>', '<|endoftext|>'] [base]
  L22: '264.<|im_end|><|endoftext|><|endoftext|><|endoftext|>' = ['2', '6', '4', '.', '<|im_end|>', '<|endoftext|>', '<|endoftext|>', '<|endoftext|>'] [base]
  L23: '264.<|im_end|><|endoftext|><|endoftext|><|endoftext|>' = ['2', '6', '4', '.', '<|im_end|>', '<|endoftext|>', '<|endoftext|>', '<|endoftext|>'] [base]
  L24: '961.<|im_end|><|endoftext|><|endoftext|><|endoftext|>' = ['9', '6', '1', '.', '<|im_end|>', '<|endoftext|>', '<|endoftext|>', '<|endoftext|>'] [other]
  L25: '961.<|im_end|><|endoftext|><|endoftext|><|endoftext|>' = ['9', '6', '1', '.', '<|im_end|>', '<|endoftext|>', '<|endoftext|>', '<|endoftext|>'] [other]
  L26: '961.<|im_end|><|endoftext|><|endoftext|><|endoftext|>' = ['9', '6', '1', '.', '<|im_end|>', '<|endoftext|>', '<|endoftext|>', '<|endoftext|>'] [other]
  L27: '961.<|im_end|><|endoftext|><|endoftext|><|endoftext|>' = ['9', '6', '1', '.', '<|im_end|>', '<|endoftext|>', '<|endoftext|>', '<|endoftext|>'] [other]
  L28: '961.<|im_end|><|endoftext|><|endoftext|><|endoftext|>' = ['9', '6', '1', '.', '<|im_end|>', '<|endoftext|>', '<|endoftext|>', '<|endoftext|>'] [other]

row 24: base=ES -> source=GY  template=calling_code_prefill_v4
  question: 'What is the phone country code for the country in this image?'
  prefill : 'The phone code is +'
  gold base   (expected unhooked) : '34' = ['3', '4']
  gold source (expected if swap works): '592' = ['5', '9', '2']
  unhooked: '34.<|im_end|><|endoftext|><|endoftext|><|endoftext|><|endoftext|>' = ['3', '4', '.', '<|im_end|>', '<|endoftext|>', '<|endoftext|>', '<|endoftext|>', '<|endoftext|>']
  L19: '34.<|im_end|><|endoftext|><|endoftext|><|endoftext|><|endoftext|>' = ['3', '4', '.', '<|im_end|>', '<|endoftext|>', '<|endoftext|>', '<|endoftext|>', '<|endoftext|>'] [base]
  L20: '34.<|im_end|><|endoftext|><|endoftext|><|endoftext|><|endoftext|>' = ['3', '4', '.', '<|im_end|>', '<|endoftext|>', '<|endoftext|>', '<|endoftext|>', '<|endoftext|>'] [base]
  L21: '34.<|im_end|><|endoftext|><|endoftext|><|endoftext|><|endoftext|>' = ['3', '4', '.', '<|im_end|>', '<|endoftext|>', '<|endoftext|>', '<|endoftext|>', '<|endoftext|>'] [base]
  L22: '34.<|im_end|><|endoftext|><|endoftext|><|endoftext|><|endoftext|>' = ['3', '4', '.', '<|im_end|>', '<|endoftext|>', '<|endoftext|>', '<|endoftext|>', '<|endoftext|>'] [base]
  L23: '52.<|im_end|><|endoftext|><|endoftext|><|endoftext|><|endoftext|>' = ['5', '2', '.', '<|im_end|>', '<|endoftext|>', '<|endoftext|>', '<|endoftext|>', '<|endoftext|>'] [other]
  L24: '52.<|im_end|><|endoftext|><|endoftext|><|endoftext|><|endoftext|>' = ['5', '2', '.', '<|im_end|>', '<|endoftext|>', '<|endoftext|>', '<|endoftext|>', '<|endoftext|>'] [other]
  L25: '52.<|im_end|><|endoftext|><|endoftext|><|endoftext|><|endoftext|>' = ['5', '2', '.', '<|im_end|>', '<|endoftext|>', '<|endoftext|>', '<|endoftext|>', '<|endoftext|>'] [other]
  L26: '52.<|im_end|><|endoftext|><|endoftext|><|endoftext|><|endoftext|>' = ['5', '2', '.', '<|im_end|>', '<|endoftext|>', '<|endoftext|>', '<|endoftext|>', '<|endoftext|>'] [other]
  L27: '52.<|im_end|><|endoftext|><|endoftext|><|endoftext|><|endoftext|>' = ['5', '2', '.', '<|im_end|>', '<|endoftext|>', '<|endoftext|>', '<|endoftext|>', '<|endoftext|>'] [other]
  L28: '52.<|im_end|><|endoftext|><|endoftext|><|endoftext|><|endoftext|>' = ['5', '2', '.', '<|im_end|>', '<|endoftext|>', '<|endoftext|>', '<|endoftext|>', '<|endoftext|>'] [other]

row 25: base=NP -> source=LY  template=calling_code_prefill_v3
  question: 'What is the country calling code for the country in this image?'
  prefill : 'The country calling code is +'
  gold base   (expected unhooked) : '977' = ['9', '7', '7']
  gold source (expected if swap works): '218' = ['2', '1', '8']
  unhooked: '977. This corresponds to Nepal' = ['9', '7', '7', '.', ' This', ' corresponds', ' to', ' Nepal']
  L19: '977. This corresponds to Nepal' = ['9', '7', '7', '.', ' This', ' corresponds', ' to', ' Nepal'] [base]
  L20: '977. This is the country' = ['9', '7', '7', '.', ' This', ' is', ' the', ' country'] [base]
  L21: '977. This is the country' = ['9', '7', '7', '.', ' This', ' is', ' the', ' country'] [base]
  L22: '977. This is the country' = ['9', '7', '7', '.', ' This', ' is', ' the', ' country'] [base]
  L23: '256. This corresponds to Uganda' = ['2', '5', '6', '.', ' This', ' corresponds', ' to', ' Uganda'] [other]
  L24: '256, which corresponds to Uganda' = ['2', '5', '6', ',', ' which', ' corresponds', ' to', ' Uganda'] [other]
  L25: '256, which corresponds to Uganda' = ['2', '5', '6', ',', ' which', ' corresponds', ' to', ' Uganda'] [other]
  L26: '256, which corresponds to Uganda' = ['2', '5', '6', ',', ' which', ' corresponds', ' to', ' Uganda'] [other]
  L27: '256, which corresponds to Uganda' = ['2', '5', '6', ',', ' which', ' corresponds', ' to', ' Uganda'] [other]
  L28: '256, which corresponds to Uganda' = ['2', '5', '6', ',', ' which', ' corresponds', ' to', ' Uganda'] [other]

row 26: base=LA -> source=PE  template=calling_code_prefill_v3
  question: 'What is the country calling code for the country in this image?'
  prefill : 'The country calling code is +'
  gold base   (expected unhooked) : '856' = ['8', '5', '6']
  gold source (expected if swap works): '51' = ['5', '1']
  unhooked: '856. This corresponds to Laos' = ['8', '5', '6', '.', ' This', ' corresponds', ' to', ' Laos']
  L19: '856. This corresponds to Laos' = ['8', '5', '6', '.', ' This', ' corresponds', ' to', ' Laos'] [base]
  L20: '856. This corresponds to Laos' = ['8', '5', '6', '.', ' This', ' corresponds', ' to', ' Laos'] [base]
  L21: '856. This corresponds to Laos' = ['8', '5', '6', '.', ' This', ' corresponds', ' to', ' Laos'] [base]
  L22: '66. This corresponds to Thailand,' = ['6', '6', '.', ' This', ' corresponds', ' to', ' Thailand', ','] [other]
  L23: '539. This corresponds to Laos' = ['5', '3', '9', '.', ' This', ' corresponds', ' to', ' Laos'] [other]
  L24: '539. This corresponds to Laos' = ['5', '3', '9', '.', ' This', ' corresponds', ' to', ' Laos'] [other]
  L25: '539. This corresponds to Laos' = ['5', '3', '9', '.', ' This', ' corresponds', ' to', ' Laos'] [other]
  L26: '539. This corresponds to Laos' = ['5', '3', '9', '.', ' This', ' corresponds', ' to', ' Laos'] [other]
  L27: '539. This corresponds to Laos' = ['5', '3', '9', '.', ' This', ' corresponds', ' to', ' Laos'] [other]
  L28: '539. This corresponds to Laos' = ['5', '3', '9', '.', ' This', ' corresponds', ' to', ' Laos'] [other]

row 27: base=TN -> source=NZ  template=calling_code_prefill_v1
  question: 'What is the international calling code of the country in this image?'
  prefill : 'The calling code is +'
  gold base   (expected unhooked) : '216' = ['2', '1', '6']
  gold source (expected if swap works): '64' = ['6', '4']
  unhooked: '216. This corresponds to Tunisia' = ['2', '1', '6', '.', ' This', ' corresponds', ' to', ' Tunisia']
  L19: '216. This corresponds to Tunisia' = ['2', '1', '6', '.', ' This', ' corresponds', ' to', ' Tunisia'] [base]
  L20: '216. This corresponds to Tunisia' = ['2', '1', '6', '.', ' This', ' corresponds', ' to', ' Tunisia'] [base]
  L21: '216, which corresponds to Tunisia' = ['2', '1', '6', ',', ' which', ' corresponds', ' to', ' Tunisia'] [base]
  L22: '216.<|im_end|><|endoftext|><|endoftext|><|endoftext|>' = ['2', '1', '6', '.', '<|im_end|>', '<|endoftext|>', '<|endoftext|>', '<|endoftext|>'] [base]
  L23: '61.<|im_end|><|endoftext|><|endoftext|><|endoftext|><|endoftext|>' = ['6', '1', '.', '<|im_end|>', '<|endoftext|>', '<|endoftext|>', '<|endoftext|>', '<|endoftext|>'] [other]
  L24: '61.<|im_end|><|endoftext|><|endoftext|><|endoftext|><|endoftext|>' = ['6', '1', '.', '<|im_end|>', '<|endoftext|>', '<|endoftext|>', '<|endoftext|>', '<|endoftext|>'] [other]
  L25: '61.<|im_end|><|endoftext|><|endoftext|><|endoftext|><|endoftext|>' = ['6', '1', '.', '<|im_end|>', '<|endoftext|>', '<|endoftext|>', '<|endoftext|>', '<|endoftext|>'] [other]
  L26: '61.<|im_end|><|endoftext|><|endoftext|><|endoftext|><|endoftext|>' = ['6', '1', '.', '<|im_end|>', '<|endoftext|>', '<|endoftext|>', '<|endoftext|>', '<|endoftext|>'] [other]
  L27: '61.<|im_end|><|endoftext|><|endoftext|><|endoftext|><|endoftext|>' = ['6', '1', '.', '<|im_end|>', '<|endoftext|>', '<|endoftext|>', '<|endoftext|>', '<|endoftext|>'] [other]
  L28: '61.<|im_end|><|endoftext|><|endoftext|><|endoftext|><|endoftext|>' = ['6', '1', '.', '<|im_end|>', '<|endoftext|>', '<|endoftext|>', '<|endoftext|>', '<|endoftext|>'] [other]

row 28: base=RS -> source=NI  template=calling_code_prefill_v3
  question: 'What is the country calling code for the country in this image?'
  prefill : 'The country calling code is +'
  gold base   (expected unhooked) : '381' = ['3', '8', '1']
  gold source (expected if swap works): '505' = ['5', '0', '5']
  unhooked: '381. This corresponds to Serbia' = ['3', '8', '1', '.', ' This', ' corresponds', ' to', ' Serbia']
  L19: '381. This corresponds to Serbia' = ['3', '8', '1', '.', ' This', ' corresponds', ' to', ' Serbia'] [base]
  L20: '381. This corresponds to Serbia' = ['3', '8', '1', '.', ' This', ' corresponds', ' to', ' Serbia'] [base]
  L21: '381. This corresponds to Serbia' = ['3', '8', '1', '.', ' This', ' corresponds', ' to', ' Serbia'] [base]
  L22: '381. This corresponds to Serbia' = ['3', '8', '1', '.', ' This', ' corresponds', ' to', ' Serbia'] [base]
  L23: '54, which corresponds to Argentina.' = ['5', '4', ',', ' which', ' corresponds', ' to', ' Argentina', '.'] [other]
  L24: '54, which corresponds to Argentina.' = ['5', '4', ',', ' which', ' corresponds', ' to', ' Argentina', '.'] [other]
  L25: '54, which corresponds to Argentina.' = ['5', '4', ',', ' which', ' corresponds', ' to', ' Argentina', '.'] [other]
  L26: '54, which corresponds to Argentina.' = ['5', '4', ',', ' which', ' corresponds', ' to', ' Argentina', '.'] [other]
  L27: '54, which corresponds to Argentina.' = ['5', '4', ',', ' which', ' corresponds', ' to', ' Argentina', '.'] [other]
  L28: '54, which corresponds to Argentina.' = ['5', '4', ',', ' which', ' corresponds', ' to', ' Argentina', '.'] [other]

row 29: base=FJ -> source=BD  template=calling_code_prefill_v2
  question: 'Give the international dialling code of the country shown in this flag.'
  prefill : 'The dialling code is +'
  gold base   (expected unhooked) : '679' = ['6', '7', '9']
  gold source (expected if swap works): '880' = ['8', '8', '0']
  unhooked: '679.<|im_end|><|endoftext|><|endoftext|><|endoftext|>' = ['6', '7', '9', '.', '<|im_end|>', '<|endoftext|>', '<|endoftext|>', '<|endoftext|>']
  L19: '679.<|im_end|><|endoftext|><|endoftext|><|endoftext|>' = ['6', '7', '9', '.', '<|im_end|>', '<|endoftext|>', '<|endoftext|>', '<|endoftext|>'] [base]
  L20: '679.<|im_end|><|endoftext|><|endoftext|><|endoftext|>' = ['6', '7', '9', '.', '<|im_end|>', '<|endoftext|>', '<|endoftext|>', '<|endoftext|>'] [base]
  L21: '679.<|im_end|><|endoftext|><|endoftext|><|endoftext|>' = ['6', '7', '9', '.', '<|im_end|>', '<|endoftext|>', '<|endoftext|>', '<|endoftext|>'] [base]
  L22: '679.<|im_end|><|endoftext|><|endoftext|><|endoftext|>' = ['6', '7', '9', '.', '<|im_end|>', '<|endoftext|>', '<|endoftext|>', '<|endoftext|>'] [base]
  L23: '976.<|im_end|><|endoftext|><|endoftext|><|endoftext|>' = ['9', '7', '6', '.', '<|im_end|>', '<|endoftext|>', '<|endoftext|>', '<|endoftext|>'] [other]
  L24: '876.<|im_end|><|endoftext|><|endoftext|><|endoftext|>' = ['8', '7', '6', '.', '<|im_end|>', '<|endoftext|>', '<|endoftext|>', '<|endoftext|>'] [other]
  L25: '876.<|im_end|><|endoftext|><|endoftext|><|endoftext|>' = ['8', '7', '6', '.', '<|im_end|>', '<|endoftext|>', '<|endoftext|>', '<|endoftext|>'] [other]
  L26: '876.<|im_end|><|endoftext|><|endoftext|><|endoftext|>' = ['8', '7', '6', '.', '<|im_end|>', '<|endoftext|>', '<|endoftext|>', '<|endoftext|>'] [other]
  L27: '876.<|im_end|><|endoftext|><|endoftext|><|endoftext|>' = ['8', '7', '6', '.', '<|im_end|>', '<|endoftext|>', '<|endoftext|>', '<|endoftext|>'] [other]
  L28: '876.<|im_end|><|endoftext|><|endoftext|><|endoftext|>' = ['8', '7', '6', '.', '<|im_end|>', '<|endoftext|>', '<|endoftext|>', '<|endoftext|>'] [other]

row 30: base=AF -> source=KR  template=calling_code_prefill_v1
  question: 'What is the international calling code of the country in this image?'
  prefill : 'The calling code is +'
  gold base   (expected unhooked) : '93' = ['9', '3']
  gold source (expected if swap works): '82' = ['8', '2']
  unhooked: '93.<|im_end|><|endoftext|><|endoftext|><|endoftext|><|endoftext|>' = ['9', '3', '.', '<|im_end|>', '<|endoftext|>', '<|endoftext|>', '<|endoftext|>', '<|endoftext|>']
  L19: '93.<|im_end|><|endoftext|><|endoftext|><|endoftext|><|endoftext|>' = ['9', '3', '.', '<|im_end|>', '<|endoftext|>', '<|endoftext|>', '<|endoftext|>', '<|endoftext|>'] [base]
  L20: '93.<|im_end|><|endoftext|><|endoftext|><|endoftext|><|endoftext|>' = ['9', '3', '.', '<|im_end|>', '<|endoftext|>', '<|endoftext|>', '<|endoftext|>', '<|endoftext|>'] [base]
  L21: '93.<|im_end|><|endoftext|><|endoftext|><|endoftext|><|endoftext|>' = ['9', '3', '.', '<|im_end|>', '<|endoftext|>', '<|endoftext|>', '<|endoftext|>', '<|endoftext|>'] [base]
  L22: '93.<|im_end|><|endoftext|><|endoftext|><|endoftext|><|endoftext|>' = ['9', '3', '.', '<|im_end|>', '<|endoftext|>', '<|endoftext|>', '<|endoftext|>', '<|endoftext|>'] [base]
  L23: '880.<|im_end|><|endoftext|><|endoftext|><|endoftext|>' = ['8', '8', '0', '.', '<|im_end|>', '<|endoftext|>', '<|endoftext|>', '<|endoftext|>'] [other]
  L24: '880.<|im_end|><|endoftext|><|endoftext|><|endoftext|>' = ['8', '8', '0', '.', '<|im_end|>', '<|endoftext|>', '<|endoftext|>', '<|endoftext|>'] [other]
  L25: '880.<|im_end|><|endoftext|><|endoftext|><|endoftext|>' = ['8', '8', '0', '.', '<|im_end|>', '<|endoftext|>', '<|endoftext|>', '<|endoftext|>'] [other]
  L26: '880.<|im_end|><|endoftext|><|endoftext|><|endoftext|>' = ['8', '8', '0', '.', '<|im_end|>', '<|endoftext|>', '<|endoftext|>', '<|endoftext|>'] [other]
  L27: '880.<|im_end|><|endoftext|><|endoftext|><|endoftext|>' = ['8', '8', '0', '.', '<|im_end|>', '<|endoftext|>', '<|endoftext|>', '<|endoftext|>'] [other]
  L28: '880.<|im_end|><|endoftext|><|endoftext|><|endoftext|>' = ['8', '8', '0', '.', '<|im_end|>', '<|endoftext|>', '<|endoftext|>', '<|endoftext|>'] [other]

row 31: base=DE -> source=EG  template=calling_code_prefill_v4
  question: 'What is the phone country code for the country in this image?'
  prefill : 'The phone code is +'
  gold base   (expected unhooked) : '49' = ['4', '9']
  gold source (expected if swap works): '20' = ['2', '0']
  unhooked: '49.<|im_end|><|endoftext|><|endoftext|><|endoftext|><|endoftext|>' = ['4', '9', '.', '<|im_end|>', '<|endoftext|>', '<|endoftext|>', '<|endoftext|>', '<|endoftext|>']
  L19: '49.<|im_end|><|endoftext|><|endoftext|><|endoftext|><|endoftext|>' = ['4', '9', '.', '<|im_end|>', '<|endoftext|>', '<|endoftext|>', '<|endoftext|>', '<|endoftext|>'] [base]
  L20: '49.<|im_end|><|endoftext|><|endoftext|><|endoftext|><|endoftext|>' = ['4', '9', '.', '<|im_end|>', '<|endoftext|>', '<|endoftext|>', '<|endoftext|>', '<|endoftext|>'] [base]
  L21: '49.<|im_end|><|endoftext|><|endoftext|><|endoftext|><|endoftext|>' = ['4', '9', '.', '<|im_end|>', '<|endoftext|>', '<|endoftext|>', '<|endoftext|>', '<|endoftext|>'] [base]
  L22: '230.<|im_end|><|endoftext|><|endoftext|><|endoftext|>' = ['2', '3', '0', '.', '<|im_end|>', '<|endoftext|>', '<|endoftext|>', '<|endoftext|>'] [other]
  L23: '230.<|im_end|><|endoftext|><|endoftext|><|endoftext|>' = ['2', '3', '0', '.', '<|im_end|>', '<|endoftext|>', '<|endoftext|>', '<|endoftext|>'] [other]
  L24: '230.<|im_end|><|endoftext|><|endoftext|><|endoftext|>' = ['2', '3', '0', '.', '<|im_end|>', '<|endoftext|>', '<|endoftext|>', '<|endoftext|>'] [other]
  L25: '230.<|im_end|><|endoftext|><|endoftext|><|endoftext|>' = ['2', '3', '0', '.', '<|im_end|>', '<|endoftext|>', '<|endoftext|>', '<|endoftext|>'] [other]
  L26: '230.<|im_end|><|endoftext|><|endoftext|><|endoftext|>' = ['2', '3', '0', '.', '<|im_end|>', '<|endoftext|>', '<|endoftext|>', '<|endoftext|>'] [other]
  L27: '230.<|im_end|><|endoftext|><|endoftext|><|endoftext|>' = ['2', '3', '0', '.', '<|im_end|>', '<|endoftext|>', '<|endoftext|>', '<|endoftext|>'] [other]
  L28: '230.<|im_end|><|endoftext|><|endoftext|><|endoftext|>' = ['2', '3', '0', '.', '<|im_end|>', '<|endoftext|>', '<|endoftext|>', '<|endoftext|>'] [other]

row 32: base=LU -> source=GY  template=calling_code_prefill_v3
  question: 'What is the country calling code for the country in this image?'
  prefill : 'The country calling code is +'
  gold base   (expected unhooked) : '352' = ['3', '5', '2']
  gold source (expected if swap works): '592' = ['5', '9', '2']
  unhooked: '352. This corresponds to Luxembourg' = ['3', '5', '2', '.', ' This', ' corresponds', ' to', ' Luxembourg']
  L19: '352. This corresponds to Luxembourg' = ['3', '5', '2', '.', ' This', ' corresponds', ' to', ' Luxembourg'] [base]
  L20: '352. This corresponds to Luxembourg' = ['3', '5', '2', '.', ' This', ' corresponds', ' to', ' Luxembourg'] [base]
  L21: '352. This corresponds to Luxembourg' = ['3', '5', '2', '.', ' This', ' corresponds', ' to', ' Luxembourg'] [base]
  L22: '352. This corresponds to Luxembourg' = ['3', '5', '2', '.', ' This', ' corresponds', ' to', ' Luxembourg'] [base]
  L23: '590. This corresponds to the' = ['5', '9', '0', '.', ' This', ' corresponds', ' to', ' the'] [other]
  L24: '590. This corresponds to the' = ['5', '9', '0', '.', ' This', ' corresponds', ' to', ' the'] [other]
  L25: '590. This corresponds to the' = ['5', '9', '0', '.', ' This', ' corresponds', ' to', ' the'] [other]
  L26: '590. This corresponds to the' = ['5', '9', '0', '.', ' This', ' corresponds', ' to', ' the'] [other]
  L27: '590. This corresponds to the' = ['5', '9', '0', '.', ' This', ' corresponds', ' to', ' the'] [other]
  L28: '590. This corresponds to the' = ['5', '9', '0', '.', ' This', ' corresponds', ' to', ' the'] [other]

row 33: base=TN -> source=IT  template=calling_code_prefill_v1
  question: 'What is the international calling code of the country in this image?'
  prefill : 'The calling code is +'
  gold base   (expected unhooked) : '216' = ['2', '1', '6']
  gold source (expected if swap works): '39' = ['3', '9']
  unhooked: '216. This corresponds to Tunisia' = ['2', '1', '6', '.', ' This', ' corresponds', ' to', ' Tunisia']
  L19: '216.<|im_end|><|endoftext|><|endoftext|><|endoftext|>' = ['2', '1', '6', '.', '<|im_end|>', '<|endoftext|>', '<|endoftext|>', '<|endoftext|>'] [base]
  L20: '216. This corresponds to Tunisia' = ['2', '1', '6', '.', ' This', ' corresponds', ' to', ' Tunisia'] [base]
  L21: '216, which corresponds to Tunisia' = ['2', '1', '6', ',', ' which', ' corresponds', ' to', ' Tunisia'] [base]
  L22: '216, which corresponds to Tunisia' = ['2', '1', '6', ',', ' which', ' corresponds', ' to', ' Tunisia'] [base]
  L23: '39.<|im_end|><|endoftext|><|endoftext|><|endoftext|><|endoftext|>' = ['3', '9', '.', '<|im_end|>', '<|endoftext|>', '<|endoftext|>', '<|endoftext|>', '<|endoftext|>'] [HIT]
  L24: '39.<|im_end|><|endoftext|><|endoftext|><|endoftext|><|endoftext|>' = ['3', '9', '.', '<|im_end|>', '<|endoftext|>', '<|endoftext|>', '<|endoftext|>', '<|endoftext|>'] [HIT]
  L25: '39.<|im_end|><|endoftext|><|endoftext|><|endoftext|><|endoftext|>' = ['3', '9', '.', '<|im_end|>', '<|endoftext|>', '<|endoftext|>', '<|endoftext|>', '<|endoftext|>'] [HIT]
  L26: '39.<|im_end|><|endoftext|><|endoftext|><|endoftext|><|endoftext|>' = ['3', '9', '.', '<|im_end|>', '<|endoftext|>', '<|endoftext|>', '<|endoftext|>', '<|endoftext|>'] [HIT]
  L27: '34.<|im_end|><|endoftext|><|endoftext|><|endoftext|><|endoftext|>' = ['3', '4', '.', '<|im_end|>', '<|endoftext|>', '<|endoftext|>', '<|endoftext|>', '<|endoftext|>'] [other]
  L28: '31, which corresponds to the Netherlands' = ['3', '1', ',', ' which', ' corresponds', ' to', ' the', ' Netherlands'] [other]

row 34: base=BR -> source=FJ  template=calling_code_prefill_v2
  question: 'Give the international dialling code of the country shown in this flag.'
  prefill : 'The dialling code is +'
  gold base   (expected unhooked) : '55' = ['5', '5']
  gold source (expected if swap works): '679' = ['6', '7', '9']
  unhooked: '55.<|im_end|><|endoftext|><|endoftext|><|endoftext|><|endoftext|>' = ['5', '5', '.', '<|im_end|>', '<|endoftext|>', '<|endoftext|>', '<|endoftext|>', '<|endoftext|>']
  L19: '55.<|im_end|><|endoftext|><|endoftext|><|endoftext|><|endoftext|>' = ['5', '5', '.', '<|im_end|>', '<|endoftext|>', '<|endoftext|>', '<|endoftext|>', '<|endoftext|>'] [base]
  L20: '55.<|im_end|><|endoftext|><|endoftext|><|endoftext|><|endoftext|>' = ['5', '5', '.', '<|im_end|>', '<|endoftext|>', '<|endoftext|>', '<|endoftext|>', '<|endoftext|>'] [base]
  L21: '55.<|im_end|><|endoftext|><|endoftext|><|endoftext|><|endoftext|>' = ['5', '5', '.', '<|im_end|>', '<|endoftext|>', '<|endoftext|>', '<|endoftext|>', '<|endoftext|>'] [base]
  L22: '55.<|im_end|><|endoftext|><|endoftext|><|endoftext|><|endoftext|>' = ['5', '5', '.', '<|im_end|>', '<|endoftext|>', '<|endoftext|>', '<|endoftext|>', '<|endoftext|>'] [base]
  L23: '673.<|im_end|><|endoftext|><|endoftext|><|endoftext|>' = ['6', '7', '3', '.', '<|im_end|>', '<|endoftext|>', '<|endoftext|>', '<|endoftext|>'] [other]
  L24: '673.<|im_end|><|endoftext|><|endoftext|><|endoftext|>' = ['6', '7', '3', '.', '<|im_end|>', '<|endoftext|>', '<|endoftext|>', '<|endoftext|>'] [other]
  L25: '673.<|im_end|><|endoftext|><|endoftext|><|endoftext|>' = ['6', '7', '3', '.', '<|im_end|>', '<|endoftext|>', '<|endoftext|>', '<|endoftext|>'] [other]
  L26: '673.<|im_end|><|endoftext|><|endoftext|><|endoftext|>' = ['6', '7', '3', '.', '<|im_end|>', '<|endoftext|>', '<|endoftext|>', '<|endoftext|>'] [other]
  L27: '673.<|im_end|><|endoftext|><|endoftext|><|endoftext|>' = ['6', '7', '3', '.', '<|im_end|>', '<|endoftext|>', '<|endoftext|>', '<|endoftext|>'] [other]
  L28: '673.<|im_end|><|endoftext|><|endoftext|><|endoftext|>' = ['6', '7', '3', '.', '<|im_end|>', '<|endoftext|>', '<|endoftext|>', '<|endoftext|>'] [other]

row 35: base=IT -> source=DE  template=calling_code_prefill_v4
  question: 'What is the phone country code for the country in this image?'
  prefill : 'The phone code is +'
  gold base   (expected unhooked) : '39' = ['3', '9']
  gold source (expected if swap works): '49' = ['4', '9']
  unhooked: '39.<|im_end|><|endoftext|><|endoftext|><|endoftext|><|endoftext|>' = ['3', '9', '.', '<|im_end|>', '<|endoftext|>', '<|endoftext|>', '<|endoftext|>', '<|endoftext|>']
  L19: '39.<|im_end|><|endoftext|><|endoftext|><|endoftext|><|endoftext|>' = ['3', '9', '.', '<|im_end|>', '<|endoftext|>', '<|endoftext|>', '<|endoftext|>', '<|endoftext|>'] [base]
  L20: '39.<|im_end|><|endoftext|><|endoftext|><|endoftext|><|endoftext|>' = ['3', '9', '.', '<|im_end|>', '<|endoftext|>', '<|endoftext|>', '<|endoftext|>', '<|endoftext|>'] [base]
  L21: '39.<|im_end|><|endoftext|><|endoftext|><|endoftext|><|endoftext|>' = ['3', '9', '.', '<|im_end|>', '<|endoftext|>', '<|endoftext|>', '<|endoftext|>', '<|endoftext|>'] [base]
  L22: '39.<|im_end|><|endoftext|><|endoftext|><|endoftext|><|endoftext|>' = ['3', '9', '.', '<|im_end|>', '<|endoftext|>', '<|endoftext|>', '<|endoftext|>', '<|endoftext|>'] [base]
  L23: '49.<|im_end|><|endoftext|><|endoftext|><|endoftext|><|endoftext|>' = ['4', '9', '.', '<|im_end|>', '<|endoftext|>', '<|endoftext|>', '<|endoftext|>', '<|endoftext|>'] [HIT]
  L24: '49.<|im_end|><|endoftext|><|endoftext|><|endoftext|><|endoftext|>' = ['4', '9', '.', '<|im_end|>', '<|endoftext|>', '<|endoftext|>', '<|endoftext|>', '<|endoftext|>'] [HIT]
  L25: '49.<|im_end|><|endoftext|><|endoftext|><|endoftext|><|endoftext|>' = ['4', '9', '.', '<|im_end|>', '<|endoftext|>', '<|endoftext|>', '<|endoftext|>', '<|endoftext|>'] [HIT]
  L26: '49.<|im_end|><|endoftext|><|endoftext|><|endoftext|><|endoftext|>' = ['4', '9', '.', '<|im_end|>', '<|endoftext|>', '<|endoftext|>', '<|endoftext|>', '<|endoftext|>'] [HIT]
  L27: '49.<|im_end|><|endoftext|><|endoftext|><|endoftext|><|endoftext|>' = ['4', '9', '.', '<|im_end|>', '<|endoftext|>', '<|endoftext|>', '<|endoftext|>', '<|endoftext|>'] [HIT]
  L28: '49.<|im_end|><|endoftext|><|endoftext|><|endoftext|><|endoftext|>' = ['4', '9', '.', '<|im_end|>', '<|endoftext|>', '<|endoftext|>', '<|endoftext|>', '<|endoftext|>'] [HIT]

row 36: base=NI -> source=UY  template=calling_code_prefill_v2
  question: 'Give the international dialling code of the country shown in this flag.'
  prefill : 'The dialling code is +'
  gold base   (expected unhooked) : '505' = ['5', '0', '5']
  gold source (expected if swap works): '598' = ['5', '9', '8']
  unhooked: '505.<|im_end|><|endoftext|><|endoftext|><|endoftext|>' = ['5', '0', '5', '.', '<|im_end|>', '<|endoftext|>', '<|endoftext|>', '<|endoftext|>']
  L19: '505.<|im_end|><|endoftext|><|endoftext|><|endoftext|>' = ['5', '0', '5', '.', '<|im_end|>', '<|endoftext|>', '<|endoftext|>', '<|endoftext|>'] [base]
  L20: '505.<|im_end|><|endoftext|><|endoftext|><|endoftext|>' = ['5', '0', '5', '.', '<|im_end|>', '<|endoftext|>', '<|endoftext|>', '<|endoftext|>'] [base]
  L21: '505.<|im_end|><|endoftext|><|endoftext|><|endoftext|>' = ['5', '0', '5', '.', '<|im_end|>', '<|endoftext|>', '<|endoftext|>', '<|endoftext|>'] [base]
  L22: '505.<|im_end|><|endoftext|><|endoftext|><|endoftext|>' = ['5', '0', '5', '.', '<|im_end|>', '<|endoftext|>', '<|endoftext|>', '<|endoftext|>'] [base]
  L23: '505.<|im_end|><|endoftext|><|endoftext|><|endoftext|>' = ['5', '0', '5', '.', '<|im_end|>', '<|endoftext|>', '<|endoftext|>', '<|endoftext|>'] [base]
  L24: '505.<|im_end|><|endoftext|><|endoftext|><|endoftext|>' = ['5', '0', '5', '.', '<|im_end|>', '<|endoftext|>', '<|endoftext|>', '<|endoftext|>'] [base]
  L25: '505.<|im_end|><|endoftext|><|endoftext|><|endoftext|>' = ['5', '0', '5', '.', '<|im_end|>', '<|endoftext|>', '<|endoftext|>', '<|endoftext|>'] [base]
  L26: '505.<|im_end|><|endoftext|><|endoftext|><|endoftext|>' = ['5', '0', '5', '.', '<|im_end|>', '<|endoftext|>', '<|endoftext|>', '<|endoftext|>'] [base]
  L27: '505.<|im_end|><|endoftext|><|endoftext|><|endoftext|>' = ['5', '0', '5', '.', '<|im_end|>', '<|endoftext|>', '<|endoftext|>', '<|endoftext|>'] [base]
  L28: '505.<|im_end|><|endoftext|><|endoftext|><|endoftext|>' = ['5', '0', '5', '.', '<|im_end|>', '<|endoftext|>', '<|endoftext|>', '<|endoftext|>'] [base]

row 37: base=AF -> source=SD  template=calling_code_prefill_v5
  question: 'Identify the international dialing code of the country shown in this flag.'
  prefill : 'The dialing code is +'
  gold base   (expected unhooked) : '93' = ['9', '3']
  gold source (expected if swap works): '249' = ['2', '4', '9']
  unhooked: '93.<|im_end|><|endoftext|><|endoftext|><|endoftext|><|endoftext|>' = ['9', '3', '.', '<|im_end|>', '<|endoftext|>', '<|endoftext|>', '<|endoftext|>', '<|endoftext|>']
  L19: '93.<|im_end|><|endoftext|><|endoftext|><|endoftext|><|endoftext|>' = ['9', '3', '.', '<|im_end|>', '<|endoftext|>', '<|endoftext|>', '<|endoftext|>', '<|endoftext|>'] [base]
  L20: '93.<|im_end|><|endoftext|><|endoftext|><|endoftext|><|endoftext|>' = ['9', '3', '.', '<|im_end|>', '<|endoftext|>', '<|endoftext|>', '<|endoftext|>', '<|endoftext|>'] [base]
  L21: '93.<|im_end|><|endoftext|><|endoftext|><|endoftext|><|endoftext|>' = ['9', '3', '.', '<|im_end|>', '<|endoftext|>', '<|endoftext|>', '<|endoftext|>', '<|endoftext|>'] [base]
  L22: '93.<|im_end|><|endoftext|><|endoftext|><|endoftext|><|endoftext|>' = ['9', '3', '.', '<|im_end|>', '<|endoftext|>', '<|endoftext|>', '<|endoftext|>', '<|endoftext|>'] [base]
  L23: '20.<|im_end|><|endoftext|><|endoftext|><|endoftext|><|endoftext|>' = ['2', '0', '.', '<|im_end|>', '<|endoftext|>', '<|endoftext|>', '<|endoftext|>', '<|endoftext|>'] [other]
  L24: '20.<|im_end|><|endoftext|><|endoftext|><|endoftext|><|endoftext|>' = ['2', '0', '.', '<|im_end|>', '<|endoftext|>', '<|endoftext|>', '<|endoftext|>', '<|endoftext|>'] [other]
  L25: '20.<|im_end|><|endoftext|><|endoftext|><|endoftext|><|endoftext|>' = ['2', '0', '.', '<|im_end|>', '<|endoftext|>', '<|endoftext|>', '<|endoftext|>', '<|endoftext|>'] [other]
  L26: '20.<|im_end|><|endoftext|><|endoftext|><|endoftext|><|endoftext|>' = ['2', '0', '.', '<|im_end|>', '<|endoftext|>', '<|endoftext|>', '<|endoftext|>', '<|endoftext|>'] [other]
  L27: '20.<|im_end|><|endoftext|><|endoftext|><|endoftext|><|endoftext|>' = ['2', '0', '.', '<|im_end|>', '<|endoftext|>', '<|endoftext|>', '<|endoftext|>', '<|endoftext|>'] [other]
  L28: '20.<|im_end|><|endoftext|><|endoftext|><|endoftext|><|endoftext|>' = ['2', '0', '.', '<|im_end|>', '<|endoftext|>', '<|endoftext|>', '<|endoftext|>', '<|endoftext|>'] [other]

row 38: base=HT -> source=NZ  template=calling_code_prefill_v6
  question: 'What country code do you dial to call this country?'
  prefill : 'The country code is +'
  gold base   (expected unhooked) : '509' = ['5', '0', '9']
  gold source (expected if swap works): '64' = ['6', '4']
  unhooked: '509. This is the country' = ['5', '0', '9', '.', ' This', ' is', ' the', ' country']
  L19: '509. This is the country' = ['5', '0', '9', '.', ' This', ' is', ' the', ' country'] [base]
  L20: '509. This is the country' = ['5', '0', '9', '.', ' This', ' is', ' the', ' country'] [base]
  L21: '509. This is the country' = ['5', '0', '9', '.', ' This', ' is', ' the', ' country'] [base]
  L22: '509. This is the country' = ['5', '0', '9', '.', ' This', ' is', ' the', ' country'] [base]
  L23: '65.<|im_end|><|endoftext|><|endoftext|><|endoftext|><|endoftext|>' = ['6', '5', '.', '<|im_end|>', '<|endoftext|>', '<|endoftext|>', '<|endoftext|>', '<|endoftext|>'] [other]
  L24: '65.<|im_end|><|endoftext|><|endoftext|><|endoftext|><|endoftext|>' = ['6', '5', '.', '<|im_end|>', '<|endoftext|>', '<|endoftext|>', '<|endoftext|>', '<|endoftext|>'] [other]
  L25: '65.<|im_end|><|endoftext|><|endoftext|><|endoftext|><|endoftext|>' = ['6', '5', '.', '<|im_end|>', '<|endoftext|>', '<|endoftext|>', '<|endoftext|>', '<|endoftext|>'] [other]
  L26: '65.<|im_end|><|endoftext|><|endoftext|><|endoftext|><|endoftext|>' = ['6', '5', '.', '<|im_end|>', '<|endoftext|>', '<|endoftext|>', '<|endoftext|>', '<|endoftext|>'] [other]
  L27: '65.<|im_end|><|endoftext|><|endoftext|><|endoftext|><|endoftext|>' = ['6', '5', '.', '<|im_end|>', '<|endoftext|>', '<|endoftext|>', '<|endoftext|>', '<|endoftext|>'] [other]
  L28: '65.<|im_end|><|endoftext|><|endoftext|><|endoftext|><|endoftext|>' = ['6', '5', '.', '<|im_end|>', '<|endoftext|>', '<|endoftext|>', '<|endoftext|>', '<|endoftext|>'] [other]

row 39: base=PE -> source=PA  template=calling_code_prefill_v5
  question: 'Identify the international dialing code of the country shown in this flag.'
  prefill : 'The dialing code is +'
  gold base   (expected unhooked) : '51' = ['5', '1']
  gold source (expected if swap works): '507' = ['5', '0', '7']
  unhooked: '51.<|im_end|><|endoftext|><|endoftext|><|endoftext|><|endoftext|>' = ['5', '1', '.', '<|im_end|>', '<|endoftext|>', '<|endoftext|>', '<|endoftext|>', '<|endoftext|>']
  L19: '51.<|im_end|><|endoftext|><|endoftext|><|endoftext|><|endoftext|>' = ['5', '1', '.', '<|im_end|>', '<|endoftext|>', '<|endoftext|>', '<|endoftext|>', '<|endoftext|>'] [base]
  L20: '51.<|im_end|><|endoftext|><|endoftext|><|endoftext|><|endoftext|>' = ['5', '1', '.', '<|im_end|>', '<|endoftext|>', '<|endoftext|>', '<|endoftext|>', '<|endoftext|>'] [base]
  L21: '51.<|im_end|><|endoftext|><|endoftext|><|endoftext|><|endoftext|>' = ['5', '1', '.', '<|im_end|>', '<|endoftext|>', '<|endoftext|>', '<|endoftext|>', '<|endoftext|>'] [base]
  L22: '51.<|im_end|><|endoftext|><|endoftext|><|endoftext|><|endoftext|>' = ['5', '1', '.', '<|im_end|>', '<|endoftext|>', '<|endoftext|>', '<|endoftext|>', '<|endoftext|>'] [base]
  L23: '51.<|im_end|><|endoftext|><|endoftext|><|endoftext|><|endoftext|>' = ['5', '1', '.', '<|im_end|>', '<|endoftext|>', '<|endoftext|>', '<|endoftext|>', '<|endoftext|>'] [base]
  L24: '51.<|im_end|><|endoftext|><|endoftext|><|endoftext|><|endoftext|>' = ['5', '1', '.', '<|im_end|>', '<|endoftext|>', '<|endoftext|>', '<|endoftext|>', '<|endoftext|>'] [base]
  L25: '51.<|im_end|><|endoftext|><|endoftext|><|endoftext|><|endoftext|>' = ['5', '1', '.', '<|im_end|>', '<|endoftext|>', '<|endoftext|>', '<|endoftext|>', '<|endoftext|>'] [base]
  L26: '51.<|im_end|><|endoftext|><|endoftext|><|endoftext|><|endoftext|>' = ['5', '1', '.', '<|im_end|>', '<|endoftext|>', '<|endoftext|>', '<|endoftext|>', '<|endoftext|>'] [base]
  L27: '51.<|im_end|><|endoftext|><|endoftext|><|endoftext|><|endoftext|>' = ['5', '1', '.', '<|im_end|>', '<|endoftext|>', '<|endoftext|>', '<|endoftext|>', '<|endoftext|>'] [base]
  L28: '51.<|im_end|><|endoftext|><|endoftext|><|endoftext|><|endoftext|>' = ['5', '1', '.', '<|im_end|>', '<|endoftext|>', '<|endoftext|>', '<|endoftext|>', '<|endoftext|>'] [base]

row 40: base=NI -> source=MK  template=calling_code_prefill_v4
  question: 'What is the phone country code for the country in this image?'
  prefill : 'The phone code is +'
  gold base   (expected unhooked) : '505' = ['5', '0', '5']
  gold source (expected if swap works): '389' = ['3', '8', '9']
  unhooked: '505. This corresponds to Nicaragua' = ['5', '0', '5', '.', ' This', ' corresponds', ' to', ' Nicaragua']
  L19: '505. This corresponds to Nicaragua' = ['5', '0', '5', '.', ' This', ' corresponds', ' to', ' Nicaragua'] [base]
  L20: '505. This corresponds to Nicaragua' = ['5', '0', '5', '.', ' This', ' corresponds', ' to', ' Nicaragua'] [base]
  L21: '505. This corresponds to Nicaragua' = ['5', '0', '5', '.', ' This', ' corresponds', ' to', ' Nicaragua'] [base]
  L22: '505. This corresponds to Nicaragua' = ['5', '0', '5', '.', ' This', ' corresponds', ' to', ' Nicaragua'] [base]
  L23: '372.<|im_end|><|endoftext|><|endoftext|><|endoftext|>' = ['3', '7', '2', '.', '<|im_end|>', '<|endoftext|>', '<|endoftext|>', '<|endoftext|>'] [other]
  L24: '372. This corresponds to Estonia' = ['3', '7', '2', '.', ' This', ' corresponds', ' to', ' Estonia'] [other]
  L25: '372.<|im_end|><|endoftext|><|endoftext|><|endoftext|>' = ['3', '7', '2', '.', '<|im_end|>', '<|endoftext|>', '<|endoftext|>', '<|endoftext|>'] [other]
  L26: '372. This corresponds to Estonia' = ['3', '7', '2', '.', ' This', ' corresponds', ' to', ' Estonia'] [other]
  L27: '372.<|im_end|><|endoftext|><|endoftext|><|endoftext|>' = ['3', '7', '2', '.', '<|im_end|>', '<|endoftext|>', '<|endoftext|>', '<|endoftext|>'] [other]
  L28: '372.<|im_end|><|endoftext|><|endoftext|><|endoftext|>' = ['3', '7', '2', '.', '<|im_end|>', '<|endoftext|>', '<|endoftext|>', '<|endoftext|>'] [other]

row 41: base=FJ -> source=KW  template=calling_code_prefill_v2
  question: 'Give the international dialling code of the country shown in this flag.'
  prefill : 'The dialling code is +'
  gold base   (expected unhooked) : '679' = ['6', '7', '9']
  gold source (expected if swap works): '965' = ['9', '6', '5']
  unhooked: '679.<|im_end|><|endoftext|><|endoftext|><|endoftext|>' = ['6', '7', '9', '.', '<|im_end|>', '<|endoftext|>', '<|endoftext|>', '<|endoftext|>']
  L19: '679.<|im_end|><|endoftext|><|endoftext|><|endoftext|>' = ['6', '7', '9', '.', '<|im_end|>', '<|endoftext|>', '<|endoftext|>', '<|endoftext|>'] [base]
  L20: '679.<|im_end|><|endoftext|><|endoftext|><|endoftext|>' = ['6', '7', '9', '.', '<|im_end|>', '<|endoftext|>', '<|endoftext|>', '<|endoftext|>'] [base]
  L21: '679.<|im_end|><|endoftext|><|endoftext|><|endoftext|>' = ['6', '7', '9', '.', '<|im_end|>', '<|endoftext|>', '<|endoftext|>', '<|endoftext|>'] [base]
  L22: '679.<|im_end|><|endoftext|><|endoftext|><|endoftext|>' = ['6', '7', '9', '.', '<|im_end|>', '<|endoftext|>', '<|endoftext|>', '<|endoftext|>'] [base]
  L23: '976.<|im_end|><|endoftext|><|endoftext|><|endoftext|>' = ['9', '7', '6', '.', '<|im_end|>', '<|endoftext|>', '<|endoftext|>', '<|endoftext|>'] [other]
  L24: '92.<|im_end|><|endoftext|><|endoftext|><|endoftext|><|endoftext|>' = ['9', '2', '.', '<|im_end|>', '<|endoftext|>', '<|endoftext|>', '<|endoftext|>', '<|endoftext|>'] [other]
  L25: '92.<|im_end|><|endoftext|><|endoftext|><|endoftext|><|endoftext|>' = ['9', '2', '.', '<|im_end|>', '<|endoftext|>', '<|endoftext|>', '<|endoftext|>', '<|endoftext|>'] [other]
  L26: '92.<|im_end|><|endoftext|><|endoftext|><|endoftext|><|endoftext|>' = ['9', '2', '.', '<|im_end|>', '<|endoftext|>', '<|endoftext|>', '<|endoftext|>', '<|endoftext|>'] [other]
  L27: '976.<|im_end|><|endoftext|><|endoftext|><|endoftext|>' = ['9', '7', '6', '.', '<|im_end|>', '<|endoftext|>', '<|endoftext|>', '<|endoftext|>'] [other]
  L28: '976.<|im_end|><|endoftext|><|endoftext|><|endoftext|>' = ['9', '7', '6', '.', '<|im_end|>', '<|endoftext|>', '<|endoftext|>', '<|endoftext|>'] [other]

row 42: base=FJ -> source=GY  template=calling_code_prefill_v3
  question: 'What is the country calling code for the country in this image?'
  prefill : 'The country calling code is +'
  gold base   (expected unhooked) : '679' = ['6', '7', '9']
  gold source (expected if swap works): '592' = ['5', '9', '2']
  unhooked: '679. This is the country' = ['6', '7', '9', '.', ' This', ' is', ' the', ' country']
  L19: '679. This corresponds to Fiji' = ['6', '7', '9', '.', ' This', ' corresponds', ' to', ' Fiji'] [base]
  L20: '679. This is the country' = ['6', '7', '9', '.', ' This', ' is', ' the', ' country'] [base]
  L21: '679. This corresponds to Fiji' = ['6', '7', '9', '.', ' This', ' corresponds', ' to', ' Fiji'] [base]
  L22: '679. This is the country' = ['6', '7', '9', '.', ' This', ' is', ' the', ' country'] [base]
  L23: '679. This is the country' = ['6', '7', '9', '.', ' This', ' is', ' the', ' country'] [base]
  L24: '54, which corresponds to Argentina.' = ['5', '4', ',', ' which', ' corresponds', ' to', ' Argentina', '.'] [other]
  L25: '506, which corresponds to Costa' = ['5', '0', '6', ',', ' which', ' corresponds', ' to', ' Costa'] [other]
  L26: '506, which corresponds to Costa' = ['5', '0', '6', ',', ' which', ' corresponds', ' to', ' Costa'] [other]
  L27: '54, which corresponds to Argentina.' = ['5', '4', ',', ' which', ' corresponds', ' to', ' Argentina', '.'] [other]
  L28: '54, which corresponds to Argentina.' = ['5', '4', ',', ' which', ' corresponds', ' to', ' Argentina', '.'] [other]

row 43: base=KW -> source=LB  template=calling_code_prefill_v2
  question: 'Give the international dialling code of the country shown in this flag.'
  prefill : 'The dialling code is +'
  gold base   (expected unhooked) : '965' = ['9', '6', '5']
  gold source (expected if swap works): '961' = ['9', '6', '1']
  unhooked: '965.<|im_end|><|endoftext|><|endoftext|><|endoftext|>' = ['9', '6', '5', '.', '<|im_end|>', '<|endoftext|>', '<|endoftext|>', '<|endoftext|>']
  L19: '965.<|im_end|><|endoftext|><|endoftext|><|endoftext|>' = ['9', '6', '5', '.', '<|im_end|>', '<|endoftext|>', '<|endoftext|>', '<|endoftext|>'] [base]
  L20: '965.<|im_end|><|endoftext|><|endoftext|><|endoftext|>' = ['9', '6', '5', '.', '<|im_end|>', '<|endoftext|>', '<|endoftext|>', '<|endoftext|>'] [base]
  L21: '965.<|im_end|><|endoftext|><|endoftext|><|endoftext|>' = ['9', '6', '5', '.', '<|im_end|>', '<|endoftext|>', '<|endoftext|>', '<|endoftext|>'] [base]
  L22: '965.<|im_end|><|endoftext|><|endoftext|><|endoftext|>' = ['9', '6', '5', '.', '<|im_end|>', '<|endoftext|>', '<|endoftext|>', '<|endoftext|>'] [base]
  L23: '965.<|im_end|><|endoftext|><|endoftext|><|endoftext|>' = ['9', '6', '5', '.', '<|im_end|>', '<|endoftext|>', '<|endoftext|>', '<|endoftext|>'] [base]
  L24: '965.<|im_end|><|endoftext|><|endoftext|><|endoftext|>' = ['9', '6', '5', '.', '<|im_end|>', '<|endoftext|>', '<|endoftext|>', '<|endoftext|>'] [base]
  L25: '965.<|im_end|><|endoftext|><|endoftext|><|endoftext|>' = ['9', '6', '5', '.', '<|im_end|>', '<|endoftext|>', '<|endoftext|>', '<|endoftext|>'] [base]
  L26: '965.<|im_end|><|endoftext|><|endoftext|><|endoftext|>' = ['9', '6', '5', '.', '<|im_end|>', '<|endoftext|>', '<|endoftext|>', '<|endoftext|>'] [base]
  L27: '965.<|im_end|><|endoftext|><|endoftext|><|endoftext|>' = ['9', '6', '5', '.', '<|im_end|>', '<|endoftext|>', '<|endoftext|>', '<|endoftext|>'] [base]
  L28: '965.<|im_end|><|endoftext|><|endoftext|><|endoftext|>' = ['9', '6', '5', '.', '<|im_end|>', '<|endoftext|>', '<|endoftext|>', '<|endoftext|>'] [base]

row 44: base=RW -> source=CU  template=calling_code_prefill_v2
  question: 'Give the international dialling code of the country shown in this flag.'
  prefill : 'The dialling code is +'
  gold base   (expected unhooked) : '250' = ['2', '5', '0']
  gold source (expected if swap works): '53' = ['5', '3']
  unhooked: '250.<|im_end|><|endoftext|><|endoftext|><|endoftext|>' = ['2', '5', '0', '.', '<|im_end|>', '<|endoftext|>', '<|endoftext|>', '<|endoftext|>']
  L19: '250.<|im_end|><|endoftext|><|endoftext|><|endoftext|>' = ['2', '5', '0', '.', '<|im_end|>', '<|endoftext|>', '<|endoftext|>', '<|endoftext|>'] [base]
  L20: '250.<|im_end|><|endoftext|><|endoftext|><|endoftext|>' = ['2', '5', '0', '.', '<|im_end|>', '<|endoftext|>', '<|endoftext|>', '<|endoftext|>'] [base]
  L21: '250.<|im_end|><|endoftext|><|endoftext|><|endoftext|>' = ['2', '5', '0', '.', '<|im_end|>', '<|endoftext|>', '<|endoftext|>', '<|endoftext|>'] [base]
  L22: '250.<|im_end|><|endoftext|><|endoftext|><|endoftext|>' = ['2', '5', '0', '.', '<|im_end|>', '<|endoftext|>', '<|endoftext|>', '<|endoftext|>'] [base]
  L23: '509.<|im_end|><|endoftext|><|endoftext|><|endoftext|>' = ['5', '0', '9', '.', '<|im_end|>', '<|endoftext|>', '<|endoftext|>', '<|endoftext|>'] [other]
  L24: '509.<|im_end|><|endoftext|><|endoftext|><|endoftext|>' = ['5', '0', '9', '.', '<|im_end|>', '<|endoftext|>', '<|endoftext|>', '<|endoftext|>'] [other]
  L25: '509.<|im_end|><|endoftext|><|endoftext|><|endoftext|>' = ['5', '0', '9', '.', '<|im_end|>', '<|endoftext|>', '<|endoftext|>', '<|endoftext|>'] [other]
  L26: '509.<|im_end|><|endoftext|><|endoftext|><|endoftext|>' = ['5', '0', '9', '.', '<|im_end|>', '<|endoftext|>', '<|endoftext|>', '<|endoftext|>'] [other]
  L27: '509.<|im_end|><|endoftext|><|endoftext|><|endoftext|>' = ['5', '0', '9', '.', '<|im_end|>', '<|endoftext|>', '<|endoftext|>', '<|endoftext|>'] [other]
  L28: '509.<|im_end|><|endoftext|><|endoftext|><|endoftext|>' = ['5', '0', '9', '.', '<|im_end|>', '<|endoftext|>', '<|endoftext|>', '<|endoftext|>'] [other]

row 45: base=LA -> source=AM  template=calling_code_prefill_v1
  question: 'What is the international calling code of the country in this image?'
  prefill : 'The calling code is +'
  gold base   (expected unhooked) : '856' = ['8', '5', '6']
  gold source (expected if swap works): '374' = ['3', '7', '4']
  unhooked: '856. This corresponds to Laos' = ['8', '5', '6', '.', ' This', ' corresponds', ' to', ' Laos']
  L19: '856. This corresponds to Laos' = ['8', '5', '6', '.', ' This', ' corresponds', ' to', ' Laos'] [base]
  L20: '856. This corresponds to Laos' = ['8', '5', '6', '.', ' This', ' corresponds', ' to', ' Laos'] [base]
  L21: '856. This corresponds to Laos' = ['8', '5', '6', '.', ' This', ' corresponds', ' to', ' Laos'] [base]
  L22: '856. This corresponds to Laos' = ['8', '5', '6', '.', ' This', ' corresponds', ' to', ' Laos'] [base]
  L23: '386.<|im_end|><|endoftext|><|endoftext|><|endoftext|>' = ['3', '8', '6', '.', '<|im_end|>', '<|endoftext|>', '<|endoftext|>', '<|endoftext|>'] [other]
  L24: '386.<|im_end|><|endoftext|><|endoftext|><|endoftext|>' = ['3', '8', '6', '.', '<|im_end|>', '<|endoftext|>', '<|endoftext|>', '<|endoftext|>'] [other]
  L25: '386.<|im_end|><|endoftext|><|endoftext|><|endoftext|>' = ['3', '8', '6', '.', '<|im_end|>', '<|endoftext|>', '<|endoftext|>', '<|endoftext|>'] [other]
  L26: '386.<|im_end|><|endoftext|><|endoftext|><|endoftext|>' = ['3', '8', '6', '.', '<|im_end|>', '<|endoftext|>', '<|endoftext|>', '<|endoftext|>'] [other]
  L27: '386.<|im_end|><|endoftext|><|endoftext|><|endoftext|>' = ['3', '8', '6', '.', '<|im_end|>', '<|endoftext|>', '<|endoftext|>', '<|endoftext|>'] [other]
  L28: '386.<|im_end|><|endoftext|><|endoftext|><|endoftext|>' = ['3', '8', '6', '.', '<|im_end|>', '<|endoftext|>', '<|endoftext|>', '<|endoftext|>'] [other]

row 46: base=LU -> source=CU  template=calling_code_prefill_v4
  question: 'What is the phone country code for the country in this image?'
  prefill : 'The phone code is +'
  gold base   (expected unhooked) : '352' = ['3', '5', '2']
  gold source (expected if swap works): '53' = ['5', '3']
  unhooked: '352.<|im_end|><|endoftext|><|endoftext|><|endoftext|>' = ['3', '5', '2', '.', '<|im_end|>', '<|endoftext|>', '<|endoftext|>', '<|endoftext|>']
  L19: '352.<|im_end|><|endoftext|><|endoftext|><|endoftext|>' = ['3', '5', '2', '.', '<|im_end|>', '<|endoftext|>', '<|endoftext|>', '<|endoftext|>'] [base]
  L20: '352.<|im_end|><|endoftext|><|endoftext|><|endoftext|>' = ['3', '5', '2', '.', '<|im_end|>', '<|endoftext|>', '<|endoftext|>', '<|endoftext|>'] [base]
  L21: '352.<|im_end|><|endoftext|><|endoftext|><|endoftext|>' = ['3', '5', '2', '.', '<|im_end|>', '<|endoftext|>', '<|endoftext|>', '<|endoftext|>'] [base]
  L22: '352.<|im_end|><|endoftext|><|endoftext|><|endoftext|>' = ['3', '5', '2', '.', '<|im_end|>', '<|endoftext|>', '<|endoftext|>', '<|endoftext|>'] [base]
  L23: '590.<|im_end|><|endoftext|><|endoftext|><|endoftext|>' = ['5', '9', '0', '.', '<|im_end|>', '<|endoftext|>', '<|endoftext|>', '<|endoftext|>'] [other]
  L24: '590.<|im_end|><|endoftext|><|endoftext|><|endoftext|>' = ['5', '9', '0', '.', '<|im_end|>', '<|endoftext|>', '<|endoftext|>', '<|endoftext|>'] [other]
  L25: '590.<|im_end|><|endoftext|><|endoftext|><|endoftext|>' = ['5', '9', '0', '.', '<|im_end|>', '<|endoftext|>', '<|endoftext|>', '<|endoftext|>'] [other]
  L26: '590.<|im_end|><|endoftext|><|endoftext|><|endoftext|>' = ['5', '9', '0', '.', '<|im_end|>', '<|endoftext|>', '<|endoftext|>', '<|endoftext|>'] [other]
  L27: '590.<|im_end|><|endoftext|><|endoftext|><|endoftext|>' = ['5', '9', '0', '.', '<|im_end|>', '<|endoftext|>', '<|endoftext|>', '<|endoftext|>'] [other]
  L28: '590.<|im_end|><|endoftext|><|endoftext|><|endoftext|>' = ['5', '9', '0', '.', '<|im_end|>', '<|endoftext|>', '<|endoftext|>', '<|endoftext|>'] [other]

row 47: base=TN -> source=BE  template=calling_code_prefill_v3
  question: 'What is the country calling code for the country in this image?'
  prefill : 'The country calling code is +'
  gold base   (expected unhooked) : '216' = ['2', '1', '6']
  gold source (expected if swap works): '32' = ['3', '2']
  unhooked: '216, which corresponds to Tunisia' = ['2', '1', '6', ',', ' which', ' corresponds', ' to', ' Tunisia']
  L19: '216, which corresponds to Tunisia' = ['2', '1', '6', ',', ' which', ' corresponds', ' to', ' Tunisia'] [base]
  L20: '216, which corresponds to Tunisia' = ['2', '1', '6', ',', ' which', ' corresponds', ' to', ' Tunisia'] [base]
  L21: '216, which corresponds to Tunisia' = ['2', '1', '6', ',', ' which', ' corresponds', ' to', ' Tunisia'] [base]
  L22: '216, which corresponds to Tunisia' = ['2', '1', '6', ',', ' which', ' corresponds', ' to', ' Tunisia'] [base]
  L23: '216, which corresponds to Tunisia' = ['2', '1', '6', ',', ' which', ' corresponds', ' to', ' Tunisia'] [base]
  L24: '371, which corresponds to Latvia' = ['3', '7', '1', ',', ' which', ' corresponds', ' to', ' Latvia'] [other]
  L25: '371, which corresponds to Latvia' = ['3', '7', '1', ',', ' which', ' corresponds', ' to', ' Latvia'] [other]
  L26: '371, which corresponds to Latvia' = ['3', '7', '1', ',', ' which', ' corresponds', ' to', ' Latvia'] [other]
  L27: '34, which corresponds to Spain.' = ['3', '4', ',', ' which', ' corresponds', ' to', ' Spain', '.'] [other]
  L28: '34, which corresponds to Spain.' = ['3', '4', ',', ' which', ' corresponds', ' to', ' Spain', '.'] [other]

row 48: base=AZ -> source=LU  template=calling_code_prefill_v5
  question: 'Identify the international dialing code of the country shown in this flag.'
  prefill : 'The dialing code is +'
  gold base   (expected unhooked) : '994' = ['9', '9', '4']
  gold source (expected if swap works): '352' = ['3', '5', '2']
  unhooked: '994.<|im_end|><|endoftext|><|endoftext|><|endoftext|>' = ['9', '9', '4', '.', '<|im_end|>', '<|endoftext|>', '<|endoftext|>', '<|endoftext|>']
  L19: '994.<|im_end|><|endoftext|><|endoftext|><|endoftext|>' = ['9', '9', '4', '.', '<|im_end|>', '<|endoftext|>', '<|endoftext|>', '<|endoftext|>'] [base]
  L20: '994.<|im_end|><|endoftext|><|endoftext|><|endoftext|>' = ['9', '9', '4', '.', '<|im_end|>', '<|endoftext|>', '<|endoftext|>', '<|endoftext|>'] [base]
  L21: '994.<|im_end|><|endoftext|><|endoftext|><|endoftext|>' = ['9', '9', '4', '.', '<|im_end|>', '<|endoftext|>', '<|endoftext|>', '<|endoftext|>'] [base]
  L22: '994.<|im_end|><|endoftext|><|endoftext|><|endoftext|>' = ['9', '9', '4', '.', '<|im_end|>', '<|endoftext|>', '<|endoftext|>', '<|endoftext|>'] [base]
  L23: '374.<|im_end|><|endoftext|><|endoftext|><|endoftext|>' = ['3', '7', '4', '.', '<|im_end|>', '<|endoftext|>', '<|endoftext|>', '<|endoftext|>'] [other]
  L24: '374.<|im_end|><|endoftext|><|endoftext|><|endoftext|>' = ['3', '7', '4', '.', '<|im_end|>', '<|endoftext|>', '<|endoftext|>', '<|endoftext|>'] [other]
  L25: '374.<|im_end|><|endoftext|><|endoftext|><|endoftext|>' = ['3', '7', '4', '.', '<|im_end|>', '<|endoftext|>', '<|endoftext|>', '<|endoftext|>'] [other]
  L26: '374.<|im_end|><|endoftext|><|endoftext|><|endoftext|>' = ['3', '7', '4', '.', '<|im_end|>', '<|endoftext|>', '<|endoftext|>', '<|endoftext|>'] [other]
  L27: '374.<|im_end|><|endoftext|><|endoftext|><|endoftext|>' = ['3', '7', '4', '.', '<|im_end|>', '<|endoftext|>', '<|endoftext|>', '<|endoftext|>'] [other]
  L28: '374.<|im_end|><|endoftext|><|endoftext|><|endoftext|>' = ['3', '7', '4', '.', '<|im_end|>', '<|endoftext|>', '<|endoftext|>', '<|endoftext|>'] [other]

row 49: base=FJ -> source=PE  template=calling_code_prefill_v1
  question: 'What is the international calling code of the country in this image?'
  prefill : 'The calling code is +'
  gold base   (expected unhooked) : '679' = ['6', '7', '9']
  gold source (expected if swap works): '51' = ['5', '1']
  unhooked: '679. This corresponds to Fiji' = ['6', '7', '9', '.', ' This', ' corresponds', ' to', ' Fiji']
  L19: '679. This corresponds to Fiji' = ['6', '7', '9', '.', ' This', ' corresponds', ' to', ' Fiji'] [base]
  L20: '679. This corresponds to Fiji' = ['6', '7', '9', '.', ' This', ' corresponds', ' to', ' Fiji'] [base]
  L21: '679. This corresponds to Fiji' = ['6', '7', '9', '.', ' This', ' corresponds', ' to', ' Fiji'] [base]
  L22: '679. This corresponds to Fiji' = ['6', '7', '9', '.', ' This', ' corresponds', ' to', ' Fiji'] [base]
  L23: '679. This corresponds to Fiji' = ['6', '7', '9', '.', ' This', ' corresponds', ' to', ' Fiji'] [base]
  L24: '54, which corresponds to Argentina.' = ['5', '4', ',', ' which', ' corresponds', ' to', ' Argentina', '.'] [other]
  L25: '54, which corresponds to Argentina.' = ['5', '4', ',', ' which', ' corresponds', ' to', ' Argentina', '.'] [other]
  L26: '54, which corresponds to Argentina.' = ['5', '4', ',', ' which', ' corresponds', ' to', ' Argentina', '.'] [other]
  L27: '54, which corresponds to Argentina.' = ['5', '4', ',', ' which', ' corresponds', ' to', ' Argentina', '.'] [other]
  L28: '54, which corresponds to Argentina.' = ['5', '4', ',', ' which', ' corresponds', ' to', ' Argentina', '.'] [other]

row 50: base=MK -> source=TZ  template=calling_code_prefill_v6
  question: 'What country code do you dial to call this country?'
  prefill : 'The country code is +'
  gold base   (expected unhooked) : '389' = ['3', '8', '9']
  gold source (expected if swap works): '255' = ['2', '5', '5']
  unhooked: '389. This is the country' = ['3', '8', '9', '.', ' This', ' is', ' the', ' country']
  L19: '389. This is the country' = ['3', '8', '9', '.', ' This', ' is', ' the', ' country'] [base]
  L20: '389. This is the country' = ['3', '8', '9', '.', ' This', ' is', ' the', ' country'] [base]
  L21: '389. This is the country' = ['3', '8', '9', '.', ' This', ' is', ' the', ' country'] [base]
  L22: '389. This is the country' = ['3', '8', '9', '.', ' This', ' is', ' the', ' country'] [base]
  L23: '260.<|im_end|><|endoftext|><|endoftext|><|endoftext|>' = ['2', '6', '0', '.', '<|im_end|>', '<|endoftext|>', '<|endoftext|>', '<|endoftext|>'] [other]
  L24: '230. This is the country' = ['2', '3', '0', '.', ' This', ' is', ' the', ' country'] [other]
  L25: '230. This is the country' = ['2', '3', '0', '.', ' This', ' is', ' the', ' country'] [other]
  L26: '230. This is the country' = ['2', '3', '0', '.', ' This', ' is', ' the', ' country'] [other]
  L27: '260.<|im_end|><|endoftext|><|endoftext|><|endoftext|>' = ['2', '6', '0', '.', '<|im_end|>', '<|endoftext|>', '<|endoftext|>', '<|endoftext|>'] [other]
  L28: '260.<|im_end|><|endoftext|><|endoftext|><|endoftext|>' = ['2', '6', '0', '.', '<|im_end|>', '<|endoftext|>', '<|endoftext|>', '<|endoftext|>'] [other]

row 51: base=UZ -> source=QA  template=calling_code_prefill_v1
  question: 'What is the international calling code of the country in this image?'
  prefill : 'The calling code is +'
  gold base   (expected unhooked) : '998' = ['9', '9', '8']
  gold source (expected if swap works): '974' = ['9', '7', '4']
  unhooked: '998.<|im_end|><|endoftext|><|endoftext|><|endoftext|>' = ['9', '9', '8', '.', '<|im_end|>', '<|endoftext|>', '<|endoftext|>', '<|endoftext|>']
  L19: '998.<|im_end|><|endoftext|><|endoftext|><|endoftext|>' = ['9', '9', '8', '.', '<|im_end|>', '<|endoftext|>', '<|endoftext|>', '<|endoftext|>'] [base]
  L20: '998.<|im_end|><|endoftext|><|endoftext|><|endoftext|>' = ['9', '9', '8', '.', '<|im_end|>', '<|endoftext|>', '<|endoftext|>', '<|endoftext|>'] [base]
  L21: '998.<|im_end|><|endoftext|><|endoftext|><|endoftext|>' = ['9', '9', '8', '.', '<|im_end|>', '<|endoftext|>', '<|endoftext|>', '<|endoftext|>'] [base]
  L22: '998.<|im_end|><|endoftext|><|endoftext|><|endoftext|>' = ['9', '9', '8', '.', '<|im_end|>', '<|endoftext|>', '<|endoftext|>', '<|endoftext|>'] [base]
  L23: '998.<|im_end|><|endoftext|><|endoftext|><|endoftext|>' = ['9', '9', '8', '.', '<|im_end|>', '<|endoftext|>', '<|endoftext|>', '<|endoftext|>'] [base]
  L24: '998.<|im_end|><|endoftext|><|endoftext|><|endoftext|>' = ['9', '9', '8', '.', '<|im_end|>', '<|endoftext|>', '<|endoftext|>', '<|endoftext|>'] [base]
  L25: '998.<|im_end|><|endoftext|><|endoftext|><|endoftext|>' = ['9', '9', '8', '.', '<|im_end|>', '<|endoftext|>', '<|endoftext|>', '<|endoftext|>'] [base]
  L26: '998.<|im_end|><|endoftext|><|endoftext|><|endoftext|>' = ['9', '9', '8', '.', '<|im_end|>', '<|endoftext|>', '<|endoftext|>', '<|endoftext|>'] [base]
  L27: '998.<|im_end|><|endoftext|><|endoftext|><|endoftext|>' = ['9', '9', '8', '.', '<|im_end|>', '<|endoftext|>', '<|endoftext|>', '<|endoftext|>'] [base]
  L28: '998.<|im_end|><|endoftext|><|endoftext|><|endoftext|>' = ['9', '9', '8', '.', '<|im_end|>', '<|endoftext|>', '<|endoftext|>', '<|endoftext|>'] [base]

row 52: base=LY -> source=BH  template=calling_code_prefill_v1
  question: 'What is the international calling code of the country in this image?'
  prefill : 'The calling code is +'
  gold base   (expected unhooked) : '218' = ['2', '1', '8']
  gold source (expected if swap works): '973' = ['9', '7', '3']
  unhooked: '218. This corresponds to Libya' = ['2', '1', '8', '.', ' This', ' corresponds', ' to', ' Libya']
  L19: '218. This corresponds to Libya' = ['2', '1', '8', '.', ' This', ' corresponds', ' to', ' Libya'] [base]
  L20: '218. This corresponds to Libya' = ['2', '1', '8', '.', ' This', ' corresponds', ' to', ' Libya'] [base]
  L21: '218. This corresponds to Libya' = ['2', '1', '8', '.', ' This', ' corresponds', ' to', ' Libya'] [base]
  L22: '218. This corresponds to Libya' = ['2', '1', '8', '.', ' This', ' corresponds', ' to', ' Libya'] [base]
  L23: '218. This corresponds to Libya' = ['2', '1', '8', '.', ' This', ' corresponds', ' to', ' Libya'] [base]
  L24: '961.<|im_end|><|endoftext|><|endoftext|><|endoftext|>' = ['9', '6', '1', '.', '<|im_end|>', '<|endoftext|>', '<|endoftext|>', '<|endoftext|>'] [other]
  L25: '961.<|im_end|><|endoftext|><|endoftext|><|endoftext|>' = ['9', '6', '1', '.', '<|im_end|>', '<|endoftext|>', '<|endoftext|>', '<|endoftext|>'] [other]
  L26: '961.<|im_end|><|endoftext|><|endoftext|><|endoftext|>' = ['9', '6', '1', '.', '<|im_end|>', '<|endoftext|>', '<|endoftext|>', '<|endoftext|>'] [other]
  L27: '961.<|im_end|><|endoftext|><|endoftext|><|endoftext|>' = ['9', '6', '1', '.', '<|im_end|>', '<|endoftext|>', '<|endoftext|>', '<|endoftext|>'] [other]
  L28: '961.<|im_end|><|endoftext|><|endoftext|><|endoftext|>' = ['9', '6', '1', '.', '<|im_end|>', '<|endoftext|>', '<|endoftext|>', '<|endoftext|>'] [other]

row 53: base=DZ -> source=KR  template=calling_code_prefill_v6
  question: 'What country code do you dial to call this country?'
  prefill : 'The country code is +'
  gold base   (expected unhooked) : '213' = ['2', '1', '3']
  gold source (expected if swap works): '82' = ['8', '2']
  unhooked: '213.<|im_end|><|endoftext|><|endoftext|><|endoftext|>' = ['2', '1', '3', '.', '<|im_end|>', '<|endoftext|>', '<|endoftext|>', '<|endoftext|>']
  L19: '213.<|im_end|><|endoftext|><|endoftext|><|endoftext|>' = ['2', '1', '3', '.', '<|im_end|>', '<|endoftext|>', '<|endoftext|>', '<|endoftext|>'] [base]
  L20: '213.<|im_end|><|endoftext|><|endoftext|><|endoftext|>' = ['2', '1', '3', '.', '<|im_end|>', '<|endoftext|>', '<|endoftext|>', '<|endoftext|>'] [base]
  L21: '213.<|im_end|><|endoftext|><|endoftext|><|endoftext|>' = ['2', '1', '3', '.', '<|im_end|>', '<|endoftext|>', '<|endoftext|>', '<|endoftext|>'] [base]
  L22: '213.<|im_end|><|endoftext|><|endoftext|><|endoftext|>' = ['2', '1', '3', '.', '<|im_end|>', '<|endoftext|>', '<|endoftext|>', '<|endoftext|>'] [base]
  L23: '81.<|im_end|><|endoftext|><|endoftext|><|endoftext|><|endoftext|>' = ['8', '1', '.', '<|im_end|>', '<|endoftext|>', '<|endoftext|>', '<|endoftext|>', '<|endoftext|>'] [other]
  L24: '81.<|im_end|><|endoftext|><|endoftext|><|endoftext|><|endoftext|>' = ['8', '1', '.', '<|im_end|>', '<|endoftext|>', '<|endoftext|>', '<|endoftext|>', '<|endoftext|>'] [other]
  L25: '81.<|im_end|><|endoftext|><|endoftext|><|endoftext|><|endoftext|>' = ['8', '1', '.', '<|im_end|>', '<|endoftext|>', '<|endoftext|>', '<|endoftext|>', '<|endoftext|>'] [other]
  L26: '81.<|im_end|><|endoftext|><|endoftext|><|endoftext|><|endoftext|>' = ['8', '1', '.', '<|im_end|>', '<|endoftext|>', '<|endoftext|>', '<|endoftext|>', '<|endoftext|>'] [other]
  L27: '81.<|im_end|><|endoftext|><|endoftext|><|endoftext|><|endoftext|>' = ['8', '1', '.', '<|im_end|>', '<|endoftext|>', '<|endoftext|>', '<|endoftext|>', '<|endoftext|>'] [other]
  L28: '81.<|im_end|><|endoftext|><|endoftext|><|endoftext|><|endoftext|>' = ['8', '1', '.', '<|im_end|>', '<|endoftext|>', '<|endoftext|>', '<|endoftext|>', '<|endoftext|>'] [other]

row 54: base=PE -> source=DK  template=calling_code_prefill_v4
  question: 'What is the phone country code for the country in this image?'
  prefill : 'The phone code is +'
  gold base   (expected unhooked) : '51' = ['5', '1']
  gold source (expected if swap works): '45' = ['4', '5']
  unhooked: '51. This corresponds to Peru,' = ['5', '1', '.', ' This', ' corresponds', ' to', ' Peru', ',']
  L19: '51. This corresponds to Peru,' = ['5', '1', '.', ' This', ' corresponds', ' to', ' Peru', ','] [base]
  L20: '51. This corresponds to Peru.' = ['5', '1', '.', ' This', ' corresponds', ' to', ' Peru', '.'] [base]
  L21: '51. This corresponds to Peru,' = ['5', '1', '.', ' This', ' corresponds', ' to', ' Peru', ','] [base]
  L22: '51. This corresponds to Peru.' = ['5', '1', '.', ' This', ' corresponds', ' to', ' Peru', '.'] [base]
  L23: '41.<|im_end|><|endoftext|><|endoftext|><|endoftext|><|endoftext|>' = ['4', '1', '.', '<|im_end|>', '<|endoftext|>', '<|endoftext|>', '<|endoftext|>', '<|endoftext|>'] [other]
  L24: '41.<|im_end|><|endoftext|><|endoftext|><|endoftext|><|endoftext|>' = ['4', '1', '.', '<|im_end|>', '<|endoftext|>', '<|endoftext|>', '<|endoftext|>', '<|endoftext|>'] [other]
  L25: '41.<|im_end|><|endoftext|><|endoftext|><|endoftext|><|endoftext|>' = ['4', '1', '.', '<|im_end|>', '<|endoftext|>', '<|endoftext|>', '<|endoftext|>', '<|endoftext|>'] [other]
  L26: '41.<|im_end|><|endoftext|><|endoftext|><|endoftext|><|endoftext|>' = ['4', '1', '.', '<|im_end|>', '<|endoftext|>', '<|endoftext|>', '<|endoftext|>', '<|endoftext|>'] [other]
  L27: '41.<|im_end|><|endoftext|><|endoftext|><|endoftext|><|endoftext|>' = ['4', '1', '.', '<|im_end|>', '<|endoftext|>', '<|endoftext|>', '<|endoftext|>', '<|endoftext|>'] [other]
  L28: '41.<|im_end|><|endoftext|><|endoftext|><|endoftext|><|endoftext|>' = ['4', '1', '.', '<|im_end|>', '<|endoftext|>', '<|endoftext|>', '<|endoftext|>', '<|endoftext|>'] [other]

row 55: base=PA -> source=SD  template=calling_code_prefill_v4
  question: 'What is the phone country code for the country in this image?'
  prefill : 'The phone code is +'
  gold base   (expected unhooked) : '507' = ['5', '0', '7']
  gold source (expected if swap works): '249' = ['2', '4', '9']
  unhooked: '507. This corresponds to Panama' = ['5', '0', '7', '.', ' This', ' corresponds', ' to', ' Panama']
  L19: '507. This corresponds to Panama' = ['5', '0', '7', '.', ' This', ' corresponds', ' to', ' Panama'] [base]
  L20: '507. This is the country' = ['5', '0', '7', '.', ' This', ' is', ' the', ' country'] [base]
  L21: '507. This corresponds to Panama' = ['5', '0', '7', '.', ' This', ' corresponds', ' to', ' Panama'] [base]
  L22: '507. This corresponds to Panama' = ['5', '0', '7', '.', ' This', ' corresponds', ' to', ' Panama'] [base]
  L23: '20.<|im_end|><|endoftext|><|endoftext|><|endoftext|><|endoftext|>' = ['2', '0', '.', '<|im_end|>', '<|endoftext|>', '<|endoftext|>', '<|endoftext|>', '<|endoftext|>'] [other]
  L24: '20.<|im_end|><|endoftext|><|endoftext|><|endoftext|><|endoftext|>' = ['2', '0', '.', '<|im_end|>', '<|endoftext|>', '<|endoftext|>', '<|endoftext|>', '<|endoftext|>'] [other]
  L25: '20.<|im_end|><|endoftext|><|endoftext|><|endoftext|><|endoftext|>' = ['2', '0', '.', '<|im_end|>', '<|endoftext|>', '<|endoftext|>', '<|endoftext|>', '<|endoftext|>'] [other]
  L26: '20.<|im_end|><|endoftext|><|endoftext|><|endoftext|><|endoftext|>' = ['2', '0', '.', '<|im_end|>', '<|endoftext|>', '<|endoftext|>', '<|endoftext|>', '<|endoftext|>'] [other]
  L27: '20.<|im_end|><|endoftext|><|endoftext|><|endoftext|><|endoftext|>' = ['2', '0', '.', '<|im_end|>', '<|endoftext|>', '<|endoftext|>', '<|endoftext|>', '<|endoftext|>'] [other]
  L28: '20.<|im_end|><|endoftext|><|endoftext|><|endoftext|><|endoftext|>' = ['2', '0', '.', '<|im_end|>', '<|endoftext|>', '<|endoftext|>', '<|endoftext|>', '<|endoftext|>'] [other]

row 56: base=LY -> source=NA  template=calling_code_prefill_v5
  question: 'Identify the international dialing code of the country shown in this flag.'
  prefill : 'The dialing code is +'
  gold base   (expected unhooked) : '218' = ['2', '1', '8']
  gold source (expected if swap works): '264' = ['2', '6', '4']
  unhooked: '218.<|im_end|><|endoftext|><|endoftext|><|endoftext|>' = ['2', '1', '8', '.', '<|im_end|>', '<|endoftext|>', '<|endoftext|>', '<|endoftext|>']
  L19: '218.<|im_end|><|endoftext|><|endoftext|><|endoftext|>' = ['2', '1', '8', '.', '<|im_end|>', '<|endoftext|>', '<|endoftext|>', '<|endoftext|>'] [base]
  L20: '218.<|im_end|><|endoftext|><|endoftext|><|endoftext|>' = ['2', '1', '8', '.', '<|im_end|>', '<|endoftext|>', '<|endoftext|>', '<|endoftext|>'] [base]
  L21: '218.<|im_end|><|endoftext|><|endoftext|><|endoftext|>' = ['2', '1', '8', '.', '<|im_end|>', '<|endoftext|>', '<|endoftext|>', '<|endoftext|>'] [base]
  L22: '218.<|im_end|><|endoftext|><|endoftext|><|endoftext|>' = ['2', '1', '8', '.', '<|im_end|>', '<|endoftext|>', '<|endoftext|>', '<|endoftext|>'] [base]
  L23: '218.<|im_end|><|endoftext|><|endoftext|><|endoftext|>' = ['2', '1', '8', '.', '<|im_end|>', '<|endoftext|>', '<|endoftext|>', '<|endoftext|>'] [base]
  L24: '218.<|im_end|><|endoftext|><|endoftext|><|endoftext|>' = ['2', '1', '8', '.', '<|im_end|>', '<|endoftext|>', '<|endoftext|>', '<|endoftext|>'] [base]
  L25: '218.<|im_end|><|endoftext|><|endoftext|><|endoftext|>' = ['2', '1', '8', '.', '<|im_end|>', '<|endoftext|>', '<|endoftext|>', '<|endoftext|>'] [base]
  L26: '218.<|im_end|><|endoftext|><|endoftext|><|endoftext|>' = ['2', '1', '8', '.', '<|im_end|>', '<|endoftext|>', '<|endoftext|>', '<|endoftext|>'] [base]
  L27: '218.<|im_end|><|endoftext|><|endoftext|><|endoftext|>' = ['2', '1', '8', '.', '<|im_end|>', '<|endoftext|>', '<|endoftext|>', '<|endoftext|>'] [base]
  L28: '218.<|im_end|><|endoftext|><|endoftext|><|endoftext|>' = ['2', '1', '8', '.', '<|im_end|>', '<|endoftext|>', '<|endoftext|>', '<|endoftext|>'] [base]

row 57: base=BE -> source=NP  template=calling_code_prefill_v2
  question: 'Give the international dialling code of the country shown in this flag.'
  prefill : 'The dialling code is +'
  gold base   (expected unhooked) : '32' = ['3', '2']
  gold source (expected if swap works): '977' = ['9', '7', '7']
  unhooked: '32.<|im_end|><|endoftext|><|endoftext|><|endoftext|><|endoftext|>' = ['3', '2', '.', '<|im_end|>', '<|endoftext|>', '<|endoftext|>', '<|endoftext|>', '<|endoftext|>']
  L19: '32.<|im_end|><|endoftext|><|endoftext|><|endoftext|><|endoftext|>' = ['3', '2', '.', '<|im_end|>', '<|endoftext|>', '<|endoftext|>', '<|endoftext|>', '<|endoftext|>'] [base]
  L20: '32.<|im_end|><|endoftext|><|endoftext|><|endoftext|><|endoftext|>' = ['3', '2', '.', '<|im_end|>', '<|endoftext|>', '<|endoftext|>', '<|endoftext|>', '<|endoftext|>'] [base]
  L21: '32.<|im_end|><|endoftext|><|endoftext|><|endoftext|><|endoftext|>' = ['3', '2', '.', '<|im_end|>', '<|endoftext|>', '<|endoftext|>', '<|endoftext|>', '<|endoftext|>'] [base]
  L22: '32.<|im_end|><|endoftext|><|endoftext|><|endoftext|><|endoftext|>' = ['3', '2', '.', '<|im_end|>', '<|endoftext|>', '<|endoftext|>', '<|endoftext|>', '<|endoftext|>'] [base]
  L23: '91.<|im_end|><|endoftext|><|endoftext|><|endoftext|><|endoftext|>' = ['9', '1', '.', '<|im_end|>', '<|endoftext|>', '<|endoftext|>', '<|endoftext|>', '<|endoftext|>'] [other]
  L24: '91.<|im_end|><|endoftext|><|endoftext|><|endoftext|><|endoftext|>' = ['9', '1', '.', '<|im_end|>', '<|endoftext|>', '<|endoftext|>', '<|endoftext|>', '<|endoftext|>'] [other]
  L25: '90.<|im_end|><|endoftext|><|endoftext|><|endoftext|><|endoftext|>' = ['9', '0', '.', '<|im_end|>', '<|endoftext|>', '<|endoftext|>', '<|endoftext|>', '<|endoftext|>'] [other]
  L26: '90.<|im_end|><|endoftext|><|endoftext|><|endoftext|><|endoftext|>' = ['9', '0', '.', '<|im_end|>', '<|endoftext|>', '<|endoftext|>', '<|endoftext|>', '<|endoftext|>'] [other]
  L27: '91.<|im_end|><|endoftext|><|endoftext|><|endoftext|><|endoftext|>' = ['9', '1', '.', '<|im_end|>', '<|endoftext|>', '<|endoftext|>', '<|endoftext|>', '<|endoftext|>'] [other]
  L28: '91.<|im_end|><|endoftext|><|endoftext|><|endoftext|><|endoftext|>' = ['9', '1', '.', '<|im_end|>', '<|endoftext|>', '<|endoftext|>', '<|endoftext|>', '<|endoftext|>'] [other]

row 58: base=OM -> source=CY  template=calling_code_prefill_v4
  question: 'What is the phone country code for the country in this image?'
  prefill : 'The phone code is +'
  gold base   (expected unhooked) : '968' = ['9', '6', '8']
  gold source (expected if swap works): '357' = ['3', '5', '7']
  unhooked: '968. This corresponds to Oman' = ['9', '6', '8', '.', ' This', ' corresponds', ' to', ' Oman']
  L19: '968. This corresponds to Oman' = ['9', '6', '8', '.', ' This', ' corresponds', ' to', ' Oman'] [base]
  L20: '968. This corresponds to Oman' = ['9', '6', '8', '.', ' This', ' corresponds', ' to', ' Oman'] [base]
  L21: '968. This corresponds to Oman' = ['9', '6', '8', '.', ' This', ' corresponds', ' to', ' Oman'] [base]
  L22: '968. This corresponds to Oman' = ['9', '6', '8', '.', ' This', ' corresponds', ' to', ' Oman'] [base]
  L23: '968. This corresponds to Oman' = ['9', '6', '8', '.', ' This', ' corresponds', ' to', ' Oman'] [base]
  L24: '375.<|im_end|><|endoftext|><|endoftext|><|endoftext|>' = ['3', '7', '5', '.', '<|im_end|>', '<|endoftext|>', '<|endoftext|>', '<|endoftext|>'] [other]
  L25: '375.<|im_end|><|endoftext|><|endoftext|><|endoftext|>' = ['3', '7', '5', '.', '<|im_end|>', '<|endoftext|>', '<|endoftext|>', '<|endoftext|>'] [other]
  L26: '375.<|im_end|><|endoftext|><|endoftext|><|endoftext|>' = ['3', '7', '5', '.', '<|im_end|>', '<|endoftext|>', '<|endoftext|>', '<|endoftext|>'] [other]
  L27: '375.<|im_end|><|endoftext|><|endoftext|><|endoftext|>' = ['3', '7', '5', '.', '<|im_end|>', '<|endoftext|>', '<|endoftext|>', '<|endoftext|>'] [other]
  L28: '375.<|im_end|><|endoftext|><|endoftext|><|endoftext|>' = ['3', '7', '5', '.', '<|im_end|>', '<|endoftext|>', '<|endoftext|>', '<|endoftext|>'] [other]

row 59: base=LY -> source=BD  template=calling_code_prefill_v4
  question: 'What is the phone country code for the country in this image?'
  prefill : 'The phone code is +'
  gold base   (expected unhooked) : '218' = ['2', '1', '8']
  gold source (expected if swap works): '880' = ['8', '8', '0']
  unhooked: '218. This is the country' = ['2', '1', '8', '.', ' This', ' is', ' the', ' country']
  L19: '218. This is the country' = ['2', '1', '8', '.', ' This', ' is', ' the', ' country'] [base]
  L20: '218. This is the country' = ['2', '1', '8', '.', ' This', ' is', ' the', ' country'] [base]
  L21: '218. This corresponds to Libya' = ['2', '1', '8', '.', ' This', ' corresponds', ' to', ' Libya'] [base]
  L22: '218. This is the country' = ['2', '1', '8', '.', ' This', ' is', ' the', ' country'] [base]
  L23: '218. This is the country' = ['2', '1', '8', '.', ' This', ' is', ' the', ' country'] [base]
  L24: '86.<|im_end|><|endoftext|><|endoftext|><|endoftext|><|endoftext|>' = ['8', '6', '.', '<|im_end|>', '<|endoftext|>', '<|endoftext|>', '<|endoftext|>', '<|endoftext|>'] [other]
  L25: '86.<|im_end|><|endoftext|><|endoftext|><|endoftext|><|endoftext|>' = ['8', '6', '.', '<|im_end|>', '<|endoftext|>', '<|endoftext|>', '<|endoftext|>', '<|endoftext|>'] [other]
  L26: '86.<|im_end|><|endoftext|><|endoftext|><|endoftext|><|endoftext|>' = ['8', '6', '.', '<|im_end|>', '<|endoftext|>', '<|endoftext|>', '<|endoftext|>', '<|endoftext|>'] [other]
  L27: '86.<|im_end|><|endoftext|><|endoftext|><|endoftext|><|endoftext|>' = ['8', '6', '.', '<|im_end|>', '<|endoftext|>', '<|endoftext|>', '<|endoftext|>', '<|endoftext|>'] [other]
  L28: '86.<|im_end|><|endoftext|><|endoftext|><|endoftext|><|endoftext|>' = ['8', '6', '.', '<|im_end|>', '<|endoftext|>', '<|endoftext|>', '<|endoftext|>', '<|endoftext|>'] [other]

row 60: base=HU -> source=AU  template=calling_code_prefill_v5
  question: 'Identify the international dialing code of the country shown in this flag.'
  prefill : 'The dialing code is +'
  gold base   (expected unhooked) : '36' = ['3', '6']
  gold source (expected if swap works): '61' = ['6', '1']
  unhooked: '36.<|im_end|><|endoftext|><|endoftext|><|endoftext|><|endoftext|>' = ['3', '6', '.', '<|im_end|>', '<|endoftext|>', '<|endoftext|>', '<|endoftext|>', '<|endoftext|>']
  L19: '36.<|im_end|><|endoftext|><|endoftext|><|endoftext|><|endoftext|>' = ['3', '6', '.', '<|im_end|>', '<|endoftext|>', '<|endoftext|>', '<|endoftext|>', '<|endoftext|>'] [base]
  L20: '36.<|im_end|><|endoftext|><|endoftext|><|endoftext|><|endoftext|>' = ['3', '6', '.', '<|im_end|>', '<|endoftext|>', '<|endoftext|>', '<|endoftext|>', '<|endoftext|>'] [base]
  L21: '36.<|im_end|><|endoftext|><|endoftext|><|endoftext|><|endoftext|>' = ['3', '6', '.', '<|im_end|>', '<|endoftext|>', '<|endoftext|>', '<|endoftext|>', '<|endoftext|>'] [base]
  L22: '61.<|im_end|><|endoftext|><|endoftext|><|endoftext|><|endoftext|>' = ['6', '1', '.', '<|im_end|>', '<|endoftext|>', '<|endoftext|>', '<|endoftext|>', '<|endoftext|>'] [HIT]
  L23: '61.<|im_end|><|endoftext|><|endoftext|><|endoftext|><|endoftext|>' = ['6', '1', '.', '<|im_end|>', '<|endoftext|>', '<|endoftext|>', '<|endoftext|>', '<|endoftext|>'] [HIT]
  L24: '61.<|im_end|><|endoftext|><|endoftext|><|endoftext|><|endoftext|>' = ['6', '1', '.', '<|im_end|>', '<|endoftext|>', '<|endoftext|>', '<|endoftext|>', '<|endoftext|>'] [HIT]
  L25: '61.<|im_end|><|endoftext|><|endoftext|><|endoftext|><|endoftext|>' = ['6', '1', '.', '<|im_end|>', '<|endoftext|>', '<|endoftext|>', '<|endoftext|>', '<|endoftext|>'] [HIT]
  L26: '61.<|im_end|><|endoftext|><|endoftext|><|endoftext|><|endoftext|>' = ['6', '1', '.', '<|im_end|>', '<|endoftext|>', '<|endoftext|>', '<|endoftext|>', '<|endoftext|>'] [HIT]
  L27: '61.<|im_end|><|endoftext|><|endoftext|><|endoftext|><|endoftext|>' = ['6', '1', '.', '<|im_end|>', '<|endoftext|>', '<|endoftext|>', '<|endoftext|>', '<|endoftext|>'] [HIT]
  L28: '61.<|im_end|><|endoftext|><|endoftext|><|endoftext|><|endoftext|>' = ['6', '1', '.', '<|im_end|>', '<|endoftext|>', '<|endoftext|>', '<|endoftext|>', '<|endoftext|>'] [HIT]

row 61: base=IE -> source=DK  template=calling_code_prefill_v1
  question: 'What is the international calling code of the country in this image?'
  prefill : 'The calling code is +'
  gold base   (expected unhooked) : '353' = ['3', '5', '3']
  gold source (expected if swap works): '45' = ['4', '5']
  unhooked: '353.<|im_end|><|endoftext|><|endoftext|><|endoftext|>' = ['3', '5', '3', '.', '<|im_end|>', '<|endoftext|>', '<|endoftext|>', '<|endoftext|>']
  L19: '353.<|im_end|><|endoftext|><|endoftext|><|endoftext|>' = ['3', '5', '3', '.', '<|im_end|>', '<|endoftext|>', '<|endoftext|>', '<|endoftext|>'] [base]
  L20: '353.<|im_end|><|endoftext|><|endoftext|><|endoftext|>' = ['3', '5', '3', '.', '<|im_end|>', '<|endoftext|>', '<|endoftext|>', '<|endoftext|>'] [base]
  L21: '353.<|im_end|><|endoftext|><|endoftext|><|endoftext|>' = ['3', '5', '3', '.', '<|im_end|>', '<|endoftext|>', '<|endoftext|>', '<|endoftext|>'] [base]
  L22: '353.<|im_end|><|endoftext|><|endoftext|><|endoftext|>' = ['3', '5', '3', '.', '<|im_end|>', '<|endoftext|>', '<|endoftext|>', '<|endoftext|>'] [base]
  L23: '353.<|im_end|><|endoftext|><|endoftext|><|endoftext|>' = ['3', '5', '3', '.', '<|im_end|>', '<|endoftext|>', '<|endoftext|>', '<|endoftext|>'] [base]
  L24: '43.<|im_end|><|endoftext|><|endoftext|><|endoftext|><|endoftext|>' = ['4', '3', '.', '<|im_end|>', '<|endoftext|>', '<|endoftext|>', '<|endoftext|>', '<|endoftext|>'] [other]
  L25: '43.<|im_end|><|endoftext|><|endoftext|><|endoftext|><|endoftext|>' = ['4', '3', '.', '<|im_end|>', '<|endoftext|>', '<|endoftext|>', '<|endoftext|>', '<|endoftext|>'] [other]
  L26: '43.<|im_end|><|endoftext|><|endoftext|><|endoftext|><|endoftext|>' = ['4', '3', '.', '<|im_end|>', '<|endoftext|>', '<|endoftext|>', '<|endoftext|>', '<|endoftext|>'] [other]
  L27: '44.<|im_end|><|endoftext|><|endoftext|><|endoftext|><|endoftext|>' = ['4', '4', '.', '<|im_end|>', '<|endoftext|>', '<|endoftext|>', '<|endoftext|>', '<|endoftext|>'] [other]
  L28: '44.<|im_end|><|endoftext|><|endoftext|><|endoftext|><|endoftext|>' = ['4', '4', '.', '<|im_end|>', '<|endoftext|>', '<|endoftext|>', '<|endoftext|>', '<|endoftext|>'] [other]

row 62: base=IT -> source=SG  template=calling_code_prefill_v4
  question: 'What is the phone country code for the country in this image?'
  prefill : 'The phone code is +'
  gold base   (expected unhooked) : '39' = ['3', '9']
  gold source (expected if swap works): '65' = ['6', '5']
  unhooked: '39.<|im_end|><|endoftext|><|endoftext|><|endoftext|><|endoftext|>' = ['3', '9', '.', '<|im_end|>', '<|endoftext|>', '<|endoftext|>', '<|endoftext|>', '<|endoftext|>']
  L19: '39.<|im_end|><|endoftext|><|endoftext|><|endoftext|><|endoftext|>' = ['3', '9', '.', '<|im_end|>', '<|endoftext|>', '<|endoftext|>', '<|endoftext|>', '<|endoftext|>'] [base]
  L20: '39.<|im_end|><|endoftext|><|endoftext|><|endoftext|><|endoftext|>' = ['3', '9', '.', '<|im_end|>', '<|endoftext|>', '<|endoftext|>', '<|endoftext|>', '<|endoftext|>'] [base]
  L21: '39.<|im_end|><|endoftext|><|endoftext|><|endoftext|><|endoftext|>' = ['3', '9', '.', '<|im_end|>', '<|endoftext|>', '<|endoftext|>', '<|endoftext|>', '<|endoftext|>'] [base]
  L22: '39.<|im_end|><|endoftext|><|endoftext|><|endoftext|><|endoftext|>' = ['3', '9', '.', '<|im_end|>', '<|endoftext|>', '<|endoftext|>', '<|endoftext|>', '<|endoftext|>'] [base]
  L23: '63.<|im_end|><|endoftext|><|endoftext|><|endoftext|><|endoftext|>' = ['6', '3', '.', '<|im_end|>', '<|endoftext|>', '<|endoftext|>', '<|endoftext|>', '<|endoftext|>'] [other]
  L24: '63.<|im_end|><|endoftext|><|endoftext|><|endoftext|><|endoftext|>' = ['6', '3', '.', '<|im_end|>', '<|endoftext|>', '<|endoftext|>', '<|endoftext|>', '<|endoftext|>'] [other]
  L25: '63.<|im_end|><|endoftext|><|endoftext|><|endoftext|><|endoftext|>' = ['6', '3', '.', '<|im_end|>', '<|endoftext|>', '<|endoftext|>', '<|endoftext|>', '<|endoftext|>'] [other]
  L26: '63.<|im_end|><|endoftext|><|endoftext|><|endoftext|><|endoftext|>' = ['6', '3', '.', '<|im_end|>', '<|endoftext|>', '<|endoftext|>', '<|endoftext|>', '<|endoftext|>'] [other]
  L27: '61.<|im_end|><|endoftext|><|endoftext|><|endoftext|><|endoftext|>' = ['6', '1', '.', '<|im_end|>', '<|endoftext|>', '<|endoftext|>', '<|endoftext|>', '<|endoftext|>'] [other]
  L28: '61.<|im_end|><|endoftext|><|endoftext|><|endoftext|><|endoftext|>' = ['6', '1', '.', '<|im_end|>', '<|endoftext|>', '<|endoftext|>', '<|endoftext|>', '<|endoftext|>'] [other]

row 63: base=PE -> source=TZ  template=calling_code_prefill_v3
  question: 'What is the country calling code for the country in this image?'
  prefill : 'The country calling code is +'
  gold base   (expected unhooked) : '51' = ['5', '1']
  gold source (expected if swap works): '255' = ['2', '5', '5']
  unhooked: '51, which corresponds to Peru.' = ['5', '1', ',', ' which', ' corresponds', ' to', ' Peru', '.']
  L19: '51, which corresponds to Peru.' = ['5', '1', ',', ' which', ' corresponds', ' to', ' Peru', '.'] [base]
  L20: '51, which corresponds to Peru.' = ['5', '1', ',', ' which', ' corresponds', ' to', ' Peru', '.'] [base]
  L21: '51, which corresponds to Peru.' = ['5', '1', ',', ' which', ' corresponds', ' to', ' Peru', '.'] [base]
  L22: '51, which corresponds to Peru.' = ['5', '1', ',', ' which', ' corresponds', ' to', ' Peru', '.'] [base]
  L23: '214, which corresponds to Peru' = ['2', '1', '4', ',', ' which', ' corresponds', ' to', ' Peru'] [other]
  L24: '214, which corresponds to Peru' = ['2', '1', '4', ',', ' which', ' corresponds', ' to', ' Peru'] [other]
  L25: '214, which corresponds to Peru' = ['2', '1', '4', ',', ' which', ' corresponds', ' to', ' Peru'] [other]
  L26: '214, which corresponds to Peru' = ['2', '1', '4', ',', ' which', ' corresponds', ' to', ' Peru'] [other]
  L27: '214, which corresponds to Peru' = ['2', '1', '4', ',', ' which', ' corresponds', ' to', ' Peru'] [other]
  L28: '214, which corresponds to Peru' = ['2', '1', '4', ',', ' which', ' corresponds', ' to', ' Peru'] [other]

row 64: base=AL -> source=RO  template=calling_code_prefill_v4
  question: 'What is the phone country code for the country in this image?'
  prefill : 'The phone code is +'
  gold base   (expected unhooked) : '355' = ['3', '5', '5']
  gold source (expected if swap works): '40' = ['4', '0']
  unhooked: '355. This corresponds to Albania' = ['3', '5', '5', '.', ' This', ' corresponds', ' to', ' Albania']
  L19: '355. This corresponds to Albania' = ['3', '5', '5', '.', ' This', ' corresponds', ' to', ' Albania'] [base]
  L20: '355. This corresponds to Albania' = ['3', '5', '5', '.', ' This', ' corresponds', ' to', ' Albania'] [base]
  L21: '355. This corresponds to Albania' = ['3', '5', '5', '.', ' This', ' corresponds', ' to', ' Albania'] [base]
  L22: '355. This corresponds to Albania' = ['3', '5', '5', '.', ' This', ' corresponds', ' to', ' Albania'] [base]
  L23: '355. This corresponds to Albania' = ['3', '5', '5', '.', ' This', ' corresponds', ' to', ' Albania'] [base]
  L24: '41.<|im_end|><|endoftext|><|endoftext|><|endoftext|><|endoftext|>' = ['4', '1', '.', '<|im_end|>', '<|endoftext|>', '<|endoftext|>', '<|endoftext|>', '<|endoftext|>'] [other]
  L25: '41.<|im_end|><|endoftext|><|endoftext|><|endoftext|><|endoftext|>' = ['4', '1', '.', '<|im_end|>', '<|endoftext|>', '<|endoftext|>', '<|endoftext|>', '<|endoftext|>'] [other]
  L26: '41.<|im_end|><|endoftext|><|endoftext|><|endoftext|><|endoftext|>' = ['4', '1', '.', '<|im_end|>', '<|endoftext|>', '<|endoftext|>', '<|endoftext|>', '<|endoftext|>'] [other]
  L27: '41.<|im_end|><|endoftext|><|endoftext|><|endoftext|><|endoftext|>' = ['4', '1', '.', '<|im_end|>', '<|endoftext|>', '<|endoftext|>', '<|endoftext|>', '<|endoftext|>'] [other]
  L28: '41.<|im_end|><|endoftext|><|endoftext|><|endoftext|><|endoftext|>' = ['4', '1', '.', '<|im_end|>', '<|endoftext|>', '<|endoftext|>', '<|endoftext|>', '<|endoftext|>'] [other]

row 65: base=AL -> source=TN  template=calling_code_prefill_v6
  question: 'What country code do you dial to call this country?'
  prefill : 'The country code is +'
  gold base   (expected unhooked) : '355' = ['3', '5', '5']
  gold source (expected if swap works): '216' = ['2', '1', '6']
  unhooked: '355.<|im_end|><|endoftext|><|endoftext|><|endoftext|>' = ['3', '5', '5', '.', '<|im_end|>', '<|endoftext|>', '<|endoftext|>', '<|endoftext|>']
  L19: '355.<|im_end|><|endoftext|><|endoftext|><|endoftext|>' = ['3', '5', '5', '.', '<|im_end|>', '<|endoftext|>', '<|endoftext|>', '<|endoftext|>'] [base]
  L20: '355.<|im_end|><|endoftext|><|endoftext|><|endoftext|>' = ['3', '5', '5', '.', '<|im_end|>', '<|endoftext|>', '<|endoftext|>', '<|endoftext|>'] [base]
  L21: '355.<|im_end|><|endoftext|><|endoftext|><|endoftext|>' = ['3', '5', '5', '.', '<|im_end|>', '<|endoftext|>', '<|endoftext|>', '<|endoftext|>'] [base]
  L22: '355.<|im_end|><|endoftext|><|endoftext|><|endoftext|>' = ['3', '5', '5', '.', '<|im_end|>', '<|endoftext|>', '<|endoftext|>', '<|endoftext|>'] [base]
  L23: '213.<|im_end|><|endoftext|><|endoftext|><|endoftext|>' = ['2', '1', '3', '.', '<|im_end|>', '<|endoftext|>', '<|endoftext|>', '<|endoftext|>'] [other]
  L24: '213.<|im_end|><|endoftext|><|endoftext|><|endoftext|>' = ['2', '1', '3', '.', '<|im_end|>', '<|endoftext|>', '<|endoftext|>', '<|endoftext|>'] [other]
  L25: '213.<|im_end|><|endoftext|><|endoftext|><|endoftext|>' = ['2', '1', '3', '.', '<|im_end|>', '<|endoftext|>', '<|endoftext|>', '<|endoftext|>'] [other]
  L26: '213.<|im_end|><|endoftext|><|endoftext|><|endoftext|>' = ['2', '1', '3', '.', '<|im_end|>', '<|endoftext|>', '<|endoftext|>', '<|endoftext|>'] [other]
  L27: '213.<|im_end|><|endoftext|><|endoftext|><|endoftext|>' = ['2', '1', '3', '.', '<|im_end|>', '<|endoftext|>', '<|endoftext|>', '<|endoftext|>'] [other]
  L28: '213.<|im_end|><|endoftext|><|endoftext|><|endoftext|>' = ['2', '1', '3', '.', '<|im_end|>', '<|endoftext|>', '<|endoftext|>', '<|endoftext|>'] [other]

row 66: base=IT -> source=IE  template=calling_code_prefill_v4
  question: 'What is the phone country code for the country in this image?'
  prefill : 'The phone code is +'
  gold base   (expected unhooked) : '39' = ['3', '9']
  gold source (expected if swap works): '353' = ['3', '5', '3']
  unhooked: '39.<|im_end|><|endoftext|><|endoftext|><|endoftext|><|endoftext|>' = ['3', '9', '.', '<|im_end|>', '<|endoftext|>', '<|endoftext|>', '<|endoftext|>', '<|endoftext|>']
  L19: '39.<|im_end|><|endoftext|><|endoftext|><|endoftext|><|endoftext|>' = ['3', '9', '.', '<|im_end|>', '<|endoftext|>', '<|endoftext|>', '<|endoftext|>', '<|endoftext|>'] [base]
  L20: '39.<|im_end|><|endoftext|><|endoftext|><|endoftext|><|endoftext|>' = ['3', '9', '.', '<|im_end|>', '<|endoftext|>', '<|endoftext|>', '<|endoftext|>', '<|endoftext|>'] [base]
  L21: '39.<|im_end|><|endoftext|><|endoftext|><|endoftext|><|endoftext|>' = ['3', '9', '.', '<|im_end|>', '<|endoftext|>', '<|endoftext|>', '<|endoftext|>', '<|endoftext|>'] [base]
  L22: '39.<|im_end|><|endoftext|><|endoftext|><|endoftext|><|endoftext|>' = ['3', '9', '.', '<|im_end|>', '<|endoftext|>', '<|endoftext|>', '<|endoftext|>', '<|endoftext|>'] [base]
  L23: '39.<|im_end|><|endoftext|><|endoftext|><|endoftext|><|endoftext|>' = ['3', '9', '.', '<|im_end|>', '<|endoftext|>', '<|endoftext|>', '<|endoftext|>', '<|endoftext|>'] [base]
  L24: '39.<|im_end|><|endoftext|><|endoftext|><|endoftext|><|endoftext|>' = ['3', '9', '.', '<|im_end|>', '<|endoftext|>', '<|endoftext|>', '<|endoftext|>', '<|endoftext|>'] [base]
  L25: '39.<|im_end|><|endoftext|><|endoftext|><|endoftext|><|endoftext|>' = ['3', '9', '.', '<|im_end|>', '<|endoftext|>', '<|endoftext|>', '<|endoftext|>', '<|endoftext|>'] [base]
  L26: '39.<|im_end|><|endoftext|><|endoftext|><|endoftext|><|endoftext|>' = ['3', '9', '.', '<|im_end|>', '<|endoftext|>', '<|endoftext|>', '<|endoftext|>', '<|endoftext|>'] [base]
  L27: '39.<|im_end|><|endoftext|><|endoftext|><|endoftext|><|endoftext|>' = ['3', '9', '.', '<|im_end|>', '<|endoftext|>', '<|endoftext|>', '<|endoftext|>', '<|endoftext|>'] [base]
  L28: '39.<|im_end|><|endoftext|><|endoftext|><|endoftext|><|endoftext|>' = ['3', '9', '.', '<|im_end|>', '<|endoftext|>', '<|endoftext|>', '<|endoftext|>', '<|endoftext|>'] [base]

row 67: base=BD -> source=AU  template=calling_code_prefill_v3
  question: 'What is the country calling code for the country in this image?'
  prefill : 'The country calling code is +'
  gold base   (expected unhooked) : '880' = ['8', '8', '0']
  gold source (expected if swap works): '61' = ['6', '1']
  unhooked: '880. This is the country' = ['8', '8', '0', '.', ' This', ' is', ' the', ' country']
  L19: '880. This corresponds to Bangladesh' = ['8', '8', '0', '.', ' This', ' corresponds', ' to', ' Bangladesh'] [base]
  L20: '880. This is the country' = ['8', '8', '0', '.', ' This', ' is', ' the', ' country'] [base]
  L21: '880. This is the country' = ['8', '8', '0', '.', ' This', ' is', ' the', ' country'] [base]
  L22: '60. This corresponds to Malaysia.' = ['6', '0', '.', ' This', ' corresponds', ' to', ' Malaysia', '.'] [other]
  L23: '60. This corresponds to Malaysia.' = ['6', '0', '.', ' This', ' corresponds', ' to', ' Malaysia', '.'] [other]
  L24: '60. This corresponds to Malaysia.' = ['6', '0', '.', ' This', ' corresponds', ' to', ' Malaysia', '.'] [other]
  L25: '60. This corresponds to Malaysia.' = ['6', '0', '.', ' This', ' corresponds', ' to', ' Malaysia', '.'] [other]
  L26: '60. This corresponds to Malaysia.' = ['6', '0', '.', ' This', ' corresponds', ' to', ' Malaysia', '.'] [other]
  L27: '60. This corresponds to Malaysia.' = ['6', '0', '.', ' This', ' corresponds', ' to', ' Malaysia', '.'] [other]
  L28: '60. This corresponds to Malaysia.' = ['6', '0', '.', ' This', ' corresponds', ' to', ' Malaysia', '.'] [other]

row 68: base=GY -> source=TZ  template=calling_code_prefill_v6
  question: 'What country code do you dial to call this country?'
  prefill : 'The country code is +'
  gold base   (expected unhooked) : '592' = ['5', '9', '2']
  gold source (expected if swap works): '255' = ['2', '5', '5']
  unhooked: '592.<|im_end|><|endoftext|><|endoftext|><|endoftext|>' = ['5', '9', '2', '.', '<|im_end|>', '<|endoftext|>', '<|endoftext|>', '<|endoftext|>']
  L19: '592. This is the international' = ['5', '9', '2', '.', ' This', ' is', ' the', ' international'] [base]
  L20: '592. This is the country' = ['5', '9', '2', '.', ' This', ' is', ' the', ' country'] [base]
  L21: '592. This is the international' = ['5', '9', '2', '.', ' This', ' is', ' the', ' international'] [base]
  L22: '592. This is the international' = ['5', '9', '2', '.', ' This', ' is', ' the', ' international'] [base]
  L23: '246. This is the country' = ['2', '4', '6', '.', ' This', ' is', ' the', ' country'] [other]
  L24: '246. This is the country' = ['2', '4', '6', '.', ' This', ' is', ' the', ' country'] [other]
  L25: '246. This is the country' = ['2', '4', '6', '.', ' This', ' is', ' the', ' country'] [other]
  L26: '246.<|im_end|><|endoftext|><|endoftext|><|endoftext|>' = ['2', '4', '6', '.', '<|im_end|>', '<|endoftext|>', '<|endoftext|>', '<|endoftext|>'] [other]
  L27: '246.<|im_end|><|endoftext|><|endoftext|><|endoftext|>' = ['2', '4', '6', '.', '<|im_end|>', '<|endoftext|>', '<|endoftext|>', '<|endoftext|>'] [other]
  L28: '246.<|im_end|><|endoftext|><|endoftext|><|endoftext|>' = ['2', '4', '6', '.', '<|im_end|>', '<|endoftext|>', '<|endoftext|>', '<|endoftext|>'] [other]

row 69: base=TZ -> source=OM  template=calling_code_prefill_v5
  question: 'Identify the international dialing code of the country shown in this flag.'
  prefill : 'The dialing code is +'
  gold base   (expected unhooked) : '255' = ['2', '5', '5']
  gold source (expected if swap works): '968' = ['9', '6', '8']
  unhooked: '255.<|im_end|><|endoftext|><|endoftext|><|endoftext|>' = ['2', '5', '5', '.', '<|im_end|>', '<|endoftext|>', '<|endoftext|>', '<|endoftext|>']
  L19: '255.<|im_end|><|endoftext|><|endoftext|><|endoftext|>' = ['2', '5', '5', '.', '<|im_end|>', '<|endoftext|>', '<|endoftext|>', '<|endoftext|>'] [base]
  L20: '255.<|im_end|><|endoftext|><|endoftext|><|endoftext|>' = ['2', '5', '5', '.', '<|im_end|>', '<|endoftext|>', '<|endoftext|>', '<|endoftext|>'] [base]
  L21: '255.<|im_end|><|endoftext|><|endoftext|><|endoftext|>' = ['2', '5', '5', '.', '<|im_end|>', '<|endoftext|>', '<|endoftext|>', '<|endoftext|>'] [base]
  L22: '255.<|im_end|><|endoftext|><|endoftext|><|endoftext|>' = ['2', '5', '5', '.', '<|im_end|>', '<|endoftext|>', '<|endoftext|>', '<|endoftext|>'] [base]
  L23: '255.<|im_end|><|endoftext|><|endoftext|><|endoftext|>' = ['2', '5', '5', '.', '<|im_end|>', '<|endoftext|>', '<|endoftext|>', '<|endoftext|>'] [base]
  L24: '971.<|im_end|><|endoftext|><|endoftext|><|endoftext|>' = ['9', '7', '1', '.', '<|im_end|>', '<|endoftext|>', '<|endoftext|>', '<|endoftext|>'] [other]
  L25: '971.<|im_end|><|endoftext|><|endoftext|><|endoftext|>' = ['9', '7', '1', '.', '<|im_end|>', '<|endoftext|>', '<|endoftext|>', '<|endoftext|>'] [other]
  L26: '971.<|im_end|><|endoftext|><|endoftext|><|endoftext|>' = ['9', '7', '1', '.', '<|im_end|>', '<|endoftext|>', '<|endoftext|>', '<|endoftext|>'] [other]
  L27: '971.<|im_end|><|endoftext|><|endoftext|><|endoftext|>' = ['9', '7', '1', '.', '<|im_end|>', '<|endoftext|>', '<|endoftext|>', '<|endoftext|>'] [other]
  L28: '971.<|im_end|><|endoftext|><|endoftext|><|endoftext|>' = ['9', '7', '1', '.', '<|im_end|>', '<|endoftext|>', '<|endoftext|>', '<|endoftext|>'] [other]

row 70: base=KH -> source=PA  template=calling_code_prefill_v3
  question: 'What is the country calling code for the country in this image?'
  prefill : 'The country calling code is +'
  gold base   (expected unhooked) : '855' = ['8', '5', '5']
  gold source (expected if swap works): '507' = ['5', '0', '7']
  unhooked: '855. This corresponds to Cambodia' = ['8', '5', '5', '.', ' This', ' corresponds', ' to', ' Cambodia']
  L19: '855. This corresponds to Cambodia' = ['8', '5', '5', '.', ' This', ' corresponds', ' to', ' Cambodia'] [base]
  L20: '855. This corresponds to Cambodia' = ['8', '5', '5', '.', ' This', ' corresponds', ' to', ' Cambodia'] [base]
  L21: '855. This corresponds to Cambodia' = ['8', '5', '5', '.', ' This', ' corresponds', ' to', ' Cambodia'] [base]
  L22: '855. This corresponds to Cambodia' = ['8', '5', '5', '.', ' This', ' corresponds', ' to', ' Cambodia'] [base]
  L23: '592, which corresponds to Cambodia' = ['5', '9', '2', ',', ' which', ' corresponds', ' to', ' Cambodia'] [other]
  L24: '592, which corresponds to Cambodia' = ['5', '9', '2', ',', ' which', ' corresponds', ' to', ' Cambodia'] [other]
  L25: '592, which corresponds to Cambodia' = ['5', '9', '2', ',', ' which', ' corresponds', ' to', ' Cambodia'] [other]
  L26: '592, which corresponds to Cambodia' = ['5', '9', '2', ',', ' which', ' corresponds', ' to', ' Cambodia'] [other]
  L27: '592, which corresponds to Cambodia' = ['5', '9', '2', ',', ' which', ' corresponds', ' to', ' Cambodia'] [other]
  L28: '592, which corresponds to Cambodia' = ['5', '9', '2', ',', ' which', ' corresponds', ' to', ' Cambodia'] [other]

row 71: base=RO -> source=AF  template=calling_code_prefill_v3
  question: 'What is the country calling code for the country in this image?'
  prefill : 'The country calling code is +'
  gold base   (expected unhooked) : '40' = ['4', '0']
  gold source (expected if swap works): '93' = ['9', '3']
  unhooked: '40. This corresponds to Romania,' = ['4', '0', '.', ' This', ' corresponds', ' to', ' Romania', ',']
  L19: '40. This corresponds to Romania,' = ['4', '0', '.', ' This', ' corresponds', ' to', ' Romania', ','] [base]
  L20: '40. This corresponds to Romania,' = ['4', '0', '.', ' This', ' corresponds', ' to', ' Romania', ','] [base]
  L21: '40. This corresponds to Romania,' = ['4', '0', '.', ' This', ' corresponds', ' to', ' Romania', ','] [base]
  L22: '973. This corresponds to Bahrain' = ['9', '7', '3', '.', ' This', ' corresponds', ' to', ' Bahrain'] [other]
  L23: '973. This corresponds to Bahrain' = ['9', '7', '3', '.', ' This', ' corresponds', ' to', ' Bahrain'] [other]
  L24: '973. This corresponds to Bahrain' = ['9', '7', '3', '.', ' This', ' corresponds', ' to', ' Bahrain'] [other]
  L25: '973. This corresponds to Bahrain' = ['9', '7', '3', '.', ' This', ' corresponds', ' to', ' Bahrain'] [other]
  L26: '973. This corresponds to Bahrain' = ['9', '7', '3', '.', ' This', ' corresponds', ' to', ' Bahrain'] [other]
  L27: '973. This corresponds to Bahrain' = ['9', '7', '3', '.', ' This', ' corresponds', ' to', ' Bahrain'] [other]
  L28: '973. This corresponds to Bahrain' = ['9', '7', '3', '.', ' This', ' corresponds', ' to', ' Bahrain'] [other]

row 72: base=EG -> source=UY  template=calling_code_prefill_v3
  question: 'What is the country calling code for the country in this image?'
  prefill : 'The country calling code is +'
  gold base   (expected unhooked) : '20' = ['2', '0']
  gold source (expected if swap works): '598' = ['5', '9', '8']
  unhooked: '20. This is the country calling' = ['2', '0', '.', ' This', ' is', ' the', ' country', ' calling']
  L19: '20. This is the country calling' = ['2', '0', '.', ' This', ' is', ' the', ' country', ' calling'] [base]
  L20: '20. This is the country calling' = ['2', '0', '.', ' This', ' is', ' the', ' country', ' calling'] [base]
  L21: '20. This is the country calling' = ['2', '0', '.', ' This', ' is', ' the', ' country', ' calling'] [base]
  L22: '20. This is the country calling' = ['2', '0', '.', ' This', ' is', ' the', ' country', ' calling'] [base]
  L23: '52. This corresponds to Mexico,' = ['5', '2', '.', ' This', ' corresponds', ' to', ' Mexico', ','] [other]
  L24: '52. This corresponds to Mexico,' = ['5', '2', '.', ' This', ' corresponds', ' to', ' Mexico', ','] [other]
  L25: '52, which corresponds to Mexico.' = ['5', '2', ',', ' which', ' corresponds', ' to', ' Mexico', '.'] [other]
  L26: '52. This corresponds to Mexico,' = ['5', '2', '.', ' This', ' corresponds', ' to', ' Mexico', ','] [other]
  L27: '52, which corresponds to Mexico.' = ['5', '2', ',', ' which', ' corresponds', ' to', ' Mexico', '.'] [other]
  L28: '52. This corresponds to Mexico,' = ['5', '2', '.', ' This', ' corresponds', ' to', ' Mexico', ','] [other]

row 73: base=LU -> source=SN  template=calling_code_prefill_v3
  question: 'What is the country calling code for the country in this image?'
  prefill : 'The country calling code is +'
  gold base   (expected unhooked) : '352' = ['3', '5', '2']
  gold source (expected if swap works): '221' = ['2', '2', '1']
  unhooked: '352. This corresponds to Luxembourg' = ['3', '5', '2', '.', ' This', ' corresponds', ' to', ' Luxembourg']
  L19: '352. This corresponds to Luxembourg' = ['3', '5', '2', '.', ' This', ' corresponds', ' to', ' Luxembourg'] [base]
  L20: '352. This corresponds to Luxembourg' = ['3', '5', '2', '.', ' This', ' corresponds', ' to', ' Luxembourg'] [base]
  L21: '352. This corresponds to Luxembourg' = ['3', '5', '2', '.', ' This', ' corresponds', ' to', ' Luxembourg'] [base]
  L22: '250. This corresponds to the' = ['2', '5', '0', '.', ' This', ' corresponds', ' to', ' the'] [other]
  L23: '250. This corresponds to the' = ['2', '5', '0', '.', ' This', ' corresponds', ' to', ' the'] [other]
  L24: '250. This corresponds to the' = ['2', '5', '0', '.', ' This', ' corresponds', ' to', ' the'] [other]
  L25: '250. This corresponds to the' = ['2', '5', '0', '.', ' This', ' corresponds', ' to', ' the'] [other]
  L26: '250. This corresponds to the' = ['2', '5', '0', '.', ' This', ' corresponds', ' to', ' the'] [other]
  L27: '250. This corresponds to the' = ['2', '5', '0', '.', ' This', ' corresponds', ' to', ' the'] [other]
  L28: '250. This corresponds to the' = ['2', '5', '0', '.', ' This', ' corresponds', ' to', ' the'] [other]

row 74: base=BZ -> source=FJ  template=calling_code_prefill_v2
  question: 'Give the international dialling code of the country shown in this flag.'
  prefill : 'The dialling code is +'
  gold base   (expected unhooked) : '501' = ['5', '0', '1']
  gold source (expected if swap works): '679' = ['6', '7', '9']
  unhooked: '501.<|im_end|><|endoftext|><|endoftext|><|endoftext|>' = ['5', '0', '1', '.', '<|im_end|>', '<|endoftext|>', '<|endoftext|>', '<|endoftext|>']
  L19: '501.<|im_end|><|endoftext|><|endoftext|><|endoftext|>' = ['5', '0', '1', '.', '<|im_end|>', '<|endoftext|>', '<|endoftext|>', '<|endoftext|>'] [base]
  L20: '501.<|im_end|><|endoftext|><|endoftext|><|endoftext|>' = ['5', '0', '1', '.', '<|im_end|>', '<|endoftext|>', '<|endoftext|>', '<|endoftext|>'] [base]
  L21: '501.<|im_end|><|endoftext|><|endoftext|><|endoftext|>' = ['5', '0', '1', '.', '<|im_end|>', '<|endoftext|>', '<|endoftext|>', '<|endoftext|>'] [base]
  L22: '501.<|im_end|><|endoftext|><|endoftext|><|endoftext|>' = ['5', '0', '1', '.', '<|im_end|>', '<|endoftext|>', '<|endoftext|>', '<|endoftext|>'] [base]
  L23: '20.<|im_end|><|endoftext|><|endoftext|><|endoftext|><|endoftext|>' = ['2', '0', '.', '<|im_end|>', '<|endoftext|>', '<|endoftext|>', '<|endoftext|>', '<|endoftext|>'] [other]
  L24: '61.<|im_end|><|endoftext|><|endoftext|><|endoftext|><|endoftext|>' = ['6', '1', '.', '<|im_end|>', '<|endoftext|>', '<|endoftext|>', '<|endoftext|>', '<|endoftext|>'] [other]
  L25: '61.<|im_end|><|endoftext|><|endoftext|><|endoftext|><|endoftext|>' = ['6', '1', '.', '<|im_end|>', '<|endoftext|>', '<|endoftext|>', '<|endoftext|>', '<|endoftext|>'] [other]
  L26: '61.<|im_end|><|endoftext|><|endoftext|><|endoftext|><|endoftext|>' = ['6', '1', '.', '<|im_end|>', '<|endoftext|>', '<|endoftext|>', '<|endoftext|>', '<|endoftext|>'] [other]
  L27: '61.<|im_end|><|endoftext|><|endoftext|><|endoftext|><|endoftext|>' = ['6', '1', '.', '<|im_end|>', '<|endoftext|>', '<|endoftext|>', '<|endoftext|>', '<|endoftext|>'] [other]
  L28: '61.<|im_end|><|endoftext|><|endoftext|><|endoftext|><|endoftext|>' = ['6', '1', '.', '<|im_end|>', '<|endoftext|>', '<|endoftext|>', '<|endoftext|>', '<|endoftext|>'] [other]

row 75: base=OM -> source=JP  template=calling_code_prefill_v4
  question: 'What is the phone country code for the country in this image?'
  prefill : 'The phone code is +'
  gold base   (expected unhooked) : '968' = ['9', '6', '8']
  gold source (expected if swap works): '81' = ['8', '1']
  unhooked: '968. This corresponds to Oman' = ['9', '6', '8', '.', ' This', ' corresponds', ' to', ' Oman']
  L19: '968. This corresponds to Oman' = ['9', '6', '8', '.', ' This', ' corresponds', ' to', ' Oman'] [base]
  L20: '968. This corresponds to Oman' = ['9', '6', '8', '.', ' This', ' corresponds', ' to', ' Oman'] [base]
  L21: '968. This corresponds to Oman' = ['9', '6', '8', '.', ' This', ' corresponds', ' to', ' Oman'] [base]
  L22: '968. This corresponds to Oman' = ['9', '6', '8', '.', ' This', ' corresponds', ' to', ' Oman'] [base]
  L23: '968. This corresponds to Oman' = ['9', '6', '8', '.', ' This', ' corresponds', ' to', ' Oman'] [base]
  L24: '86.<|im_end|><|endoftext|><|endoftext|><|endoftext|><|endoftext|>' = ['8', '6', '.', '<|im_end|>', '<|endoftext|>', '<|endoftext|>', '<|endoftext|>', '<|endoftext|>'] [other]
  L25: '86.<|im_end|><|endoftext|><|endoftext|><|endoftext|><|endoftext|>' = ['8', '6', '.', '<|im_end|>', '<|endoftext|>', '<|endoftext|>', '<|endoftext|>', '<|endoftext|>'] [other]
  L26: '86.<|im_end|><|endoftext|><|endoftext|><|endoftext|><|endoftext|>' = ['8', '6', '.', '<|im_end|>', '<|endoftext|>', '<|endoftext|>', '<|endoftext|>', '<|endoftext|>'] [other]
  L27: '86.<|im_end|><|endoftext|><|endoftext|><|endoftext|><|endoftext|>' = ['8', '6', '.', '<|im_end|>', '<|endoftext|>', '<|endoftext|>', '<|endoftext|>', '<|endoftext|>'] [other]
  L28: '49.<|im_end|><|endoftext|><|endoftext|><|endoftext|><|endoftext|>' = ['4', '9', '.', '<|im_end|>', '<|endoftext|>', '<|endoftext|>', '<|endoftext|>', '<|endoftext|>'] [other]

row 76: base=IQ -> source=AZ  template=calling_code_prefill_v2
  question: 'Give the international dialling code of the country shown in this flag.'
  prefill : 'The dialling code is +'
  gold base   (expected unhooked) : '964' = ['9', '6', '4']
  gold source (expected if swap works): '994' = ['9', '9', '4']
  unhooked: '964.<|im_end|><|endoftext|><|endoftext|><|endoftext|>' = ['9', '6', '4', '.', '<|im_end|>', '<|endoftext|>', '<|endoftext|>', '<|endoftext|>']
  L19: '964.<|im_end|><|endoftext|><|endoftext|><|endoftext|>' = ['9', '6', '4', '.', '<|im_end|>', '<|endoftext|>', '<|endoftext|>', '<|endoftext|>'] [base]
  L20: '964.<|im_end|><|endoftext|><|endoftext|><|endoftext|>' = ['9', '6', '4', '.', '<|im_end|>', '<|endoftext|>', '<|endoftext|>', '<|endoftext|>'] [base]
  L21: '964.<|im_end|><|endoftext|><|endoftext|><|endoftext|>' = ['9', '6', '4', '.', '<|im_end|>', '<|endoftext|>', '<|endoftext|>', '<|endoftext|>'] [base]
  L22: '964.<|im_end|><|endoftext|><|endoftext|><|endoftext|>' = ['9', '6', '4', '.', '<|im_end|>', '<|endoftext|>', '<|endoftext|>', '<|endoftext|>'] [base]
  L23: '964.<|im_end|><|endoftext|><|endoftext|><|endoftext|>' = ['9', '6', '4', '.', '<|im_end|>', '<|endoftext|>', '<|endoftext|>', '<|endoftext|>'] [base]
  L24: '964.<|im_end|><|endoftext|><|endoftext|><|endoftext|>' = ['9', '6', '4', '.', '<|im_end|>', '<|endoftext|>', '<|endoftext|>', '<|endoftext|>'] [base]
  L25: '964.<|im_end|><|endoftext|><|endoftext|><|endoftext|>' = ['9', '6', '4', '.', '<|im_end|>', '<|endoftext|>', '<|endoftext|>', '<|endoftext|>'] [base]
  L26: '964.<|im_end|><|endoftext|><|endoftext|><|endoftext|>' = ['9', '6', '4', '.', '<|im_end|>', '<|endoftext|>', '<|endoftext|>', '<|endoftext|>'] [base]
  L27: '964.<|im_end|><|endoftext|><|endoftext|><|endoftext|>' = ['9', '6', '4', '.', '<|im_end|>', '<|endoftext|>', '<|endoftext|>', '<|endoftext|>'] [base]
  L28: '964.<|im_end|><|endoftext|><|endoftext|><|endoftext|>' = ['9', '6', '4', '.', '<|im_end|>', '<|endoftext|>', '<|endoftext|>', '<|endoftext|>'] [base]

row 77: base=QA -> source=CY  template=calling_code_prefill_v6
  question: 'What country code do you dial to call this country?'
  prefill : 'The country code is +'
  gold base   (expected unhooked) : '974' = ['9', '7', '4']
  gold source (expected if swap works): '357' = ['3', '5', '7']
  unhooked: '974.<|im_end|><|endoftext|><|endoftext|><|endoftext|>' = ['9', '7', '4', '.', '<|im_end|>', '<|endoftext|>', '<|endoftext|>', '<|endoftext|>']
  L19: '974.<|im_end|><|endoftext|><|endoftext|><|endoftext|>' = ['9', '7', '4', '.', '<|im_end|>', '<|endoftext|>', '<|endoftext|>', '<|endoftext|>'] [base]
  L20: '974.<|im_end|><|endoftext|><|endoftext|><|endoftext|>' = ['9', '7', '4', '.', '<|im_end|>', '<|endoftext|>', '<|endoftext|>', '<|endoftext|>'] [base]
  L21: '974.<|im_end|><|endoftext|><|endoftext|><|endoftext|>' = ['9', '7', '4', '.', '<|im_end|>', '<|endoftext|>', '<|endoftext|>', '<|endoftext|>'] [base]
  L22: '974.<|im_end|><|endoftext|><|endoftext|><|endoftext|>' = ['9', '7', '4', '.', '<|im_end|>', '<|endoftext|>', '<|endoftext|>', '<|endoftext|>'] [base]
  L23: '974.<|im_end|><|endoftext|><|endoftext|><|endoftext|>' = ['9', '7', '4', '.', '<|im_end|>', '<|endoftext|>', '<|endoftext|>', '<|endoftext|>'] [base]
  L24: '374.<|im_end|><|endoftext|><|endoftext|><|endoftext|>' = ['3', '7', '4', '.', '<|im_end|>', '<|endoftext|>', '<|endoftext|>', '<|endoftext|>'] [other]
  L25: '374.<|im_end|><|endoftext|><|endoftext|><|endoftext|>' = ['3', '7', '4', '.', '<|im_end|>', '<|endoftext|>', '<|endoftext|>', '<|endoftext|>'] [other]
  L26: '374.<|im_end|><|endoftext|><|endoftext|><|endoftext|>' = ['3', '7', '4', '.', '<|im_end|>', '<|endoftext|>', '<|endoftext|>', '<|endoftext|>'] [other]
  L27: '374.<|im_end|><|endoftext|><|endoftext|><|endoftext|>' = ['3', '7', '4', '.', '<|im_end|>', '<|endoftext|>', '<|endoftext|>', '<|endoftext|>'] [other]
  L28: '374.<|im_end|><|endoftext|><|endoftext|><|endoftext|>' = ['3', '7', '4', '.', '<|im_end|>', '<|endoftext|>', '<|endoftext|>', '<|endoftext|>'] [other]

row 78: base=PK -> source=BE  template=calling_code_prefill_v3
  question: 'What is the country calling code for the country in this image?'
  prefill : 'The country calling code is +'
  gold base   (expected unhooked) : '92' = ['9', '2']
  gold source (expected if swap works): '32' = ['3', '2']
  unhooked: '92, which corresponds to Pakistan.' = ['9', '2', ',', ' which', ' corresponds', ' to', ' Pakistan', '.']
  L19: '92, which corresponds to Pakistan.' = ['9', '2', ',', ' which', ' corresponds', ' to', ' Pakistan', '.'] [base]
  L20: '92, which corresponds to Pakistan.' = ['9', '2', ',', ' which', ' corresponds', ' to', ' Pakistan', '.'] [base]
  L21: '92, which corresponds to Pakistan.' = ['9', '2', ',', ' which', ' corresponds', ' to', ' Pakistan', '.'] [base]
  L22: '92, which corresponds to Pakistan.' = ['9', '2', ',', ' which', ' corresponds', ' to', ' Pakistan', '.'] [base]
  L23: '350, which corresponds to the' = ['3', '5', '0', ',', ' which', ' corresponds', ' to', ' the'] [other]
  L24: '350, which corresponds to the' = ['3', '5', '0', ',', ' which', ' corresponds', ' to', ' the'] [other]
  L25: '350, which corresponds to the' = ['3', '5', '0', ',', ' which', ' corresponds', ' to', ' the'] [other]
  L26: '350, which corresponds to the' = ['3', '5', '0', ',', ' which', ' corresponds', ' to', ' the'] [other]
  L27: '350, which corresponds to the' = ['3', '5', '0', ',', ' which', ' corresponds', ' to', ' the'] [other]
  L28: '350, which corresponds to the' = ['3', '5', '0', ',', ' which', ' corresponds', ' to', ' the'] [other]

row 79: base=RO -> source=NZ  template=calling_code_prefill_v1
  question: 'What is the international calling code of the country in this image?'
  prefill : 'The calling code is +'
  gold base   (expected unhooked) : '40' = ['4', '0']
  gold source (expected if swap works): '64' = ['6', '4']
  unhooked: '40. This corresponds to Romania.' = ['4', '0', '.', ' This', ' corresponds', ' to', ' Romania', '.']
  L19: '40. This corresponds to Romania.' = ['4', '0', '.', ' This', ' corresponds', ' to', ' Romania', '.'] [base]
  L20: '40. This corresponds to Romania.' = ['4', '0', '.', ' This', ' corresponds', ' to', ' Romania', '.'] [base]
  L21: '40. This corresponds to Romania.' = ['4', '0', '.', ' This', ' corresponds', ' to', ' Romania', '.'] [base]
  L22: '686, which corresponds to Tong' = ['6', '8', '6', ',', ' which', ' corresponds', ' to', ' Tong'] [other]
  L23: '686, which corresponds to Tong' = ['6', '8', '6', ',', ' which', ' corresponds', ' to', ' Tong'] [other]
  L24: '686, which corresponds to Tong' = ['6', '8', '6', ',', ' which', ' corresponds', ' to', ' Tong'] [other]
  L25: '686, which corresponds to Tong' = ['6', '8', '6', ',', ' which', ' corresponds', ' to', ' Tong'] [other]
  L26: '686, which corresponds to Tong' = ['6', '8', '6', ',', ' which', ' corresponds', ' to', ' Tong'] [other]
  L27: '686, which corresponds to Tong' = ['6', '8', '6', ',', ' which', ' corresponds', ' to', ' Tong'] [other]
  L28: '686, which corresponds to Tong' = ['6', '8', '6', ',', ' which', ' corresponds', ' to', ' Tong'] [other]

row 80: base=ET -> source=KP  template=calling_code_prefill_v4
  question: 'What is the phone country code for the country in this image?'
  prefill : 'The phone code is +'
  gold base   (expected unhooked) : '251' = ['2', '5', '1']
  gold source (expected if swap works): '850' = ['8', '5', '0']
  unhooked: '251. This corresponds to Ethiopia' = ['2', '5', '1', '.', ' This', ' corresponds', ' to', ' Ethiopia']
  L19: '251. This corresponds to Ethiopia' = ['2', '5', '1', '.', ' This', ' corresponds', ' to', ' Ethiopia'] [base]
  L20: '251. This corresponds to Ethiopia' = ['2', '5', '1', '.', ' This', ' corresponds', ' to', ' Ethiopia'] [base]
  L21: '251. This corresponds to Ethiopia' = ['2', '5', '1', '.', ' This', ' corresponds', ' to', ' Ethiopia'] [base]
  L22: '251. This corresponds to Ethiopia' = ['2', '5', '1', '.', ' This', ' corresponds', ' to', ' Ethiopia'] [base]
  L23: '86.<|im_end|><|endoftext|><|endoftext|><|endoftext|><|endoftext|>' = ['8', '6', '.', '<|im_end|>', '<|endoftext|>', '<|endoftext|>', '<|endoftext|>', '<|endoftext|>'] [other]
  L24: '86.<|im_end|><|endoftext|><|endoftext|><|endoftext|><|endoftext|>' = ['8', '6', '.', '<|im_end|>', '<|endoftext|>', '<|endoftext|>', '<|endoftext|>', '<|endoftext|>'] [other]
  L25: '86.<|im_end|><|endoftext|><|endoftext|><|endoftext|><|endoftext|>' = ['8', '6', '.', '<|im_end|>', '<|endoftext|>', '<|endoftext|>', '<|endoftext|>', '<|endoftext|>'] [other]
  L26: '86.<|im_end|><|endoftext|><|endoftext|><|endoftext|><|endoftext|>' = ['8', '6', '.', '<|im_end|>', '<|endoftext|>', '<|endoftext|>', '<|endoftext|>', '<|endoftext|>'] [other]
  L27: '86.<|im_end|><|endoftext|><|endoftext|><|endoftext|><|endoftext|>' = ['8', '6', '.', '<|im_end|>', '<|endoftext|>', '<|endoftext|>', '<|endoftext|>', '<|endoftext|>'] [other]
  L28: '86.<|im_end|><|endoftext|><|endoftext|><|endoftext|><|endoftext|>' = ['8', '6', '.', '<|im_end|>', '<|endoftext|>', '<|endoftext|>', '<|endoftext|>', '<|endoftext|>'] [other]

row 81: base=SN -> source=OM  template=calling_code_prefill_v6
  question: 'What country code do you dial to call this country?'
  prefill : 'The country code is +'
  gold base   (expected unhooked) : '221' = ['2', '2', '1']
  gold source (expected if swap works): '968' = ['9', '6', '8']
  unhooked: '241.<|im_end|><|endoftext|><|endoftext|><|endoftext|>' = ['2', '4', '1', '.', '<|im_end|>', '<|endoftext|>', '<|endoftext|>', '<|endoftext|>']
  L19: '241.<|im_end|><|endoftext|><|endoftext|><|endoftext|>' = ['2', '4', '1', '.', '<|im_end|>', '<|endoftext|>', '<|endoftext|>', '<|endoftext|>'] [other]
  L20: '241.<|im_end|><|endoftext|><|endoftext|><|endoftext|>' = ['2', '4', '1', '.', '<|im_end|>', '<|endoftext|>', '<|endoftext|>', '<|endoftext|>'] [other]
  L21: '241.<|im_end|><|endoftext|><|endoftext|><|endoftext|>' = ['2', '4', '1', '.', '<|im_end|>', '<|endoftext|>', '<|endoftext|>', '<|endoftext|>'] [other]
  L22: '241.<|im_end|><|endoftext|><|endoftext|><|endoftext|>' = ['2', '4', '1', '.', '<|im_end|>', '<|endoftext|>', '<|endoftext|>', '<|endoftext|>'] [other]
  L23: '221.<|im_end|><|endoftext|><|endoftext|><|endoftext|>' = ['2', '2', '1', '.', '<|im_end|>', '<|endoftext|>', '<|endoftext|>', '<|endoftext|>'] [base]
  L24: '92.<|im_end|><|endoftext|><|endoftext|><|endoftext|><|endoftext|>' = ['9', '2', '.', '<|im_end|>', '<|endoftext|>', '<|endoftext|>', '<|endoftext|>', '<|endoftext|>'] [other]
  L25: '92.<|im_end|><|endoftext|><|endoftext|><|endoftext|><|endoftext|>' = ['9', '2', '.', '<|im_end|>', '<|endoftext|>', '<|endoftext|>', '<|endoftext|>', '<|endoftext|>'] [other]
  L26: '92.<|im_end|><|endoftext|><|endoftext|><|endoftext|><|endoftext|>' = ['9', '2', '.', '<|im_end|>', '<|endoftext|>', '<|endoftext|>', '<|endoftext|>', '<|endoftext|>'] [other]
  L27: '92.<|im_end|><|endoftext|><|endoftext|><|endoftext|><|endoftext|>' = ['9', '2', '.', '<|im_end|>', '<|endoftext|>', '<|endoftext|>', '<|endoftext|>', '<|endoftext|>'] [other]
  L28: '966.<|im_end|><|endoftext|><|endoftext|><|endoftext|>' = ['9', '6', '6', '.', '<|im_end|>', '<|endoftext|>', '<|endoftext|>', '<|endoftext|>'] [other]

row 82: base=GY -> source=KH  template=calling_code_prefill_v3
  question: 'What is the country calling code for the country in this image?'
  prefill : 'The country calling code is +'
  gold base   (expected unhooked) : '592' = ['5', '9', '2']
  gold source (expected if swap works): '855' = ['8', '5', '5']
  unhooked: '592. This corresponds to Guy' = ['5', '9', '2', '.', ' This', ' corresponds', ' to', ' Guy']
  L19: '592. This corresponds to Guy' = ['5', '9', '2', '.', ' This', ' corresponds', ' to', ' Guy'] [base]
  L20: '592. This corresponds to Guy' = ['5', '9', '2', '.', ' This', ' corresponds', ' to', ' Guy'] [base]
  L21: '592. This corresponds to Guy' = ['5', '9', '2', '.', ' This', ' corresponds', ' to', ' Guy'] [base]
  L22: '592. This corresponds to Guy' = ['5', '9', '2', '.', ' This', ' corresponds', ' to', ' Guy'] [base]
  L23: '86. This corresponds to China,' = ['8', '6', '.', ' This', ' corresponds', ' to', ' China', ','] [other]
  L24: '82, which corresponds to South Korea' = ['8', '2', ',', ' which', ' corresponds', ' to', ' South', ' Korea'] [other]
  L25: '82, which corresponds to South Korea' = ['8', '2', ',', ' which', ' corresponds', ' to', ' South', ' Korea'] [other]
  L26: '82, which corresponds to South Korea' = ['8', '2', ',', ' which', ' corresponds', ' to', ' South', ' Korea'] [other]
  L27: '82, which corresponds to South Korea' = ['8', '2', ',', ' which', ' corresponds', ' to', ' South', ' Korea'] [other]
  L28: '82, which corresponds to South Korea' = ['8', '2', ',', ' which', ' corresponds', ' to', ' South', ' Korea'] [other]

row 83: base=BE -> source=RW  template=calling_code_prefill_v4
  question: 'What is the phone country code for the country in this image?'
  prefill : 'The phone code is +'
  gold base   (expected unhooked) : '32' = ['3', '2']
  gold source (expected if swap works): '250' = ['2', '5', '0']
  unhooked: '32. This corresponds to Belgium,' = ['3', '2', '.', ' This', ' corresponds', ' to', ' Belgium', ',']
  L19: '32. This corresponds to Belgium,' = ['3', '2', '.', ' This', ' corresponds', ' to', ' Belgium', ','] [base]
  L20: '20.<|im_end|><|endoftext|><|endoftext|><|endoftext|><|endoftext|>' = ['2', '0', '.', '<|im_end|>', '<|endoftext|>', '<|endoftext|>', '<|endoftext|>', '<|endoftext|>'] [other]
  L21: '20.<|im_end|><|endoftext|><|endoftext|><|endoftext|><|endoftext|>' = ['2', '0', '.', '<|im_end|>', '<|endoftext|>', '<|endoftext|>', '<|endoftext|>', '<|endoftext|>'] [other]
  L22: '20.<|im_end|><|endoftext|><|endoftext|><|endoftext|><|endoftext|>' = ['2', '0', '.', '<|im_end|>', '<|endoftext|>', '<|endoftext|>', '<|endoftext|>', '<|endoftext|>'] [other]
  L23: '20.<|im_end|><|endoftext|><|endoftext|><|endoftext|><|endoftext|>' = ['2', '0', '.', '<|im_end|>', '<|endoftext|>', '<|endoftext|>', '<|endoftext|>', '<|endoftext|>'] [other]
  L24: '20.<|im_end|><|endoftext|><|endoftext|><|endoftext|><|endoftext|>' = ['2', '0', '.', '<|im_end|>', '<|endoftext|>', '<|endoftext|>', '<|endoftext|>', '<|endoftext|>'] [other]
  L25: '20.<|im_end|><|endoftext|><|endoftext|><|endoftext|><|endoftext|>' = ['2', '0', '.', '<|im_end|>', '<|endoftext|>', '<|endoftext|>', '<|endoftext|>', '<|endoftext|>'] [other]
  L26: '20.<|im_end|><|endoftext|><|endoftext|><|endoftext|><|endoftext|>' = ['2', '0', '.', '<|im_end|>', '<|endoftext|>', '<|endoftext|>', '<|endoftext|>', '<|endoftext|>'] [other]
  L27: '20.<|im_end|><|endoftext|><|endoftext|><|endoftext|><|endoftext|>' = ['2', '0', '.', '<|im_end|>', '<|endoftext|>', '<|endoftext|>', '<|endoftext|>', '<|endoftext|>'] [other]
  L28: '20.<|im_end|><|endoftext|><|endoftext|><|endoftext|><|endoftext|>' = ['2', '0', '.', '<|im_end|>', '<|endoftext|>', '<|endoftext|>', '<|endoftext|>', '<|endoftext|>'] [other]

row 84: base=TZ -> source=BR  template=calling_code_prefill_v1
  question: 'What is the international calling code of the country in this image?'
  prefill : 'The calling code is +'
  gold base   (expected unhooked) : '255' = ['2', '5', '5']
  gold source (expected if swap works): '55' = ['5', '5']
  unhooked: '255. This corresponds to Tanzania' = ['2', '5', '5', '.', ' This', ' corresponds', ' to', ' Tanzania']
  L19: '255. This corresponds to Tanzania' = ['2', '5', '5', '.', ' This', ' corresponds', ' to', ' Tanzania'] [HIT]
  L20: '255. This corresponds to Tanzania' = ['2', '5', '5', '.', ' This', ' corresponds', ' to', ' Tanzania'] [HIT]
  L21: '255. This corresponds to Tanzania' = ['2', '5', '5', '.', ' This', ' corresponds', ' to', ' Tanzania'] [HIT]
  L22: '255. This corresponds to Tanzania' = ['2', '5', '5', '.', ' This', ' corresponds', ' to', ' Tanzania'] [HIT]
  L23: '54. This corresponds to Argentina.' = ['5', '4', '.', ' This', ' corresponds', ' to', ' Argentina', '.'] [other]
  L24: '54. This corresponds to Argentina.' = ['5', '4', '.', ' This', ' corresponds', ' to', ' Argentina', '.'] [other]
  L25: '54. This corresponds to Argentina.' = ['5', '4', '.', ' This', ' corresponds', ' to', ' Argentina', '.'] [other]
  L26: '54. This corresponds to Argentina.' = ['5', '4', '.', ' This', ' corresponds', ' to', ' Argentina', '.'] [other]
  L27: '54. This corresponds to Argentina.' = ['5', '4', '.', ' This', ' corresponds', ' to', ' Argentina', '.'] [other]
  L28: '54. This corresponds to Argentina.' = ['5', '4', '.', ' This', ' corresponds', ' to', ' Argentina', '.'] [other]

row 85: base=AL -> source=AF  template=calling_code_prefill_v4
  question: 'What is the phone country code for the country in this image?'
  prefill : 'The phone code is +'
  gold base   (expected unhooked) : '355' = ['3', '5', '5']
  gold source (expected if swap works): '93' = ['9', '3']
  unhooked: '355. This corresponds to Albania' = ['3', '5', '5', '.', ' This', ' corresponds', ' to', ' Albania']
  L19: '355. This corresponds to Albania' = ['3', '5', '5', '.', ' This', ' corresponds', ' to', ' Albania'] [base]
  L20: '355. This corresponds to Albania' = ['3', '5', '5', '.', ' This', ' corresponds', ' to', ' Albania'] [base]
  L21: '355. This corresponds to Albania' = ['3', '5', '5', '.', ' This', ' corresponds', ' to', ' Albania'] [base]
  L22: '355. This corresponds to Albania' = ['3', '5', '5', '.', ' This', ' corresponds', ' to', ' Albania'] [base]
  L23: '90.<|im_end|><|endoftext|><|endoftext|><|endoftext|><|endoftext|>' = ['9', '0', '.', '<|im_end|>', '<|endoftext|>', '<|endoftext|>', '<|endoftext|>', '<|endoftext|>'] [other]
  L24: '90.<|im_end|><|endoftext|><|endoftext|><|endoftext|><|endoftext|>' = ['9', '0', '.', '<|im_end|>', '<|endoftext|>', '<|endoftext|>', '<|endoftext|>', '<|endoftext|>'] [other]
  L25: '90.<|im_end|><|endoftext|><|endoftext|><|endoftext|><|endoftext|>' = ['9', '0', '.', '<|im_end|>', '<|endoftext|>', '<|endoftext|>', '<|endoftext|>', '<|endoftext|>'] [other]
  L26: '90.<|im_end|><|endoftext|><|endoftext|><|endoftext|><|endoftext|>' = ['9', '0', '.', '<|im_end|>', '<|endoftext|>', '<|endoftext|>', '<|endoftext|>', '<|endoftext|>'] [other]
  L27: '90.<|im_end|><|endoftext|><|endoftext|><|endoftext|><|endoftext|>' = ['9', '0', '.', '<|im_end|>', '<|endoftext|>', '<|endoftext|>', '<|endoftext|>', '<|endoftext|>'] [other]
  L28: '90.<|im_end|><|endoftext|><|endoftext|><|endoftext|><|endoftext|>' = ['9', '0', '.', '<|im_end|>', '<|endoftext|>', '<|endoftext|>', '<|endoftext|>', '<|endoftext|>'] [other]

row 86: base=CO -> source=CY  template=calling_code_prefill_v4
  question: 'What is the phone country code for the country in this image?'
  prefill : 'The phone code is +'
  gold base   (expected unhooked) : '57' = ['5', '7']
  gold source (expected if swap works): '357' = ['3', '5', '7']
  unhooked: '57. This corresponds to Colombia,' = ['5', '7', '.', ' This', ' corresponds', ' to', ' Colombia', ',']
  L19: '57. This corresponds to Colombia,' = ['5', '7', '.', ' This', ' corresponds', ' to', ' Colombia', ','] [base]
  L20: '57. This corresponds to Colombia,' = ['5', '7', '.', ' This', ' corresponds', ' to', ' Colombia', ','] [base]
  L21: '57. This corresponds to Colombia,' = ['5', '7', '.', ' This', ' corresponds', ' to', ' Colombia', ','] [base]
  L22: '57. This corresponds to Colombia,' = ['5', '7', '.', ' This', ' corresponds', ' to', ' Colombia', ','] [base]
  L23: '34. This corresponds to Spain.' = ['3', '4', '.', ' This', ' corresponds', ' to', ' Spain', '.'] [other]
  L24: '34. This corresponds to Spain.' = ['3', '4', '.', ' This', ' corresponds', ' to', ' Spain', '.'] [other]
  L25: '34. This corresponds to Spain.' = ['3', '4', '.', ' This', ' corresponds', ' to', ' Spain', '.'] [other]
  L26: '34. This corresponds to Spain,' = ['3', '4', '.', ' This', ' corresponds', ' to', ' Spain', ','] [other]
  L27: '34. This corresponds to Spain,' = ['3', '4', '.', ' This', ' corresponds', ' to', ' Spain', ','] [other]
  L28: '34. This corresponds to Spain,' = ['3', '4', '.', ' This', ' corresponds', ' to', ' Spain', ','] [other]

row 87: base=MK -> source=TN  template=calling_code_prefill_v2
  question: 'Give the international dialling code of the country shown in this flag.'
  prefill : 'The dialling code is +'
  gold base   (expected unhooked) : '389' = ['3', '8', '9']
  gold source (expected if swap works): '216' = ['2', '1', '6']
  unhooked: '389.<|im_end|><|endoftext|><|endoftext|><|endoftext|>' = ['3', '8', '9', '.', '<|im_end|>', '<|endoftext|>', '<|endoftext|>', '<|endoftext|>']
  L19: '389.<|im_end|><|endoftext|><|endoftext|><|endoftext|>' = ['3', '8', '9', '.', '<|im_end|>', '<|endoftext|>', '<|endoftext|>', '<|endoftext|>'] [base]
  L20: '389.<|im_end|><|endoftext|><|endoftext|><|endoftext|>' = ['3', '8', '9', '.', '<|im_end|>', '<|endoftext|>', '<|endoftext|>', '<|endoftext|>'] [base]
  L21: '389.<|im_end|><|endoftext|><|endoftext|><|endoftext|>' = ['3', '8', '9', '.', '<|im_end|>', '<|endoftext|>', '<|endoftext|>', '<|endoftext|>'] [base]
  L22: '389.<|im_end|><|endoftext|><|endoftext|><|endoftext|>' = ['3', '8', '9', '.', '<|im_end|>', '<|endoftext|>', '<|endoftext|>', '<|endoftext|>'] [base]
  L23: '260.<|im_end|><|endoftext|><|endoftext|><|endoftext|>' = ['2', '6', '0', '.', '<|im_end|>', '<|endoftext|>', '<|endoftext|>', '<|endoftext|>'] [other]
  L24: '250.<|im_end|><|endoftext|><|endoftext|><|endoftext|>' = ['2', '5', '0', '.', '<|im_end|>', '<|endoftext|>', '<|endoftext|>', '<|endoftext|>'] [other]
  L25: '250.<|im_end|><|endoftext|><|endoftext|><|endoftext|>' = ['2', '5', '0', '.', '<|im_end|>', '<|endoftext|>', '<|endoftext|>', '<|endoftext|>'] [other]
  L26: '250.<|im_end|><|endoftext|><|endoftext|><|endoftext|>' = ['2', '5', '0', '.', '<|im_end|>', '<|endoftext|>', '<|endoftext|>', '<|endoftext|>'] [other]
  L27: '260.<|im_end|><|endoftext|><|endoftext|><|endoftext|>' = ['2', '6', '0', '.', '<|im_end|>', '<|endoftext|>', '<|endoftext|>', '<|endoftext|>'] [other]
  L28: '260.<|im_end|><|endoftext|><|endoftext|><|endoftext|>' = ['2', '6', '0', '.', '<|im_end|>', '<|endoftext|>', '<|endoftext|>', '<|endoftext|>'] [other]

row 88: base=JO -> source=UZ  template=calling_code_prefill_v5
  question: 'Identify the international dialing code of the country shown in this flag.'
  prefill : 'The dialing code is +'
  gold base   (expected unhooked) : '962' = ['9', '6', '2']
  gold source (expected if swap works): '998' = ['9', '9', '8']
  unhooked: '962.<|im_end|><|endoftext|><|endoftext|><|endoftext|>' = ['9', '6', '2', '.', '<|im_end|>', '<|endoftext|>', '<|endoftext|>', '<|endoftext|>']
  L19: '962.<|im_end|><|endoftext|><|endoftext|><|endoftext|>' = ['9', '6', '2', '.', '<|im_end|>', '<|endoftext|>', '<|endoftext|>', '<|endoftext|>'] [base]
  L20: '962.<|im_end|><|endoftext|><|endoftext|><|endoftext|>' = ['9', '6', '2', '.', '<|im_end|>', '<|endoftext|>', '<|endoftext|>', '<|endoftext|>'] [base]
  L21: '962.<|im_end|><|endoftext|><|endoftext|><|endoftext|>' = ['9', '6', '2', '.', '<|im_end|>', '<|endoftext|>', '<|endoftext|>', '<|endoftext|>'] [base]
  L22: '962.<|im_end|><|endoftext|><|endoftext|><|endoftext|>' = ['9', '6', '2', '.', '<|im_end|>', '<|endoftext|>', '<|endoftext|>', '<|endoftext|>'] [base]
  L23: '962.<|im_end|><|endoftext|><|endoftext|><|endoftext|>' = ['9', '6', '2', '.', '<|im_end|>', '<|endoftext|>', '<|endoftext|>', '<|endoftext|>'] [base]
  L24: '962.<|im_end|><|endoftext|><|endoftext|><|endoftext|>' = ['9', '6', '2', '.', '<|im_end|>', '<|endoftext|>', '<|endoftext|>', '<|endoftext|>'] [base]
  L25: '962.<|im_end|><|endoftext|><|endoftext|><|endoftext|>' = ['9', '6', '2', '.', '<|im_end|>', '<|endoftext|>', '<|endoftext|>', '<|endoftext|>'] [base]
  L26: '962.<|im_end|><|endoftext|><|endoftext|><|endoftext|>' = ['9', '6', '2', '.', '<|im_end|>', '<|endoftext|>', '<|endoftext|>', '<|endoftext|>'] [base]
  L27: '962.<|im_end|><|endoftext|><|endoftext|><|endoftext|>' = ['9', '6', '2', '.', '<|im_end|>', '<|endoftext|>', '<|endoftext|>', '<|endoftext|>'] [base]
  L28: '962.<|im_end|><|endoftext|><|endoftext|><|endoftext|>' = ['9', '6', '2', '.', '<|im_end|>', '<|endoftext|>', '<|endoftext|>', '<|endoftext|>'] [base]

row 89: base=TZ -> source=BH  template=calling_code_prefill_v3
  question: 'What is the country calling code for the country in this image?'
  prefill : 'The country calling code is +'
  gold base   (expected unhooked) : '255' = ['2', '5', '5']
  gold source (expected if swap works): '973' = ['9', '7', '3']
  unhooked: '255. This corresponds to Tanzania' = ['2', '5', '5', '.', ' This', ' corresponds', ' to', ' Tanzania']
  L19: '255. This corresponds to Tanzania' = ['2', '5', '5', '.', ' This', ' corresponds', ' to', ' Tanzania'] [base]
  L20: '255. This corresponds to Tanzania' = ['2', '5', '5', '.', ' This', ' corresponds', ' to', ' Tanzania'] [base]
  L21: '255. This corresponds to Tanzania' = ['2', '5', '5', '.', ' This', ' corresponds', ' to', ' Tanzania'] [base]
  L22: '255. This corresponds to Tanzania' = ['2', '5', '5', '.', ' This', ' corresponds', ' to', ' Tanzania'] [base]
  L23: '971. This corresponds to the' = ['9', '7', '1', '.', ' This', ' corresponds', ' to', ' the'] [other]
  L24: '971. This corresponds to the' = ['9', '7', '1', '.', ' This', ' corresponds', ' to', ' the'] [other]
  L25: '971. This corresponds to the' = ['9', '7', '1', '.', ' This', ' corresponds', ' to', ' the'] [other]
  L26: '971. This corresponds to the' = ['9', '7', '1', '.', ' This', ' corresponds', ' to', ' the'] [other]
  L27: '971. This corresponds to the' = ['9', '7', '1', '.', ' This', ' corresponds', ' to', ' the'] [other]
  L28: '971. This corresponds to the' = ['9', '7', '1', '.', ' This', ' corresponds', ' to', ' the'] [other]

row 90: base=LA -> source=IT  template=calling_code_prefill_v4
  question: 'What is the phone country code for the country in this image?'
  prefill : 'The phone code is +'
  gold base   (expected unhooked) : '856' = ['8', '5', '6']
  gold source (expected if swap works): '39' = ['3', '9']
  unhooked: '856. This corresponds to Laos' = ['8', '5', '6', '.', ' This', ' corresponds', ' to', ' Laos']
  L19: '856. This corresponds to Laos' = ['8', '5', '6', '.', ' This', ' corresponds', ' to', ' Laos'] [base]
  L20: '856. This corresponds to Laos' = ['8', '5', '6', '.', ' This', ' corresponds', ' to', ' Laos'] [base]
  L21: '856. This corresponds to Laos' = ['8', '5', '6', '.', ' This', ' corresponds', ' to', ' Laos'] [base]
  L22: '66.<|im_end|><|endoftext|><|endoftext|><|endoftext|><|endoftext|>' = ['6', '6', '.', '<|im_end|>', '<|endoftext|>', '<|endoftext|>', '<|endoftext|>', '<|endoftext|>'] [other]
  L23: '386.<|im_end|><|endoftext|><|endoftext|><|endoftext|>' = ['3', '8', '6', '.', '<|im_end|>', '<|endoftext|>', '<|endoftext|>', '<|endoftext|>'] [other]
  L24: '386.<|im_end|><|endoftext|><|endoftext|><|endoftext|>' = ['3', '8', '6', '.', '<|im_end|>', '<|endoftext|>', '<|endoftext|>', '<|endoftext|>'] [other]
  L25: '386.<|im_end|><|endoftext|><|endoftext|><|endoftext|>' = ['3', '8', '6', '.', '<|im_end|>', '<|endoftext|>', '<|endoftext|>', '<|endoftext|>'] [other]
  L26: '386.<|im_end|><|endoftext|><|endoftext|><|endoftext|>' = ['3', '8', '6', '.', '<|im_end|>', '<|endoftext|>', '<|endoftext|>', '<|endoftext|>'] [other]
  L27: '386.<|im_end|><|endoftext|><|endoftext|><|endoftext|>' = ['3', '8', '6', '.', '<|im_end|>', '<|endoftext|>', '<|endoftext|>', '<|endoftext|>'] [other]
  L28: '386.<|im_end|><|endoftext|><|endoftext|><|endoftext|>' = ['3', '8', '6', '.', '<|im_end|>', '<|endoftext|>', '<|endoftext|>', '<|endoftext|>'] [other]

row 91: base=JP -> source=MK  template=calling_code_prefill_v2
  question: 'Give the international dialling code of the country shown in this flag.'
  prefill : 'The dialling code is +'
  gold base   (expected unhooked) : '81' = ['8', '1']
  gold source (expected if swap works): '389' = ['3', '8', '9']
  unhooked: '86.<|im_end|><|endoftext|><|endoftext|><|endoftext|><|endoftext|>' = ['8', '6', '.', '<|im_end|>', '<|endoftext|>', '<|endoftext|>', '<|endoftext|>', '<|endoftext|>']
  L19: '86.<|im_end|><|endoftext|><|endoftext|><|endoftext|><|endoftext|>' = ['8', '6', '.', '<|im_end|>', '<|endoftext|>', '<|endoftext|>', '<|endoftext|>', '<|endoftext|>'] [other]
  L20: '374.<|im_end|><|endoftext|><|endoftext|><|endoftext|>' = ['3', '7', '4', '.', '<|im_end|>', '<|endoftext|>', '<|endoftext|>', '<|endoftext|>'] [other]
  L21: '375.<|im_end|><|endoftext|><|endoftext|><|endoftext|>' = ['3', '7', '5', '.', '<|im_end|>', '<|endoftext|>', '<|endoftext|>', '<|endoftext|>'] [other]
  L22: '375.<|im_end|><|endoftext|><|endoftext|><|endoftext|>' = ['3', '7', '5', '.', '<|im_end|>', '<|endoftext|>', '<|endoftext|>', '<|endoftext|>'] [other]
  L23: '374.<|im_end|><|endoftext|><|endoftext|><|endoftext|>' = ['3', '7', '4', '.', '<|im_end|>', '<|endoftext|>', '<|endoftext|>', '<|endoftext|>'] [other]
  L24: '375.<|im_end|><|endoftext|><|endoftext|><|endoftext|>' = ['3', '7', '5', '.', '<|im_end|>', '<|endoftext|>', '<|endoftext|>', '<|endoftext|>'] [other]
  L25: '375.<|im_end|><|endoftext|><|endoftext|><|endoftext|>' = ['3', '7', '5', '.', '<|im_end|>', '<|endoftext|>', '<|endoftext|>', '<|endoftext|>'] [other]
  L26: '375.<|im_end|><|endoftext|><|endoftext|><|endoftext|>' = ['3', '7', '5', '.', '<|im_end|>', '<|endoftext|>', '<|endoftext|>', '<|endoftext|>'] [other]
  L27: '375.<|im_end|><|endoftext|><|endoftext|><|endoftext|>' = ['3', '7', '5', '.', '<|im_end|>', '<|endoftext|>', '<|endoftext|>', '<|endoftext|>'] [other]
  L28: '375.<|im_end|><|endoftext|><|endoftext|><|endoftext|>' = ['3', '7', '5', '.', '<|im_end|>', '<|endoftext|>', '<|endoftext|>', '<|endoftext|>'] [other]

row 92: base=KH -> source=ES  template=calling_code_prefill_v6
  question: 'What country code do you dial to call this country?'
  prefill : 'The country code is +'
  gold base   (expected unhooked) : '855' = ['8', '5', '5']
  gold source (expected if swap works): '34' = ['3', '4']
  unhooked: '855.<|im_end|><|endoftext|><|endoftext|><|endoftext|>' = ['8', '5', '5', '.', '<|im_end|>', '<|endoftext|>', '<|endoftext|>', '<|endoftext|>']
  L19: '855.<|im_end|><|endoftext|><|endoftext|><|endoftext|>' = ['8', '5', '5', '.', '<|im_end|>', '<|endoftext|>', '<|endoftext|>', '<|endoftext|>'] [base]
  L20: '855.<|im_end|><|endoftext|><|endoftext|><|endoftext|>' = ['8', '5', '5', '.', '<|im_end|>', '<|endoftext|>', '<|endoftext|>', '<|endoftext|>'] [base]
  L21: '855.<|im_end|><|endoftext|><|endoftext|><|endoftext|>' = ['8', '5', '5', '.', '<|im_end|>', '<|endoftext|>', '<|endoftext|>', '<|endoftext|>'] [base]
  L22: '855.<|im_end|><|endoftext|><|endoftext|><|endoftext|>' = ['8', '5', '5', '.', '<|im_end|>', '<|endoftext|>', '<|endoftext|>', '<|endoftext|>'] [base]
  L23: '386.<|im_end|><|endoftext|><|endoftext|><|endoftext|>' = ['3', '8', '6', '.', '<|im_end|>', '<|endoftext|>', '<|endoftext|>', '<|endoftext|>'] [other]
  L24: '386.<|im_end|><|endoftext|><|endoftext|><|endoftext|>' = ['3', '8', '6', '.', '<|im_end|>', '<|endoftext|>', '<|endoftext|>', '<|endoftext|>'] [other]
  L25: '386.<|im_end|><|endoftext|><|endoftext|><|endoftext|>' = ['3', '8', '6', '.', '<|im_end|>', '<|endoftext|>', '<|endoftext|>', '<|endoftext|>'] [other]
  L26: '386.<|im_end|><|endoftext|><|endoftext|><|endoftext|>' = ['3', '8', '6', '.', '<|im_end|>', '<|endoftext|>', '<|endoftext|>', '<|endoftext|>'] [other]
  L27: '375.<|im_end|><|endoftext|><|endoftext|><|endoftext|>' = ['3', '7', '5', '.', '<|im_end|>', '<|endoftext|>', '<|endoftext|>', '<|endoftext|>'] [other]
  L28: '375.<|im_end|><|endoftext|><|endoftext|><|endoftext|>' = ['3', '7', '5', '.', '<|im_end|>', '<|endoftext|>', '<|endoftext|>', '<|endoftext|>'] [other]

row 93: base=RS -> source=BR  template=calling_code_prefill_v6
  question: 'What country code do you dial to call this country?'
  prefill : 'The country code is +'
  gold base   (expected unhooked) : '381' = ['3', '8', '1']
  gold source (expected if swap works): '55' = ['5', '5']
  unhooked: '381.<|im_end|><|endoftext|><|endoftext|><|endoftext|>' = ['3', '8', '1', '.', '<|im_end|>', '<|endoftext|>', '<|endoftext|>', '<|endoftext|>']
  L19: '381.<|im_end|><|endoftext|><|endoftext|><|endoftext|>' = ['3', '8', '1', '.', '<|im_end|>', '<|endoftext|>', '<|endoftext|>', '<|endoftext|>'] [base]
  L20: '381.<|im_end|><|endoftext|><|endoftext|><|endoftext|>' = ['3', '8', '1', '.', '<|im_end|>', '<|endoftext|>', '<|endoftext|>', '<|endoftext|>'] [base]
  L21: '381.<|im_end|><|endoftext|><|endoftext|><|endoftext|>' = ['3', '8', '1', '.', '<|im_end|>', '<|endoftext|>', '<|endoftext|>', '<|endoftext|>'] [base]
  L22: '381.<|im_end|><|endoftext|><|endoftext|><|endoftext|>' = ['3', '8', '1', '.', '<|im_end|>', '<|endoftext|>', '<|endoftext|>', '<|endoftext|>'] [base]
  L23: '54. This is the country code' = ['5', '4', '.', ' This', ' is', ' the', ' country', ' code'] [other]
  L24: '54. This is the country code' = ['5', '4', '.', ' This', ' is', ' the', ' country', ' code'] [other]
  L25: '54.<|im_end|><|endoftext|><|endoftext|><|endoftext|><|endoftext|>' = ['5', '4', '.', '<|im_end|>', '<|endoftext|>', '<|endoftext|>', '<|endoftext|>', '<|endoftext|>'] [other]
  L26: '54. This is the country code' = ['5', '4', '.', ' This', ' is', ' the', ' country', ' code'] [other]
  L27: '54. This is the country code' = ['5', '4', '.', ' This', ' is', ' the', ' country', ' code'] [other]
  L28: '54. This is the country code' = ['5', '4', '.', ' This', ' is', ' the', ' country', ' code'] [other]

row 94: base=JO -> source=AM  template=calling_code_prefill_v5
  question: 'Identify the international dialing code of the country shown in this flag.'
  prefill : 'The dialing code is +'
  gold base   (expected unhooked) : '962' = ['9', '6', '2']
  gold source (expected if swap works): '374' = ['3', '7', '4']
  unhooked: '962.<|im_end|><|endoftext|><|endoftext|><|endoftext|>' = ['9', '6', '2', '.', '<|im_end|>', '<|endoftext|>', '<|endoftext|>', '<|endoftext|>']
  L19: '962.<|im_end|><|endoftext|><|endoftext|><|endoftext|>' = ['9', '6', '2', '.', '<|im_end|>', '<|endoftext|>', '<|endoftext|>', '<|endoftext|>'] [base]
  L20: '962.<|im_end|><|endoftext|><|endoftext|><|endoftext|>' = ['9', '6', '2', '.', '<|im_end|>', '<|endoftext|>', '<|endoftext|>', '<|endoftext|>'] [base]
  L21: '962.<|im_end|><|endoftext|><|endoftext|><|endoftext|>' = ['9', '6', '2', '.', '<|im_end|>', '<|endoftext|>', '<|endoftext|>', '<|endoftext|>'] [base]
  L22: '962.<|im_end|><|endoftext|><|endoftext|><|endoftext|>' = ['9', '6', '2', '.', '<|im_end|>', '<|endoftext|>', '<|endoftext|>', '<|endoftext|>'] [base]
  L23: '962.<|im_end|><|endoftext|><|endoftext|><|endoftext|>' = ['9', '6', '2', '.', '<|im_end|>', '<|endoftext|>', '<|endoftext|>', '<|endoftext|>'] [base]
  L24: '39.<|im_end|><|endoftext|><|endoftext|><|endoftext|><|endoftext|>' = ['3', '9', '.', '<|im_end|>', '<|endoftext|>', '<|endoftext|>', '<|endoftext|>', '<|endoftext|>'] [other]
  L25: '39.<|im_end|><|endoftext|><|endoftext|><|endoftext|><|endoftext|>' = ['3', '9', '.', '<|im_end|>', '<|endoftext|>', '<|endoftext|>', '<|endoftext|>', '<|endoftext|>'] [other]
  L26: '39.<|im_end|><|endoftext|><|endoftext|><|endoftext|><|endoftext|>' = ['3', '9', '.', '<|im_end|>', '<|endoftext|>', '<|endoftext|>', '<|endoftext|>', '<|endoftext|>'] [other]
  L27: '352.<|im_end|><|endoftext|><|endoftext|><|endoftext|>' = ['3', '5', '2', '.', '<|im_end|>', '<|endoftext|>', '<|endoftext|>', '<|endoftext|>'] [other]
  L28: '352.<|im_end|><|endoftext|><|endoftext|><|endoftext|>' = ['3', '5', '2', '.', '<|im_end|>', '<|endoftext|>', '<|endoftext|>', '<|endoftext|>'] [other]

row 95: base=EG -> source=KR  template=calling_code_prefill_v3
  question: 'What is the country calling code for the country in this image?'
  prefill : 'The country calling code is +'
  gold base   (expected unhooked) : '20' = ['2', '0']
  gold source (expected if swap works): '82' = ['8', '2']
  unhooked: '20. This is the country calling' = ['2', '0', '.', ' This', ' is', ' the', ' country', ' calling']
  L19: '20. This is the country calling' = ['2', '0', '.', ' This', ' is', ' the', ' country', ' calling'] [base]
  L20: '20. This is the country calling' = ['2', '0', '.', ' This', ' is', ' the', ' country', ' calling'] [base]
  L21: '20. This is the country calling' = ['2', '0', '.', ' This', ' is', ' the', ' country', ' calling'] [base]
  L22: '20. This is the country calling' = ['2', '0', '.', ' This', ' is', ' the', ' country', ' calling'] [base]
  L23: '86. This is the country calling' = ['8', '6', '.', ' This', ' is', ' the', ' country', ' calling'] [other]
  L24: '86. This is the country calling' = ['8', '6', '.', ' This', ' is', ' the', ' country', ' calling'] [other]
  L25: '86, which corresponds to China.' = ['8', '6', ',', ' which', ' corresponds', ' to', ' China', '.'] [other]
  L26: '86, which corresponds to China.' = ['8', '6', ',', ' which', ' corresponds', ' to', ' China', '.'] [other]
  L27: '86. This is the country calling' = ['8', '6', '.', ' This', ' is', ' the', ' country', ' calling'] [other]
  L28: '86. This is the country calling' = ['8', '6', '.', ' This', ' is', ' the', ' country', ' calling'] [other]

row 96: base=EG -> source=YE  template=calling_code_prefill_v4
  question: 'What is the phone country code for the country in this image?'
  prefill : 'The phone code is +'
  gold base   (expected unhooked) : '20' = ['2', '0']
  gold source (expected if swap works): '967' = ['9', '6', '7']
  unhooked: '20. This is the country code' = ['2', '0', '.', ' This', ' is', ' the', ' country', ' code']
  L19: '20. This is the country code' = ['2', '0', '.', ' This', ' is', ' the', ' country', ' code'] [base]
  L20: '20. This is the country code' = ['2', '0', '.', ' This', ' is', ' the', ' country', ' code'] [base]
  L21: '20. This is the country code' = ['2', '0', '.', ' This', ' is', ' the', ' country', ' code'] [base]
  L22: '20. This is the country code' = ['2', '0', '.', ' This', ' is', ' the', ' country', ' code'] [base]
  L23: '20. This is the country code' = ['2', '0', '.', ' This', ' is', ' the', ' country', ' code'] [base]
  L24: '966.<|im_end|><|endoftext|><|endoftext|><|endoftext|>' = ['9', '6', '6', '.', '<|im_end|>', '<|endoftext|>', '<|endoftext|>', '<|endoftext|>'] [other]
  L25: '966.<|im_end|><|endoftext|><|endoftext|><|endoftext|>' = ['9', '6', '6', '.', '<|im_end|>', '<|endoftext|>', '<|endoftext|>', '<|endoftext|>'] [other]
  L26: '966.<|im_end|><|endoftext|><|endoftext|><|endoftext|>' = ['9', '6', '6', '.', '<|im_end|>', '<|endoftext|>', '<|endoftext|>', '<|endoftext|>'] [other]
  L27: '966.<|im_end|><|endoftext|><|endoftext|><|endoftext|>' = ['9', '6', '6', '.', '<|im_end|>', '<|endoftext|>', '<|endoftext|>', '<|endoftext|>'] [other]
  L28: '20. This is the country code' = ['2', '0', '.', ' This', ' is', ' the', ' country', ' code'] [base]

row 97: base=PE -> source=IE  template=calling_code_prefill_v4
  question: 'What is the phone country code for the country in this image?'
  prefill : 'The phone code is +'
  gold base   (expected unhooked) : '51' = ['5', '1']
  gold source (expected if swap works): '353' = ['3', '5', '3']
  unhooked: '51. This corresponds to Peru,' = ['5', '1', '.', ' This', ' corresponds', ' to', ' Peru', ',']
  L19: '51. This corresponds to Peru,' = ['5', '1', '.', ' This', ' corresponds', ' to', ' Peru', ','] [base]
  L20: '51. This corresponds to Peru,' = ['5', '1', '.', ' This', ' corresponds', ' to', ' Peru', ','] [base]
  L21: '51. This corresponds to Peru,' = ['5', '1', '.', ' This', ' corresponds', ' to', ' Peru', ','] [base]
  L22: '51. This corresponds to Peru.' = ['5', '1', '.', ' This', ' corresponds', ' to', ' Peru', '.'] [base]
  L23: '357.<|im_end|><|endoftext|><|endoftext|><|endoftext|>' = ['3', '5', '7', '.', '<|im_end|>', '<|endoftext|>', '<|endoftext|>', '<|endoftext|>'] [other]
  L24: '357.<|im_end|><|endoftext|><|endoftext|><|endoftext|>' = ['3', '5', '7', '.', '<|im_end|>', '<|endoftext|>', '<|endoftext|>', '<|endoftext|>'] [other]
  L25: '357. This corresponds to the' = ['3', '5', '7', '.', ' This', ' corresponds', ' to', ' the'] [other]
  L26: '357. This corresponds to the' = ['3', '5', '7', '.', ' This', ' corresponds', ' to', ' the'] [other]
  L27: '357. This corresponds to the' = ['3', '5', '7', '.', ' This', ' corresponds', ' to', ' the'] [other]
  L28: '357.<|im_end|><|endoftext|><|endoftext|><|endoftext|>' = ['3', '5', '7', '.', '<|im_end|>', '<|endoftext|>', '<|endoftext|>', '<|endoftext|>'] [other]

row 98: base=AM -> source=CY  template=calling_code_prefill_v5
  question: 'Identify the international dialing code of the country shown in this flag.'
  prefill : 'The dialing code is +'
  gold base   (expected unhooked) : '374' = ['3', '7', '4']
  gold source (expected if swap works): '357' = ['3', '5', '7']
  unhooked: '374.<|im_end|><|endoftext|><|endoftext|><|endoftext|>' = ['3', '7', '4', '.', '<|im_end|>', '<|endoftext|>', '<|endoftext|>', '<|endoftext|>']
  L19: '374.<|im_end|><|endoftext|><|endoftext|><|endoftext|>' = ['3', '7', '4', '.', '<|im_end|>', '<|endoftext|>', '<|endoftext|>', '<|endoftext|>'] [base]
  L20: '374.<|im_end|><|endoftext|><|endoftext|><|endoftext|>' = ['3', '7', '4', '.', '<|im_end|>', '<|endoftext|>', '<|endoftext|>', '<|endoftext|>'] [base]
  L21: '374.<|im_end|><|endoftext|><|endoftext|><|endoftext|>' = ['3', '7', '4', '.', '<|im_end|>', '<|endoftext|>', '<|endoftext|>', '<|endoftext|>'] [base]
  L22: '374.<|im_end|><|endoftext|><|endoftext|><|endoftext|>' = ['3', '7', '4', '.', '<|im_end|>', '<|endoftext|>', '<|endoftext|>', '<|endoftext|>'] [base]
  L23: '374.<|im_end|><|endoftext|><|endoftext|><|endoftext|>' = ['3', '7', '4', '.', '<|im_end|>', '<|endoftext|>', '<|endoftext|>', '<|endoftext|>'] [base]
  L24: '374.<|im_end|><|endoftext|><|endoftext|><|endoftext|>' = ['3', '7', '4', '.', '<|im_end|>', '<|endoftext|>', '<|endoftext|>', '<|endoftext|>'] [base]
  L25: '374.<|im_end|><|endoftext|><|endoftext|><|endoftext|>' = ['3', '7', '4', '.', '<|im_end|>', '<|endoftext|>', '<|endoftext|>', '<|endoftext|>'] [base]
  L26: '374.<|im_end|><|endoftext|><|endoftext|><|endoftext|>' = ['3', '7', '4', '.', '<|im_end|>', '<|endoftext|>', '<|endoftext|>', '<|endoftext|>'] [base]
  L27: '374.<|im_end|><|endoftext|><|endoftext|><|endoftext|>' = ['3', '7', '4', '.', '<|im_end|>', '<|endoftext|>', '<|endoftext|>', '<|endoftext|>'] [base]
  L28: '374.<|im_end|><|endoftext|><|endoftext|><|endoftext|>' = ['3', '7', '4', '.', '<|im_end|>', '<|endoftext|>', '<|endoftext|>', '<|endoftext|>'] [base]

row 99: base=AZ -> source=RO  template=calling_code_prefill_v4
  question: 'What is the phone country code for the country in this image?'
  prefill : 'The phone code is +'
  gold base   (expected unhooked) : '994' = ['9', '9', '4']
  gold source (expected if swap works): '40' = ['4', '0']
  unhooked: '994. This corresponds to Azerbaijan' = ['9', '9', '4', '.', ' This', ' corresponds', ' to', ' Azerbaijan']
  L19: '994. This corresponds to Azerbaijan' = ['9', '9', '4', '.', ' This', ' corresponds', ' to', ' Azerbaijan'] [base]
  L20: '994. This corresponds to Azerbaijan' = ['9', '9', '4', '.', ' This', ' corresponds', ' to', ' Azerbaijan'] [base]
  L21: '994. This corresponds to Azerbaijan' = ['9', '9', '4', '.', ' This', ' corresponds', ' to', ' Azerbaijan'] [base]
  L22: '994. This corresponds to Azerbaijan' = ['9', '9', '4', '.', ' This', ' corresponds', ' to', ' Azerbaijan'] [base]
  L23: '374.<|im_end|><|endoftext|><|endoftext|><|endoftext|>' = ['3', '7', '4', '.', '<|im_end|>', '<|endoftext|>', '<|endoftext|>', '<|endoftext|>'] [other]
  L24: '44.<|im_end|><|endoftext|><|endoftext|><|endoftext|><|endoftext|>' = ['4', '4', '.', '<|im_end|>', '<|endoftext|>', '<|endoftext|>', '<|endoftext|>', '<|endoftext|>'] [other]
  L25: '44.<|im_end|><|endoftext|><|endoftext|><|endoftext|><|endoftext|>' = ['4', '4', '.', '<|im_end|>', '<|endoftext|>', '<|endoftext|>', '<|endoftext|>', '<|endoftext|>'] [other]
  L26: '44.<|im_end|><|endoftext|><|endoftext|><|endoftext|><|endoftext|>' = ['4', '4', '.', '<|im_end|>', '<|endoftext|>', '<|endoftext|>', '<|endoftext|>', '<|endoftext|>'] [other]
  L27: '44.<|im_end|><|endoftext|><|endoftext|><|endoftext|><|endoftext|>' = ['4', '4', '.', '<|im_end|>', '<|endoftext|>', '<|endoftext|>', '<|endoftext|>', '<|endoftext|>'] [other]
  L28: '44.<|im_end|><|endoftext|><|endoftext|><|endoftext|><|endoftext|>' = ['4', '4', '.', '<|im_end|>', '<|endoftext|>', '<|endoftext|>', '<|endoftext|>', '<|endoftext|>'] [other]

row 100: base=KE -> source=EG  template=calling_code_prefill_v2
  question: 'Give the international dialling code of the country shown in this flag.'
  prefill : 'The dialling code is +'
  gold base   (expected unhooked) : '254' = ['2', '5', '4']
  gold source (expected if swap works): '20' = ['2', '0']
  unhooked: '254.<|im_end|><|endoftext|><|endoftext|><|endoftext|>' = ['2', '5', '4', '.', '<|im_end|>', '<|endoftext|>', '<|endoftext|>', '<|endoftext|>']
  L19: '254.<|im_end|><|endoftext|><|endoftext|><|endoftext|>' = ['2', '5', '4', '.', '<|im_end|>', '<|endoftext|>', '<|endoftext|>', '<|endoftext|>'] [base]
  L20: '254.<|im_end|><|endoftext|><|endoftext|><|endoftext|>' = ['2', '5', '4', '.', '<|im_end|>', '<|endoftext|>', '<|endoftext|>', '<|endoftext|>'] [base]
  L21: '254.<|im_end|><|endoftext|><|endoftext|><|endoftext|>' = ['2', '5', '4', '.', '<|im_end|>', '<|endoftext|>', '<|endoftext|>', '<|endoftext|>'] [base]
  L22: '254.<|im_end|><|endoftext|><|endoftext|><|endoftext|>' = ['2', '5', '4', '.', '<|im_end|>', '<|endoftext|>', '<|endoftext|>', '<|endoftext|>'] [base]
  L23: '254.<|im_end|><|endoftext|><|endoftext|><|endoftext|>' = ['2', '5', '4', '.', '<|im_end|>', '<|endoftext|>', '<|endoftext|>', '<|endoftext|>'] [base]
  L24: '254.<|im_end|><|endoftext|><|endoftext|><|endoftext|>' = ['2', '5', '4', '.', '<|im_end|>', '<|endoftext|>', '<|endoftext|>', '<|endoftext|>'] [base]
  L25: '254.<|im_end|><|endoftext|><|endoftext|><|endoftext|>' = ['2', '5', '4', '.', '<|im_end|>', '<|endoftext|>', '<|endoftext|>', '<|endoftext|>'] [base]
  L26: '254.<|im_end|><|endoftext|><|endoftext|><|endoftext|>' = ['2', '5', '4', '.', '<|im_end|>', '<|endoftext|>', '<|endoftext|>', '<|endoftext|>'] [base]
  L27: '254.<|im_end|><|endoftext|><|endoftext|><|endoftext|>' = ['2', '5', '4', '.', '<|im_end|>', '<|endoftext|>', '<|endoftext|>', '<|endoftext|>'] [base]
  L28: '254.<|im_end|><|endoftext|><|endoftext|><|endoftext|>' = ['2', '5', '4', '.', '<|im_end|>', '<|endoftext|>', '<|endoftext|>', '<|endoftext|>'] [base]

row 101: base=CU -> source=JO  template=calling_code_prefill_v2
  question: 'Give the international dialling code of the country shown in this flag.'
  prefill : 'The dialling code is +'
  gold base   (expected unhooked) : '53' = ['5', '3']
  gold source (expected if swap works): '962' = ['9', '6', '2']
  unhooked: '53.<|im_end|><|endoftext|><|endoftext|><|endoftext|><|endoftext|>' = ['5', '3', '.', '<|im_end|>', '<|endoftext|>', '<|endoftext|>', '<|endoftext|>', '<|endoftext|>']
  L19: '53.<|im_end|><|endoftext|><|endoftext|><|endoftext|><|endoftext|>' = ['5', '3', '.', '<|im_end|>', '<|endoftext|>', '<|endoftext|>', '<|endoftext|>', '<|endoftext|>'] [base]
  L20: '53.<|im_end|><|endoftext|><|endoftext|><|endoftext|><|endoftext|>' = ['5', '3', '.', '<|im_end|>', '<|endoftext|>', '<|endoftext|>', '<|endoftext|>', '<|endoftext|>'] [base]
  L21: '53.<|im_end|><|endoftext|><|endoftext|><|endoftext|><|endoftext|>' = ['5', '3', '.', '<|im_end|>', '<|endoftext|>', '<|endoftext|>', '<|endoftext|>', '<|endoftext|>'] [base]
  L22: '53.<|im_end|><|endoftext|><|endoftext|><|endoftext|><|endoftext|>' = ['5', '3', '.', '<|im_end|>', '<|endoftext|>', '<|endoftext|>', '<|endoftext|>', '<|endoftext|>'] [base]
  L23: '95.<|im_end|><|endoftext|><|endoftext|><|endoftext|><|endoftext|>' = ['9', '5', '.', '<|im_end|>', '<|endoftext|>', '<|endoftext|>', '<|endoftext|>', '<|endoftext|>'] [other]
  L24: '95.<|im_end|><|endoftext|><|endoftext|><|endoftext|><|endoftext|>' = ['9', '5', '.', '<|im_end|>', '<|endoftext|>', '<|endoftext|>', '<|endoftext|>', '<|endoftext|>'] [other]
  L25: '95.<|im_end|><|endoftext|><|endoftext|><|endoftext|><|endoftext|>' = ['9', '5', '.', '<|im_end|>', '<|endoftext|>', '<|endoftext|>', '<|endoftext|>', '<|endoftext|>'] [other]
  L26: '95.<|im_end|><|endoftext|><|endoftext|><|endoftext|><|endoftext|>' = ['9', '5', '.', '<|im_end|>', '<|endoftext|>', '<|endoftext|>', '<|endoftext|>', '<|endoftext|>'] [other]
  L27: '95.<|im_end|><|endoftext|><|endoftext|><|endoftext|><|endoftext|>' = ['9', '5', '.', '<|im_end|>', '<|endoftext|>', '<|endoftext|>', '<|endoftext|>', '<|endoftext|>'] [other]
  L28: '95.<|im_end|><|endoftext|><|endoftext|><|endoftext|><|endoftext|>' = ['9', '5', '.', '<|im_end|>', '<|endoftext|>', '<|endoftext|>', '<|endoftext|>', '<|endoftext|>'] [other]

row 102: base=BD -> source=OM  template=calling_code_prefill_v5
  question: 'Identify the international dialing code of the country shown in this flag.'
  prefill : 'The dialing code is +'
  gold base   (expected unhooked) : '880' = ['8', '8', '0']
  gold source (expected if swap works): '968' = ['9', '6', '8']
  unhooked: '880.<|im_end|><|endoftext|><|endoftext|><|endoftext|>' = ['8', '8', '0', '.', '<|im_end|>', '<|endoftext|>', '<|endoftext|>', '<|endoftext|>']
  L19: '880.<|im_end|><|endoftext|><|endoftext|><|endoftext|>' = ['8', '8', '0', '.', '<|im_end|>', '<|endoftext|>', '<|endoftext|>', '<|endoftext|>'] [base]
  L20: '880.<|im_end|><|endoftext|><|endoftext|><|endoftext|>' = ['8', '8', '0', '.', '<|im_end|>', '<|endoftext|>', '<|endoftext|>', '<|endoftext|>'] [base]
  L21: '880.<|im_end|><|endoftext|><|endoftext|><|endoftext|>' = ['8', '8', '0', '.', '<|im_end|>', '<|endoftext|>', '<|endoftext|>', '<|endoftext|>'] [base]
  L22: '880.<|im_end|><|endoftext|><|endoftext|><|endoftext|>' = ['8', '8', '0', '.', '<|im_end|>', '<|endoftext|>', '<|endoftext|>', '<|endoftext|>'] [base]
  L23: '92.<|im_end|><|endoftext|><|endoftext|><|endoftext|><|endoftext|>' = ['9', '2', '.', '<|im_end|>', '<|endoftext|>', '<|endoftext|>', '<|endoftext|>', '<|endoftext|>'] [other]
  L24: '92.<|im_end|><|endoftext|><|endoftext|><|endoftext|><|endoftext|>' = ['9', '2', '.', '<|im_end|>', '<|endoftext|>', '<|endoftext|>', '<|endoftext|>', '<|endoftext|>'] [other]
  L25: '92.<|im_end|><|endoftext|><|endoftext|><|endoftext|><|endoftext|>' = ['9', '2', '.', '<|im_end|>', '<|endoftext|>', '<|endoftext|>', '<|endoftext|>', '<|endoftext|>'] [other]
  L26: '92.<|im_end|><|endoftext|><|endoftext|><|endoftext|><|endoftext|>' = ['9', '2', '.', '<|im_end|>', '<|endoftext|>', '<|endoftext|>', '<|endoftext|>', '<|endoftext|>'] [other]
  L27: '92.<|im_end|><|endoftext|><|endoftext|><|endoftext|><|endoftext|>' = ['9', '2', '.', '<|im_end|>', '<|endoftext|>', '<|endoftext|>', '<|endoftext|>', '<|endoftext|>'] [other]
  L28: '92.<|im_end|><|endoftext|><|endoftext|><|endoftext|><|endoftext|>' = ['9', '2', '.', '<|im_end|>', '<|endoftext|>', '<|endoftext|>', '<|endoftext|>', '<|endoftext|>'] [other]

row 103: base=UZ -> source=HT  template=calling_code_prefill_v4
  question: 'What is the phone country code for the country in this image?'
  prefill : 'The phone code is +'
  gold base   (expected unhooked) : '998' = ['9', '9', '8']
  gold source (expected if swap works): '509' = ['5', '0', '9']
  unhooked: '998. This is the country' = ['9', '9', '8', '.', ' This', ' is', ' the', ' country']
  L19: '998. This is the country' = ['9', '9', '8', '.', ' This', ' is', ' the', ' country'] [base]
  L20: '998. This is the country' = ['9', '9', '8', '.', ' This', ' is', ' the', ' country'] [base]
  L21: '998. This is the country' = ['9', '9', '8', '.', ' This', ' is', ' the', ' country'] [base]
  L22: '998. This is the country' = ['9', '9', '8', '.', ' This', ' is', ' the', ' country'] [base]
  L23: '593. This corresponds to Ecuador' = ['5', '9', '3', '.', ' This', ' corresponds', ' to', ' Ecuador'] [other]
  L24: '593. This corresponds to Ecuador' = ['5', '9', '3', '.', ' This', ' corresponds', ' to', ' Ecuador'] [other]
  L25: '593. This corresponds to Ecuador' = ['5', '9', '3', '.', ' This', ' corresponds', ' to', ' Ecuador'] [other]
  L26: '593. This corresponds to Ecuador' = ['5', '9', '3', '.', ' This', ' corresponds', ' to', ' Ecuador'] [other]
  L27: '593. This corresponds to Ecuador' = ['5', '9', '3', '.', ' This', ' corresponds', ' to', ' Ecuador'] [other]
  L28: '593. This corresponds to Ecuador' = ['5', '9', '3', '.', ' This', ' corresponds', ' to', ' Ecuador'] [other]

row 104: base=AU -> source=ET  template=calling_code_prefill_v5
  question: 'Identify the international dialing code of the country shown in this flag.'
  prefill : 'The dialing code is +'
  gold base   (expected unhooked) : '61' = ['6', '1']
  gold source (expected if swap works): '251' = ['2', '5', '1']
  unhooked: '61.<|im_end|><|endoftext|><|endoftext|><|endoftext|><|endoftext|>' = ['6', '1', '.', '<|im_end|>', '<|endoftext|>', '<|endoftext|>', '<|endoftext|>', '<|endoftext|>']
  L19: '61.<|im_end|><|endoftext|><|endoftext|><|endoftext|><|endoftext|>' = ['6', '1', '.', '<|im_end|>', '<|endoftext|>', '<|endoftext|>', '<|endoftext|>', '<|endoftext|>'] [base]
  L20: '61.<|im_end|><|endoftext|><|endoftext|><|endoftext|><|endoftext|>' = ['6', '1', '.', '<|im_end|>', '<|endoftext|>', '<|endoftext|>', '<|endoftext|>', '<|endoftext|>'] [base]
  L21: '61.<|im_end|><|endoftext|><|endoftext|><|endoftext|><|endoftext|>' = ['6', '1', '.', '<|im_end|>', '<|endoftext|>', '<|endoftext|>', '<|endoftext|>', '<|endoftext|>'] [base]
  L22: '61.<|im_end|><|endoftext|><|endoftext|><|endoftext|><|endoftext|>' = ['6', '1', '.', '<|im_end|>', '<|endoftext|>', '<|endoftext|>', '<|endoftext|>', '<|endoftext|>'] [base]
  L23: '260.<|im_end|><|endoftext|><|endoftext|><|endoftext|>' = ['2', '6', '0', '.', '<|im_end|>', '<|endoftext|>', '<|endoftext|>', '<|endoftext|>'] [other]
  L24: '260.<|im_end|><|endoftext|><|endoftext|><|endoftext|>' = ['2', '6', '0', '.', '<|im_end|>', '<|endoftext|>', '<|endoftext|>', '<|endoftext|>'] [other]
  L25: '260.<|im_end|><|endoftext|><|endoftext|><|endoftext|>' = ['2', '6', '0', '.', '<|im_end|>', '<|endoftext|>', '<|endoftext|>', '<|endoftext|>'] [other]
  L26: '260.<|im_end|><|endoftext|><|endoftext|><|endoftext|>' = ['2', '6', '0', '.', '<|im_end|>', '<|endoftext|>', '<|endoftext|>', '<|endoftext|>'] [other]
  L27: '260.<|im_end|><|endoftext|><|endoftext|><|endoftext|>' = ['2', '6', '0', '.', '<|im_end|>', '<|endoftext|>', '<|endoftext|>', '<|endoftext|>'] [other]
  L28: '260.<|im_end|><|endoftext|><|endoftext|><|endoftext|>' = ['2', '6', '0', '.', '<|im_end|>', '<|endoftext|>', '<|endoftext|>', '<|endoftext|>'] [other]

row 105: base=LA -> source=PA  template=calling_code_prefill_v5
  question: 'Identify the international dialing code of the country shown in this flag.'
  prefill : 'The dialing code is +'
  gold base   (expected unhooked) : '856' = ['8', '5', '6']
  gold source (expected if swap works): '507' = ['5', '0', '7']
  unhooked: '856.<|im_end|><|endoftext|><|endoftext|><|endoftext|>' = ['8', '5', '6', '.', '<|im_end|>', '<|endoftext|>', '<|endoftext|>', '<|endoftext|>']
  L19: '856.<|im_end|><|endoftext|><|endoftext|><|endoftext|>' = ['8', '5', '6', '.', '<|im_end|>', '<|endoftext|>', '<|endoftext|>', '<|endoftext|>'] [base]
  L20: '856.<|im_end|><|endoftext|><|endoftext|><|endoftext|>' = ['8', '5', '6', '.', '<|im_end|>', '<|endoftext|>', '<|endoftext|>', '<|endoftext|>'] [base]
  L21: '856.<|im_end|><|endoftext|><|endoftext|><|endoftext|>' = ['8', '5', '6', '.', '<|im_end|>', '<|endoftext|>', '<|endoftext|>', '<|endoftext|>'] [base]
  L22: '66.<|im_end|><|endoftext|><|endoftext|><|endoftext|><|endoftext|>' = ['6', '6', '.', '<|im_end|>', '<|endoftext|>', '<|endoftext|>', '<|endoftext|>', '<|endoftext|>'] [other]
  L23: '539.<|im_end|><|endoftext|><|endoftext|><|endoftext|>' = ['5', '3', '9', '.', '<|im_end|>', '<|endoftext|>', '<|endoftext|>', '<|endoftext|>'] [other]
  L24: '539.<|im_end|><|endoftext|><|endoftext|><|endoftext|>' = ['5', '3', '9', '.', '<|im_end|>', '<|endoftext|>', '<|endoftext|>', '<|endoftext|>'] [other]
  L25: '539.<|im_end|><|endoftext|><|endoftext|><|endoftext|>' = ['5', '3', '9', '.', '<|im_end|>', '<|endoftext|>', '<|endoftext|>', '<|endoftext|>'] [other]
  L26: '539.<|im_end|><|endoftext|><|endoftext|><|endoftext|>' = ['5', '3', '9', '.', '<|im_end|>', '<|endoftext|>', '<|endoftext|>', '<|endoftext|>'] [other]
  L27: '539.<|im_end|><|endoftext|><|endoftext|><|endoftext|>' = ['5', '3', '9', '.', '<|im_end|>', '<|endoftext|>', '<|endoftext|>', '<|endoftext|>'] [other]
  L28: '539.<|im_end|><|endoftext|><|endoftext|><|endoftext|>' = ['5', '3', '9', '.', '<|im_end|>', '<|endoftext|>', '<|endoftext|>', '<|endoftext|>'] [other]

row 106: base=QA -> source=SG  template=calling_code_prefill_v6
  question: 'What country code do you dial to call this country?'
  prefill : 'The country code is +'
  gold base   (expected unhooked) : '974' = ['9', '7', '4']
  gold source (expected if swap works): '65' = ['6', '5']
  unhooked: '974.<|im_end|><|endoftext|><|endoftext|><|endoftext|>' = ['9', '7', '4', '.', '<|im_end|>', '<|endoftext|>', '<|endoftext|>', '<|endoftext|>']
  L19: '974.<|im_end|><|endoftext|><|endoftext|><|endoftext|>' = ['9', '7', '4', '.', '<|im_end|>', '<|endoftext|>', '<|endoftext|>', '<|endoftext|>'] [base]
  L20: '974.<|im_end|><|endoftext|><|endoftext|><|endoftext|>' = ['9', '7', '4', '.', '<|im_end|>', '<|endoftext|>', '<|endoftext|>', '<|endoftext|>'] [base]
  L21: '974.<|im_end|><|endoftext|><|endoftext|><|endoftext|>' = ['9', '7', '4', '.', '<|im_end|>', '<|endoftext|>', '<|endoftext|>', '<|endoftext|>'] [base]
  L22: '974.<|im_end|><|endoftext|><|endoftext|><|endoftext|>' = ['9', '7', '4', '.', '<|im_end|>', '<|endoftext|>', '<|endoftext|>', '<|endoftext|>'] [base]
  L23: '66.<|im_end|><|endoftext|><|endoftext|><|endoftext|><|endoftext|>' = ['6', '6', '.', '<|im_end|>', '<|endoftext|>', '<|endoftext|>', '<|endoftext|>', '<|endoftext|>'] [other]
  L24: '66.<|im_end|><|endoftext|><|endoftext|><|endoftext|><|endoftext|>' = ['6', '6', '.', '<|im_end|>', '<|endoftext|>', '<|endoftext|>', '<|endoftext|>', '<|endoftext|>'] [other]
  L25: '66.<|im_end|><|endoftext|><|endoftext|><|endoftext|><|endoftext|>' = ['6', '6', '.', '<|im_end|>', '<|endoftext|>', '<|endoftext|>', '<|endoftext|>', '<|endoftext|>'] [other]
  L26: '66.<|im_end|><|endoftext|><|endoftext|><|endoftext|><|endoftext|>' = ['6', '6', '.', '<|im_end|>', '<|endoftext|>', '<|endoftext|>', '<|endoftext|>', '<|endoftext|>'] [other]
  L27: '66.<|im_end|><|endoftext|><|endoftext|><|endoftext|><|endoftext|>' = ['6', '6', '.', '<|im_end|>', '<|endoftext|>', '<|endoftext|>', '<|endoftext|>', '<|endoftext|>'] [other]
  L28: '66.<|im_end|><|endoftext|><|endoftext|><|endoftext|><|endoftext|>' = ['6', '6', '.', '<|im_end|>', '<|endoftext|>', '<|endoftext|>', '<|endoftext|>', '<|endoftext|>'] [other]

row 107: base=AM -> source=GY  template=calling_code_prefill_v2
  question: 'Give the international dialling code of the country shown in this flag.'
  prefill : 'The dialling code is +'
  gold base   (expected unhooked) : '374' = ['3', '7', '4']
  gold source (expected if swap works): '592' = ['5', '9', '2']
  unhooked: '374.<|im_end|><|endoftext|><|endoftext|><|endoftext|>' = ['3', '7', '4', '.', '<|im_end|>', '<|endoftext|>', '<|endoftext|>', '<|endoftext|>']
  L19: '374.<|im_end|><|endoftext|><|endoftext|><|endoftext|>' = ['3', '7', '4', '.', '<|im_end|>', '<|endoftext|>', '<|endoftext|>', '<|endoftext|>'] [base]
  L20: '374.<|im_end|><|endoftext|><|endoftext|><|endoftext|>' = ['3', '7', '4', '.', '<|im_end|>', '<|endoftext|>', '<|endoftext|>', '<|endoftext|>'] [base]
  L21: '374.<|im_end|><|endoftext|><|endoftext|><|endoftext|>' = ['3', '7', '4', '.', '<|im_end|>', '<|endoftext|>', '<|endoftext|>', '<|endoftext|>'] [base]
  L22: '598.<|im_end|><|endoftext|><|endoftext|><|endoftext|>' = ['5', '9', '8', '.', '<|im_end|>', '<|endoftext|>', '<|endoftext|>', '<|endoftext|>'] [other]
  L23: '598.<|im_end|><|endoftext|><|endoftext|><|endoftext|>' = ['5', '9', '8', '.', '<|im_end|>', '<|endoftext|>', '<|endoftext|>', '<|endoftext|>'] [other]
  L24: '598.<|im_end|><|endoftext|><|endoftext|><|endoftext|>' = ['5', '9', '8', '.', '<|im_end|>', '<|endoftext|>', '<|endoftext|>', '<|endoftext|>'] [other]
  L25: '598.<|im_end|><|endoftext|><|endoftext|><|endoftext|>' = ['5', '9', '8', '.', '<|im_end|>', '<|endoftext|>', '<|endoftext|>', '<|endoftext|>'] [other]
  L26: '598.<|im_end|><|endoftext|><|endoftext|><|endoftext|>' = ['5', '9', '8', '.', '<|im_end|>', '<|endoftext|>', '<|endoftext|>', '<|endoftext|>'] [other]
  L27: '598.<|im_end|><|endoftext|><|endoftext|><|endoftext|>' = ['5', '9', '8', '.', '<|im_end|>', '<|endoftext|>', '<|endoftext|>', '<|endoftext|>'] [other]
  L28: '598.<|im_end|><|endoftext|><|endoftext|><|endoftext|>' = ['5', '9', '8', '.', '<|im_end|>', '<|endoftext|>', '<|endoftext|>', '<|endoftext|>'] [other]

row 108: base=QA -> source=PA  template=calling_code_prefill_v6
  question: 'What country code do you dial to call this country?'
  prefill : 'The country code is +'
  gold base   (expected unhooked) : '974' = ['9', '7', '4']
  gold source (expected if swap works): '507' = ['5', '0', '7']
  unhooked: '974.<|im_end|><|endoftext|><|endoftext|><|endoftext|>' = ['9', '7', '4', '.', '<|im_end|>', '<|endoftext|>', '<|endoftext|>', '<|endoftext|>']
  L19: '974.<|im_end|><|endoftext|><|endoftext|><|endoftext|>' = ['9', '7', '4', '.', '<|im_end|>', '<|endoftext|>', '<|endoftext|>', '<|endoftext|>'] [base]
  L20: '974.<|im_end|><|endoftext|><|endoftext|><|endoftext|>' = ['9', '7', '4', '.', '<|im_end|>', '<|endoftext|>', '<|endoftext|>', '<|endoftext|>'] [base]
  L21: '974.<|im_end|><|endoftext|><|endoftext|><|endoftext|>' = ['9', '7', '4', '.', '<|im_end|>', '<|endoftext|>', '<|endoftext|>', '<|endoftext|>'] [base]
  L22: '974.<|im_end|><|endoftext|><|endoftext|><|endoftext|>' = ['9', '7', '4', '.', '<|im_end|>', '<|endoftext|>', '<|endoftext|>', '<|endoftext|>'] [base]
  L23: '593.<|im_end|><|endoftext|><|endoftext|><|endoftext|>' = ['5', '9', '3', '.', '<|im_end|>', '<|endoftext|>', '<|endoftext|>', '<|endoftext|>'] [other]
  L24: '593.<|im_end|><|endoftext|><|endoftext|><|endoftext|>' = ['5', '9', '3', '.', '<|im_end|>', '<|endoftext|>', '<|endoftext|>', '<|endoftext|>'] [other]
  L25: '593.<|im_end|><|endoftext|><|endoftext|><|endoftext|>' = ['5', '9', '3', '.', '<|im_end|>', '<|endoftext|>', '<|endoftext|>', '<|endoftext|>'] [other]
  L26: '593.<|im_end|><|endoftext|><|endoftext|><|endoftext|>' = ['5', '9', '3', '.', '<|im_end|>', '<|endoftext|>', '<|endoftext|>', '<|endoftext|>'] [other]
  L27: '598.<|im_end|><|endoftext|><|endoftext|><|endoftext|>' = ['5', '9', '8', '.', '<|im_end|>', '<|endoftext|>', '<|endoftext|>', '<|endoftext|>'] [other]
  L28: '598.<|im_end|><|endoftext|><|endoftext|><|endoftext|>' = ['5', '9', '8', '.', '<|im_end|>', '<|endoftext|>', '<|endoftext|>', '<|endoftext|>'] [other]

row 109: base=KP -> source=YE  template=calling_code_prefill_v4
  question: 'What is the phone country code for the country in this image?'
  prefill : 'The phone code is +'
  gold base   (expected unhooked) : '850' = ['8', '5', '0']
  gold source (expected if swap works): '967' = ['9', '6', '7']
  unhooked: '850.<|im_end|><|endoftext|><|endoftext|><|endoftext|>' = ['8', '5', '0', '.', '<|im_end|>', '<|endoftext|>', '<|endoftext|>', '<|endoftext|>']
  L19: '850.<|im_end|><|endoftext|><|endoftext|><|endoftext|>' = ['8', '5', '0', '.', '<|im_end|>', '<|endoftext|>', '<|endoftext|>', '<|endoftext|>'] [base]
  L20: '850.<|im_end|><|endoftext|><|endoftext|><|endoftext|>' = ['8', '5', '0', '.', '<|im_end|>', '<|endoftext|>', '<|endoftext|>', '<|endoftext|>'] [base]
  L21: '850.<|im_end|><|endoftext|><|endoftext|><|endoftext|>' = ['8', '5', '0', '.', '<|im_end|>', '<|endoftext|>', '<|endoftext|>', '<|endoftext|>'] [base]
  L22: '850.<|im_end|><|endoftext|><|endoftext|><|endoftext|>' = ['8', '5', '0', '.', '<|im_end|>', '<|endoftext|>', '<|endoftext|>', '<|endoftext|>'] [base]
  L23: '998. This corresponds to the' = ['9', '9', '8', '.', ' This', ' corresponds', ' to', ' the'] [other]
  L24: '998.<|im_end|><|endoftext|><|endoftext|><|endoftext|>' = ['9', '9', '8', '.', '<|im_end|>', '<|endoftext|>', '<|endoftext|>', '<|endoftext|>'] [other]
  L25: '998.<|im_end|><|endoftext|><|endoftext|><|endoftext|>' = ['9', '9', '8', '.', '<|im_end|>', '<|endoftext|>', '<|endoftext|>', '<|endoftext|>'] [other]
  L26: '998. This corresponds to the' = ['9', '9', '8', '.', ' This', ' corresponds', ' to', ' the'] [other]
  L27: '998.<|im_end|><|endoftext|><|endoftext|><|endoftext|>' = ['9', '9', '8', '.', '<|im_end|>', '<|endoftext|>', '<|endoftext|>', '<|endoftext|>'] [other]
  L28: '246. This corresponds to the' = ['2', '4', '6', '.', ' This', ' corresponds', ' to', ' the'] [other]

row 110: base=IQ -> source=HU  template=calling_code_prefill_v6
  question: 'What country code do you dial to call this country?'
  prefill : 'The country code is +'
  gold base   (expected unhooked) : '964' = ['9', '6', '4']
  gold source (expected if swap works): '36' = ['3', '6']
  unhooked: '964. This is the international' = ['9', '6', '4', '.', ' This', ' is', ' the', ' international']
  L19: '964.<|im_end|><|endoftext|><|endoftext|><|endoftext|>' = ['9', '6', '4', '.', '<|im_end|>', '<|endoftext|>', '<|endoftext|>', '<|endoftext|>'] [base]
  L20: '964.<|im_end|><|endoftext|><|endoftext|><|endoftext|>' = ['9', '6', '4', '.', '<|im_end|>', '<|endoftext|>', '<|endoftext|>', '<|endoftext|>'] [base]
  L21: '964. This is the international' = ['9', '6', '4', '.', ' This', ' is', ' the', ' international'] [base]
  L22: '964. This is the international' = ['9', '6', '4', '.', ' This', ' is', ' the', ' international'] [base]
  L23: '964. This is the international' = ['9', '6', '4', '.', ' This', ' is', ' the', ' international'] [base]
  L24: '964. This is the international' = ['9', '6', '4', '.', ' This', ' is', ' the', ' international'] [base]
  L25: '964.<|im_end|><|endoftext|><|endoftext|><|endoftext|>' = ['9', '6', '4', '.', '<|im_end|>', '<|endoftext|>', '<|endoftext|>', '<|endoftext|>'] [base]
  L26: '964. This is the international' = ['9', '6', '4', '.', ' This', ' is', ' the', ' international'] [base]
  L27: '39.<|im_end|><|endoftext|><|endoftext|><|endoftext|><|endoftext|>' = ['3', '9', '.', '<|im_end|>', '<|endoftext|>', '<|endoftext|>', '<|endoftext|>', '<|endoftext|>'] [other]
  L28: '39.<|im_end|><|endoftext|><|endoftext|><|endoftext|><|endoftext|>' = ['3', '9', '.', '<|im_end|>', '<|endoftext|>', '<|endoftext|>', '<|endoftext|>', '<|endoftext|>'] [other]

row 111: base=NI -> source=KP  template=calling_code_prefill_v3
  question: 'What is the country calling code for the country in this image?'
  prefill : 'The country calling code is +'
  gold base   (expected unhooked) : '505' = ['5', '0', '5']
  gold source (expected if swap works): '850' = ['8', '5', '0']
  unhooked: '505. This corresponds to Nicaragua' = ['5', '0', '5', '.', ' This', ' corresponds', ' to', ' Nicaragua']
  L19: '505. This corresponds to Nicaragua' = ['5', '0', '5', '.', ' This', ' corresponds', ' to', ' Nicaragua'] [base]
  L20: '505. This corresponds to Nicaragua' = ['5', '0', '5', '.', ' This', ' corresponds', ' to', ' Nicaragua'] [base]
  L21: '505. This corresponds to Nicaragua' = ['5', '0', '5', '.', ' This', ' corresponds', ' to', ' Nicaragua'] [base]
  L22: '505. This corresponds to Nicaragua' = ['5', '0', '5', '.', ' This', ' corresponds', ' to', ' Nicaragua'] [base]
  L23: '852, which corresponds to Hong' = ['8', '5', '2', ',', ' which', ' corresponds', ' to', ' Hong'] [other]
  L24: '852, which corresponds to Hong' = ['8', '5', '2', ',', ' which', ' corresponds', ' to', ' Hong'] [other]
  L25: '852, which corresponds to Hong' = ['8', '5', '2', ',', ' which', ' corresponds', ' to', ' Hong'] [other]
  L26: '852, which corresponds to Hong' = ['8', '5', '2', ',', ' which', ' corresponds', ' to', ' Hong'] [other]
  L27: '852, which corresponds to Hong' = ['8', '5', '2', ',', ' which', ' corresponds', ' to', ' Hong'] [other]
  L28: '852, which corresponds to Hong' = ['8', '5', '2', ',', ' which', ' corresponds', ' to', ' Hong'] [other]

row 112: base=BD -> source=CU  template=calling_code_prefill_v3
  question: 'What is the country calling code for the country in this image?'
  prefill : 'The country calling code is +'
  gold base   (expected unhooked) : '880' = ['8', '8', '0']
  gold source (expected if swap works): '53' = ['5', '3']
  unhooked: '880. This is the country' = ['8', '8', '0', '.', ' This', ' is', ' the', ' country']
  L19: '880. This corresponds to Bangladesh' = ['8', '8', '0', '.', ' This', ' corresponds', ' to', ' Bangladesh'] [base]
  L20: '880. This is the country' = ['8', '8', '0', '.', ' This', ' is', ' the', ' country'] [base]
  L21: '880. This is the country' = ['8', '8', '0', '.', ' This', ' is', ' the', ' country'] [base]
  L22: '880. This is the country' = ['8', '8', '0', '.', ' This', ' is', ' the', ' country'] [base]
  L23: '501, which corresponds to Guatemala' = ['5', '0', '1', ',', ' which', ' corresponds', ' to', ' Guatemala'] [other]
  L24: '501, which corresponds to Guatemala' = ['5', '0', '1', ',', ' which', ' corresponds', ' to', ' Guatemala'] [other]
  L25: '501, which corresponds to Guatemala' = ['5', '0', '1', ',', ' which', ' corresponds', ' to', ' Guatemala'] [other]
  L26: '502. This corresponds to Guatemala' = ['5', '0', '2', '.', ' This', ' corresponds', ' to', ' Guatemala'] [other]
  L27: '501, which corresponds to Guatemala' = ['5', '0', '1', ',', ' which', ' corresponds', ' to', ' Guatemala'] [other]
  L28: '501, which corresponds to Guatemala' = ['5', '0', '1', ',', ' which', ' corresponds', ' to', ' Guatemala'] [other]

row 113: base=LY -> source=CO  template=calling_code_prefill_v3
  question: 'What is the country calling code for the country in this image?'
  prefill : 'The country calling code is +'
  gold base   (expected unhooked) : '218' = ['2', '1', '8']
  gold source (expected if swap works): '57' = ['5', '7']
  unhooked: '218. This is the country' = ['2', '1', '8', '.', ' This', ' is', ' the', ' country']
  L19: '218. This is the country' = ['2', '1', '8', '.', ' This', ' is', ' the', ' country'] [base]
  L20: '218. This is the country' = ['2', '1', '8', '.', ' This', ' is', ' the', ' country'] [base]
  L21: '218. This is the country' = ['2', '1', '8', '.', ' This', ' is', ' the', ' country'] [base]
  L22: '218. This is the country' = ['2', '1', '8', '.', ' This', ' is', ' the', ' country'] [base]
  L23: '218. This is the country' = ['2', '1', '8', '.', ' This', ' is', ' the', ' country'] [base]
  L24: '52. This corresponds to Mexico,' = ['5', '2', '.', ' This', ' corresponds', ' to', ' Mexico', ','] [other]
  L25: '52, which corresponds to Mexico.' = ['5', '2', ',', ' which', ' corresponds', ' to', ' Mexico', '.'] [other]
  L26: '52, which corresponds to Mexico.' = ['5', '2', ',', ' which', ' corresponds', ' to', ' Mexico', '.'] [other]
  L27: '52, which corresponds to Mexico.' = ['5', '2', ',', ' which', ' corresponds', ' to', ' Mexico', '.'] [other]
  L28: '52, which corresponds to Mexico.' = ['5', '2', ',', ' which', ' corresponds', ' to', ' Mexico', '.'] [other]

row 114: base=BR -> source=SN  template=calling_code_prefill_v6
  question: 'What country code do you dial to call this country?'
  prefill : 'The country code is +'
  gold base   (expected unhooked) : '55' = ['5', '5']
  gold source (expected if swap works): '221' = ['2', '2', '1']
  unhooked: '55. This is the international direct' = ['5', '5', '.', ' This', ' is', ' the', ' international', ' direct']
  L19: '55. This is the international direct' = ['5', '5', '.', ' This', ' is', ' the', ' international', ' direct'] [base]
  L20: '55. This is the international direct' = ['5', '5', '.', ' This', ' is', ' the', ' international', ' direct'] [base]
  L21: '55. This is the international direct' = ['5', '5', '.', ' This', ' is', ' the', ' international', ' direct'] [base]
  L22: '55. This is the international direct' = ['5', '5', '.', ' This', ' is', ' the', ' international', ' direct'] [base]
  L23: '256.<|im_end|><|endoftext|><|endoftext|><|endoftext|>' = ['2', '5', '6', '.', '<|im_end|>', '<|endoftext|>', '<|endoftext|>', '<|endoftext|>'] [other]
  L24: '253.<|im_end|><|endoftext|><|endoftext|><|endoftext|>' = ['2', '5', '3', '.', '<|im_end|>', '<|endoftext|>', '<|endoftext|>', '<|endoftext|>'] [other]
  L25: '253.<|im_end|><|endoftext|><|endoftext|><|endoftext|>' = ['2', '5', '3', '.', '<|im_end|>', '<|endoftext|>', '<|endoftext|>', '<|endoftext|>'] [other]
  L26: '253.<|im_end|><|endoftext|><|endoftext|><|endoftext|>' = ['2', '5', '3', '.', '<|im_end|>', '<|endoftext|>', '<|endoftext|>', '<|endoftext|>'] [other]
  L27: '256.<|im_end|><|endoftext|><|endoftext|><|endoftext|>' = ['2', '5', '6', '.', '<|im_end|>', '<|endoftext|>', '<|endoftext|>', '<|endoftext|>'] [other]
  L28: '256.<|im_end|><|endoftext|><|endoftext|><|endoftext|>' = ['2', '5', '6', '.', '<|im_end|>', '<|endoftext|>', '<|endoftext|>', '<|endoftext|>'] [other]

row 115: base=DE -> source=IT  template=calling_code_prefill_v5
  question: 'Identify the international dialing code of the country shown in this flag.'
  prefill : 'The dialing code is +'
  gold base   (expected unhooked) : '49' = ['4', '9']
  gold source (expected if swap works): '39' = ['3', '9']
  unhooked: '49.<|im_end|><|endoftext|><|endoftext|><|endoftext|><|endoftext|>' = ['4', '9', '.', '<|im_end|>', '<|endoftext|>', '<|endoftext|>', '<|endoftext|>', '<|endoftext|>']
  L19: '49.<|im_end|><|endoftext|><|endoftext|><|endoftext|><|endoftext|>' = ['4', '9', '.', '<|im_end|>', '<|endoftext|>', '<|endoftext|>', '<|endoftext|>', '<|endoftext|>'] [base]
  L20: '49.<|im_end|><|endoftext|><|endoftext|><|endoftext|><|endoftext|>' = ['4', '9', '.', '<|im_end|>', '<|endoftext|>', '<|endoftext|>', '<|endoftext|>', '<|endoftext|>'] [base]
  L21: '49.<|im_end|><|endoftext|><|endoftext|><|endoftext|><|endoftext|>' = ['4', '9', '.', '<|im_end|>', '<|endoftext|>', '<|endoftext|>', '<|endoftext|>', '<|endoftext|>'] [base]
  L22: '49.<|im_end|><|endoftext|><|endoftext|><|endoftext|><|endoftext|>' = ['4', '9', '.', '<|im_end|>', '<|endoftext|>', '<|endoftext|>', '<|endoftext|>', '<|endoftext|>'] [base]
  L23: '31.<|im_end|><|endoftext|><|endoftext|><|endoftext|><|endoftext|>' = ['3', '1', '.', '<|im_end|>', '<|endoftext|>', '<|endoftext|>', '<|endoftext|>', '<|endoftext|>'] [other]
  L24: '31.<|im_end|><|endoftext|><|endoftext|><|endoftext|><|endoftext|>' = ['3', '1', '.', '<|im_end|>', '<|endoftext|>', '<|endoftext|>', '<|endoftext|>', '<|endoftext|>'] [other]
  L25: '31.<|im_end|><|endoftext|><|endoftext|><|endoftext|><|endoftext|>' = ['3', '1', '.', '<|im_end|>', '<|endoftext|>', '<|endoftext|>', '<|endoftext|>', '<|endoftext|>'] [other]
  L26: '31.<|im_end|><|endoftext|><|endoftext|><|endoftext|><|endoftext|>' = ['3', '1', '.', '<|im_end|>', '<|endoftext|>', '<|endoftext|>', '<|endoftext|>', '<|endoftext|>'] [other]
  L27: '31.<|im_end|><|endoftext|><|endoftext|><|endoftext|><|endoftext|>' = ['3', '1', '.', '<|im_end|>', '<|endoftext|>', '<|endoftext|>', '<|endoftext|>', '<|endoftext|>'] [other]
  L28: '31.<|im_end|><|endoftext|><|endoftext|><|endoftext|><|endoftext|>' = ['3', '1', '.', '<|im_end|>', '<|endoftext|>', '<|endoftext|>', '<|endoftext|>', '<|endoftext|>'] [other]

row 116: base=JO -> source=SN  template=calling_code_prefill_v2
  question: 'Give the international dialling code of the country shown in this flag.'
  prefill : 'The dialling code is +'
  gold base   (expected unhooked) : '962' = ['9', '6', '2']
  gold source (expected if swap works): '221' = ['2', '2', '1']
  unhooked: '962.<|im_end|><|endoftext|><|endoftext|><|endoftext|>' = ['9', '6', '2', '.', '<|im_end|>', '<|endoftext|>', '<|endoftext|>', '<|endoftext|>']
  L19: '962.<|im_end|><|endoftext|><|endoftext|><|endoftext|>' = ['9', '6', '2', '.', '<|im_end|>', '<|endoftext|>', '<|endoftext|>', '<|endoftext|>'] [base]
  L20: '962.<|im_end|><|endoftext|><|endoftext|><|endoftext|>' = ['9', '6', '2', '.', '<|im_end|>', '<|endoftext|>', '<|endoftext|>', '<|endoftext|>'] [base]
  L21: '962.<|im_end|><|endoftext|><|endoftext|><|endoftext|>' = ['9', '6', '2', '.', '<|im_end|>', '<|endoftext|>', '<|endoftext|>', '<|endoftext|>'] [base]
  L22: '962.<|im_end|><|endoftext|><|endoftext|><|endoftext|>' = ['9', '6', '2', '.', '<|im_end|>', '<|endoftext|>', '<|endoftext|>', '<|endoftext|>'] [base]
  L23: '259.<|im_end|><|endoftext|><|endoftext|><|endoftext|>' = ['2', '5', '9', '.', '<|im_end|>', '<|endoftext|>', '<|endoftext|>', '<|endoftext|>'] [other]
  L24: '259.<|im_end|><|endoftext|><|endoftext|><|endoftext|>' = ['2', '5', '9', '.', '<|im_end|>', '<|endoftext|>', '<|endoftext|>', '<|endoftext|>'] [other]
  L25: '259.<|im_end|><|endoftext|><|endoftext|><|endoftext|>' = ['2', '5', '9', '.', '<|im_end|>', '<|endoftext|>', '<|endoftext|>', '<|endoftext|>'] [other]
  L26: '259.<|im_end|><|endoftext|><|endoftext|><|endoftext|>' = ['2', '5', '9', '.', '<|im_end|>', '<|endoftext|>', '<|endoftext|>', '<|endoftext|>'] [other]
  L27: '259.<|im_end|><|endoftext|><|endoftext|><|endoftext|>' = ['2', '5', '9', '.', '<|im_end|>', '<|endoftext|>', '<|endoftext|>', '<|endoftext|>'] [other]
  L28: '259.<|im_end|><|endoftext|><|endoftext|><|endoftext|>' = ['2', '5', '9', '.', '<|im_end|>', '<|endoftext|>', '<|endoftext|>', '<|endoftext|>'] [other]

row 117: base=CU -> source=RO  template=calling_code_prefill_v5
  question: 'Identify the international dialing code of the country shown in this flag.'
  prefill : 'The dialing code is +'
  gold base   (expected unhooked) : '53' = ['5', '3']
  gold source (expected if swap works): '40' = ['4', '0']
  unhooked: '53.<|im_end|><|endoftext|><|endoftext|><|endoftext|><|endoftext|>' = ['5', '3', '.', '<|im_end|>', '<|endoftext|>', '<|endoftext|>', '<|endoftext|>', '<|endoftext|>']
  L19: '53.<|im_end|><|endoftext|><|endoftext|><|endoftext|><|endoftext|>' = ['5', '3', '.', '<|im_end|>', '<|endoftext|>', '<|endoftext|>', '<|endoftext|>', '<|endoftext|>'] [base]
  L20: '53.<|im_end|><|endoftext|><|endoftext|><|endoftext|><|endoftext|>' = ['5', '3', '.', '<|im_end|>', '<|endoftext|>', '<|endoftext|>', '<|endoftext|>', '<|endoftext|>'] [base]
  L21: '53.<|im_end|><|endoftext|><|endoftext|><|endoftext|><|endoftext|>' = ['5', '3', '.', '<|im_end|>', '<|endoftext|>', '<|endoftext|>', '<|endoftext|>', '<|endoftext|>'] [base]
  L22: '53.<|im_end|><|endoftext|><|endoftext|><|endoftext|><|endoftext|>' = ['5', '3', '.', '<|im_end|>', '<|endoftext|>', '<|endoftext|>', '<|endoftext|>', '<|endoftext|>'] [base]
  L23: '53.<|im_end|><|endoftext|><|endoftext|><|endoftext|><|endoftext|>' = ['5', '3', '.', '<|im_end|>', '<|endoftext|>', '<|endoftext|>', '<|endoftext|>', '<|endoftext|>'] [base]
  L24: '43.<|im_end|><|endoftext|><|endoftext|><|endoftext|><|endoftext|>' = ['4', '3', '.', '<|im_end|>', '<|endoftext|>', '<|endoftext|>', '<|endoftext|>', '<|endoftext|>'] [other]
  L25: '43.<|im_end|><|endoftext|><|endoftext|><|endoftext|><|endoftext|>' = ['4', '3', '.', '<|im_end|>', '<|endoftext|>', '<|endoftext|>', '<|endoftext|>', '<|endoftext|>'] [other]
  L26: '43.<|im_end|><|endoftext|><|endoftext|><|endoftext|><|endoftext|>' = ['4', '3', '.', '<|im_end|>', '<|endoftext|>', '<|endoftext|>', '<|endoftext|>', '<|endoftext|>'] [other]
  L27: '43.<|im_end|><|endoftext|><|endoftext|><|endoftext|><|endoftext|>' = ['4', '3', '.', '<|im_end|>', '<|endoftext|>', '<|endoftext|>', '<|endoftext|>', '<|endoftext|>'] [other]
  L28: '423.<|im_end|><|endoftext|><|endoftext|><|endoftext|>' = ['4', '2', '3', '.', '<|im_end|>', '<|endoftext|>', '<|endoftext|>', '<|endoftext|>'] [other]

row 118: base=TZ -> source=ES  template=calling_code_prefill_v4
  question: 'What is the phone country code for the country in this image?'
  prefill : 'The phone code is +'
  gold base   (expected unhooked) : '255' = ['2', '5', '5']
  gold source (expected if swap works): '34' = ['3', '4']
  unhooked: '255. This corresponds to Tanzania' = ['2', '5', '5', '.', ' This', ' corresponds', ' to', ' Tanzania']
  L19: '255. This corresponds to Tanzania' = ['2', '5', '5', '.', ' This', ' corresponds', ' to', ' Tanzania'] [base]
  L20: '255. This corresponds to Tanzania' = ['2', '5', '5', '.', ' This', ' corresponds', ' to', ' Tanzania'] [base]
  L21: '255. This corresponds to Tanzania' = ['2', '5', '5', '.', ' This', ' corresponds', ' to', ' Tanzania'] [base]
  L22: '255. This corresponds to Tanzania' = ['2', '5', '5', '.', ' This', ' corresponds', ' to', ' Tanzania'] [base]
  L23: '356. This corresponds to Malta' = ['3', '5', '6', '.', ' This', ' corresponds', ' to', ' Malta'] [other]
  L24: '356. This corresponds to Malta' = ['3', '5', '6', '.', ' This', ' corresponds', ' to', ' Malta'] [other]
  L25: '356. This corresponds to Malta' = ['3', '5', '6', '.', ' This', ' corresponds', ' to', ' Malta'] [other]
  L26: '356. This corresponds to Malta' = ['3', '5', '6', '.', ' This', ' corresponds', ' to', ' Malta'] [other]
  L27: '356. This corresponds to Malta' = ['3', '5', '6', '.', ' This', ' corresponds', ' to', ' Malta'] [other]
  L28: '356. This corresponds to Malta' = ['3', '5', '6', '.', ' This', ' corresponds', ' to', ' Malta'] [other]

row 119: base=BH -> source=HT  template=calling_code_prefill_v4
  question: 'What is the phone country code for the country in this image?'
  prefill : 'The phone code is +'
  gold base   (expected unhooked) : '973' = ['9', '7', '3']
  gold source (expected if swap works): '509' = ['5', '0', '9']
  unhooked: '973. This is the country' = ['9', '7', '3', '.', ' This', ' is', ' the', ' country']
  L19: '973. This is the country' = ['9', '7', '3', '.', ' This', ' is', ' the', ' country'] [base]
  L20: '973. This is the country' = ['9', '7', '3', '.', ' This', ' is', ' the', ' country'] [base]
  L21: '973. This is the country' = ['9', '7', '3', '.', ' This', ' is', ' the', ' country'] [base]
  L22: '973. This is the country' = ['9', '7', '3', '.', ' This', ' is', ' the', ' country'] [base]
  L23: '973. This is the country' = ['9', '7', '3', '.', ' This', ' is', ' the', ' country'] [base]
  L24: '591. This corresponds to Bolivia' = ['5', '9', '1', '.', ' This', ' corresponds', ' to', ' Bolivia'] [other]
  L25: '591. This corresponds to Bolivia' = ['5', '9', '1', '.', ' This', ' corresponds', ' to', ' Bolivia'] [other]
  L26: '591. This corresponds to Bolivia' = ['5', '9', '1', '.', ' This', ' corresponds', ' to', ' Bolivia'] [other]
  L27: '591. This corresponds to Bolivia' = ['5', '9', '1', '.', ' This', ' corresponds', ' to', ' Bolivia'] [other]
  L28: '591. This corresponds to Bolivia' = ['5', '9', '1', '.', ' This', ' corresponds', ' to', ' Bolivia'] [other]

row 120: base=EG -> source=KW  template=calling_code_prefill_v3
  question: 'What is the country calling code for the country in this image?'
  prefill : 'The country calling code is +'
  gold base   (expected unhooked) : '20' = ['2', '0']
  gold source (expected if swap works): '965' = ['9', '6', '5']
  unhooked: '20. This is the country calling' = ['2', '0', '.', ' This', ' is', ' the', ' country', ' calling']
  L19: '20. This is the country calling' = ['2', '0', '.', ' This', ' is', ' the', ' country', ' calling'] [base]
  L20: '20. This is the country calling' = ['2', '0', '.', ' This', ' is', ' the', ' country', ' calling'] [base]
  L21: '20. This is the country calling' = ['2', '0', '.', ' This', ' is', ' the', ' country', ' calling'] [base]
  L22: '20. This is the country calling' = ['2', '0', '.', ' This', ' is', ' the', ' country', ' calling'] [base]
  L23: '966. This corresponds to Saudi' = ['9', '6', '6', '.', ' This', ' corresponds', ' to', ' Saudi'] [other]
  L24: '966. This corresponds to Saudi' = ['9', '6', '6', '.', ' This', ' corresponds', ' to', ' Saudi'] [other]
  L25: '966. This corresponds to Saudi' = ['9', '6', '6', '.', ' This', ' corresponds', ' to', ' Saudi'] [other]
  L26: '966. This corresponds to Saudi' = ['9', '6', '6', '.', ' This', ' corresponds', ' to', ' Saudi'] [other]
  L27: '966. This corresponds to Saudi' = ['9', '6', '6', '.', ' This', ' corresponds', ' to', ' Saudi'] [other]
  L28: '966. This corresponds to Saudi' = ['9', '6', '6', '.', ' This', ' corresponds', ' to', ' Saudi'] [other]

row 121: base=IT -> source=LA  template=calling_code_prefill_v6
  question: 'What country code do you dial to call this country?'
  prefill : 'The country code is +'
  gold base   (expected unhooked) : '39' = ['3', '9']
  gold source (expected if swap works): '856' = ['8', '5', '6']
  unhooked: '39.<|im_end|><|endoftext|><|endoftext|><|endoftext|><|endoftext|>' = ['3', '9', '.', '<|im_end|>', '<|endoftext|>', '<|endoftext|>', '<|endoftext|>', '<|endoftext|>']
  L19: '39.<|im_end|><|endoftext|><|endoftext|><|endoftext|><|endoftext|>' = ['3', '9', '.', '<|im_end|>', '<|endoftext|>', '<|endoftext|>', '<|endoftext|>', '<|endoftext|>'] [base]
  L20: '39.<|im_end|><|endoftext|><|endoftext|><|endoftext|><|endoftext|>' = ['3', '9', '.', '<|im_end|>', '<|endoftext|>', '<|endoftext|>', '<|endoftext|>', '<|endoftext|>'] [base]
  L21: '39.<|im_end|><|endoftext|><|endoftext|><|endoftext|><|endoftext|>' = ['3', '9', '.', '<|im_end|>', '<|endoftext|>', '<|endoftext|>', '<|endoftext|>', '<|endoftext|>'] [base]
  L22: '39.<|im_end|><|endoftext|><|endoftext|><|endoftext|><|endoftext|>' = ['3', '9', '.', '<|im_end|>', '<|endoftext|>', '<|endoftext|>', '<|endoftext|>', '<|endoftext|>'] [base]
  L23: '86.<|im_end|><|endoftext|><|endoftext|><|endoftext|><|endoftext|>' = ['8', '6', '.', '<|im_end|>', '<|endoftext|>', '<|endoftext|>', '<|endoftext|>', '<|endoftext|>'] [other]
  L24: '86.<|im_end|><|endoftext|><|endoftext|><|endoftext|><|endoftext|>' = ['8', '6', '.', '<|im_end|>', '<|endoftext|>', '<|endoftext|>', '<|endoftext|>', '<|endoftext|>'] [other]
  L25: '86.<|im_end|><|endoftext|><|endoftext|><|endoftext|><|endoftext|>' = ['8', '6', '.', '<|im_end|>', '<|endoftext|>', '<|endoftext|>', '<|endoftext|>', '<|endoftext|>'] [other]
  L26: '86.<|im_end|><|endoftext|><|endoftext|><|endoftext|><|endoftext|>' = ['8', '6', '.', '<|im_end|>', '<|endoftext|>', '<|endoftext|>', '<|endoftext|>', '<|endoftext|>'] [other]
  L27: '86.<|im_end|><|endoftext|><|endoftext|><|endoftext|><|endoftext|>' = ['8', '6', '.', '<|im_end|>', '<|endoftext|>', '<|endoftext|>', '<|endoftext|>', '<|endoftext|>'] [other]
  L28: '86.<|im_end|><|endoftext|><|endoftext|><|endoftext|><|endoftext|>' = ['8', '6', '.', '<|im_end|>', '<|endoftext|>', '<|endoftext|>', '<|endoftext|>', '<|endoftext|>'] [other]

row 122: base=BR -> source=LA  template=calling_code_prefill_v6
  question: 'What country code do you dial to call this country?'
  prefill : 'The country code is +'
  gold base   (expected unhooked) : '55' = ['5', '5']
  gold source (expected if swap works): '856' = ['8', '5', '6']
  unhooked: '55. This is the international direct' = ['5', '5', '.', ' This', ' is', ' the', ' international', ' direct']
  L19: '55. This is the international direct' = ['5', '5', '.', ' This', ' is', ' the', ' international', ' direct'] [base]
  L20: '55. This is the international direct' = ['5', '5', '.', ' This', ' is', ' the', ' international', ' direct'] [base]
  L21: '55. This is the international direct' = ['5', '5', '.', ' This', ' is', ' the', ' international', ' direct'] [base]
  L22: '55. This is the international direct' = ['5', '5', '.', ' This', ' is', ' the', ' international', ' direct'] [base]
  L23: '55. This is the international direct' = ['5', '5', '.', ' This', ' is', ' the', ' international', ' direct'] [base]
  L24: '852.<|im_end|><|endoftext|><|endoftext|><|endoftext|>' = ['8', '5', '2', '.', '<|im_end|>', '<|endoftext|>', '<|endoftext|>', '<|endoftext|>'] [other]
  L25: '852.<|im_end|><|endoftext|><|endoftext|><|endoftext|>' = ['8', '5', '2', '.', '<|im_end|>', '<|endoftext|>', '<|endoftext|>', '<|endoftext|>'] [other]
  L26: '852.<|im_end|><|endoftext|><|endoftext|><|endoftext|>' = ['8', '5', '2', '.', '<|im_end|>', '<|endoftext|>', '<|endoftext|>', '<|endoftext|>'] [other]
  L27: '852.<|im_end|><|endoftext|><|endoftext|><|endoftext|>' = ['8', '5', '2', '.', '<|im_end|>', '<|endoftext|>', '<|endoftext|>', '<|endoftext|>'] [other]
  L28: '852.<|im_end|><|endoftext|><|endoftext|><|endoftext|>' = ['8', '5', '2', '.', '<|im_end|>', '<|endoftext|>', '<|endoftext|>', '<|endoftext|>'] [other]

row 123: base=LB -> source=HU  template=calling_code_prefill_v1
  question: 'What is the international calling code of the country in this image?'
  prefill : 'The calling code is +'
  gold base   (expected unhooked) : '961' = ['9', '6', '1']
  gold source (expected if swap works): '36' = ['3', '6']
  unhooked: '961. This corresponds to Lebanon' = ['9', '6', '1', '.', ' This', ' corresponds', ' to', ' Lebanon']
  L19: '961. This corresponds to Lebanon' = ['9', '6', '1', '.', ' This', ' corresponds', ' to', ' Lebanon'] [base]
  L20: '961. This corresponds to Lebanon' = ['9', '6', '1', '.', ' This', ' corresponds', ' to', ' Lebanon'] [base]
  L21: '961. This corresponds to Lebanon' = ['9', '6', '1', '.', ' This', ' corresponds', ' to', ' Lebanon'] [base]
  L22: '961. This corresponds to Lebanon' = ['9', '6', '1', '.', ' This', ' corresponds', ' to', ' Lebanon'] [base]
  L23: '961. This corresponds to Lebanon' = ['9', '6', '1', '.', ' This', ' corresponds', ' to', ' Lebanon'] [base]
  L24: '352.<|im_end|><|endoftext|><|endoftext|><|endoftext|>' = ['3', '5', '2', '.', '<|im_end|>', '<|endoftext|>', '<|endoftext|>', '<|endoftext|>'] [other]
  L25: '352.<|im_end|><|endoftext|><|endoftext|><|endoftext|>' = ['3', '5', '2', '.', '<|im_end|>', '<|endoftext|>', '<|endoftext|>', '<|endoftext|>'] [other]
  L26: '352.<|im_end|><|endoftext|><|endoftext|><|endoftext|>' = ['3', '5', '2', '.', '<|im_end|>', '<|endoftext|>', '<|endoftext|>', '<|endoftext|>'] [other]
  L27: '352.<|im_end|><|endoftext|><|endoftext|><|endoftext|>' = ['3', '5', '2', '.', '<|im_end|>', '<|endoftext|>', '<|endoftext|>', '<|endoftext|>'] [other]
  L28: '352.<|im_end|><|endoftext|><|endoftext|><|endoftext|>' = ['3', '5', '2', '.', '<|im_end|>', '<|endoftext|>', '<|endoftext|>', '<|endoftext|>'] [other]

row 124: base=UY -> source=NI  template=calling_code_prefill_v6
  question: 'What country code do you dial to call this country?'
  prefill : 'The country code is +'
  gold base   (expected unhooked) : '598' = ['5', '9', '8']
  gold source (expected if swap works): '505' = ['5', '0', '5']
  unhooked: '598.<|im_end|><|endoftext|><|endoftext|><|endoftext|>' = ['5', '9', '8', '.', '<|im_end|>', '<|endoftext|>', '<|endoftext|>', '<|endoftext|>']
  L19: '598.<|im_end|><|endoftext|><|endoftext|><|endoftext|>' = ['5', '9', '8', '.', '<|im_end|>', '<|endoftext|>', '<|endoftext|>', '<|endoftext|>'] [base]
  L20: '598.<|im_end|><|endoftext|><|endoftext|><|endoftext|>' = ['5', '9', '8', '.', '<|im_end|>', '<|endoftext|>', '<|endoftext|>', '<|endoftext|>'] [base]
  L21: '598.<|im_end|><|endoftext|><|endoftext|><|endoftext|>' = ['5', '9', '8', '.', '<|im_end|>', '<|endoftext|>', '<|endoftext|>', '<|endoftext|>'] [base]
  L22: '598.<|im_end|><|endoftext|><|endoftext|><|endoftext|>' = ['5', '9', '8', '.', '<|im_end|>', '<|endoftext|>', '<|endoftext|>', '<|endoftext|>'] [base]
  L23: '598.<|im_end|><|endoftext|><|endoftext|><|endoftext|>' = ['5', '9', '8', '.', '<|im_end|>', '<|endoftext|>', '<|endoftext|>', '<|endoftext|>'] [base]
  L24: '598.<|im_end|><|endoftext|><|endoftext|><|endoftext|>' = ['5', '9', '8', '.', '<|im_end|>', '<|endoftext|>', '<|endoftext|>', '<|endoftext|>'] [base]
  L25: '598.<|im_end|><|endoftext|><|endoftext|><|endoftext|>' = ['5', '9', '8', '.', '<|im_end|>', '<|endoftext|>', '<|endoftext|>', '<|endoftext|>'] [base]
  L26: '598.<|im_end|><|endoftext|><|endoftext|><|endoftext|>' = ['5', '9', '8', '.', '<|im_end|>', '<|endoftext|>', '<|endoftext|>', '<|endoftext|>'] [base]
  L27: '598.<|im_end|><|endoftext|><|endoftext|><|endoftext|>' = ['5', '9', '8', '.', '<|im_end|>', '<|endoftext|>', '<|endoftext|>', '<|endoftext|>'] [base]
  L28: '598.<|im_end|><|endoftext|><|endoftext|><|endoftext|>' = ['5', '9', '8', '.', '<|im_end|>', '<|endoftext|>', '<|endoftext|>', '<|endoftext|>'] [base]

row 125: base=MK -> source=NA  template=calling_code_prefill_v2
  question: 'Give the international dialling code of the country shown in this flag.'
  prefill : 'The dialling code is +'
  gold base   (expected unhooked) : '389' = ['3', '8', '9']
  gold source (expected if swap works): '264' = ['2', '6', '4']
  unhooked: '389.<|im_end|><|endoftext|><|endoftext|><|endoftext|>' = ['3', '8', '9', '.', '<|im_end|>', '<|endoftext|>', '<|endoftext|>', '<|endoftext|>']
  L19: '389.<|im_end|><|endoftext|><|endoftext|><|endoftext|>' = ['3', '8', '9', '.', '<|im_end|>', '<|endoftext|>', '<|endoftext|>', '<|endoftext|>'] [base]
  L20: '389.<|im_end|><|endoftext|><|endoftext|><|endoftext|>' = ['3', '8', '9', '.', '<|im_end|>', '<|endoftext|>', '<|endoftext|>', '<|endoftext|>'] [base]
  L21: '389.<|im_end|><|endoftext|><|endoftext|><|endoftext|>' = ['3', '8', '9', '.', '<|im_end|>', '<|endoftext|>', '<|endoftext|>', '<|endoftext|>'] [base]
  L22: '389.<|im_end|><|endoftext|><|endoftext|><|endoftext|>' = ['3', '8', '9', '.', '<|im_end|>', '<|endoftext|>', '<|endoftext|>', '<|endoftext|>'] [base]
  L23: '260.<|im_end|><|endoftext|><|endoftext|><|endoftext|>' = ['2', '6', '0', '.', '<|im_end|>', '<|endoftext|>', '<|endoftext|>', '<|endoftext|>'] [other]
  L24: '250.<|im_end|><|endoftext|><|endoftext|><|endoftext|>' = ['2', '5', '0', '.', '<|im_end|>', '<|endoftext|>', '<|endoftext|>', '<|endoftext|>'] [other]
  L25: '250.<|im_end|><|endoftext|><|endoftext|><|endoftext|>' = ['2', '5', '0', '.', '<|im_end|>', '<|endoftext|>', '<|endoftext|>', '<|endoftext|>'] [other]
  L26: '260.<|im_end|><|endoftext|><|endoftext|><|endoftext|>' = ['2', '6', '0', '.', '<|im_end|>', '<|endoftext|>', '<|endoftext|>', '<|endoftext|>'] [other]
  L27: '260.<|im_end|><|endoftext|><|endoftext|><|endoftext|>' = ['2', '6', '0', '.', '<|im_end|>', '<|endoftext|>', '<|endoftext|>', '<|endoftext|>'] [other]
  L28: '260.<|im_end|><|endoftext|><|endoftext|><|endoftext|>' = ['2', '6', '0', '.', '<|im_end|>', '<|endoftext|>', '<|endoftext|>', '<|endoftext|>'] [other]

row 126: base=DK -> source=LY  template=calling_code_prefill_v1
  question: 'What is the international calling code of the country in this image?'
  prefill : 'The calling code is +'
  gold base   (expected unhooked) : '45' = ['4', '5']
  gold source (expected if swap works): '218' = ['2', '1', '8']
  unhooked: '45, which corresponds to Denmark.' = ['4', '5', ',', ' which', ' corresponds', ' to', ' Denmark', '.']
  L19: '45, which corresponds to Denmark.' = ['4', '5', ',', ' which', ' corresponds', ' to', ' Denmark', '.'] [base]
  L20: '45, which corresponds to Denmark.' = ['4', '5', ',', ' which', ' corresponds', ' to', ' Denmark', '.'] [base]
  L21: '45, which corresponds to Denmark.' = ['4', '5', ',', ' which', ' corresponds', ' to', ' Denmark', '.'] [base]
  L22: '246.<|im_end|><|endoftext|><|endoftext|><|endoftext|>' = ['2', '4', '6', '.', '<|im_end|>', '<|endoftext|>', '<|endoftext|>', '<|endoftext|>'] [other]
  L23: '246.<|im_end|><|endoftext|><|endoftext|><|endoftext|>' = ['2', '4', '6', '.', '<|im_end|>', '<|endoftext|>', '<|endoftext|>', '<|endoftext|>'] [other]
  L24: '246.<|im_end|><|endoftext|><|endoftext|><|endoftext|>' = ['2', '4', '6', '.', '<|im_end|>', '<|endoftext|>', '<|endoftext|>', '<|endoftext|>'] [other]
  L25: '246.<|im_end|><|endoftext|><|endoftext|><|endoftext|>' = ['2', '4', '6', '.', '<|im_end|>', '<|endoftext|>', '<|endoftext|>', '<|endoftext|>'] [other]
  L26: '246.<|im_end|><|endoftext|><|endoftext|><|endoftext|>' = ['2', '4', '6', '.', '<|im_end|>', '<|endoftext|>', '<|endoftext|>', '<|endoftext|>'] [other]
  L27: '246.<|im_end|><|endoftext|><|endoftext|><|endoftext|>' = ['2', '4', '6', '.', '<|im_end|>', '<|endoftext|>', '<|endoftext|>', '<|endoftext|>'] [other]
  L28: '246.<|im_end|><|endoftext|><|endoftext|><|endoftext|>' = ['2', '4', '6', '.', '<|im_end|>', '<|endoftext|>', '<|endoftext|>', '<|endoftext|>'] [other]

row 127: base=RS -> source=QA  template=calling_code_prefill_v6
  question: 'What country code do you dial to call this country?'
  prefill : 'The country code is +'
  gold base   (expected unhooked) : '381' = ['3', '8', '1']
  gold source (expected if swap works): '974' = ['9', '7', '4']
  unhooked: '381.<|im_end|><|endoftext|><|endoftext|><|endoftext|>' = ['3', '8', '1', '.', '<|im_end|>', '<|endoftext|>', '<|endoftext|>', '<|endoftext|>']
  L19: '381.<|im_end|><|endoftext|><|endoftext|><|endoftext|>' = ['3', '8', '1', '.', '<|im_end|>', '<|endoftext|>', '<|endoftext|>', '<|endoftext|>'] [base]
  L20: '381.<|im_end|><|endoftext|><|endoftext|><|endoftext|>' = ['3', '8', '1', '.', '<|im_end|>', '<|endoftext|>', '<|endoftext|>', '<|endoftext|>'] [base]
  L21: '381.<|im_end|><|endoftext|><|endoftext|><|endoftext|>' = ['3', '8', '1', '.', '<|im_end|>', '<|endoftext|>', '<|endoftext|>', '<|endoftext|>'] [base]
  L22: '381.<|im_end|><|endoftext|><|endoftext|><|endoftext|>' = ['3', '8', '1', '.', '<|im_end|>', '<|endoftext|>', '<|endoftext|>', '<|endoftext|>'] [base]
  L23: '972.<|im_end|><|endoftext|><|endoftext|><|endoftext|>' = ['9', '7', '2', '.', '<|im_end|>', '<|endoftext|>', '<|endoftext|>', '<|endoftext|>'] [other]
  L24: '972.<|im_end|><|endoftext|><|endoftext|><|endoftext|>' = ['9', '7', '2', '.', '<|im_end|>', '<|endoftext|>', '<|endoftext|>', '<|endoftext|>'] [other]
  L25: '972.<|im_end|><|endoftext|><|endoftext|><|endoftext|>' = ['9', '7', '2', '.', '<|im_end|>', '<|endoftext|>', '<|endoftext|>', '<|endoftext|>'] [other]
  L26: '90.<|im_end|><|endoftext|><|endoftext|><|endoftext|><|endoftext|>' = ['9', '0', '.', '<|im_end|>', '<|endoftext|>', '<|endoftext|>', '<|endoftext|>', '<|endoftext|>'] [other]
  L27: '972.<|im_end|><|endoftext|><|endoftext|><|endoftext|>' = ['9', '7', '2', '.', '<|im_end|>', '<|endoftext|>', '<|endoftext|>', '<|endoftext|>'] [other]
  L28: '972.<|im_end|><|endoftext|><|endoftext|><|endoftext|>' = ['9', '7', '2', '.', '<|im_end|>', '<|endoftext|>', '<|endoftext|>', '<|endoftext|>'] [other]

row 128: base=SG -> source=FJ  template=calling_code_prefill_v5
  question: 'Identify the international dialing code of the country shown in this flag.'
  prefill : 'The dialing code is +'
  gold base   (expected unhooked) : '65' = ['6', '5']
  gold source (expected if swap works): '679' = ['6', '7', '9']
  unhooked: '65.<|im_end|><|endoftext|><|endoftext|><|endoftext|><|endoftext|>' = ['6', '5', '.', '<|im_end|>', '<|endoftext|>', '<|endoftext|>', '<|endoftext|>', '<|endoftext|>']
  L19: '65.<|im_end|><|endoftext|><|endoftext|><|endoftext|><|endoftext|>' = ['6', '5', '.', '<|im_end|>', '<|endoftext|>', '<|endoftext|>', '<|endoftext|>', '<|endoftext|>'] [base]
  L20: '65.<|im_end|><|endoftext|><|endoftext|><|endoftext|><|endoftext|>' = ['6', '5', '.', '<|im_end|>', '<|endoftext|>', '<|endoftext|>', '<|endoftext|>', '<|endoftext|>'] [base]
  L21: '65.<|im_end|><|endoftext|><|endoftext|><|endoftext|><|endoftext|>' = ['6', '5', '.', '<|im_end|>', '<|endoftext|>', '<|endoftext|>', '<|endoftext|>', '<|endoftext|>'] [base]
  L22: '65.<|im_end|><|endoftext|><|endoftext|><|endoftext|><|endoftext|>' = ['6', '5', '.', '<|im_end|>', '<|endoftext|>', '<|endoftext|>', '<|endoftext|>', '<|endoftext|>'] [base]
  L23: '65.<|im_end|><|endoftext|><|endoftext|><|endoftext|><|endoftext|>' = ['6', '5', '.', '<|im_end|>', '<|endoftext|>', '<|endoftext|>', '<|endoftext|>', '<|endoftext|>'] [base]
  L24: '65.<|im_end|><|endoftext|><|endoftext|><|endoftext|><|endoftext|>' = ['6', '5', '.', '<|im_end|>', '<|endoftext|>', '<|endoftext|>', '<|endoftext|>', '<|endoftext|>'] [base]
  L25: '65.<|im_end|><|endoftext|><|endoftext|><|endoftext|><|endoftext|>' = ['6', '5', '.', '<|im_end|>', '<|endoftext|>', '<|endoftext|>', '<|endoftext|>', '<|endoftext|>'] [base]
  L26: '65.<|im_end|><|endoftext|><|endoftext|><|endoftext|><|endoftext|>' = ['6', '5', '.', '<|im_end|>', '<|endoftext|>', '<|endoftext|>', '<|endoftext|>', '<|endoftext|>'] [base]
  L27: '65.<|im_end|><|endoftext|><|endoftext|><|endoftext|><|endoftext|>' = ['6', '5', '.', '<|im_end|>', '<|endoftext|>', '<|endoftext|>', '<|endoftext|>', '<|endoftext|>'] [base]
  L28: '65.<|im_end|><|endoftext|><|endoftext|><|endoftext|><|endoftext|>' = ['6', '5', '.', '<|im_end|>', '<|endoftext|>', '<|endoftext|>', '<|endoftext|>', '<|endoftext|>'] [base]

row 129: base=FJ -> source=BH  template=calling_code_prefill_v6
  question: 'What country code do you dial to call this country?'
  prefill : 'The country code is +'
  gold base   (expected unhooked) : '679' = ['6', '7', '9']
  gold source (expected if swap works): '973' = ['9', '7', '3']
  unhooked: '679.<|im_end|><|endoftext|><|endoftext|><|endoftext|>' = ['6', '7', '9', '.', '<|im_end|>', '<|endoftext|>', '<|endoftext|>', '<|endoftext|>']
  L19: '679.<|im_end|><|endoftext|><|endoftext|><|endoftext|>' = ['6', '7', '9', '.', '<|im_end|>', '<|endoftext|>', '<|endoftext|>', '<|endoftext|>'] [base]
  L20: '679.<|im_end|><|endoftext|><|endoftext|><|endoftext|>' = ['6', '7', '9', '.', '<|im_end|>', '<|endoftext|>', '<|endoftext|>', '<|endoftext|>'] [base]
  L21: '679.<|im_end|><|endoftext|><|endoftext|><|endoftext|>' = ['6', '7', '9', '.', '<|im_end|>', '<|endoftext|>', '<|endoftext|>', '<|endoftext|>'] [base]
  L22: '679.<|im_end|><|endoftext|><|endoftext|><|endoftext|>' = ['6', '7', '9', '.', '<|im_end|>', '<|endoftext|>', '<|endoftext|>', '<|endoftext|>'] [base]
  L23: '976.<|im_end|><|endoftext|><|endoftext|><|endoftext|>' = ['9', '7', '6', '.', '<|im_end|>', '<|endoftext|>', '<|endoftext|>', '<|endoftext|>'] [other]
  L24: '976.<|im_end|><|endoftext|><|endoftext|><|endoftext|>' = ['9', '7', '6', '.', '<|im_end|>', '<|endoftext|>', '<|endoftext|>', '<|endoftext|>'] [other]
  L25: '976.<|im_end|><|endoftext|><|endoftext|><|endoftext|>' = ['9', '7', '6', '.', '<|im_end|>', '<|endoftext|>', '<|endoftext|>', '<|endoftext|>'] [other]
  L26: '976.<|im_end|><|endoftext|><|endoftext|><|endoftext|>' = ['9', '7', '6', '.', '<|im_end|>', '<|endoftext|>', '<|endoftext|>', '<|endoftext|>'] [other]
  L27: '976.<|im_end|><|endoftext|><|endoftext|><|endoftext|>' = ['9', '7', '6', '.', '<|im_end|>', '<|endoftext|>', '<|endoftext|>', '<|endoftext|>'] [other]
  L28: '976.<|im_end|><|endoftext|><|endoftext|><|endoftext|>' = ['9', '7', '6', '.', '<|im_end|>', '<|endoftext|>', '<|endoftext|>', '<|endoftext|>'] [other]

row 130: base=ET -> source=IT  template=calling_code_prefill_v3
  question: 'What is the country calling code for the country in this image?'
  prefill : 'The country calling code is +'
  gold base   (expected unhooked) : '251' = ['2', '5', '1']
  gold source (expected if swap works): '39' = ['3', '9']
  unhooked: '251. This corresponds to Ethiopia' = ['2', '5', '1', '.', ' This', ' corresponds', ' to', ' Ethiopia']
  L19: '251. This corresponds to Ethiopia' = ['2', '5', '1', '.', ' This', ' corresponds', ' to', ' Ethiopia'] [base]
  L20: '251. This corresponds to Ethiopia' = ['2', '5', '1', '.', ' This', ' corresponds', ' to', ' Ethiopia'] [base]
  L21: '251. This corresponds to Ethiopia' = ['2', '5', '1', '.', ' This', ' corresponds', ' to', ' Ethiopia'] [base]
  L22: '251. This corresponds to Ethiopia' = ['2', '5', '1', '.', ' This', ' corresponds', ' to', ' Ethiopia'] [base]
  L23: '39. This corresponds to Italy,' = ['3', '9', '.', ' This', ' corresponds', ' to', ' Italy', ','] [HIT]
  L24: '39. This corresponds to Italy,' = ['3', '9', '.', ' This', ' corresponds', ' to', ' Italy', ','] [HIT]
  L25: '39. This corresponds to Italy,' = ['3', '9', '.', ' This', ' corresponds', ' to', ' Italy', ','] [HIT]
  L26: '39. This corresponds to Italy,' = ['3', '9', '.', ' This', ' corresponds', ' to', ' Italy', ','] [HIT]
  L27: '39. This corresponds to Italy,' = ['3', '9', '.', ' This', ' corresponds', ' to', ' Italy', ','] [HIT]
  L28: '39. This corresponds to Italy,' = ['3', '9', '.', ' This', ' corresponds', ' to', ' Italy', ','] [HIT]

row 131: base=TN -> source=CU  template=calling_code_prefill_v4
  question: 'What is the phone country code for the country in this image?'
  prefill : 'The phone code is +'
  gold base   (expected unhooked) : '216' = ['2', '1', '6']
  gold source (expected if swap works): '53' = ['5', '3']
  unhooked: '216. This corresponds to Tunisia' = ['2', '1', '6', '.', ' This', ' corresponds', ' to', ' Tunisia']
  L19: '216. This corresponds to Tunisia' = ['2', '1', '6', '.', ' This', ' corresponds', ' to', ' Tunisia'] [base]
  L20: '216. This corresponds to Tunisia' = ['2', '1', '6', '.', ' This', ' corresponds', ' to', ' Tunisia'] [base]
  L21: '216. This corresponds to Tunisia' = ['2', '1', '6', '.', ' This', ' corresponds', ' to', ' Tunisia'] [base]
  L22: '216. This corresponds to Tunisia' = ['2', '1', '6', '.', ' This', ' corresponds', ' to', ' Tunisia'] [base]
  L23: '52.<|im_end|><|endoftext|><|endoftext|><|endoftext|><|endoftext|>' = ['5', '2', '.', '<|im_end|>', '<|endoftext|>', '<|endoftext|>', '<|endoftext|>', '<|endoftext|>'] [other]
  L24: '52.<|im_end|><|endoftext|><|endoftext|><|endoftext|><|endoftext|>' = ['5', '2', '.', '<|im_end|>', '<|endoftext|>', '<|endoftext|>', '<|endoftext|>', '<|endoftext|>'] [other]
  L25: '52.<|im_end|><|endoftext|><|endoftext|><|endoftext|><|endoftext|>' = ['5', '2', '.', '<|im_end|>', '<|endoftext|>', '<|endoftext|>', '<|endoftext|>', '<|endoftext|>'] [other]
  L26: '52.<|im_end|><|endoftext|><|endoftext|><|endoftext|><|endoftext|>' = ['5', '2', '.', '<|im_end|>', '<|endoftext|>', '<|endoftext|>', '<|endoftext|>', '<|endoftext|>'] [other]
  L27: '52.<|im_end|><|endoftext|><|endoftext|><|endoftext|><|endoftext|>' = ['5', '2', '.', '<|im_end|>', '<|endoftext|>', '<|endoftext|>', '<|endoftext|>', '<|endoftext|>'] [other]
  L28: '52.<|im_end|><|endoftext|><|endoftext|><|endoftext|><|endoftext|>' = ['5', '2', '.', '<|im_end|>', '<|endoftext|>', '<|endoftext|>', '<|endoftext|>', '<|endoftext|>'] [other]

row 132: base=UZ -> source=KP  template=calling_code_prefill_v3
  question: 'What is the country calling code for the country in this image?'
  prefill : 'The country calling code is +'
  gold base   (expected unhooked) : '998' = ['9', '9', '8']
  gold source (expected if swap works): '850' = ['8', '5', '0']
  unhooked: '998. This is the country' = ['9', '9', '8', '.', ' This', ' is', ' the', ' country']
  L19: '998. This is the country' = ['9', '9', '8', '.', ' This', ' is', ' the', ' country'] [base]
  L20: '998. This is the country' = ['9', '9', '8', '.', ' This', ' is', ' the', ' country'] [base]
  L21: '998. This is the country' = ['9', '9', '8', '.', ' This', ' is', ' the', ' country'] [base]
  L22: '998. This is the country' = ['9', '9', '8', '.', ' This', ' is', ' the', ' country'] [base]
  L23: '86, which corresponds to China.' = ['8', '6', ',', ' which', ' corresponds', ' to', ' China', '.'] [other]
  L24: '86, which corresponds to China.' = ['8', '6', ',', ' which', ' corresponds', ' to', ' China', '.'] [other]
  L25: '86, which corresponds to China.' = ['8', '6', ',', ' which', ' corresponds', ' to', ' China', '.'] [other]
  L26: '86, which corresponds to China.' = ['8', '6', ',', ' which', ' corresponds', ' to', ' China', '.'] [other]
  L27: '86, which corresponds to China.' = ['8', '6', ',', ' which', ' corresponds', ' to', ' China', '.'] [other]
  L28: '86, which corresponds to China.' = ['8', '6', ',', ' which', ' corresponds', ' to', ' China', '.'] [other]

row 133: base=TZ -> source=AZ  template=calling_code_prefill_v2
  question: 'Give the international dialling code of the country shown in this flag.'
  prefill : 'The dialling code is +'
  gold base   (expected unhooked) : '255' = ['2', '5', '5']
  gold source (expected if swap works): '994' = ['9', '9', '4']
  unhooked: '255.<|im_end|><|endoftext|><|endoftext|><|endoftext|>' = ['2', '5', '5', '.', '<|im_end|>', '<|endoftext|>', '<|endoftext|>', '<|endoftext|>']
  L19: '255.<|im_end|><|endoftext|><|endoftext|><|endoftext|>' = ['2', '5', '5', '.', '<|im_end|>', '<|endoftext|>', '<|endoftext|>', '<|endoftext|>'] [base]
  L20: '255.<|im_end|><|endoftext|><|endoftext|><|endoftext|>' = ['2', '5', '5', '.', '<|im_end|>', '<|endoftext|>', '<|endoftext|>', '<|endoftext|>'] [base]
  L21: '255.<|im_end|><|endoftext|><|endoftext|><|endoftext|>' = ['2', '5', '5', '.', '<|im_end|>', '<|endoftext|>', '<|endoftext|>', '<|endoftext|>'] [base]
  L22: '255.<|im_end|><|endoftext|><|endoftext|><|endoftext|>' = ['2', '5', '5', '.', '<|im_end|>', '<|endoftext|>', '<|endoftext|>', '<|endoftext|>'] [base]
  L23: '971.<|im_end|><|endoftext|><|endoftext|><|endoftext|>' = ['9', '7', '1', '.', '<|im_end|>', '<|endoftext|>', '<|endoftext|>', '<|endoftext|>'] [other]
  L24: '971.<|im_end|><|endoftext|><|endoftext|><|endoftext|>' = ['9', '7', '1', '.', '<|im_end|>', '<|endoftext|>', '<|endoftext|>', '<|endoftext|>'] [other]
  L25: '971.<|im_end|><|endoftext|><|endoftext|><|endoftext|>' = ['9', '7', '1', '.', '<|im_end|>', '<|endoftext|>', '<|endoftext|>', '<|endoftext|>'] [other]
  L26: '971.<|im_end|><|endoftext|><|endoftext|><|endoftext|>' = ['9', '7', '1', '.', '<|im_end|>', '<|endoftext|>', '<|endoftext|>', '<|endoftext|>'] [other]
  L27: '971.<|im_end|><|endoftext|><|endoftext|><|endoftext|>' = ['9', '7', '1', '.', '<|im_end|>', '<|endoftext|>', '<|endoftext|>', '<|endoftext|>'] [other]
  L28: '971.<|im_end|><|endoftext|><|endoftext|><|endoftext|>' = ['9', '7', '1', '.', '<|im_end|>', '<|endoftext|>', '<|endoftext|>', '<|endoftext|>'] [other]

row 134: base=HU -> source=AM  template=calling_code_prefill_v6
  question: 'What country code do you dial to call this country?'
  prefill : 'The country code is +'
  gold base   (expected unhooked) : '36' = ['3', '6']
  gold source (expected if swap works): '374' = ['3', '7', '4']
  unhooked: '36.<|im_end|><|endoftext|><|endoftext|><|endoftext|><|endoftext|>' = ['3', '6', '.', '<|im_end|>', '<|endoftext|>', '<|endoftext|>', '<|endoftext|>', '<|endoftext|>']
  L19: '36.<|im_end|><|endoftext|><|endoftext|><|endoftext|><|endoftext|>' = ['3', '6', '.', '<|im_end|>', '<|endoftext|>', '<|endoftext|>', '<|endoftext|>', '<|endoftext|>'] [base]
  L20: '36.<|im_end|><|endoftext|><|endoftext|><|endoftext|><|endoftext|>' = ['3', '6', '.', '<|im_end|>', '<|endoftext|>', '<|endoftext|>', '<|endoftext|>', '<|endoftext|>'] [base]
  L21: '36.<|im_end|><|endoftext|><|endoftext|><|endoftext|><|endoftext|>' = ['3', '6', '.', '<|im_end|>', '<|endoftext|>', '<|endoftext|>', '<|endoftext|>', '<|endoftext|>'] [base]
  L22: '36.<|im_end|><|endoftext|><|endoftext|><|endoftext|><|endoftext|>' = ['3', '6', '.', '<|im_end|>', '<|endoftext|>', '<|endoftext|>', '<|endoftext|>', '<|endoftext|>'] [base]
  L23: '36.<|im_end|><|endoftext|><|endoftext|><|endoftext|><|endoftext|>' = ['3', '6', '.', '<|im_end|>', '<|endoftext|>', '<|endoftext|>', '<|endoftext|>', '<|endoftext|>'] [base]
  L24: '36.<|im_end|><|endoftext|><|endoftext|><|endoftext|><|endoftext|>' = ['3', '6', '.', '<|im_end|>', '<|endoftext|>', '<|endoftext|>', '<|endoftext|>', '<|endoftext|>'] [base]
  L25: '36.<|im_end|><|endoftext|><|endoftext|><|endoftext|><|endoftext|>' = ['3', '6', '.', '<|im_end|>', '<|endoftext|>', '<|endoftext|>', '<|endoftext|>', '<|endoftext|>'] [base]
  L26: '36.<|im_end|><|endoftext|><|endoftext|><|endoftext|><|endoftext|>' = ['3', '6', '.', '<|im_end|>', '<|endoftext|>', '<|endoftext|>', '<|endoftext|>', '<|endoftext|>'] [base]
  L27: '36.<|im_end|><|endoftext|><|endoftext|><|endoftext|><|endoftext|>' = ['3', '6', '.', '<|im_end|>', '<|endoftext|>', '<|endoftext|>', '<|endoftext|>', '<|endoftext|>'] [base]
  L28: '36.<|im_end|><|endoftext|><|endoftext|><|endoftext|><|endoftext|>' = ['3', '6', '.', '<|im_end|>', '<|endoftext|>', '<|endoftext|>', '<|endoftext|>', '<|endoftext|>'] [base]

row 135: base=IT -> source=KH  template=calling_code_prefill_v5
  question: 'Identify the international dialing code of the country shown in this flag.'
  prefill : 'The dialing code is +'
  gold base   (expected unhooked) : '39' = ['3', '9']
  gold source (expected if swap works): '855' = ['8', '5', '5']
  unhooked: '39.<|im_end|><|endoftext|><|endoftext|><|endoftext|><|endoftext|>' = ['3', '9', '.', '<|im_end|>', '<|endoftext|>', '<|endoftext|>', '<|endoftext|>', '<|endoftext|>']
  L19: '39.<|im_end|><|endoftext|><|endoftext|><|endoftext|><|endoftext|>' = ['3', '9', '.', '<|im_end|>', '<|endoftext|>', '<|endoftext|>', '<|endoftext|>', '<|endoftext|>'] [base]
  L20: '39.<|im_end|><|endoftext|><|endoftext|><|endoftext|><|endoftext|>' = ['3', '9', '.', '<|im_end|>', '<|endoftext|>', '<|endoftext|>', '<|endoftext|>', '<|endoftext|>'] [base]
  L21: '39.<|im_end|><|endoftext|><|endoftext|><|endoftext|><|endoftext|>' = ['3', '9', '.', '<|im_end|>', '<|endoftext|>', '<|endoftext|>', '<|endoftext|>', '<|endoftext|>'] [base]
  L22: '39.<|im_end|><|endoftext|><|endoftext|><|endoftext|><|endoftext|>' = ['3', '9', '.', '<|im_end|>', '<|endoftext|>', '<|endoftext|>', '<|endoftext|>', '<|endoftext|>'] [base]
  L23: '39.<|im_end|><|endoftext|><|endoftext|><|endoftext|><|endoftext|>' = ['3', '9', '.', '<|im_end|>', '<|endoftext|>', '<|endoftext|>', '<|endoftext|>', '<|endoftext|>'] [base]
  L24: '86.<|im_end|><|endoftext|><|endoftext|><|endoftext|><|endoftext|>' = ['8', '6', '.', '<|im_end|>', '<|endoftext|>', '<|endoftext|>', '<|endoftext|>', '<|endoftext|>'] [other]
  L25: '86.<|im_end|><|endoftext|><|endoftext|><|endoftext|><|endoftext|>' = ['8', '6', '.', '<|im_end|>', '<|endoftext|>', '<|endoftext|>', '<|endoftext|>', '<|endoftext|>'] [other]
  L26: '86.<|im_end|><|endoftext|><|endoftext|><|endoftext|><|endoftext|>' = ['8', '6', '.', '<|im_end|>', '<|endoftext|>', '<|endoftext|>', '<|endoftext|>', '<|endoftext|>'] [other]
  L27: '86.<|im_end|><|endoftext|><|endoftext|><|endoftext|><|endoftext|>' = ['8', '6', '.', '<|im_end|>', '<|endoftext|>', '<|endoftext|>', '<|endoftext|>', '<|endoftext|>'] [other]
  L28: '86.<|im_end|><|endoftext|><|endoftext|><|endoftext|><|endoftext|>' = ['8', '6', '.', '<|im_end|>', '<|endoftext|>', '<|endoftext|>', '<|endoftext|>', '<|endoftext|>'] [other]

row 136: base=DK -> source=BD  template=calling_code_prefill_v3
  question: 'What is the country calling code for the country in this image?'
  prefill : 'The country calling code is +'
  gold base   (expected unhooked) : '45' = ['4', '5']
  gold source (expected if swap works): '880' = ['8', '8', '0']
  unhooked: '45, which corresponds to Denmark.' = ['4', '5', ',', ' which', ' corresponds', ' to', ' Denmark', '.']
  L19: '45, which corresponds to Denmark.' = ['4', '5', ',', ' which', ' corresponds', ' to', ' Denmark', '.'] [base]
  L20: '45, which corresponds to Denmark.' = ['4', '5', ',', ' which', ' corresponds', ' to', ' Denmark', '.'] [base]
  L21: '45, which corresponds to Denmark.' = ['4', '5', ',', ' which', ' corresponds', ' to', ' Denmark', '.'] [base]
  L22: '45, which corresponds to Denmark.' = ['4', '5', ',', ' which', ' corresponds', ' to', ' Denmark', '.'] [base]
  L23: '852, which corresponds to Hong' = ['8', '5', '2', ',', ' which', ' corresponds', ' to', ' Hong'] [other]
  L24: '852, which corresponds to Hong' = ['8', '5', '2', ',', ' which', ' corresponds', ' to', ' Hong'] [other]
  L25: '852, which corresponds to Hong' = ['8', '5', '2', ',', ' which', ' corresponds', ' to', ' Hong'] [other]
  L26: '852, which corresponds to Hong' = ['8', '5', '2', ',', ' which', ' corresponds', ' to', ' Hong'] [other]
  L27: '852, which corresponds to Hong' = ['8', '5', '2', ',', ' which', ' corresponds', ' to', ' Hong'] [other]
  L28: '852, which corresponds to Hong' = ['8', '5', '2', ',', ' which', ' corresponds', ' to', ' Hong'] [other]

row 137: base=DK -> source=FJ  template=calling_code_prefill_v3
  question: 'What is the country calling code for the country in this image?'
  prefill : 'The country calling code is +'
  gold base   (expected unhooked) : '45' = ['4', '5']
  gold source (expected if swap works): '679' = ['6', '7', '9']
  unhooked: '45, which corresponds to Denmark.' = ['4', '5', ',', ' which', ' corresponds', ' to', ' Denmark', '.']
  L19: '45, which corresponds to Denmark.' = ['4', '5', ',', ' which', ' corresponds', ' to', ' Denmark', '.'] [base]
  L20: '45, which corresponds to Denmark.' = ['4', '5', ',', ' which', ' corresponds', ' to', ' Denmark', '.'] [base]
  L21: '45, which corresponds to Denmark.' = ['4', '5', ',', ' which', ' corresponds', ' to', ' Denmark', '.'] [base]
  L22: '45, which corresponds to Denmark.' = ['4', '5', ',', ' which', ' corresponds', ' to', ' Denmark', '.'] [base]
  L23: '65, which corresponds to Singapore.' = ['6', '5', ',', ' which', ' corresponds', ' to', ' Singapore', '.'] [other]
  L24: '65, which corresponds to Singapore.' = ['6', '5', ',', ' which', ' corresponds', ' to', ' Singapore', '.'] [other]
  L25: '65, which corresponds to Singapore.' = ['6', '5', ',', ' which', ' corresponds', ' to', ' Singapore', '.'] [other]
  L26: '65, which corresponds to Singapore.' = ['6', '5', ',', ' which', ' corresponds', ' to', ' Singapore', '.'] [other]
  L27: '65, which corresponds to Singapore.' = ['6', '5', ',', ' which', ' corresponds', ' to', ' Singapore', '.'] [other]
  L28: '65, which corresponds to Singapore.' = ['6', '5', ',', ' which', ' corresponds', ' to', ' Singapore', '.'] [other]

row 138: base=BR -> source=UY  template=calling_code_prefill_v6
  question: 'What country code do you dial to call this country?'
  prefill : 'The country code is +'
  gold base   (expected unhooked) : '55' = ['5', '5']
  gold source (expected if swap works): '598' = ['5', '9', '8']
  unhooked: '55. This is the international direct' = ['5', '5', '.', ' This', ' is', ' the', ' international', ' direct']
  L19: '55. This is the international direct' = ['5', '5', '.', ' This', ' is', ' the', ' international', ' direct'] [base]
  L20: '55. This is the international direct' = ['5', '5', '.', ' This', ' is', ' the', ' international', ' direct'] [base]
  L21: '55. This is the international direct' = ['5', '5', '.', ' This', ' is', ' the', ' international', ' direct'] [base]
  L22: '55. This is the international direct' = ['5', '5', '.', ' This', ' is', ' the', ' international', ' direct'] [base]
  L23: '55. This is the international direct' = ['5', '5', '.', ' This', ' is', ' the', ' international', ' direct'] [base]
  L24: '55. This is the international direct' = ['5', '5', '.', ' This', ' is', ' the', ' international', ' direct'] [base]
  L25: '55. This is the international direct' = ['5', '5', '.', ' This', ' is', ' the', ' international', ' direct'] [base]
  L26: '55. This is the international direct' = ['5', '5', '.', ' This', ' is', ' the', ' international', ' direct'] [base]
  L27: '55. This is the international direct' = ['5', '5', '.', ' This', ' is', ' the', ' international', ' direct'] [base]
  L28: '55. This is the international direct' = ['5', '5', '.', ' This', ' is', ' the', ' international', ' direct'] [base]

row 139: base=QA -> source=DE  template=calling_code_prefill_v5
  question: 'Identify the international dialing code of the country shown in this flag.'
  prefill : 'The dialing code is +'
  gold base   (expected unhooked) : '974' = ['9', '7', '4']
  gold source (expected if swap works): '49' = ['4', '9']
  unhooked: '974.<|im_end|><|endoftext|><|endoftext|><|endoftext|>' = ['9', '7', '4', '.', '<|im_end|>', '<|endoftext|>', '<|endoftext|>', '<|endoftext|>']
  L19: '974.<|im_end|><|endoftext|><|endoftext|><|endoftext|>' = ['9', '7', '4', '.', '<|im_end|>', '<|endoftext|>', '<|endoftext|>', '<|endoftext|>'] [base]
  L20: '974.<|im_end|><|endoftext|><|endoftext|><|endoftext|>' = ['9', '7', '4', '.', '<|im_end|>', '<|endoftext|>', '<|endoftext|>', '<|endoftext|>'] [base]
  L21: '974.<|im_end|><|endoftext|><|endoftext|><|endoftext|>' = ['9', '7', '4', '.', '<|im_end|>', '<|endoftext|>', '<|endoftext|>', '<|endoftext|>'] [base]
  L22: '974.<|im_end|><|endoftext|><|endoftext|><|endoftext|>' = ['9', '7', '4', '.', '<|im_end|>', '<|endoftext|>', '<|endoftext|>', '<|endoftext|>'] [base]
  L23: '44.<|im_end|><|endoftext|><|endoftext|><|endoftext|><|endoftext|>' = ['4', '4', '.', '<|im_end|>', '<|endoftext|>', '<|endoftext|>', '<|endoftext|>', '<|endoftext|>'] [other]
  L24: '44.<|im_end|><|endoftext|><|endoftext|><|endoftext|><|endoftext|>' = ['4', '4', '.', '<|im_end|>', '<|endoftext|>', '<|endoftext|>', '<|endoftext|>', '<|endoftext|>'] [other]
  L25: '44.<|im_end|><|endoftext|><|endoftext|><|endoftext|><|endoftext|>' = ['4', '4', '.', '<|im_end|>', '<|endoftext|>', '<|endoftext|>', '<|endoftext|>', '<|endoftext|>'] [other]
  L26: '44.<|im_end|><|endoftext|><|endoftext|><|endoftext|><|endoftext|>' = ['4', '4', '.', '<|im_end|>', '<|endoftext|>', '<|endoftext|>', '<|endoftext|>', '<|endoftext|>'] [other]
  L27: '44.<|im_end|><|endoftext|><|endoftext|><|endoftext|><|endoftext|>' = ['4', '4', '.', '<|im_end|>', '<|endoftext|>', '<|endoftext|>', '<|endoftext|>', '<|endoftext|>'] [other]
  L28: '44.<|im_end|><|endoftext|><|endoftext|><|endoftext|><|endoftext|>' = ['4', '4', '.', '<|im_end|>', '<|endoftext|>', '<|endoftext|>', '<|endoftext|>', '<|endoftext|>'] [other]

row 140: base=BH -> source=CO  template=calling_code_prefill_v3
  question: 'What is the country calling code for the country in this image?'
  prefill : 'The country calling code is +'
  gold base   (expected unhooked) : '973' = ['9', '7', '3']
  gold source (expected if swap works): '57' = ['5', '7']
  unhooked: '973. This corresponds to Bahrain' = ['9', '7', '3', '.', ' This', ' corresponds', ' to', ' Bahrain']
  L19: '973. This corresponds to Bahrain' = ['9', '7', '3', '.', ' This', ' corresponds', ' to', ' Bahrain'] [base]
  L20: '973. This is the country' = ['9', '7', '3', '.', ' This', ' is', ' the', ' country'] [base]
  L21: '973. This corresponds to Bahrain' = ['9', '7', '3', '.', ' This', ' corresponds', ' to', ' Bahrain'] [base]
  L22: '973. This is the country' = ['9', '7', '3', '.', ' This', ' is', ' the', ' country'] [base]
  L23: '591. This corresponds to Bolivia' = ['5', '9', '1', '.', ' This', ' corresponds', ' to', ' Bolivia'] [other]
  L24: '591. This corresponds to Bolivia' = ['5', '9', '1', '.', ' This', ' corresponds', ' to', ' Bolivia'] [other]
  L25: '591. This corresponds to Bolivia' = ['5', '9', '1', '.', ' This', ' corresponds', ' to', ' Bolivia'] [other]
  L26: '591. This corresponds to Bolivia' = ['5', '9', '1', '.', ' This', ' corresponds', ' to', ' Bolivia'] [other]
  L27: '591. This corresponds to Bolivia' = ['5', '9', '1', '.', ' This', ' corresponds', ' to', ' Bolivia'] [other]
  L28: '591. This corresponds to Bolivia' = ['5', '9', '1', '.', ' This', ' corresponds', ' to', ' Bolivia'] [other]

row 141: base=PA -> source=LY  template=calling_code_prefill_v4
  question: 'What is the phone country code for the country in this image?'
  prefill : 'The phone code is +'
  gold base   (expected unhooked) : '507' = ['5', '0', '7']
  gold source (expected if swap works): '218' = ['2', '1', '8']
  unhooked: '507. This corresponds to Panama' = ['5', '0', '7', '.', ' This', ' corresponds', ' to', ' Panama']
  L19: '507. This corresponds to Panama' = ['5', '0', '7', '.', ' This', ' corresponds', ' to', ' Panama'] [base]
  L20: '507. This is the country' = ['5', '0', '7', '.', ' This', ' is', ' the', ' country'] [base]
  L21: '507. This corresponds to Panama' = ['5', '0', '7', '.', ' This', ' corresponds', ' to', ' Panama'] [base]
  L22: '507. This corresponds to Panama' = ['5', '0', '7', '.', ' This', ' corresponds', ' to', ' Panama'] [base]
  L23: '20.<|im_end|><|endoftext|><|endoftext|><|endoftext|><|endoftext|>' = ['2', '0', '.', '<|im_end|>', '<|endoftext|>', '<|endoftext|>', '<|endoftext|>', '<|endoftext|>'] [other]
  L24: '20.<|im_end|><|endoftext|><|endoftext|><|endoftext|><|endoftext|>' = ['2', '0', '.', '<|im_end|>', '<|endoftext|>', '<|endoftext|>', '<|endoftext|>', '<|endoftext|>'] [other]
  L25: '20.<|im_end|><|endoftext|><|endoftext|><|endoftext|><|endoftext|>' = ['2', '0', '.', '<|im_end|>', '<|endoftext|>', '<|endoftext|>', '<|endoftext|>', '<|endoftext|>'] [other]
  L26: '20.<|im_end|><|endoftext|><|endoftext|><|endoftext|><|endoftext|>' = ['2', '0', '.', '<|im_end|>', '<|endoftext|>', '<|endoftext|>', '<|endoftext|>', '<|endoftext|>'] [other]
  L27: '20.<|im_end|><|endoftext|><|endoftext|><|endoftext|><|endoftext|>' = ['2', '0', '.', '<|im_end|>', '<|endoftext|>', '<|endoftext|>', '<|endoftext|>', '<|endoftext|>'] [other]
  L28: '20.<|im_end|><|endoftext|><|endoftext|><|endoftext|><|endoftext|>' = ['2', '0', '.', '<|im_end|>', '<|endoftext|>', '<|endoftext|>', '<|endoftext|>', '<|endoftext|>'] [other]

row 142: base=LA -> source=UZ  template=calling_code_prefill_v5
  question: 'Identify the international dialing code of the country shown in this flag.'
  prefill : 'The dialing code is +'
  gold base   (expected unhooked) : '856' = ['8', '5', '6']
  gold source (expected if swap works): '998' = ['9', '9', '8']
  unhooked: '856.<|im_end|><|endoftext|><|endoftext|><|endoftext|>' = ['8', '5', '6', '.', '<|im_end|>', '<|endoftext|>', '<|endoftext|>', '<|endoftext|>']
  L19: '856.<|im_end|><|endoftext|><|endoftext|><|endoftext|>' = ['8', '5', '6', '.', '<|im_end|>', '<|endoftext|>', '<|endoftext|>', '<|endoftext|>'] [base]
  L20: '856.<|im_end|><|endoftext|><|endoftext|><|endoftext|>' = ['8', '5', '6', '.', '<|im_end|>', '<|endoftext|>', '<|endoftext|>', '<|endoftext|>'] [base]
  L21: '856.<|im_end|><|endoftext|><|endoftext|><|endoftext|>' = ['8', '5', '6', '.', '<|im_end|>', '<|endoftext|>', '<|endoftext|>', '<|endoftext|>'] [base]
  L22: '856.<|im_end|><|endoftext|><|endoftext|><|endoftext|>' = ['8', '5', '6', '.', '<|im_end|>', '<|endoftext|>', '<|endoftext|>', '<|endoftext|>'] [base]
  L23: '961.<|im_end|><|endoftext|><|endoftext|><|endoftext|>' = ['9', '6', '1', '.', '<|im_end|>', '<|endoftext|>', '<|endoftext|>', '<|endoftext|>'] [other]
  L24: '961.<|im_end|><|endoftext|><|endoftext|><|endoftext|>' = ['9', '6', '1', '.', '<|im_end|>', '<|endoftext|>', '<|endoftext|>', '<|endoftext|>'] [other]
  L25: '961.<|im_end|><|endoftext|><|endoftext|><|endoftext|>' = ['9', '6', '1', '.', '<|im_end|>', '<|endoftext|>', '<|endoftext|>', '<|endoftext|>'] [other]
  L26: '961.<|im_end|><|endoftext|><|endoftext|><|endoftext|>' = ['9', '6', '1', '.', '<|im_end|>', '<|endoftext|>', '<|endoftext|>', '<|endoftext|>'] [other]
  L27: '961.<|im_end|><|endoftext|><|endoftext|><|endoftext|>' = ['9', '6', '1', '.', '<|im_end|>', '<|endoftext|>', '<|endoftext|>', '<|endoftext|>'] [other]
  L28: '961.<|im_end|><|endoftext|><|endoftext|><|endoftext|>' = ['9', '6', '1', '.', '<|im_end|>', '<|endoftext|>', '<|endoftext|>', '<|endoftext|>'] [other]

row 143: base=EG -> source=DZ  template=calling_code_prefill_v6
  question: 'What country code do you dial to call this country?'
  prefill : 'The country code is +'
  gold base   (expected unhooked) : '20' = ['2', '0']
  gold source (expected if swap works): '213' = ['2', '1', '3']
  unhooked: '20.<|im_end|><|endoftext|><|endoftext|><|endoftext|><|endoftext|>' = ['2', '0', '.', '<|im_end|>', '<|endoftext|>', '<|endoftext|>', '<|endoftext|>', '<|endoftext|>']
  L19: '20.<|im_end|><|endoftext|><|endoftext|><|endoftext|><|endoftext|>' = ['2', '0', '.', '<|im_end|>', '<|endoftext|>', '<|endoftext|>', '<|endoftext|>', '<|endoftext|>'] [base]
  L20: '20.<|im_end|><|endoftext|><|endoftext|><|endoftext|><|endoftext|>' = ['2', '0', '.', '<|im_end|>', '<|endoftext|>', '<|endoftext|>', '<|endoftext|>', '<|endoftext|>'] [base]
  L21: '20.<|im_end|><|endoftext|><|endoftext|><|endoftext|><|endoftext|>' = ['2', '0', '.', '<|im_end|>', '<|endoftext|>', '<|endoftext|>', '<|endoftext|>', '<|endoftext|>'] [base]
  L22: '20.<|im_end|><|endoftext|><|endoftext|><|endoftext|><|endoftext|>' = ['2', '0', '.', '<|im_end|>', '<|endoftext|>', '<|endoftext|>', '<|endoftext|>', '<|endoftext|>'] [base]
  L23: '20.<|im_end|><|endoftext|><|endoftext|><|endoftext|><|endoftext|>' = ['2', '0', '.', '<|im_end|>', '<|endoftext|>', '<|endoftext|>', '<|endoftext|>', '<|endoftext|>'] [base]
  L24: '20.<|im_end|><|endoftext|><|endoftext|><|endoftext|><|endoftext|>' = ['2', '0', '.', '<|im_end|>', '<|endoftext|>', '<|endoftext|>', '<|endoftext|>', '<|endoftext|>'] [base]
  L25: '20.<|im_end|><|endoftext|><|endoftext|><|endoftext|><|endoftext|>' = ['2', '0', '.', '<|im_end|>', '<|endoftext|>', '<|endoftext|>', '<|endoftext|>', '<|endoftext|>'] [base]
  L26: '20.<|im_end|><|endoftext|><|endoftext|><|endoftext|><|endoftext|>' = ['2', '0', '.', '<|im_end|>', '<|endoftext|>', '<|endoftext|>', '<|endoftext|>', '<|endoftext|>'] [base]
  L27: '20.<|im_end|><|endoftext|><|endoftext|><|endoftext|><|endoftext|>' = ['2', '0', '.', '<|im_end|>', '<|endoftext|>', '<|endoftext|>', '<|endoftext|>', '<|endoftext|>'] [base]
  L28: '20.<|im_end|><|endoftext|><|endoftext|><|endoftext|><|endoftext|>' = ['2', '0', '.', '<|im_end|>', '<|endoftext|>', '<|endoftext|>', '<|endoftext|>', '<|endoftext|>'] [base]

row 144: base=LY -> source=KE  template=calling_code_prefill_v6
  question: 'What country code do you dial to call this country?'
  prefill : 'The country code is +'
  gold base   (expected unhooked) : '218' = ['2', '1', '8']
  gold source (expected if swap works): '254' = ['2', '5', '4']
  unhooked: '218.<|im_end|><|endoftext|><|endoftext|><|endoftext|>' = ['2', '1', '8', '.', '<|im_end|>', '<|endoftext|>', '<|endoftext|>', '<|endoftext|>']
  L19: '218.<|im_end|><|endoftext|><|endoftext|><|endoftext|>' = ['2', '1', '8', '.', '<|im_end|>', '<|endoftext|>', '<|endoftext|>', '<|endoftext|>'] [base]
  L20: '218.<|im_end|><|endoftext|><|endoftext|><|endoftext|>' = ['2', '1', '8', '.', '<|im_end|>', '<|endoftext|>', '<|endoftext|>', '<|endoftext|>'] [base]
  L21: '218.<|im_end|><|endoftext|><|endoftext|><|endoftext|>' = ['2', '1', '8', '.', '<|im_end|>', '<|endoftext|>', '<|endoftext|>', '<|endoftext|>'] [base]
  L22: '218.<|im_end|><|endoftext|><|endoftext|><|endoftext|>' = ['2', '1', '8', '.', '<|im_end|>', '<|endoftext|>', '<|endoftext|>', '<|endoftext|>'] [base]
  L23: '218.<|im_end|><|endoftext|><|endoftext|><|endoftext|>' = ['2', '1', '8', '.', '<|im_end|>', '<|endoftext|>', '<|endoftext|>', '<|endoftext|>'] [base]
  L24: '218.<|im_end|><|endoftext|><|endoftext|><|endoftext|>' = ['2', '1', '8', '.', '<|im_end|>', '<|endoftext|>', '<|endoftext|>', '<|endoftext|>'] [base]
  L25: '218.<|im_end|><|endoftext|><|endoftext|><|endoftext|>' = ['2', '1', '8', '.', '<|im_end|>', '<|endoftext|>', '<|endoftext|>', '<|endoftext|>'] [base]
  L26: '218.<|im_end|><|endoftext|><|endoftext|><|endoftext|>' = ['2', '1', '8', '.', '<|im_end|>', '<|endoftext|>', '<|endoftext|>', '<|endoftext|>'] [base]
  L27: '218.<|im_end|><|endoftext|><|endoftext|><|endoftext|>' = ['2', '1', '8', '.', '<|im_end|>', '<|endoftext|>', '<|endoftext|>', '<|endoftext|>'] [base]
  L28: '218.<|im_end|><|endoftext|><|endoftext|><|endoftext|>' = ['2', '1', '8', '.', '<|im_end|>', '<|endoftext|>', '<|endoftext|>', '<|endoftext|>'] [base]

row 145: base=CY -> source=HT  template=calling_code_prefill_v3
  question: 'What is the country calling code for the country in this image?'
  prefill : 'The country calling code is +'
  gold base   (expected unhooked) : '357' = ['3', '5', '7']
  gold source (expected if swap works): '509' = ['5', '0', '9']
  unhooked: '357. This corresponds to Cyprus' = ['3', '5', '7', '.', ' This', ' corresponds', ' to', ' Cyprus']
  L19: '357. This corresponds to Cyprus' = ['3', '5', '7', '.', ' This', ' corresponds', ' to', ' Cyprus'] [base]
  L20: '357. This corresponds to Cyprus' = ['3', '5', '7', '.', ' This', ' corresponds', ' to', ' Cyprus'] [base]
  L21: '357. This corresponds to Cyprus' = ['3', '5', '7', '.', ' This', ' corresponds', ' to', ' Cyprus'] [base]
  L22: '357. This corresponds to Cyprus' = ['3', '5', '7', '.', ' This', ' corresponds', ' to', ' Cyprus'] [base]
  L23: '597. This corresponds to Cyprus' = ['5', '9', '7', '.', ' This', ' corresponds', ' to', ' Cyprus'] [other]
  L24: '597. This corresponds to Cyprus' = ['5', '9', '7', '.', ' This', ' corresponds', ' to', ' Cyprus'] [other]
  L25: '597. This corresponds to Cyprus' = ['5', '9', '7', '.', ' This', ' corresponds', ' to', ' Cyprus'] [other]
  L26: '597. This corresponds to Cyprus' = ['5', '9', '7', '.', ' This', ' corresponds', ' to', ' Cyprus'] [other]
  L27: '597. This corresponds to Cyprus' = ['5', '9', '7', '.', ' This', ' corresponds', ' to', ' Cyprus'] [other]
  L28: '597. This corresponds to Cyprus' = ['5', '9', '7', '.', ' This', ' corresponds', ' to', ' Cyprus'] [other]

row 146: base=LA -> source=RO  template=calling_code_prefill_v3
  question: 'What is the country calling code for the country in this image?'
  prefill : 'The country calling code is +'
  gold base   (expected unhooked) : '856' = ['8', '5', '6']
  gold source (expected if swap works): '40' = ['4', '0']
  unhooked: '856. This corresponds to Laos' = ['8', '5', '6', '.', ' This', ' corresponds', ' to', ' Laos']
  L19: '856. This corresponds to Laos' = ['8', '5', '6', '.', ' This', ' corresponds', ' to', ' Laos'] [base]
  L20: '856. This corresponds to Laos' = ['8', '5', '6', '.', ' This', ' corresponds', ' to', ' Laos'] [base]
  L21: '856. This corresponds to Laos' = ['8', '5', '6', '.', ' This', ' corresponds', ' to', ' Laos'] [base]
  L22: '66. This corresponds to Thailand,' = ['6', '6', '.', ' This', ' corresponds', ' to', ' Thailand', ','] [other]
  L23: '386, which corresponds to Slovenia' = ['3', '8', '6', ',', ' which', ' corresponds', ' to', ' Slovenia'] [other]
  L24: '41. This is the country calling' = ['4', '1', '.', ' This', ' is', ' the', ' country', ' calling'] [other]
  L25: '41. This is the country calling' = ['4', '1', '.', ' This', ' is', ' the', ' country', ' calling'] [other]
  L26: '41. This is the country calling' = ['4', '1', '.', ' This', ' is', ' the', ' country', ' calling'] [other]
  L27: '41. This is the country calling' = ['4', '1', '.', ' This', ' is', ' the', ' country', ' calling'] [other]
  L28: '41. This is the country calling' = ['4', '1', '.', ' This', ' is', ' the', ' country', ' calling'] [other]

row 147: base=FJ -> source=PA  template=calling_code_prefill_v6
  question: 'What country code do you dial to call this country?'
  prefill : 'The country code is +'
  gold base   (expected unhooked) : '679' = ['6', '7', '9']
  gold source (expected if swap works): '507' = ['5', '0', '7']
  unhooked: '679.<|im_end|><|endoftext|><|endoftext|><|endoftext|>' = ['6', '7', '9', '.', '<|im_end|>', '<|endoftext|>', '<|endoftext|>', '<|endoftext|>']
  L19: '679.<|im_end|><|endoftext|><|endoftext|><|endoftext|>' = ['6', '7', '9', '.', '<|im_end|>', '<|endoftext|>', '<|endoftext|>', '<|endoftext|>'] [base]
  L20: '679.<|im_end|><|endoftext|><|endoftext|><|endoftext|>' = ['6', '7', '9', '.', '<|im_end|>', '<|endoftext|>', '<|endoftext|>', '<|endoftext|>'] [base]
  L21: '679.<|im_end|><|endoftext|><|endoftext|><|endoftext|>' = ['6', '7', '9', '.', '<|im_end|>', '<|endoftext|>', '<|endoftext|>', '<|endoftext|>'] [base]
  L22: '679.<|im_end|><|endoftext|><|endoftext|><|endoftext|>' = ['6', '7', '9', '.', '<|im_end|>', '<|endoftext|>', '<|endoftext|>', '<|endoftext|>'] [base]
  L23: '54. This is the country code' = ['5', '4', '.', ' This', ' is', ' the', ' country', ' code'] [other]
  L24: '506.<|im_end|><|endoftext|><|endoftext|><|endoftext|>' = ['5', '0', '6', '.', '<|im_end|>', '<|endoftext|>', '<|endoftext|>', '<|endoftext|>'] [other]
  L25: '506. This is the country' = ['5', '0', '6', '.', ' This', ' is', ' the', ' country'] [other]
  L26: '506.<|im_end|><|endoftext|><|endoftext|><|endoftext|>' = ['5', '0', '6', '.', '<|im_end|>', '<|endoftext|>', '<|endoftext|>', '<|endoftext|>'] [other]
  L27: '54. This is the country code' = ['5', '4', '.', ' This', ' is', ' the', ' country', ' code'] [other]
  L28: '54. This is the country code' = ['5', '4', '.', ' This', ' is', ' the', ' country', ' code'] [other]

row 148: base=IE -> source=CY  template=calling_code_prefill_v4
  question: 'What is the phone country code for the country in this image?'
  prefill : 'The phone code is +'
  gold base   (expected unhooked) : '353' = ['3', '5', '3']
  gold source (expected if swap works): '357' = ['3', '5', '7']
  unhooked: '353. This corresponds to Ireland' = ['3', '5', '3', '.', ' This', ' corresponds', ' to', ' Ireland']
  L19: '353. This corresponds to Ireland' = ['3', '5', '3', '.', ' This', ' corresponds', ' to', ' Ireland'] [base]
  L20: '353. This corresponds to Ireland' = ['3', '5', '3', '.', ' This', ' corresponds', ' to', ' Ireland'] [base]
  L21: '353. This corresponds to Ireland' = ['3', '5', '3', '.', ' This', ' corresponds', ' to', ' Ireland'] [base]
  L22: '353. This corresponds to Ireland' = ['3', '5', '3', '.', ' This', ' corresponds', ' to', ' Ireland'] [base]
  L23: '353. This corresponds to Ireland' = ['3', '5', '3', '.', ' This', ' corresponds', ' to', ' Ireland'] [base]
  L24: '353. This corresponds to Ireland' = ['3', '5', '3', '.', ' This', ' corresponds', ' to', ' Ireland'] [base]
  L25: '353. This corresponds to Ireland' = ['3', '5', '3', '.', ' This', ' corresponds', ' to', ' Ireland'] [base]
  L26: '353. This corresponds to Ireland' = ['3', '5', '3', '.', ' This', ' corresponds', ' to', ' Ireland'] [base]
  L27: '353. This corresponds to Ireland' = ['3', '5', '3', '.', ' This', ' corresponds', ' to', ' Ireland'] [base]
  L28: '353. This corresponds to Ireland' = ['3', '5', '3', '.', ' This', ' corresponds', ' to', ' Ireland'] [base]

row 149: base=BE -> source=AZ  template=calling_code_prefill_v4
  question: 'What is the phone country code for the country in this image?'
  prefill : 'The phone code is +'
  gold base   (expected unhooked) : '32' = ['3', '2']
  gold source (expected if swap works): '994' = ['9', '9', '4']
  unhooked: '32. This corresponds to Belgium,' = ['3', '2', '.', ' This', ' corresponds', ' to', ' Belgium', ',']
  L19: '32. This corresponds to Belgium,' = ['3', '2', '.', ' This', ' corresponds', ' to', ' Belgium', ','] [base]
  L20: '32. This corresponds to Belgium,' = ['3', '2', '.', ' This', ' corresponds', ' to', ' Belgium', ','] [base]
  L21: '32. This corresponds to Belgium,' = ['3', '2', '.', ' This', ' corresponds', ' to', ' Belgium', ','] [base]
  L22: '32. This corresponds to Belgium,' = ['3', '2', '.', ' This', ' corresponds', ' to', ' Belgium', ','] [base]
  L23: '90.<|im_end|><|endoftext|><|endoftext|><|endoftext|><|endoftext|>' = ['9', '0', '.', '<|im_end|>', '<|endoftext|>', '<|endoftext|>', '<|endoftext|>', '<|endoftext|>'] [other]
  L24: '90.<|im_end|><|endoftext|><|endoftext|><|endoftext|><|endoftext|>' = ['9', '0', '.', '<|im_end|>', '<|endoftext|>', '<|endoftext|>', '<|endoftext|>', '<|endoftext|>'] [other]
  L25: '90.<|im_end|><|endoftext|><|endoftext|><|endoftext|><|endoftext|>' = ['9', '0', '.', '<|im_end|>', '<|endoftext|>', '<|endoftext|>', '<|endoftext|>', '<|endoftext|>'] [other]
  L26: '90.<|im_end|><|endoftext|><|endoftext|><|endoftext|><|endoftext|>' = ['9', '0', '.', '<|im_end|>', '<|endoftext|>', '<|endoftext|>', '<|endoftext|>', '<|endoftext|>'] [other]
  L27: '91.<|im_end|><|endoftext|><|endoftext|><|endoftext|><|endoftext|>' = ['9', '1', '.', '<|im_end|>', '<|endoftext|>', '<|endoftext|>', '<|endoftext|>', '<|endoftext|>'] [other]
  L28: '91.<|im_end|><|endoftext|><|endoftext|><|endoftext|><|endoftext|>' = ['9', '1', '.', '<|im_end|>', '<|endoftext|>', '<|endoftext|>', '<|endoftext|>', '<|endoftext|>'] [other]

row 150: base=AU -> source=RS  template=calling_code_prefill_v6
  question: 'What country code do you dial to call this country?'
  prefill : 'The country code is +'
  gold base   (expected unhooked) : '61' = ['6', '1']
  gold source (expected if swap works): '381' = ['3', '8', '1']
  unhooked: '61.<|im_end|><|endoftext|><|endoftext|><|endoftext|><|endoftext|>' = ['6', '1', '.', '<|im_end|>', '<|endoftext|>', '<|endoftext|>', '<|endoftext|>', '<|endoftext|>']
  L19: '61.<|im_end|><|endoftext|><|endoftext|><|endoftext|><|endoftext|>' = ['6', '1', '.', '<|im_end|>', '<|endoftext|>', '<|endoftext|>', '<|endoftext|>', '<|endoftext|>'] [base]
  L20: '61.<|im_end|><|endoftext|><|endoftext|><|endoftext|><|endoftext|>' = ['6', '1', '.', '<|im_end|>', '<|endoftext|>', '<|endoftext|>', '<|endoftext|>', '<|endoftext|>'] [base]
  L21: '61.<|im_end|><|endoftext|><|endoftext|><|endoftext|><|endoftext|>' = ['6', '1', '.', '<|im_end|>', '<|endoftext|>', '<|endoftext|>', '<|endoftext|>', '<|endoftext|>'] [base]
  L22: '61.<|im_end|><|endoftext|><|endoftext|><|endoftext|><|endoftext|>' = ['6', '1', '.', '<|im_end|>', '<|endoftext|>', '<|endoftext|>', '<|endoftext|>', '<|endoftext|>'] [base]
  L23: '375.<|im_end|><|endoftext|><|endoftext|><|endoftext|>' = ['3', '7', '5', '.', '<|im_end|>', '<|endoftext|>', '<|endoftext|>', '<|endoftext|>'] [other]
  L24: '359. This is the country' = ['3', '5', '9', '.', ' This', ' is', ' the', ' country'] [other]
  L25: '359. This is the country' = ['3', '5', '9', '.', ' This', ' is', ' the', ' country'] [other]
  L26: '359. This is the country' = ['3', '5', '9', '.', ' This', ' is', ' the', ' country'] [other]
  L27: '375.<|im_end|><|endoftext|><|endoftext|><|endoftext|>' = ['3', '7', '5', '.', '<|im_end|>', '<|endoftext|>', '<|endoftext|>', '<|endoftext|>'] [other]
  L28: '375.<|im_end|><|endoftext|><|endoftext|><|endoftext|>' = ['3', '7', '5', '.', '<|im_end|>', '<|endoftext|>', '<|endoftext|>', '<|endoftext|>'] [other]

row 151: base=SD -> source=KW  template=calling_code_prefill_v2
  question: 'Give the international dialling code of the country shown in this flag.'
  prefill : 'The dialling code is +'
  gold base   (expected unhooked) : '249' = ['2', '4', '9']
  gold source (expected if swap works): '965' = ['9', '6', '5']
  unhooked: '249.<|im_end|><|endoftext|><|endoftext|><|endoftext|>' = ['2', '4', '9', '.', '<|im_end|>', '<|endoftext|>', '<|endoftext|>', '<|endoftext|>']
  L19: '249.<|im_end|><|endoftext|><|endoftext|><|endoftext|>' = ['2', '4', '9', '.', '<|im_end|>', '<|endoftext|>', '<|endoftext|>', '<|endoftext|>'] [base]
  L20: '249.<|im_end|><|endoftext|><|endoftext|><|endoftext|>' = ['2', '4', '9', '.', '<|im_end|>', '<|endoftext|>', '<|endoftext|>', '<|endoftext|>'] [base]
  L21: '249.<|im_end|><|endoftext|><|endoftext|><|endoftext|>' = ['2', '4', '9', '.', '<|im_end|>', '<|endoftext|>', '<|endoftext|>', '<|endoftext|>'] [base]
  L22: '249.<|im_end|><|endoftext|><|endoftext|><|endoftext|>' = ['2', '4', '9', '.', '<|im_end|>', '<|endoftext|>', '<|endoftext|>', '<|endoftext|>'] [base]
  L23: '966.<|im_end|><|endoftext|><|endoftext|><|endoftext|>' = ['9', '6', '6', '.', '<|im_end|>', '<|endoftext|>', '<|endoftext|>', '<|endoftext|>'] [other]
  L24: '966.<|im_end|><|endoftext|><|endoftext|><|endoftext|>' = ['9', '6', '6', '.', '<|im_end|>', '<|endoftext|>', '<|endoftext|>', '<|endoftext|>'] [other]
  L25: '966.<|im_end|><|endoftext|><|endoftext|><|endoftext|>' = ['9', '6', '6', '.', '<|im_end|>', '<|endoftext|>', '<|endoftext|>', '<|endoftext|>'] [other]
  L26: '966.<|im_end|><|endoftext|><|endoftext|><|endoftext|>' = ['9', '6', '6', '.', '<|im_end|>', '<|endoftext|>', '<|endoftext|>', '<|endoftext|>'] [other]
  L27: '966.<|im_end|><|endoftext|><|endoftext|><|endoftext|>' = ['9', '6', '6', '.', '<|im_end|>', '<|endoftext|>', '<|endoftext|>', '<|endoftext|>'] [other]
  L28: '966.<|im_end|><|endoftext|><|endoftext|><|endoftext|>' = ['9', '6', '6', '.', '<|im_end|>', '<|endoftext|>', '<|endoftext|>', '<|endoftext|>'] [other]

row 152: base=CO -> source=IT  template=calling_code_prefill_v1
  question: 'What is the international calling code of the country in this image?'
  prefill : 'The calling code is +'
  gold base   (expected unhooked) : '57' = ['5', '7']
  gold source (expected if swap works): '39' = ['3', '9']
  unhooked: '57, which corresponds to Colombia.' = ['5', '7', ',', ' which', ' corresponds', ' to', ' Colombia', '.']
  L19: '57, which corresponds to Colombia.' = ['5', '7', ',', ' which', ' corresponds', ' to', ' Colombia', '.'] [base]
  L20: '57, which corresponds to Colombia.' = ['5', '7', ',', ' which', ' corresponds', ' to', ' Colombia', '.'] [base]
  L21: '57, which corresponds to Colombia.' = ['5', '7', ',', ' which', ' corresponds', ' to', ' Colombia', '.'] [base]
  L22: '57, which corresponds to Colombia.' = ['5', '7', ',', ' which', ' corresponds', ' to', ' Colombia', '.'] [base]
  L23: '374, which corresponds to Armenia' = ['3', '7', '4', ',', ' which', ' corresponds', ' to', ' Armenia'] [other]
  L24: '374, which corresponds to Armenia' = ['3', '7', '4', ',', ' which', ' corresponds', ' to', ' Armenia'] [other]
  L25: '374, which corresponds to Armenia' = ['3', '7', '4', ',', ' which', ' corresponds', ' to', ' Armenia'] [other]
  L26: '374, which corresponds to Armenia' = ['3', '7', '4', ',', ' which', ' corresponds', ' to', ' Armenia'] [other]
  L27: '374, which corresponds to Armenia' = ['3', '7', '4', ',', ' which', ' corresponds', ' to', ' Armenia'] [other]
  L28: '374, which corresponds to Armenia' = ['3', '7', '4', ',', ' which', ' corresponds', ' to', ' Armenia'] [other]

row 153: base=LA -> source=QA  template=calling_code_prefill_v1
  question: 'What is the international calling code of the country in this image?'
  prefill : 'The calling code is +'
  gold base   (expected unhooked) : '856' = ['8', '5', '6']
  gold source (expected if swap works): '974' = ['9', '7', '4']
  unhooked: '856. This corresponds to Laos' = ['8', '5', '6', '.', ' This', ' corresponds', ' to', ' Laos']
  L19: '856. This corresponds to Laos' = ['8', '5', '6', '.', ' This', ' corresponds', ' to', ' Laos'] [base]
  L20: '856. This corresponds to Laos' = ['8', '5', '6', '.', ' This', ' corresponds', ' to', ' Laos'] [base]
  L21: '856. This corresponds to Laos' = ['8', '5', '6', '.', ' This', ' corresponds', ' to', ' Laos'] [base]
  L22: '856. This corresponds to Laos' = ['8', '5', '6', '.', ' This', ' corresponds', ' to', ' Laos'] [base]
  L23: '961.<|im_end|><|endoftext|><|endoftext|><|endoftext|>' = ['9', '6', '1', '.', '<|im_end|>', '<|endoftext|>', '<|endoftext|>', '<|endoftext|>'] [other]
  L24: '961.<|im_end|><|endoftext|><|endoftext|><|endoftext|>' = ['9', '6', '1', '.', '<|im_end|>', '<|endoftext|>', '<|endoftext|>', '<|endoftext|>'] [other]
  L25: '961.<|im_end|><|endoftext|><|endoftext|><|endoftext|>' = ['9', '6', '1', '.', '<|im_end|>', '<|endoftext|>', '<|endoftext|>', '<|endoftext|>'] [other]
  L26: '961.<|im_end|><|endoftext|><|endoftext|><|endoftext|>' = ['9', '6', '1', '.', '<|im_end|>', '<|endoftext|>', '<|endoftext|>', '<|endoftext|>'] [other]
  L27: '961.<|im_end|><|endoftext|><|endoftext|><|endoftext|>' = ['9', '6', '1', '.', '<|im_end|>', '<|endoftext|>', '<|endoftext|>', '<|endoftext|>'] [other]
  L28: '961.<|im_end|><|endoftext|><|endoftext|><|endoftext|>' = ['9', '6', '1', '.', '<|im_end|>', '<|endoftext|>', '<|endoftext|>', '<|endoftext|>'] [other]

row 154: base=PK -> source=UY  template=calling_code_prefill_v4
  question: 'What is the phone country code for the country in this image?'
  prefill : 'The phone code is +'
  gold base   (expected unhooked) : '92' = ['9', '2']
  gold source (expected if swap works): '598' = ['5', '9', '8']
  unhooked: '92. This corresponds to Pakistan,' = ['9', '2', '.', ' This', ' corresponds', ' to', ' Pakistan', ',']
  L19: '92. This corresponds to Pakistan,' = ['9', '2', '.', ' This', ' corresponds', ' to', ' Pakistan', ','] [base]
  L20: '92. This is the country code' = ['9', '2', '.', ' This', ' is', ' the', ' country', ' code'] [base]
  L21: '92. This corresponds to Pakistan,' = ['9', '2', '.', ' This', ' corresponds', ' to', ' Pakistan', ','] [base]
  L22: '92. This corresponds to Pakistan,' = ['9', '2', '.', ' This', ' corresponds', ' to', ' Pakistan', ','] [base]
  L23: '54. This corresponds to Argentina,' = ['5', '4', '.', ' This', ' corresponds', ' to', ' Argentina', ','] [other]
  L24: '54. This corresponds to Argentina,' = ['5', '4', '.', ' This', ' corresponds', ' to', ' Argentina', ','] [other]
  L25: '54. This corresponds to Argentina,' = ['5', '4', '.', ' This', ' corresponds', ' to', ' Argentina', ','] [other]
  L26: '54. This corresponds to Argentina,' = ['5', '4', '.', ' This', ' corresponds', ' to', ' Argentina', ','] [other]
  L27: '54. This corresponds to Argentina,' = ['5', '4', '.', ' This', ' corresponds', ' to', ' Argentina', ','] [other]
  L28: '54. This corresponds to Argentina,' = ['5', '4', '.', ' This', ' corresponds', ' to', ' Argentina', ','] [other]

row 155: base=UZ -> source=TZ  template=calling_code_prefill_v5
  question: 'Identify the international dialing code of the country shown in this flag.'
  prefill : 'The dialing code is +'
  gold base   (expected unhooked) : '998' = ['9', '9', '8']
  gold source (expected if swap works): '255' = ['2', '5', '5']
  unhooked: '998.<|im_end|><|endoftext|><|endoftext|><|endoftext|>' = ['9', '9', '8', '.', '<|im_end|>', '<|endoftext|>', '<|endoftext|>', '<|endoftext|>']
  L19: '998.<|im_end|><|endoftext|><|endoftext|><|endoftext|>' = ['9', '9', '8', '.', '<|im_end|>', '<|endoftext|>', '<|endoftext|>', '<|endoftext|>'] [base]
  L20: '998.<|im_end|><|endoftext|><|endoftext|><|endoftext|>' = ['9', '9', '8', '.', '<|im_end|>', '<|endoftext|>', '<|endoftext|>', '<|endoftext|>'] [base]
  L21: '998.<|im_end|><|endoftext|><|endoftext|><|endoftext|>' = ['9', '9', '8', '.', '<|im_end|>', '<|endoftext|>', '<|endoftext|>', '<|endoftext|>'] [base]
  L22: '20.<|im_end|><|endoftext|><|endoftext|><|endoftext|><|endoftext|>' = ['2', '0', '.', '<|im_end|>', '<|endoftext|>', '<|endoftext|>', '<|endoftext|>', '<|endoftext|>'] [other]
  L23: '20.<|im_end|><|endoftext|><|endoftext|><|endoftext|><|endoftext|>' = ['2', '0', '.', '<|im_end|>', '<|endoftext|>', '<|endoftext|>', '<|endoftext|>', '<|endoftext|>'] [other]
  L24: '20.<|im_end|><|endoftext|><|endoftext|><|endoftext|><|endoftext|>' = ['2', '0', '.', '<|im_end|>', '<|endoftext|>', '<|endoftext|>', '<|endoftext|>', '<|endoftext|>'] [other]
  L25: '20.<|im_end|><|endoftext|><|endoftext|><|endoftext|><|endoftext|>' = ['2', '0', '.', '<|im_end|>', '<|endoftext|>', '<|endoftext|>', '<|endoftext|>', '<|endoftext|>'] [other]
  L26: '20.<|im_end|><|endoftext|><|endoftext|><|endoftext|><|endoftext|>' = ['2', '0', '.', '<|im_end|>', '<|endoftext|>', '<|endoftext|>', '<|endoftext|>', '<|endoftext|>'] [other]
  L27: '258.<|im_end|><|endoftext|><|endoftext|><|endoftext|>' = ['2', '5', '8', '.', '<|im_end|>', '<|endoftext|>', '<|endoftext|>', '<|endoftext|>'] [other]
  L28: '258.<|im_end|><|endoftext|><|endoftext|><|endoftext|>' = ['2', '5', '8', '.', '<|im_end|>', '<|endoftext|>', '<|endoftext|>', '<|endoftext|>'] [other]

row 156: base=RS -> source=AL  template=calling_code_prefill_v3
  question: 'What is the country calling code for the country in this image?'
  prefill : 'The country calling code is +'
  gold base   (expected unhooked) : '381' = ['3', '8', '1']
  gold source (expected if swap works): '355' = ['3', '5', '5']
  unhooked: '381. This corresponds to Serbia' = ['3', '8', '1', '.', ' This', ' corresponds', ' to', ' Serbia']
  L19: '381. This corresponds to Serbia' = ['3', '8', '1', '.', ' This', ' corresponds', ' to', ' Serbia'] [base]
  L20: '381. This corresponds to Serbia' = ['3', '8', '1', '.', ' This', ' corresponds', ' to', ' Serbia'] [base]
  L21: '381. This corresponds to Serbia' = ['3', '8', '1', '.', ' This', ' corresponds', ' to', ' Serbia'] [base]
  L22: '381. This corresponds to Serbia' = ['3', '8', '1', '.', ' This', ' corresponds', ' to', ' Serbia'] [base]
  L23: '381. This corresponds to Serbia' = ['3', '8', '1', '.', ' This', ' corresponds', ' to', ' Serbia'] [base]
  L24: '381. This corresponds to Serbia' = ['3', '8', '1', '.', ' This', ' corresponds', ' to', ' Serbia'] [base]
  L25: '381. This corresponds to Serbia' = ['3', '8', '1', '.', ' This', ' corresponds', ' to', ' Serbia'] [base]
  L26: '381. This corresponds to Serbia' = ['3', '8', '1', '.', ' This', ' corresponds', ' to', ' Serbia'] [base]
  L27: '381. This corresponds to Serbia' = ['3', '8', '1', '.', ' This', ' corresponds', ' to', ' Serbia'] [base]
  L28: '381. This corresponds to Serbia' = ['3', '8', '1', '.', ' This', ' corresponds', ' to', ' Serbia'] [base]

row 157: base=DZ -> source=SD  template=calling_code_prefill_v1
  question: 'What is the international calling code of the country in this image?'
  prefill : 'The calling code is +'
  gold base   (expected unhooked) : '213' = ['2', '1', '3']
  gold source (expected if swap works): '249' = ['2', '4', '9']
  unhooked: '213. This corresponds to Algeria' = ['2', '1', '3', '.', ' This', ' corresponds', ' to', ' Algeria']
  L19: '213. This corresponds to Algeria' = ['2', '1', '3', '.', ' This', ' corresponds', ' to', ' Algeria'] [base]
  L20: '213. This corresponds to Algeria' = ['2', '1', '3', '.', ' This', ' corresponds', ' to', ' Algeria'] [base]
  L21: '213. This corresponds to Algeria' = ['2', '1', '3', '.', ' This', ' corresponds', ' to', ' Algeria'] [base]
  L22: '213. This corresponds to Algeria' = ['2', '1', '3', '.', ' This', ' corresponds', ' to', ' Algeria'] [base]
  L23: '213. This corresponds to Algeria' = ['2', '1', '3', '.', ' This', ' corresponds', ' to', ' Algeria'] [base]
  L24: '213. This corresponds to Algeria' = ['2', '1', '3', '.', ' This', ' corresponds', ' to', ' Algeria'] [base]
  L25: '213. This corresponds to Algeria' = ['2', '1', '3', '.', ' This', ' corresponds', ' to', ' Algeria'] [base]
  L26: '213. This corresponds to Algeria' = ['2', '1', '3', '.', ' This', ' corresponds', ' to', ' Algeria'] [base]
  L27: '213. This corresponds to Algeria' = ['2', '1', '3', '.', ' This', ' corresponds', ' to', ' Algeria'] [base]
  L28: '213. This corresponds to Algeria' = ['2', '1', '3', '.', ' This', ' corresponds', ' to', ' Algeria'] [base]

row 158: base=FJ -> source=AZ  template=calling_code_prefill_v5
  question: 'Identify the international dialing code of the country shown in this flag.'
  prefill : 'The dialing code is +'
  gold base   (expected unhooked) : '679' = ['6', '7', '9']
  gold source (expected if swap works): '994' = ['9', '9', '4']
  unhooked: '679.<|im_end|><|endoftext|><|endoftext|><|endoftext|>' = ['6', '7', '9', '.', '<|im_end|>', '<|endoftext|>', '<|endoftext|>', '<|endoftext|>']
  L19: '679.<|im_end|><|endoftext|><|endoftext|><|endoftext|>' = ['6', '7', '9', '.', '<|im_end|>', '<|endoftext|>', '<|endoftext|>', '<|endoftext|>'] [base]
  L20: '679.<|im_end|><|endoftext|><|endoftext|><|endoftext|>' = ['6', '7', '9', '.', '<|im_end|>', '<|endoftext|>', '<|endoftext|>', '<|endoftext|>'] [base]
  L21: '679.<|im_end|><|endoftext|><|endoftext|><|endoftext|>' = ['6', '7', '9', '.', '<|im_end|>', '<|endoftext|>', '<|endoftext|>', '<|endoftext|>'] [base]
  L22: '679.<|im_end|><|endoftext|><|endoftext|><|endoftext|>' = ['6', '7', '9', '.', '<|im_end|>', '<|endoftext|>', '<|endoftext|>', '<|endoftext|>'] [base]
  L23: '976.<|im_end|><|endoftext|><|endoftext|><|endoftext|>' = ['9', '7', '6', '.', '<|im_end|>', '<|endoftext|>', '<|endoftext|>', '<|endoftext|>'] [other]
  L24: '976.<|im_end|><|endoftext|><|endoftext|><|endoftext|>' = ['9', '7', '6', '.', '<|im_end|>', '<|endoftext|>', '<|endoftext|>', '<|endoftext|>'] [other]
  L25: '976.<|im_end|><|endoftext|><|endoftext|><|endoftext|>' = ['9', '7', '6', '.', '<|im_end|>', '<|endoftext|>', '<|endoftext|>', '<|endoftext|>'] [other]
  L26: '976.<|im_end|><|endoftext|><|endoftext|><|endoftext|>' = ['9', '7', '6', '.', '<|im_end|>', '<|endoftext|>', '<|endoftext|>', '<|endoftext|>'] [other]
  L27: '976.<|im_end|><|endoftext|><|endoftext|><|endoftext|>' = ['9', '7', '6', '.', '<|im_end|>', '<|endoftext|>', '<|endoftext|>', '<|endoftext|>'] [other]
  L28: '976.<|im_end|><|endoftext|><|endoftext|><|endoftext|>' = ['9', '7', '6', '.', '<|im_end|>', '<|endoftext|>', '<|endoftext|>', '<|endoftext|>'] [other]

row 159: base=AF -> source=UZ  template=calling_code_prefill_v4
  question: 'What is the phone country code for the country in this image?'
  prefill : 'The phone code is +'
  gold base   (expected unhooked) : '93' = ['9', '3']
  gold source (expected if swap works): '998' = ['9', '9', '8']
  unhooked: '93.<|im_end|><|endoftext|><|endoftext|><|endoftext|><|endoftext|>' = ['9', '3', '.', '<|im_end|>', '<|endoftext|>', '<|endoftext|>', '<|endoftext|>', '<|endoftext|>']
  L19: '93.<|im_end|><|endoftext|><|endoftext|><|endoftext|><|endoftext|>' = ['9', '3', '.', '<|im_end|>', '<|endoftext|>', '<|endoftext|>', '<|endoftext|>', '<|endoftext|>'] [base]
  L20: '93.<|im_end|><|endoftext|><|endoftext|><|endoftext|><|endoftext|>' = ['9', '3', '.', '<|im_end|>', '<|endoftext|>', '<|endoftext|>', '<|endoftext|>', '<|endoftext|>'] [base]
  L21: '93.<|im_end|><|endoftext|><|endoftext|><|endoftext|><|endoftext|>' = ['9', '3', '.', '<|im_end|>', '<|endoftext|>', '<|endoftext|>', '<|endoftext|>', '<|endoftext|>'] [base]
  L22: '93.<|im_end|><|endoftext|><|endoftext|><|endoftext|><|endoftext|>' = ['9', '3', '.', '<|im_end|>', '<|endoftext|>', '<|endoftext|>', '<|endoftext|>', '<|endoftext|>'] [base]
  L23: '93.<|im_end|><|endoftext|><|endoftext|><|endoftext|><|endoftext|>' = ['9', '3', '.', '<|im_end|>', '<|endoftext|>', '<|endoftext|>', '<|endoftext|>', '<|endoftext|>'] [base]
  L24: '93.<|im_end|><|endoftext|><|endoftext|><|endoftext|><|endoftext|>' = ['9', '3', '.', '<|im_end|>', '<|endoftext|>', '<|endoftext|>', '<|endoftext|>', '<|endoftext|>'] [base]
  L25: '93.<|im_end|><|endoftext|><|endoftext|><|endoftext|><|endoftext|>' = ['9', '3', '.', '<|im_end|>', '<|endoftext|>', '<|endoftext|>', '<|endoftext|>', '<|endoftext|>'] [base]
  L26: '93.<|im_end|><|endoftext|><|endoftext|><|endoftext|><|endoftext|>' = ['9', '3', '.', '<|im_end|>', '<|endoftext|>', '<|endoftext|>', '<|endoftext|>', '<|endoftext|>'] [base]
  L27: '93.<|im_end|><|endoftext|><|endoftext|><|endoftext|><|endoftext|>' = ['9', '3', '.', '<|im_end|>', '<|endoftext|>', '<|endoftext|>', '<|endoftext|>', '<|endoftext|>'] [base]
  L28: '93.<|im_end|><|endoftext|><|endoftext|><|endoftext|><|endoftext|>' = ['9', '3', '.', '<|im_end|>', '<|endoftext|>', '<|endoftext|>', '<|endoftext|>', '<|endoftext|>'] [base]

row 160: base=KW -> source=AU  template=calling_code_prefill_v3
  question: 'What is the country calling code for the country in this image?'
  prefill : 'The country calling code is +'
  gold base   (expected unhooked) : '965' = ['9', '6', '5']
  gold source (expected if swap works): '61' = ['6', '1']
  unhooked: '965. This corresponds to Kuwait' = ['9', '6', '5', '.', ' This', ' corresponds', ' to', ' Kuwait']
  L19: '965. This corresponds to Kuwait' = ['9', '6', '5', '.', ' This', ' corresponds', ' to', ' Kuwait'] [base]
  L20: '965. This corresponds to Kuwait' = ['9', '6', '5', '.', ' This', ' corresponds', ' to', ' Kuwait'] [base]
  L21: '965. This corresponds to Kuwait' = ['9', '6', '5', '.', ' This', ' corresponds', ' to', ' Kuwait'] [base]
  L22: '965. This corresponds to Kuwait' = ['9', '6', '5', '.', ' This', ' corresponds', ' to', ' Kuwait'] [base]
  L23: '687. This corresponds to Kuwait' = ['6', '8', '7', '.', ' This', ' corresponds', ' to', ' Kuwait'] [other]
  L24: '686, which corresponds to Kuwait' = ['6', '8', '6', ',', ' which', ' corresponds', ' to', ' Kuwait'] [other]
  L25: '686, which corresponds to Kuwait' = ['6', '8', '6', ',', ' which', ' corresponds', ' to', ' Kuwait'] [other]
  L26: '686, which corresponds to Kuwait' = ['6', '8', '6', ',', ' which', ' corresponds', ' to', ' Kuwait'] [other]
  L27: '66.<|im_end|><|endoftext|><|endoftext|><|endoftext|><|endoftext|>' = ['6', '6', '.', '<|im_end|>', '<|endoftext|>', '<|endoftext|>', '<|endoftext|>', '<|endoftext|>'] [other]
  L28: '66.<|im_end|><|endoftext|><|endoftext|><|endoftext|><|endoftext|>' = ['6', '6', '.', '<|im_end|>', '<|endoftext|>', '<|endoftext|>', '<|endoftext|>', '<|endoftext|>'] [other]

row 161: base=SN -> source=BE  template=calling_code_prefill_v4
  question: 'What is the phone country code for the country in this image?'
  prefill : 'The phone code is +'
  gold base   (expected unhooked) : '221' = ['2', '2', '1']
  gold source (expected if swap works): '32' = ['3', '2']
  unhooked: '241. This corresponds to Sen' = ['2', '4', '1', '.', ' This', ' corresponds', ' to', ' Sen']
  L19: '241. This corresponds to Sen' = ['2', '4', '1', '.', ' This', ' corresponds', ' to', ' Sen'] [other]
  L20: '241. This corresponds to Sen' = ['2', '4', '1', '.', ' This', ' corresponds', ' to', ' Sen'] [other]
  L21: '241. This corresponds to Sen' = ['2', '4', '1', '.', ' This', ' corresponds', ' to', ' Sen'] [other]
  L22: '241. This corresponds to Sen' = ['2', '4', '1', '.', ' This', ' corresponds', ' to', ' Sen'] [other]
  L23: '241. This corresponds to Sen' = ['2', '4', '1', '.', ' This', ' corresponds', ' to', ' Sen'] [other]
  L24: '32.<|im_end|><|endoftext|><|endoftext|><|endoftext|><|endoftext|>' = ['3', '2', '.', '<|im_end|>', '<|endoftext|>', '<|endoftext|>', '<|endoftext|>', '<|endoftext|>'] [HIT]
  L25: '32.<|im_end|><|endoftext|><|endoftext|><|endoftext|><|endoftext|>' = ['3', '2', '.', '<|im_end|>', '<|endoftext|>', '<|endoftext|>', '<|endoftext|>', '<|endoftext|>'] [HIT]
  L26: '32.<|im_end|><|endoftext|><|endoftext|><|endoftext|><|endoftext|>' = ['3', '2', '.', '<|im_end|>', '<|endoftext|>', '<|endoftext|>', '<|endoftext|>', '<|endoftext|>'] [HIT]
  L27: '32.<|im_end|><|endoftext|><|endoftext|><|endoftext|><|endoftext|>' = ['3', '2', '.', '<|im_end|>', '<|endoftext|>', '<|endoftext|>', '<|endoftext|>', '<|endoftext|>'] [HIT]
  L28: '32.<|im_end|><|endoftext|><|endoftext|><|endoftext|><|endoftext|>' = ['3', '2', '.', '<|im_end|>', '<|endoftext|>', '<|endoftext|>', '<|endoftext|>', '<|endoftext|>'] [HIT]

row 162: base=BZ -> source=NP  template=calling_code_prefill_v4
  question: 'What is the phone country code for the country in this image?'
  prefill : 'The phone code is +'
  gold base   (expected unhooked) : '501' = ['5', '0', '1']
  gold source (expected if swap works): '977' = ['9', '7', '7']
  unhooked: '501. This corresponds to Belize' = ['5', '0', '1', '.', ' This', ' corresponds', ' to', ' Belize']
  L19: '501. This corresponds to Belize' = ['5', '0', '1', '.', ' This', ' corresponds', ' to', ' Belize'] [base]
  L20: '501. This corresponds to Belize' = ['5', '0', '1', '.', ' This', ' corresponds', ' to', ' Belize'] [base]
  L21: '501. This corresponds to Belize' = ['5', '0', '1', '.', ' This', ' corresponds', ' to', ' Belize'] [base]
  L22: '501. This corresponds to Belize' = ['5', '0', '1', '.', ' This', ' corresponds', ' to', ' Belize'] [base]
  L23: '976. This corresponds to the' = ['9', '7', '6', '.', ' This', ' corresponds', ' to', ' the'] [other]
  L24: '976. This corresponds to the' = ['9', '7', '6', '.', ' This', ' corresponds', ' to', ' the'] [other]
  L25: '976. This corresponds to the' = ['9', '7', '6', '.', ' This', ' corresponds', ' to', ' the'] [other]
  L26: '976. This corresponds to the' = ['9', '7', '6', '.', ' This', ' corresponds', ' to', ' the'] [other]
  L27: '976. This corresponds to the' = ['9', '7', '6', '.', ' This', ' corresponds', ' to', ' the'] [other]
  L28: '976. This corresponds to the' = ['9', '7', '6', '.', ' This', ' corresponds', ' to', ' the'] [other]

row 163: base=QA -> source=TN  template=calling_code_prefill_v5
  question: 'Identify the international dialing code of the country shown in this flag.'
  prefill : 'The dialing code is +'
  gold base   (expected unhooked) : '974' = ['9', '7', '4']
  gold source (expected if swap works): '216' = ['2', '1', '6']
  unhooked: '974.<|im_end|><|endoftext|><|endoftext|><|endoftext|>' = ['9', '7', '4', '.', '<|im_end|>', '<|endoftext|>', '<|endoftext|>', '<|endoftext|>']
  L19: '974.<|im_end|><|endoftext|><|endoftext|><|endoftext|>' = ['9', '7', '4', '.', '<|im_end|>', '<|endoftext|>', '<|endoftext|>', '<|endoftext|>'] [base]
  L20: '974.<|im_end|><|endoftext|><|endoftext|><|endoftext|>' = ['9', '7', '4', '.', '<|im_end|>', '<|endoftext|>', '<|endoftext|>', '<|endoftext|>'] [base]
  L21: '974.<|im_end|><|endoftext|><|endoftext|><|endoftext|>' = ['9', '7', '4', '.', '<|im_end|>', '<|endoftext|>', '<|endoftext|>', '<|endoftext|>'] [base]
  L22: '974.<|im_end|><|endoftext|><|endoftext|><|endoftext|>' = ['9', '7', '4', '.', '<|im_end|>', '<|endoftext|>', '<|endoftext|>', '<|endoftext|>'] [base]
  L23: '230.<|im_end|><|endoftext|><|endoftext|><|endoftext|>' = ['2', '3', '0', '.', '<|im_end|>', '<|endoftext|>', '<|endoftext|>', '<|endoftext|>'] [other]
  L24: '230.<|im_end|><|endoftext|><|endoftext|><|endoftext|>' = ['2', '3', '0', '.', '<|im_end|>', '<|endoftext|>', '<|endoftext|>', '<|endoftext|>'] [other]
  L25: '230.<|im_end|><|endoftext|><|endoftext|><|endoftext|>' = ['2', '3', '0', '.', '<|im_end|>', '<|endoftext|>', '<|endoftext|>', '<|endoftext|>'] [other]
  L26: '230.<|im_end|><|endoftext|><|endoftext|><|endoftext|>' = ['2', '3', '0', '.', '<|im_end|>', '<|endoftext|>', '<|endoftext|>', '<|endoftext|>'] [other]
  L27: '230.<|im_end|><|endoftext|><|endoftext|><|endoftext|>' = ['2', '3', '0', '.', '<|im_end|>', '<|endoftext|>', '<|endoftext|>', '<|endoftext|>'] [other]
  L28: '230.<|im_end|><|endoftext|><|endoftext|><|endoftext|>' = ['2', '3', '0', '.', '<|im_end|>', '<|endoftext|>', '<|endoftext|>', '<|endoftext|>'] [other]

row 164: base=UY -> source=PK  template=calling_code_prefill_v2
  question: 'Give the international dialling code of the country shown in this flag.'
  prefill : 'The dialling code is +'
  gold base   (expected unhooked) : '598' = ['5', '9', '8']
  gold source (expected if swap works): '92' = ['9', '2']
  unhooked: '598.<|im_end|><|endoftext|><|endoftext|><|endoftext|>' = ['5', '9', '8', '.', '<|im_end|>', '<|endoftext|>', '<|endoftext|>', '<|endoftext|>']
  L19: '598.<|im_end|><|endoftext|><|endoftext|><|endoftext|>' = ['5', '9', '8', '.', '<|im_end|>', '<|endoftext|>', '<|endoftext|>', '<|endoftext|>'] [base]
  L20: '598.<|im_end|><|endoftext|><|endoftext|><|endoftext|>' = ['5', '9', '8', '.', '<|im_end|>', '<|endoftext|>', '<|endoftext|>', '<|endoftext|>'] [base]
  L21: '598.<|im_end|><|endoftext|><|endoftext|><|endoftext|>' = ['5', '9', '8', '.', '<|im_end|>', '<|endoftext|>', '<|endoftext|>', '<|endoftext|>'] [base]
  L22: '598.<|im_end|><|endoftext|><|endoftext|><|endoftext|>' = ['5', '9', '8', '.', '<|im_end|>', '<|endoftext|>', '<|endoftext|>', '<|endoftext|>'] [base]
  L23: '90.<|im_end|><|endoftext|><|endoftext|><|endoftext|><|endoftext|>' = ['9', '0', '.', '<|im_end|>', '<|endoftext|>', '<|endoftext|>', '<|endoftext|>', '<|endoftext|>'] [other]
  L24: '90.<|im_end|><|endoftext|><|endoftext|><|endoftext|><|endoftext|>' = ['9', '0', '.', '<|im_end|>', '<|endoftext|>', '<|endoftext|>', '<|endoftext|>', '<|endoftext|>'] [other]
  L25: '90.<|im_end|><|endoftext|><|endoftext|><|endoftext|><|endoftext|>' = ['9', '0', '.', '<|im_end|>', '<|endoftext|>', '<|endoftext|>', '<|endoftext|>', '<|endoftext|>'] [other]
  L26: '90.<|im_end|><|endoftext|><|endoftext|><|endoftext|><|endoftext|>' = ['9', '0', '.', '<|im_end|>', '<|endoftext|>', '<|endoftext|>', '<|endoftext|>', '<|endoftext|>'] [other]
  L27: '90.<|im_end|><|endoftext|><|endoftext|><|endoftext|><|endoftext|>' = ['9', '0', '.', '<|im_end|>', '<|endoftext|>', '<|endoftext|>', '<|endoftext|>', '<|endoftext|>'] [other]
  L28: '90.<|im_end|><|endoftext|><|endoftext|><|endoftext|><|endoftext|>' = ['9', '0', '.', '<|im_end|>', '<|endoftext|>', '<|endoftext|>', '<|endoftext|>', '<|endoftext|>'] [other]

row 165: base=YE -> source=TN  template=calling_code_prefill_v1
  question: 'What is the international calling code of the country in this image?'
  prefill : 'The calling code is +'
  gold base   (expected unhooked) : '967' = ['9', '6', '7']
  gold source (expected if swap works): '216' = ['2', '1', '6']
  unhooked: '967, which corresponds to Yemen' = ['9', '6', '7', ',', ' which', ' corresponds', ' to', ' Yemen']
  L19: '967, which corresponds to Yemen' = ['9', '6', '7', ',', ' which', ' corresponds', ' to', ' Yemen'] [base]
  L20: '967, which corresponds to Yemen' = ['9', '6', '7', ',', ' which', ' corresponds', ' to', ' Yemen'] [base]
  L21: '967, which corresponds to Yemen' = ['9', '6', '7', ',', ' which', ' corresponds', ' to', ' Yemen'] [base]
  L22: '243. This corresponds to the' = ['2', '4', '3', '.', ' This', ' corresponds', ' to', ' the'] [other]
  L23: '243. This corresponds to the' = ['2', '4', '3', '.', ' This', ' corresponds', ' to', ' the'] [other]
  L24: '243. This corresponds to the' = ['2', '4', '3', '.', ' This', ' corresponds', ' to', ' the'] [other]
  L25: '243. This corresponds to the' = ['2', '4', '3', '.', ' This', ' corresponds', ' to', ' the'] [other]
  L26: '243. This corresponds to the' = ['2', '4', '3', '.', ' This', ' corresponds', ' to', ' the'] [other]
  L27: '243. This corresponds to the' = ['2', '4', '3', '.', ' This', ' corresponds', ' to', ' the'] [other]
  L28: '243. This corresponds to the' = ['2', '4', '3', '.', ' This', ' corresponds', ' to', ' the'] [other]

row 166: base=IQ -> source=LA  template=calling_code_prefill_v1
  question: 'What is the international calling code of the country in this image?'
  prefill : 'The calling code is +'
  gold base   (expected unhooked) : '964' = ['9', '6', '4']
  gold source (expected if swap works): '856' = ['8', '5', '6']
  unhooked: '964. This corresponds to Iraq' = ['9', '6', '4', '.', ' This', ' corresponds', ' to', ' Iraq']
  L19: '964. This corresponds to Iraq' = ['9', '6', '4', '.', ' This', ' corresponds', ' to', ' Iraq'] [base]
  L20: '964. This corresponds to Iraq' = ['9', '6', '4', '.', ' This', ' corresponds', ' to', ' Iraq'] [base]
  L21: '964. This corresponds to Iraq' = ['9', '6', '4', '.', ' This', ' corresponds', ' to', ' Iraq'] [base]
  L22: '964. This corresponds to Iraq' = ['9', '6', '4', '.', ' This', ' corresponds', ' to', ' Iraq'] [base]
  L23: '86.<|im_end|><|endoftext|><|endoftext|><|endoftext|><|endoftext|>' = ['8', '6', '.', '<|im_end|>', '<|endoftext|>', '<|endoftext|>', '<|endoftext|>', '<|endoftext|>'] [other]
  L24: '86.<|im_end|><|endoftext|><|endoftext|><|endoftext|><|endoftext|>' = ['8', '6', '.', '<|im_end|>', '<|endoftext|>', '<|endoftext|>', '<|endoftext|>', '<|endoftext|>'] [other]
  L25: '86.<|im_end|><|endoftext|><|endoftext|><|endoftext|><|endoftext|>' = ['8', '6', '.', '<|im_end|>', '<|endoftext|>', '<|endoftext|>', '<|endoftext|>', '<|endoftext|>'] [other]
  L26: '86.<|im_end|><|endoftext|><|endoftext|><|endoftext|><|endoftext|>' = ['8', '6', '.', '<|im_end|>', '<|endoftext|>', '<|endoftext|>', '<|endoftext|>', '<|endoftext|>'] [other]
  L27: '86.<|im_end|><|endoftext|><|endoftext|><|endoftext|><|endoftext|>' = ['8', '6', '.', '<|im_end|>', '<|endoftext|>', '<|endoftext|>', '<|endoftext|>', '<|endoftext|>'] [other]
  L28: '86.<|im_end|><|endoftext|><|endoftext|><|endoftext|><|endoftext|>' = ['8', '6', '.', '<|im_end|>', '<|endoftext|>', '<|endoftext|>', '<|endoftext|>', '<|endoftext|>'] [other]

row 167: base=JP -> source=UY  template=calling_code_prefill_v1
  question: 'What is the international calling code of the country in this image?'
  prefill : 'The calling code is +'
  gold base   (expected unhooked) : '81' = ['8', '1']
  gold source (expected if swap works): '598' = ['5', '9', '8']
  unhooked: '86, which corresponds to China.' = ['8', '6', ',', ' which', ' corresponds', ' to', ' China', '.']
  L19: '86, which corresponds to China.' = ['8', '6', ',', ' which', ' corresponds', ' to', ' China', '.'] [other]
  L20: '358, which corresponds to Finland' = ['3', '5', '8', ',', ' which', ' corresponds', ' to', ' Finland'] [other]
  L21: '591, which corresponds to Bolivia' = ['5', '9', '1', ',', ' which', ' corresponds', ' to', ' Bolivia'] [other]
  L22: '591, which corresponds to Bolivia' = ['5', '9', '1', ',', ' which', ' corresponds', ' to', ' Bolivia'] [other]
  L23: '591, which corresponds to Bolivia' = ['5', '9', '1', ',', ' which', ' corresponds', ' to', ' Bolivia'] [other]
  L24: '591, which corresponds to Bolivia' = ['5', '9', '1', ',', ' which', ' corresponds', ' to', ' Bolivia'] [other]
  L25: '591, which corresponds to Par' = ['5', '9', '1', ',', ' which', ' corresponds', ' to', ' Par'] [other]
  L26: '591, which corresponds to Bolivia' = ['5', '9', '1', ',', ' which', ' corresponds', ' to', ' Bolivia'] [other]
  L27: '591, which corresponds to Par' = ['5', '9', '1', ',', ' which', ' corresponds', ' to', ' Par'] [other]
  L28: '591, which corresponds to Bolivia' = ['5', '9', '1', ',', ' which', ' corresponds', ' to', ' Bolivia'] [other]

row 168: base=IT -> source=BE  template=calling_code_prefill_v6
  question: 'What country code do you dial to call this country?'
  prefill : 'The country code is +'
  gold base   (expected unhooked) : '39' = ['3', '9']
  gold source (expected if swap works): '32' = ['3', '2']
  unhooked: '39.<|im_end|><|endoftext|><|endoftext|><|endoftext|><|endoftext|>' = ['3', '9', '.', '<|im_end|>', '<|endoftext|>', '<|endoftext|>', '<|endoftext|>', '<|endoftext|>']
  L19: '39.<|im_end|><|endoftext|><|endoftext|><|endoftext|><|endoftext|>' = ['3', '9', '.', '<|im_end|>', '<|endoftext|>', '<|endoftext|>', '<|endoftext|>', '<|endoftext|>'] [base]
  L20: '39.<|im_end|><|endoftext|><|endoftext|><|endoftext|><|endoftext|>' = ['3', '9', '.', '<|im_end|>', '<|endoftext|>', '<|endoftext|>', '<|endoftext|>', '<|endoftext|>'] [base]
  L21: '39.<|im_end|><|endoftext|><|endoftext|><|endoftext|><|endoftext|>' = ['3', '9', '.', '<|im_end|>', '<|endoftext|>', '<|endoftext|>', '<|endoftext|>', '<|endoftext|>'] [base]
  L22: '39.<|im_end|><|endoftext|><|endoftext|><|endoftext|><|endoftext|>' = ['3', '9', '.', '<|im_end|>', '<|endoftext|>', '<|endoftext|>', '<|endoftext|>', '<|endoftext|>'] [base]
  L23: '39.<|im_end|><|endoftext|><|endoftext|><|endoftext|><|endoftext|>' = ['3', '9', '.', '<|im_end|>', '<|endoftext|>', '<|endoftext|>', '<|endoftext|>', '<|endoftext|>'] [base]
  L24: '39.<|im_end|><|endoftext|><|endoftext|><|endoftext|><|endoftext|>' = ['3', '9', '.', '<|im_end|>', '<|endoftext|>', '<|endoftext|>', '<|endoftext|>', '<|endoftext|>'] [base]
  L25: '39.<|im_end|><|endoftext|><|endoftext|><|endoftext|><|endoftext|>' = ['3', '9', '.', '<|im_end|>', '<|endoftext|>', '<|endoftext|>', '<|endoftext|>', '<|endoftext|>'] [base]
  L26: '39.<|im_end|><|endoftext|><|endoftext|><|endoftext|><|endoftext|>' = ['3', '9', '.', '<|im_end|>', '<|endoftext|>', '<|endoftext|>', '<|endoftext|>', '<|endoftext|>'] [base]
  L27: '39.<|im_end|><|endoftext|><|endoftext|><|endoftext|><|endoftext|>' = ['3', '9', '.', '<|im_end|>', '<|endoftext|>', '<|endoftext|>', '<|endoftext|>', '<|endoftext|>'] [base]
  L28: '39.<|im_end|><|endoftext|><|endoftext|><|endoftext|><|endoftext|>' = ['3', '9', '.', '<|im_end|>', '<|endoftext|>', '<|endoftext|>', '<|endoftext|>', '<|endoftext|>'] [base]

row 169: base=SD -> source=BD  template=calling_code_prefill_v6
  question: 'What country code do you dial to call this country?'
  prefill : 'The country code is +'
  gold base   (expected unhooked) : '249' = ['2', '4', '9']
  gold source (expected if swap works): '880' = ['8', '8', '0']
  unhooked: '249.<|im_end|><|endoftext|><|endoftext|><|endoftext|>' = ['2', '4', '9', '.', '<|im_end|>', '<|endoftext|>', '<|endoftext|>', '<|endoftext|>']
  L19: '249.<|im_end|><|endoftext|><|endoftext|><|endoftext|>' = ['2', '4', '9', '.', '<|im_end|>', '<|endoftext|>', '<|endoftext|>', '<|endoftext|>'] [base]
  L20: '249.<|im_end|><|endoftext|><|endoftext|><|endoftext|>' = ['2', '4', '9', '.', '<|im_end|>', '<|endoftext|>', '<|endoftext|>', '<|endoftext|>'] [base]
  L21: '249.<|im_end|><|endoftext|><|endoftext|><|endoftext|>' = ['2', '4', '9', '.', '<|im_end|>', '<|endoftext|>', '<|endoftext|>', '<|endoftext|>'] [base]
  L22: '249.<|im_end|><|endoftext|><|endoftext|><|endoftext|>' = ['2', '4', '9', '.', '<|im_end|>', '<|endoftext|>', '<|endoftext|>', '<|endoftext|>'] [base]
  L23: '966.<|im_end|><|endoftext|><|endoftext|><|endoftext|>' = ['9', '6', '6', '.', '<|im_end|>', '<|endoftext|>', '<|endoftext|>', '<|endoftext|>'] [other]
  L24: '86.<|im_end|><|endoftext|><|endoftext|><|endoftext|><|endoftext|>' = ['8', '6', '.', '<|im_end|>', '<|endoftext|>', '<|endoftext|>', '<|endoftext|>', '<|endoftext|>'] [other]
  L25: '86.<|im_end|><|endoftext|><|endoftext|><|endoftext|><|endoftext|>' = ['8', '6', '.', '<|im_end|>', '<|endoftext|>', '<|endoftext|>', '<|endoftext|>', '<|endoftext|>'] [other]
  L26: '86.<|im_end|><|endoftext|><|endoftext|><|endoftext|><|endoftext|>' = ['8', '6', '.', '<|im_end|>', '<|endoftext|>', '<|endoftext|>', '<|endoftext|>', '<|endoftext|>'] [other]
  L27: '86.<|im_end|><|endoftext|><|endoftext|><|endoftext|><|endoftext|>' = ['8', '6', '.', '<|im_end|>', '<|endoftext|>', '<|endoftext|>', '<|endoftext|>', '<|endoftext|>'] [other]
  L28: '86.<|im_end|><|endoftext|><|endoftext|><|endoftext|><|endoftext|>' = ['8', '6', '.', '<|im_end|>', '<|endoftext|>', '<|endoftext|>', '<|endoftext|>', '<|endoftext|>'] [other]

row 170: base=HT -> source=TZ  template=calling_code_prefill_v2
  question: 'Give the international dialling code of the country shown in this flag.'
  prefill : 'The dialling code is +'
  gold base   (expected unhooked) : '509' = ['5', '0', '9']
  gold source (expected if swap works): '255' = ['2', '5', '5']
  unhooked: '509.<|im_end|><|endoftext|><|endoftext|><|endoftext|>' = ['5', '0', '9', '.', '<|im_end|>', '<|endoftext|>', '<|endoftext|>', '<|endoftext|>']
  L19: '509.<|im_end|><|endoftext|><|endoftext|><|endoftext|>' = ['5', '0', '9', '.', '<|im_end|>', '<|endoftext|>', '<|endoftext|>', '<|endoftext|>'] [base]
  L20: '509.<|im_end|><|endoftext|><|endoftext|><|endoftext|>' = ['5', '0', '9', '.', '<|im_end|>', '<|endoftext|>', '<|endoftext|>', '<|endoftext|>'] [base]
  L21: '509.<|im_end|><|endoftext|><|endoftext|><|endoftext|>' = ['5', '0', '9', '.', '<|im_end|>', '<|endoftext|>', '<|endoftext|>', '<|endoftext|>'] [base]
  L22: '509.<|im_end|><|endoftext|><|endoftext|><|endoftext|>' = ['5', '0', '9', '.', '<|im_end|>', '<|endoftext|>', '<|endoftext|>', '<|endoftext|>'] [base]
  L23: '257.<|im_end|><|endoftext|><|endoftext|><|endoftext|>' = ['2', '5', '7', '.', '<|im_end|>', '<|endoftext|>', '<|endoftext|>', '<|endoftext|>'] [other]
  L24: '257.<|im_end|><|endoftext|><|endoftext|><|endoftext|>' = ['2', '5', '7', '.', '<|im_end|>', '<|endoftext|>', '<|endoftext|>', '<|endoftext|>'] [other]
  L25: '257.<|im_end|><|endoftext|><|endoftext|><|endoftext|>' = ['2', '5', '7', '.', '<|im_end|>', '<|endoftext|>', '<|endoftext|>', '<|endoftext|>'] [other]
  L26: '257.<|im_end|><|endoftext|><|endoftext|><|endoftext|>' = ['2', '5', '7', '.', '<|im_end|>', '<|endoftext|>', '<|endoftext|>', '<|endoftext|>'] [other]
  L27: '257.<|im_end|><|endoftext|><|endoftext|><|endoftext|>' = ['2', '5', '7', '.', '<|im_end|>', '<|endoftext|>', '<|endoftext|>', '<|endoftext|>'] [other]
  L28: '257.<|im_end|><|endoftext|><|endoftext|><|endoftext|>' = ['2', '5', '7', '.', '<|im_end|>', '<|endoftext|>', '<|endoftext|>', '<|endoftext|>'] [other]

row 171: base=RO -> source=CY  template=calling_code_prefill_v3
  question: 'What is the country calling code for the country in this image?'
  prefill : 'The country calling code is +'
  gold base   (expected unhooked) : '40' = ['4', '0']
  gold source (expected if swap works): '357' = ['3', '5', '7']
  unhooked: '40. This corresponds to Romania,' = ['4', '0', '.', ' This', ' corresponds', ' to', ' Romania', ',']
  L19: '40. This corresponds to Romania,' = ['4', '0', '.', ' This', ' corresponds', ' to', ' Romania', ','] [base]
  L20: '40. This corresponds to Romania,' = ['4', '0', '.', ' This', ' corresponds', ' to', ' Romania', ','] [base]
  L21: '40. This corresponds to Romania,' = ['4', '0', '.', ' This', ' corresponds', ' to', ' Romania', ','] [base]
  L22: '40. This corresponds to Romania,' = ['4', '0', '.', ' This', ' corresponds', ' to', ' Romania', ','] [base]
  L23: '373. This corresponds to Mold' = ['3', '7', '3', '.', ' This', ' corresponds', ' to', ' Mold'] [other]
  L24: '373. This corresponds to Mold' = ['3', '7', '3', '.', ' This', ' corresponds', ' to', ' Mold'] [other]
  L25: '373. This corresponds to Mold' = ['3', '7', '3', '.', ' This', ' corresponds', ' to', ' Mold'] [other]
  L26: '373. This corresponds to Mold' = ['3', '7', '3', '.', ' This', ' corresponds', ' to', ' Mold'] [other]
  L27: '373. This corresponds to Mold' = ['3', '7', '3', '.', ' This', ' corresponds', ' to', ' Mold'] [other]
  L28: '373. This corresponds to Mold' = ['3', '7', '3', '.', ' This', ' corresponds', ' to', ' Mold'] [other]

row 172: base=CU -> source=PA  template=calling_code_prefill_v4
  question: 'What is the phone country code for the country in this image?'
  prefill : 'The phone code is +'
  gold base   (expected unhooked) : '53' = ['5', '3']
  gold source (expected if swap works): '507' = ['5', '0', '7']
  unhooked: '53. This is the country code' = ['5', '3', '.', ' This', ' is', ' the', ' country', ' code']
  L19: '53. This is the country code' = ['5', '3', '.', ' This', ' is', ' the', ' country', ' code'] [base]
  L20: '53. This is the country code' = ['5', '3', '.', ' This', ' is', ' the', ' country', ' code'] [base]
  L21: '53. This is the country code' = ['5', '3', '.', ' This', ' is', ' the', ' country', ' code'] [base]
  L22: '53. This is the country code' = ['5', '3', '.', ' This', ' is', ' the', ' country', ' code'] [base]
  L23: '53. This is the country code' = ['5', '3', '.', ' This', ' is', ' the', ' country', ' code'] [base]
  L24: '53. This is the country code' = ['5', '3', '.', ' This', ' is', ' the', ' country', ' code'] [base]
  L25: '53. This is the country code' = ['5', '3', '.', ' This', ' is', ' the', ' country', ' code'] [base]
  L26: '53. This is the country code' = ['5', '3', '.', ' This', ' is', ' the', ' country', ' code'] [base]
  L27: '53. This is the country code' = ['5', '3', '.', ' This', ' is', ' the', ' country', ' code'] [base]
  L28: '53. This is the country code' = ['5', '3', '.', ' This', ' is', ' the', ' country', ' code'] [base]

row 173: base=RW -> source=BZ  template=calling_code_prefill_v3
  question: 'What is the country calling code for the country in this image?'
  prefill : 'The country calling code is +'
  gold base   (expected unhooked) : '250' = ['2', '5', '0']
  gold source (expected if swap works): '501' = ['5', '0', '1']
  unhooked: '250. This corresponds to Rwanda' = ['2', '5', '0', '.', ' This', ' corresponds', ' to', ' Rwanda']
  L19: '250. This corresponds to Rwanda' = ['2', '5', '0', '.', ' This', ' corresponds', ' to', ' Rwanda'] [base]
  L20: '250. This corresponds to Rwanda' = ['2', '5', '0', '.', ' This', ' corresponds', ' to', ' Rwanda'] [base]
  L21: '250. This corresponds to Rwanda' = ['2', '5', '0', '.', ' This', ' corresponds', ' to', ' Rwanda'] [base]
  L22: '250. This corresponds to Rwanda' = ['2', '5', '0', '.', ' This', ' corresponds', ' to', ' Rwanda'] [base]
  L23: '509, which corresponds to the' = ['5', '0', '9', ',', ' which', ' corresponds', ' to', ' the'] [other]
  L24: '509, which corresponds to the' = ['5', '0', '9', ',', ' which', ' corresponds', ' to', ' the'] [other]
  L25: '509, which corresponds to the' = ['5', '0', '9', ',', ' which', ' corresponds', ' to', ' the'] [other]
  L26: '509, which corresponds to the' = ['5', '0', '9', ',', ' which', ' corresponds', ' to', ' the'] [other]
  L27: '509, which corresponds to the' = ['5', '0', '9', ',', ' which', ' corresponds', ' to', ' the'] [other]
  L28: '509, which corresponds to the' = ['5', '0', '9', ',', ' which', ' corresponds', ' to', ' the'] [other]

row 174: base=KH -> source=PK  template=calling_code_prefill_v3
  question: 'What is the country calling code for the country in this image?'
  prefill : 'The country calling code is +'
  gold base   (expected unhooked) : '855' = ['8', '5', '5']
  gold source (expected if swap works): '92' = ['9', '2']
  unhooked: '855. This corresponds to Cambodia' = ['8', '5', '5', '.', ' This', ' corresponds', ' to', ' Cambodia']
  L19: '855. This corresponds to Cambodia' = ['8', '5', '5', '.', ' This', ' corresponds', ' to', ' Cambodia'] [base]
  L20: '855. This corresponds to Cambodia' = ['8', '5', '5', '.', ' This', ' corresponds', ' to', ' Cambodia'] [base]
  L21: '855. This corresponds to Cambodia' = ['8', '5', '5', '.', ' This', ' corresponds', ' to', ' Cambodia'] [base]
  L22: '855. This corresponds to Cambodia' = ['8', '5', '5', '.', ' This', ' corresponds', ' to', ' Cambodia'] [base]
  L23: '968. This corresponds to the' = ['9', '6', '8', '.', ' This', ' corresponds', ' to', ' the'] [other]
  L24: '968. This corresponds to the' = ['9', '6', '8', '.', ' This', ' corresponds', ' to', ' the'] [other]
  L25: '968. This corresponds to the' = ['9', '6', '8', '.', ' This', ' corresponds', ' to', ' the'] [other]
  L26: '968. This corresponds to the' = ['9', '6', '8', '.', ' This', ' corresponds', ' to', ' the'] [other]
  L27: '968. This corresponds to the' = ['9', '6', '8', '.', ' This', ' corresponds', ' to', ' the'] [other]
  L28: '968. This corresponds to the' = ['9', '6', '8', '.', ' This', ' corresponds', ' to', ' the'] [other]

row 175: base=HT -> source=CO  template=calling_code_prefill_v2
  question: 'Give the international dialling code of the country shown in this flag.'
  prefill : 'The dialling code is +'
  gold base   (expected unhooked) : '509' = ['5', '0', '9']
  gold source (expected if swap works): '57' = ['5', '7']
  unhooked: '509.<|im_end|><|endoftext|><|endoftext|><|endoftext|>' = ['5', '0', '9', '.', '<|im_end|>', '<|endoftext|>', '<|endoftext|>', '<|endoftext|>']
  L19: '509.<|im_end|><|endoftext|><|endoftext|><|endoftext|>' = ['5', '0', '9', '.', '<|im_end|>', '<|endoftext|>', '<|endoftext|>', '<|endoftext|>'] [base]
  L20: '509.<|im_end|><|endoftext|><|endoftext|><|endoftext|>' = ['5', '0', '9', '.', '<|im_end|>', '<|endoftext|>', '<|endoftext|>', '<|endoftext|>'] [base]
  L21: '509.<|im_end|><|endoftext|><|endoftext|><|endoftext|>' = ['5', '0', '9', '.', '<|im_end|>', '<|endoftext|>', '<|endoftext|>', '<|endoftext|>'] [base]
  L22: '509.<|im_end|><|endoftext|><|endoftext|><|endoftext|>' = ['5', '0', '9', '.', '<|im_end|>', '<|endoftext|>', '<|endoftext|>', '<|endoftext|>'] [base]
  L23: '509.<|im_end|><|endoftext|><|endoftext|><|endoftext|>' = ['5', '0', '9', '.', '<|im_end|>', '<|endoftext|>', '<|endoftext|>', '<|endoftext|>'] [base]
  L24: '509.<|im_end|><|endoftext|><|endoftext|><|endoftext|>' = ['5', '0', '9', '.', '<|im_end|>', '<|endoftext|>', '<|endoftext|>', '<|endoftext|>'] [base]
  L25: '509.<|im_end|><|endoftext|><|endoftext|><|endoftext|>' = ['5', '0', '9', '.', '<|im_end|>', '<|endoftext|>', '<|endoftext|>', '<|endoftext|>'] [base]
  L26: '509.<|im_end|><|endoftext|><|endoftext|><|endoftext|>' = ['5', '0', '9', '.', '<|im_end|>', '<|endoftext|>', '<|endoftext|>', '<|endoftext|>'] [base]
  L27: '509.<|im_end|><|endoftext|><|endoftext|><|endoftext|>' = ['5', '0', '9', '.', '<|im_end|>', '<|endoftext|>', '<|endoftext|>', '<|endoftext|>'] [base]
  L28: '509.<|im_end|><|endoftext|><|endoftext|><|endoftext|>' = ['5', '0', '9', '.', '<|im_end|>', '<|endoftext|>', '<|endoftext|>', '<|endoftext|>'] [base]

row 176: base=IQ -> source=PA  template=calling_code_prefill_v1
  question: 'What is the international calling code of the country in this image?'
  prefill : 'The calling code is +'
  gold base   (expected unhooked) : '964' = ['9', '6', '4']
  gold source (expected if swap works): '507' = ['5', '0', '7']
  unhooked: '964. This corresponds to Iraq' = ['9', '6', '4', '.', ' This', ' corresponds', ' to', ' Iraq']
  L19: '964. This corresponds to Iraq' = ['9', '6', '4', '.', ' This', ' corresponds', ' to', ' Iraq'] [base]
  L20: '964. This corresponds to Iraq' = ['9', '6', '4', '.', ' This', ' corresponds', ' to', ' Iraq'] [base]
  L21: '964. This corresponds to Iraq' = ['9', '6', '4', '.', ' This', ' corresponds', ' to', ' Iraq'] [base]
  L22: '964. This corresponds to Iraq' = ['9', '6', '4', '.', ' This', ' corresponds', ' to', ' Iraq'] [base]
  L23: '597. This corresponds to Sur' = ['5', '9', '7', '.', ' This', ' corresponds', ' to', ' Sur'] [other]
  L24: '597. This corresponds to Sur' = ['5', '9', '7', '.', ' This', ' corresponds', ' to', ' Sur'] [other]
  L25: '597. This corresponds to Sur' = ['5', '9', '7', '.', ' This', ' corresponds', ' to', ' Sur'] [other]
  L26: '52. This corresponds to Mexico.' = ['5', '2', '.', ' This', ' corresponds', ' to', ' Mexico', '.'] [other]
  L27: '52. This corresponds to Mexico,' = ['5', '2', '.', ' This', ' corresponds', ' to', ' Mexico', ','] [other]
  L28: '52. This corresponds to Mexico,' = ['5', '2', '.', ' This', ' corresponds', ' to', ' Mexico', ','] [other]

row 177: base=MK -> source=OM  template=calling_code_prefill_v5
  question: 'Identify the international dialing code of the country shown in this flag.'
  prefill : 'The dialing code is +'
  gold base   (expected unhooked) : '389' = ['3', '8', '9']
  gold source (expected if swap works): '968' = ['9', '6', '8']
  unhooked: '389.<|im_end|><|endoftext|><|endoftext|><|endoftext|>' = ['3', '8', '9', '.', '<|im_end|>', '<|endoftext|>', '<|endoftext|>', '<|endoftext|>']
  L19: '389.<|im_end|><|endoftext|><|endoftext|><|endoftext|>' = ['3', '8', '9', '.', '<|im_end|>', '<|endoftext|>', '<|endoftext|>', '<|endoftext|>'] [base]
  L20: '389.<|im_end|><|endoftext|><|endoftext|><|endoftext|>' = ['3', '8', '9', '.', '<|im_end|>', '<|endoftext|>', '<|endoftext|>', '<|endoftext|>'] [base]
  L21: '389.<|im_end|><|endoftext|><|endoftext|><|endoftext|>' = ['3', '8', '9', '.', '<|im_end|>', '<|endoftext|>', '<|endoftext|>', '<|endoftext|>'] [base]
  L22: '389.<|im_end|><|endoftext|><|endoftext|><|endoftext|>' = ['3', '8', '9', '.', '<|im_end|>', '<|endoftext|>', '<|endoftext|>', '<|endoftext|>'] [base]
  L23: '90.<|im_end|><|endoftext|><|endoftext|><|endoftext|><|endoftext|>' = ['9', '0', '.', '<|im_end|>', '<|endoftext|>', '<|endoftext|>', '<|endoftext|>', '<|endoftext|>'] [other]
  L24: '90.<|im_end|><|endoftext|><|endoftext|><|endoftext|><|endoftext|>' = ['9', '0', '.', '<|im_end|>', '<|endoftext|>', '<|endoftext|>', '<|endoftext|>', '<|endoftext|>'] [other]
  L25: '90.<|im_end|><|endoftext|><|endoftext|><|endoftext|><|endoftext|>' = ['9', '0', '.', '<|im_end|>', '<|endoftext|>', '<|endoftext|>', '<|endoftext|>', '<|endoftext|>'] [other]
  L26: '90.<|im_end|><|endoftext|><|endoftext|><|endoftext|><|endoftext|>' = ['9', '0', '.', '<|im_end|>', '<|endoftext|>', '<|endoftext|>', '<|endoftext|>', '<|endoftext|>'] [other]
  L27: '90.<|im_end|><|endoftext|><|endoftext|><|endoftext|><|endoftext|>' = ['9', '0', '.', '<|im_end|>', '<|endoftext|>', '<|endoftext|>', '<|endoftext|>', '<|endoftext|>'] [other]
  L28: '90.<|im_end|><|endoftext|><|endoftext|><|endoftext|><|endoftext|>' = ['9', '0', '.', '<|im_end|>', '<|endoftext|>', '<|endoftext|>', '<|endoftext|>', '<|endoftext|>'] [other]

row 178: base=NZ -> source=BZ  template=calling_code_prefill_v1
  question: 'What is the international calling code of the country in this image?'
  prefill : 'The calling code is +'
  gold base   (expected unhooked) : '64' = ['6', '4']
  gold source (expected if swap works): '501' = ['5', '0', '1']
  unhooked: '64. This corresponds to New Zealand' = ['6', '4', '.', ' This', ' corresponds', ' to', ' New', ' Zealand']
  L19: '64. This is the international direct' = ['6', '4', '.', ' This', ' is', ' the', ' international', ' direct'] [base]
  L20: '64. This corresponds to New Zealand' = ['6', '4', '.', ' This', ' corresponds', ' to', ' New', ' Zealand'] [base]
  L21: '64. This corresponds to New Zealand' = ['6', '4', '.', ' This', ' corresponds', ' to', ' New', ' Zealand'] [base]
  L22: '64. This is the international direct' = ['6', '4', '.', ' This', ' is', ' the', ' international', ' direct'] [base]
  L23: '1 647 20' = ['1', ' ', '6', '4', '7', ' ', '2', '0']   [base]
  L24: '508. This corresponds to New' = ['5', '0', '8', '.', ' This', ' corresponds', ' to', ' New'] [other]
  L25: '508. This corresponds to New' = ['5', '0', '8', '.', ' This', ' corresponds', ' to', ' New'] [other]
  L26: '508. This corresponds to New' = ['5', '0', '8', '.', ' This', ' corresponds', ' to', ' New'] [other]
  L27: '508. This corresponds to New' = ['5', '0', '8', '.', ' This', ' corresponds', ' to', ' New'] [other]
  L28: '508, which corresponds to New' = ['5', '0', '8', ',', ' which', ' corresponds', ' to', ' New'] [other]

row 179: base=CY -> source=DK  template=calling_code_prefill_v4
  question: 'What is the phone country code for the country in this image?'
  prefill : 'The phone code is +'
  gold base   (expected unhooked) : '357' = ['3', '5', '7']
  gold source (expected if swap works): '45' = ['4', '5']
  unhooked: '357.<|im_end|><|endoftext|><|endoftext|><|endoftext|>' = ['3', '5', '7', '.', '<|im_end|>', '<|endoftext|>', '<|endoftext|>', '<|endoftext|>']
  L19: '357.<|im_end|><|endoftext|><|endoftext|><|endoftext|>' = ['3', '5', '7', '.', '<|im_end|>', '<|endoftext|>', '<|endoftext|>', '<|endoftext|>'] [base]
  L20: '357.<|im_end|><|endoftext|><|endoftext|><|endoftext|>' = ['3', '5', '7', '.', '<|im_end|>', '<|endoftext|>', '<|endoftext|>', '<|endoftext|>'] [base]
  L21: '357.<|im_end|><|endoftext|><|endoftext|><|endoftext|>' = ['3', '5', '7', '.', '<|im_end|>', '<|endoftext|>', '<|endoftext|>', '<|endoftext|>'] [base]
  L22: '357.<|im_end|><|endoftext|><|endoftext|><|endoftext|>' = ['3', '5', '7', '.', '<|im_end|>', '<|endoftext|>', '<|endoftext|>', '<|endoftext|>'] [base]
  L23: '357.<|im_end|><|endoftext|><|endoftext|><|endoftext|>' = ['3', '5', '7', '.', '<|im_end|>', '<|endoftext|>', '<|endoftext|>', '<|endoftext|>'] [base]
  L24: '47.<|im_end|><|endoftext|><|endoftext|><|endoftext|><|endoftext|>' = ['4', '7', '.', '<|im_end|>', '<|endoftext|>', '<|endoftext|>', '<|endoftext|>', '<|endoftext|>'] [other]
  L25: '47.<|im_end|><|endoftext|><|endoftext|><|endoftext|><|endoftext|>' = ['4', '7', '.', '<|im_end|>', '<|endoftext|>', '<|endoftext|>', '<|endoftext|>', '<|endoftext|>'] [other]
  L26: '47.<|im_end|><|endoftext|><|endoftext|><|endoftext|><|endoftext|>' = ['4', '7', '.', '<|im_end|>', '<|endoftext|>', '<|endoftext|>', '<|endoftext|>', '<|endoftext|>'] [other]
  L27: '47.<|im_end|><|endoftext|><|endoftext|><|endoftext|><|endoftext|>' = ['4', '7', '.', '<|im_end|>', '<|endoftext|>', '<|endoftext|>', '<|endoftext|>', '<|endoftext|>'] [other]
  L28: '423.<|im_end|><|endoftext|><|endoftext|><|endoftext|>' = ['4', '2', '3', '.', '<|im_end|>', '<|endoftext|>', '<|endoftext|>', '<|endoftext|>'] [other]

row 180: base=DE -> source=UZ  template=calling_code_prefill_v2
  question: 'Give the international dialling code of the country shown in this flag.'
  prefill : 'The dialling code is +'
  gold base   (expected unhooked) : '49' = ['4', '9']
  gold source (expected if swap works): '998' = ['9', '9', '8']
  unhooked: '49.<|im_end|><|endoftext|><|endoftext|><|endoftext|><|endoftext|>' = ['4', '9', '.', '<|im_end|>', '<|endoftext|>', '<|endoftext|>', '<|endoftext|>', '<|endoftext|>']
  L19: '49.<|im_end|><|endoftext|><|endoftext|><|endoftext|><|endoftext|>' = ['4', '9', '.', '<|im_end|>', '<|endoftext|>', '<|endoftext|>', '<|endoftext|>', '<|endoftext|>'] [base]
  L20: '49.<|im_end|><|endoftext|><|endoftext|><|endoftext|><|endoftext|>' = ['4', '9', '.', '<|im_end|>', '<|endoftext|>', '<|endoftext|>', '<|endoftext|>', '<|endoftext|>'] [base]
  L21: '49.<|im_end|><|endoftext|><|endoftext|><|endoftext|><|endoftext|>' = ['4', '9', '.', '<|im_end|>', '<|endoftext|>', '<|endoftext|>', '<|endoftext|>', '<|endoftext|>'] [base]
  L22: '49.<|im_end|><|endoftext|><|endoftext|><|endoftext|><|endoftext|>' = ['4', '9', '.', '<|im_end|>', '<|endoftext|>', '<|endoftext|>', '<|endoftext|>', '<|endoftext|>'] [base]
  L23: '90.<|im_end|><|endoftext|><|endoftext|><|endoftext|><|endoftext|>' = ['9', '0', '.', '<|im_end|>', '<|endoftext|>', '<|endoftext|>', '<|endoftext|>', '<|endoftext|>'] [other]
  L24: '90.<|im_end|><|endoftext|><|endoftext|><|endoftext|><|endoftext|>' = ['9', '0', '.', '<|im_end|>', '<|endoftext|>', '<|endoftext|>', '<|endoftext|>', '<|endoftext|>'] [other]
  L25: '90.<|im_end|><|endoftext|><|endoftext|><|endoftext|><|endoftext|>' = ['9', '0', '.', '<|im_end|>', '<|endoftext|>', '<|endoftext|>', '<|endoftext|>', '<|endoftext|>'] [other]
  L26: '90.<|im_end|><|endoftext|><|endoftext|><|endoftext|><|endoftext|>' = ['9', '0', '.', '<|im_end|>', '<|endoftext|>', '<|endoftext|>', '<|endoftext|>', '<|endoftext|>'] [other]
  L27: '90.<|im_end|><|endoftext|><|endoftext|><|endoftext|><|endoftext|>' = ['9', '0', '.', '<|im_end|>', '<|endoftext|>', '<|endoftext|>', '<|endoftext|>', '<|endoftext|>'] [other]
  L28: '90.<|im_end|><|endoftext|><|endoftext|><|endoftext|><|endoftext|>' = ['9', '0', '.', '<|im_end|>', '<|endoftext|>', '<|endoftext|>', '<|endoftext|>', '<|endoftext|>'] [other]

row 181: base=UY -> source=QA  template=calling_code_prefill_v5
  question: 'Identify the international dialing code of the country shown in this flag.'
  prefill : 'The dialing code is +'
  gold base   (expected unhooked) : '598' = ['5', '9', '8']
  gold source (expected if swap works): '974' = ['9', '7', '4']
  unhooked: '598.<|im_end|><|endoftext|><|endoftext|><|endoftext|>' = ['5', '9', '8', '.', '<|im_end|>', '<|endoftext|>', '<|endoftext|>', '<|endoftext|>']
  L19: '598.<|im_end|><|endoftext|><|endoftext|><|endoftext|>' = ['5', '9', '8', '.', '<|im_end|>', '<|endoftext|>', '<|endoftext|>', '<|endoftext|>'] [base]
  L20: '598.<|im_end|><|endoftext|><|endoftext|><|endoftext|>' = ['5', '9', '8', '.', '<|im_end|>', '<|endoftext|>', '<|endoftext|>', '<|endoftext|>'] [base]
  L21: '598.<|im_end|><|endoftext|><|endoftext|><|endoftext|>' = ['5', '9', '8', '.', '<|im_end|>', '<|endoftext|>', '<|endoftext|>', '<|endoftext|>'] [base]
  L22: '598.<|im_end|><|endoftext|><|endoftext|><|endoftext|>' = ['5', '9', '8', '.', '<|im_end|>', '<|endoftext|>', '<|endoftext|>', '<|endoftext|>'] [base]
  L23: '90.<|im_end|><|endoftext|><|endoftext|><|endoftext|><|endoftext|>' = ['9', '0', '.', '<|im_end|>', '<|endoftext|>', '<|endoftext|>', '<|endoftext|>', '<|endoftext|>'] [other]
  L24: '90.<|im_end|><|endoftext|><|endoftext|><|endoftext|><|endoftext|>' = ['9', '0', '.', '<|im_end|>', '<|endoftext|>', '<|endoftext|>', '<|endoftext|>', '<|endoftext|>'] [other]
  L25: '90.<|im_end|><|endoftext|><|endoftext|><|endoftext|><|endoftext|>' = ['9', '0', '.', '<|im_end|>', '<|endoftext|>', '<|endoftext|>', '<|endoftext|>', '<|endoftext|>'] [other]
  L26: '90.<|im_end|><|endoftext|><|endoftext|><|endoftext|><|endoftext|>' = ['9', '0', '.', '<|im_end|>', '<|endoftext|>', '<|endoftext|>', '<|endoftext|>', '<|endoftext|>'] [other]
  L27: '90.<|im_end|><|endoftext|><|endoftext|><|endoftext|><|endoftext|>' = ['9', '0', '.', '<|im_end|>', '<|endoftext|>', '<|endoftext|>', '<|endoftext|>', '<|endoftext|>'] [other]
  L28: '90.<|im_end|><|endoftext|><|endoftext|><|endoftext|><|endoftext|>' = ['9', '0', '.', '<|im_end|>', '<|endoftext|>', '<|endoftext|>', '<|endoftext|>', '<|endoftext|>'] [other]

row 182: base=AZ -> source=KW  template=calling_code_prefill_v2
  question: 'Give the international dialling code of the country shown in this flag.'
  prefill : 'The dialling code is +'
  gold base   (expected unhooked) : '994' = ['9', '9', '4']
  gold source (expected if swap works): '965' = ['9', '6', '5']
  unhooked: '994.<|im_end|><|endoftext|><|endoftext|><|endoftext|>' = ['9', '9', '4', '.', '<|im_end|>', '<|endoftext|>', '<|endoftext|>', '<|endoftext|>']
  L19: '994.<|im_end|><|endoftext|><|endoftext|><|endoftext|>' = ['9', '9', '4', '.', '<|im_end|>', '<|endoftext|>', '<|endoftext|>', '<|endoftext|>'] [base]
  L20: '994.<|im_end|><|endoftext|><|endoftext|><|endoftext|>' = ['9', '9', '4', '.', '<|im_end|>', '<|endoftext|>', '<|endoftext|>', '<|endoftext|>'] [base]
  L21: '994.<|im_end|><|endoftext|><|endoftext|><|endoftext|>' = ['9', '9', '4', '.', '<|im_end|>', '<|endoftext|>', '<|endoftext|>', '<|endoftext|>'] [base]
  L22: '994.<|im_end|><|endoftext|><|endoftext|><|endoftext|>' = ['9', '9', '4', '.', '<|im_end|>', '<|endoftext|>', '<|endoftext|>', '<|endoftext|>'] [base]
  L23: '994.<|im_end|><|endoftext|><|endoftext|><|endoftext|>' = ['9', '9', '4', '.', '<|im_end|>', '<|endoftext|>', '<|endoftext|>', '<|endoftext|>'] [base]
  L24: '994.<|im_end|><|endoftext|><|endoftext|><|endoftext|>' = ['9', '9', '4', '.', '<|im_end|>', '<|endoftext|>', '<|endoftext|>', '<|endoftext|>'] [base]
  L25: '994.<|im_end|><|endoftext|><|endoftext|><|endoftext|>' = ['9', '9', '4', '.', '<|im_end|>', '<|endoftext|>', '<|endoftext|>', '<|endoftext|>'] [base]
  L26: '994.<|im_end|><|endoftext|><|endoftext|><|endoftext|>' = ['9', '9', '4', '.', '<|im_end|>', '<|endoftext|>', '<|endoftext|>', '<|endoftext|>'] [base]
  L27: '994.<|im_end|><|endoftext|><|endoftext|><|endoftext|>' = ['9', '9', '4', '.', '<|im_end|>', '<|endoftext|>', '<|endoftext|>', '<|endoftext|>'] [base]
  L28: '994.<|im_end|><|endoftext|><|endoftext|><|endoftext|>' = ['9', '9', '4', '.', '<|im_end|>', '<|endoftext|>', '<|endoftext|>', '<|endoftext|>'] [base]

row 183: base=LY -> source=ET  template=calling_code_prefill_v2
  question: 'Give the international dialling code of the country shown in this flag.'
  prefill : 'The dialling code is +'
  gold base   (expected unhooked) : '218' = ['2', '1', '8']
  gold source (expected if swap works): '251' = ['2', '5', '1']
  unhooked: '218.<|im_end|><|endoftext|><|endoftext|><|endoftext|>' = ['2', '1', '8', '.', '<|im_end|>', '<|endoftext|>', '<|endoftext|>', '<|endoftext|>']
  L19: '218.<|im_end|><|endoftext|><|endoftext|><|endoftext|>' = ['2', '1', '8', '.', '<|im_end|>', '<|endoftext|>', '<|endoftext|>', '<|endoftext|>'] [base]
  L20: '218.<|im_end|><|endoftext|><|endoftext|><|endoftext|>' = ['2', '1', '8', '.', '<|im_end|>', '<|endoftext|>', '<|endoftext|>', '<|endoftext|>'] [base]
  L21: '218.<|im_end|><|endoftext|><|endoftext|><|endoftext|>' = ['2', '1', '8', '.', '<|im_end|>', '<|endoftext|>', '<|endoftext|>', '<|endoftext|>'] [base]
  L22: '218.<|im_end|><|endoftext|><|endoftext|><|endoftext|>' = ['2', '1', '8', '.', '<|im_end|>', '<|endoftext|>', '<|endoftext|>', '<|endoftext|>'] [base]
  L23: '218.<|im_end|><|endoftext|><|endoftext|><|endoftext|>' = ['2', '1', '8', '.', '<|im_end|>', '<|endoftext|>', '<|endoftext|>', '<|endoftext|>'] [base]
  L24: '218.<|im_end|><|endoftext|><|endoftext|><|endoftext|>' = ['2', '1', '8', '.', '<|im_end|>', '<|endoftext|>', '<|endoftext|>', '<|endoftext|>'] [base]
  L25: '218.<|im_end|><|endoftext|><|endoftext|><|endoftext|>' = ['2', '1', '8', '.', '<|im_end|>', '<|endoftext|>', '<|endoftext|>', '<|endoftext|>'] [base]
  L26: '218.<|im_end|><|endoftext|><|endoftext|><|endoftext|>' = ['2', '1', '8', '.', '<|im_end|>', '<|endoftext|>', '<|endoftext|>', '<|endoftext|>'] [base]
  L27: '218.<|im_end|><|endoftext|><|endoftext|><|endoftext|>' = ['2', '1', '8', '.', '<|im_end|>', '<|endoftext|>', '<|endoftext|>', '<|endoftext|>'] [base]
  L28: '218.<|im_end|><|endoftext|><|endoftext|><|endoftext|>' = ['2', '1', '8', '.', '<|im_end|>', '<|endoftext|>', '<|endoftext|>', '<|endoftext|>'] [base]

row 184: base=OM -> source=MK  template=calling_code_prefill_v3
  question: 'What is the country calling code for the country in this image?'
  prefill : 'The country calling code is +'
  gold base   (expected unhooked) : '968' = ['9', '6', '8']
  gold source (expected if swap works): '389' = ['3', '8', '9']
  unhooked: '968. This corresponds to Oman' = ['9', '6', '8', '.', ' This', ' corresponds', ' to', ' Oman']
  L19: '968. This corresponds to Oman' = ['9', '6', '8', '.', ' This', ' corresponds', ' to', ' Oman'] [base]
  L20: '968. This corresponds to Oman' = ['9', '6', '8', '.', ' This', ' corresponds', ' to', ' Oman'] [base]
  L21: '968. This corresponds to Oman' = ['9', '6', '8', '.', ' This', ' corresponds', ' to', ' Oman'] [base]
  L22: '968. This corresponds to Oman' = ['9', '6', '8', '.', ' This', ' corresponds', ' to', ' Oman'] [base]
  L23: '374. This corresponds to the' = ['3', '7', '4', '.', ' This', ' corresponds', ' to', ' the'] [other]
  L24: '374. This corresponds to the' = ['3', '7', '4', '.', ' This', ' corresponds', ' to', ' the'] [other]
  L25: '39. This corresponds to Italy.' = ['3', '9', '.', ' This', ' corresponds', ' to', ' Italy', '.'] [other]
  L26: '374. This corresponds to the' = ['3', '7', '4', '.', ' This', ' corresponds', ' to', ' the'] [other]
  L27: '374. This corresponds to the' = ['3', '7', '4', '.', ' This', ' corresponds', ' to', ' the'] [other]
  L28: '374. This corresponds to the' = ['3', '7', '4', '.', ' This', ' corresponds', ' to', ' the'] [other]

row 185: base=LU -> source=CY  template=calling_code_prefill_v2
  question: 'Give the international dialling code of the country shown in this flag.'
  prefill : 'The dialling code is +'
  gold base   (expected unhooked) : '352' = ['3', '5', '2']
  gold source (expected if swap works): '357' = ['3', '5', '7']
  unhooked: '352.<|im_end|><|endoftext|><|endoftext|><|endoftext|>' = ['3', '5', '2', '.', '<|im_end|>', '<|endoftext|>', '<|endoftext|>', '<|endoftext|>']
  L19: '352.<|im_end|><|endoftext|><|endoftext|><|endoftext|>' = ['3', '5', '2', '.', '<|im_end|>', '<|endoftext|>', '<|endoftext|>', '<|endoftext|>'] [base]
  L20: '352.<|im_end|><|endoftext|><|endoftext|><|endoftext|>' = ['3', '5', '2', '.', '<|im_end|>', '<|endoftext|>', '<|endoftext|>', '<|endoftext|>'] [base]
  L21: '352.<|im_end|><|endoftext|><|endoftext|><|endoftext|>' = ['3', '5', '2', '.', '<|im_end|>', '<|endoftext|>', '<|endoftext|>', '<|endoftext|>'] [base]
  L22: '352.<|im_end|><|endoftext|><|endoftext|><|endoftext|>' = ['3', '5', '2', '.', '<|im_end|>', '<|endoftext|>', '<|endoftext|>', '<|endoftext|>'] [base]
  L23: '352.<|im_end|><|endoftext|><|endoftext|><|endoftext|>' = ['3', '5', '2', '.', '<|im_end|>', '<|endoftext|>', '<|endoftext|>', '<|endoftext|>'] [base]
  L24: '352.<|im_end|><|endoftext|><|endoftext|><|endoftext|>' = ['3', '5', '2', '.', '<|im_end|>', '<|endoftext|>', '<|endoftext|>', '<|endoftext|>'] [base]
  L25: '352.<|im_end|><|endoftext|><|endoftext|><|endoftext|>' = ['3', '5', '2', '.', '<|im_end|>', '<|endoftext|>', '<|endoftext|>', '<|endoftext|>'] [base]
  L26: '352.<|im_end|><|endoftext|><|endoftext|><|endoftext|>' = ['3', '5', '2', '.', '<|im_end|>', '<|endoftext|>', '<|endoftext|>', '<|endoftext|>'] [base]
  L27: '352.<|im_end|><|endoftext|><|endoftext|><|endoftext|>' = ['3', '5', '2', '.', '<|im_end|>', '<|endoftext|>', '<|endoftext|>', '<|endoftext|>'] [base]
  L28: '352.<|im_end|><|endoftext|><|endoftext|><|endoftext|>' = ['3', '5', '2', '.', '<|im_end|>', '<|endoftext|>', '<|endoftext|>', '<|endoftext|>'] [base]

row 186: base=NA -> source=TZ  template=calling_code_prefill_v6
  question: 'What country code do you dial to call this country?'
  prefill : 'The country code is +'
  gold base   (expected unhooked) : '264' = ['2', '6', '4']
  gold source (expected if swap works): '255' = ['2', '5', '5']
  unhooked: '264.<|im_end|><|endoftext|><|endoftext|><|endoftext|>' = ['2', '6', '4', '.', '<|im_end|>', '<|endoftext|>', '<|endoftext|>', '<|endoftext|>']
  L19: '264.<|im_end|><|endoftext|><|endoftext|><|endoftext|>' = ['2', '6', '4', '.', '<|im_end|>', '<|endoftext|>', '<|endoftext|>', '<|endoftext|>'] [base]
  L20: '264.<|im_end|><|endoftext|><|endoftext|><|endoftext|>' = ['2', '6', '4', '.', '<|im_end|>', '<|endoftext|>', '<|endoftext|>', '<|endoftext|>'] [base]
  L21: '264.<|im_end|><|endoftext|><|endoftext|><|endoftext|>' = ['2', '6', '4', '.', '<|im_end|>', '<|endoftext|>', '<|endoftext|>', '<|endoftext|>'] [base]
  L22: '264.<|im_end|><|endoftext|><|endoftext|><|endoftext|>' = ['2', '6', '4', '.', '<|im_end|>', '<|endoftext|>', '<|endoftext|>', '<|endoftext|>'] [base]
  L23: '264.<|im_end|><|endoftext|><|endoftext|><|endoftext|>' = ['2', '6', '4', '.', '<|im_end|>', '<|endoftext|>', '<|endoftext|>', '<|endoftext|>'] [base]
  L24: '264.<|im_end|><|endoftext|><|endoftext|><|endoftext|>' = ['2', '6', '4', '.', '<|im_end|>', '<|endoftext|>', '<|endoftext|>', '<|endoftext|>'] [base]
  L25: '264.<|im_end|><|endoftext|><|endoftext|><|endoftext|>' = ['2', '6', '4', '.', '<|im_end|>', '<|endoftext|>', '<|endoftext|>', '<|endoftext|>'] [base]
  L26: '264.<|im_end|><|endoftext|><|endoftext|><|endoftext|>' = ['2', '6', '4', '.', '<|im_end|>', '<|endoftext|>', '<|endoftext|>', '<|endoftext|>'] [base]
  L27: '264.<|im_end|><|endoftext|><|endoftext|><|endoftext|>' = ['2', '6', '4', '.', '<|im_end|>', '<|endoftext|>', '<|endoftext|>', '<|endoftext|>'] [base]
  L28: '264.<|im_end|><|endoftext|><|endoftext|><|endoftext|>' = ['2', '6', '4', '.', '<|im_end|>', '<|endoftext|>', '<|endoftext|>', '<|endoftext|>'] [base]

row 187: base=IT -> source=AM  template=calling_code_prefill_v1
  question: 'What is the international calling code of the country in this image?'
  prefill : 'The calling code is +'
  gold base   (expected unhooked) : '39' = ['3', '9']
  gold source (expected if swap works): '374' = ['3', '7', '4']
  unhooked: '39.<|im_end|><|endoftext|><|endoftext|><|endoftext|><|endoftext|>' = ['3', '9', '.', '<|im_end|>', '<|endoftext|>', '<|endoftext|>', '<|endoftext|>', '<|endoftext|>']
  L19: '39.<|im_end|><|endoftext|><|endoftext|><|endoftext|><|endoftext|>' = ['3', '9', '.', '<|im_end|>', '<|endoftext|>', '<|endoftext|>', '<|endoftext|>', '<|endoftext|>'] [base]
  L20: '39.<|im_end|><|endoftext|><|endoftext|><|endoftext|><|endoftext|>' = ['3', '9', '.', '<|im_end|>', '<|endoftext|>', '<|endoftext|>', '<|endoftext|>', '<|endoftext|>'] [base]
  L21: '39.<|im_end|><|endoftext|><|endoftext|><|endoftext|><|endoftext|>' = ['3', '9', '.', '<|im_end|>', '<|endoftext|>', '<|endoftext|>', '<|endoftext|>', '<|endoftext|>'] [base]
  L22: '39.<|im_end|><|endoftext|><|endoftext|><|endoftext|><|endoftext|>' = ['3', '9', '.', '<|im_end|>', '<|endoftext|>', '<|endoftext|>', '<|endoftext|>', '<|endoftext|>'] [base]
  L23: '39.<|im_end|><|endoftext|><|endoftext|><|endoftext|><|endoftext|>' = ['3', '9', '.', '<|im_end|>', '<|endoftext|>', '<|endoftext|>', '<|endoftext|>', '<|endoftext|>'] [base]
  L24: '39.<|im_end|><|endoftext|><|endoftext|><|endoftext|><|endoftext|>' = ['3', '9', '.', '<|im_end|>', '<|endoftext|>', '<|endoftext|>', '<|endoftext|>', '<|endoftext|>'] [base]
  L25: '39.<|im_end|><|endoftext|><|endoftext|><|endoftext|><|endoftext|>' = ['3', '9', '.', '<|im_end|>', '<|endoftext|>', '<|endoftext|>', '<|endoftext|>', '<|endoftext|>'] [base]
  L26: '39.<|im_end|><|endoftext|><|endoftext|><|endoftext|><|endoftext|>' = ['3', '9', '.', '<|im_end|>', '<|endoftext|>', '<|endoftext|>', '<|endoftext|>', '<|endoftext|>'] [base]
  L27: '39.<|im_end|><|endoftext|><|endoftext|><|endoftext|><|endoftext|>' = ['3', '9', '.', '<|im_end|>', '<|endoftext|>', '<|endoftext|>', '<|endoftext|>', '<|endoftext|>'] [base]
  L28: '39.<|im_end|><|endoftext|><|endoftext|><|endoftext|><|endoftext|>' = ['3', '9', '.', '<|im_end|>', '<|endoftext|>', '<|endoftext|>', '<|endoftext|>', '<|endoftext|>'] [base]

row 188: base=TN -> source=LB  template=calling_code_prefill_v3
  question: 'What is the country calling code for the country in this image?'
  prefill : 'The country calling code is +'
  gold base   (expected unhooked) : '216' = ['2', '1', '6']
  gold source (expected if swap works): '961' = ['9', '6', '1']
  unhooked: '216, which corresponds to Tunisia' = ['2', '1', '6', ',', ' which', ' corresponds', ' to', ' Tunisia']
  L19: '216, which corresponds to Tunisia' = ['2', '1', '6', ',', ' which', ' corresponds', ' to', ' Tunisia'] [base]
  L20: '216, which corresponds to Tunisia' = ['2', '1', '6', ',', ' which', ' corresponds', ' to', ' Tunisia'] [base]
  L21: '216, which corresponds to Tunisia' = ['2', '1', '6', ',', ' which', ' corresponds', ' to', ' Tunisia'] [base]
  L22: '216, which corresponds to Tunisia' = ['2', '1', '6', ',', ' which', ' corresponds', ' to', ' Tunisia'] [base]
  L23: '216, which corresponds to Tunisia' = ['2', '1', '6', ',', ' which', ' corresponds', ' to', ' Tunisia'] [base]
  L24: '963. This corresponds to Tunisia' = ['9', '6', '3', '.', ' This', ' corresponds', ' to', ' Tunisia'] [other]
  L25: '963. This corresponds to Tunisia' = ['9', '6', '3', '.', ' This', ' corresponds', ' to', ' Tunisia'] [other]
  L26: '963. This corresponds to Tunisia' = ['9', '6', '3', '.', ' This', ' corresponds', ' to', ' Tunisia'] [other]
  L27: '963. This corresponds to Tunisia' = ['9', '6', '3', '.', ' This', ' corresponds', ' to', ' Tunisia'] [other]
  L28: '963. This corresponds to Tunisia' = ['9', '6', '3', '.', ' This', ' corresponds', ' to', ' Tunisia'] [other]

row 189: base=GY -> source=BE  template=calling_code_prefill_v4
  question: 'What is the phone country code for the country in this image?'
  prefill : 'The phone code is +'
  gold base   (expected unhooked) : '592' = ['5', '9', '2']
  gold source (expected if swap works): '32' = ['3', '2']
  unhooked: '592. This corresponds to the' = ['5', '9', '2', '.', ' This', ' corresponds', ' to', ' the']
  L19: '592. This corresponds to the' = ['5', '9', '2', '.', ' This', ' corresponds', ' to', ' the'] [base]
  L20: '592. This corresponds to the' = ['5', '9', '2', '.', ' This', ' corresponds', ' to', ' the'] [base]
  L21: '592. This corresponds to the' = ['5', '9', '2', '.', ' This', ' corresponds', ' to', ' the'] [base]
  L22: '592. This corresponds to the' = ['5', '9', '2', '.', ' This', ' corresponds', ' to', ' the'] [base]
  L23: '370. This corresponds to Lithuania' = ['3', '7', '0', '.', ' This', ' corresponds', ' to', ' Lithuania'] [other]
  L24: '370. This corresponds to Lithuania' = ['3', '7', '0', '.', ' This', ' corresponds', ' to', ' Lithuania'] [other]
  L25: '370. This corresponds to Lithuania' = ['3', '7', '0', '.', ' This', ' corresponds', ' to', ' Lithuania'] [other]
  L26: '370. This corresponds to Lithuania' = ['3', '7', '0', '.', ' This', ' corresponds', ' to', ' Lithuania'] [other]
  L27: '370. This corresponds to Lithuania' = ['3', '7', '0', '.', ' This', ' corresponds', ' to', ' Lithuania'] [other]
  L28: '370. This corresponds to Lithuania' = ['3', '7', '0', '.', ' This', ' corresponds', ' to', ' Lithuania'] [other]

row 190: base=AZ -> source=DK  template=calling_code_prefill_v3
  question: 'What is the country calling code for the country in this image?'
  prefill : 'The country calling code is +'
  gold base   (expected unhooked) : '994' = ['9', '9', '4']
  gold source (expected if swap works): '45' = ['4', '5']
  unhooked: '994. This corresponds to Azerbaijan' = ['9', '9', '4', '.', ' This', ' corresponds', ' to', ' Azerbaijan']
  L19: '994. This corresponds to Azerbaijan' = ['9', '9', '4', '.', ' This', ' corresponds', ' to', ' Azerbaijan'] [base]
  L20: '994. This corresponds to Azerbaijan' = ['9', '9', '4', '.', ' This', ' corresponds', ' to', ' Azerbaijan'] [base]
  L21: '994. This corresponds to Azerbaijan' = ['9', '9', '4', '.', ' This', ' corresponds', ' to', ' Azerbaijan'] [base]
  L22: '994. This corresponds to Azerbaijan' = ['9', '9', '4', '.', ' This', ' corresponds', ' to', ' Azerbaijan'] [base]
  L23: '374. This corresponds to Armenia' = ['3', '7', '4', '.', ' This', ' corresponds', ' to', ' Armenia'] [other]
  L24: '49, which corresponds to Germany.' = ['4', '9', ',', ' which', ' corresponds', ' to', ' Germany', '.'] [other]
  L25: '49, which corresponds to Germany.' = ['4', '9', ',', ' which', ' corresponds', ' to', ' Germany', '.'] [other]
  L26: '49, which corresponds to Germany.' = ['4', '9', ',', ' which', ' corresponds', ' to', ' Germany', '.'] [other]
  L27: '44.<|im_end|><|endoftext|><|endoftext|><|endoftext|><|endoftext|>' = ['4', '4', '.', '<|im_end|>', '<|endoftext|>', '<|endoftext|>', '<|endoftext|>', '<|endoftext|>'] [other]
  L28: '44. This corresponds to the United' = ['4', '4', '.', ' This', ' corresponds', ' to', ' the', ' United'] [other]

row 191: base=NA -> source=MK  template=calling_code_prefill_v3
  question: 'What is the country calling code for the country in this image?'
  prefill : 'The country calling code is +'
  gold base   (expected unhooked) : '264' = ['2', '6', '4']
  gold source (expected if swap works): '389' = ['3', '8', '9']
  unhooked: '264. This corresponds to Nam' = ['2', '6', '4', '.', ' This', ' corresponds', ' to', ' Nam']
  L19: '264. This corresponds to Nam' = ['2', '6', '4', '.', ' This', ' corresponds', ' to', ' Nam'] [base]
  L20: '264. This corresponds to Nam' = ['2', '6', '4', '.', ' This', ' corresponds', ' to', ' Nam'] [base]
  L21: '264. This corresponds to Nam' = ['2', '6', '4', '.', ' This', ' corresponds', ' to', ' Nam'] [base]
  L22: '264. This corresponds to Nam' = ['2', '6', '4', '.', ' This', ' corresponds', ' to', ' Nam'] [base]
  L23: '374. This corresponds to the' = ['3', '7', '4', '.', ' This', ' corresponds', ' to', ' the'] [other]
  L24: '374. This corresponds to the' = ['3', '7', '4', '.', ' This', ' corresponds', ' to', ' the'] [other]
  L25: '374. This corresponds to the' = ['3', '7', '4', '.', ' This', ' corresponds', ' to', ' the'] [other]
  L26: '374. This corresponds to the' = ['3', '7', '4', '.', ' This', ' corresponds', ' to', ' the'] [other]
  L27: '374, which corresponds to Armenia' = ['3', '7', '4', ',', ' which', ' corresponds', ' to', ' Armenia'] [other]
  L28: '31. This corresponds to the country' = ['3', '1', '.', ' This', ' corresponds', ' to', ' the', ' country'] [other]

row 192: base=BD -> source=AU  template=calling_code_prefill_v4
  question: 'What is the phone country code for the country in this image?'
  prefill : 'The phone code is +'
  gold base   (expected unhooked) : '880' = ['8', '8', '0']
  gold source (expected if swap works): '61' = ['6', '1']
  unhooked: '880. This corresponds to Bangladesh' = ['8', '8', '0', '.', ' This', ' corresponds', ' to', ' Bangladesh']
  L19: '880. This is the country' = ['8', '8', '0', '.', ' This', ' is', ' the', ' country'] [base]
  L20: '880. This is the country' = ['8', '8', '0', '.', ' This', ' is', ' the', ' country'] [base]
  L21: '880. This is the country' = ['8', '8', '0', '.', ' This', ' is', ' the', ' country'] [base]
  L22: '60.<|im_end|><|endoftext|><|endoftext|><|endoftext|><|endoftext|>' = ['6', '0', '.', '<|im_end|>', '<|endoftext|>', '<|endoftext|>', '<|endoftext|>', '<|endoftext|>'] [other]
  L23: '60.<|im_end|><|endoftext|><|endoftext|><|endoftext|><|endoftext|>' = ['6', '0', '.', '<|im_end|>', '<|endoftext|>', '<|endoftext|>', '<|endoftext|>', '<|endoftext|>'] [other]
  L24: '60.<|im_end|><|endoftext|><|endoftext|><|endoftext|><|endoftext|>' = ['6', '0', '.', '<|im_end|>', '<|endoftext|>', '<|endoftext|>', '<|endoftext|>', '<|endoftext|>'] [other]
  L25: '60.<|im_end|><|endoftext|><|endoftext|><|endoftext|><|endoftext|>' = ['6', '0', '.', '<|im_end|>', '<|endoftext|>', '<|endoftext|>', '<|endoftext|>', '<|endoftext|>'] [other]
  L26: '60.<|im_end|><|endoftext|><|endoftext|><|endoftext|><|endoftext|>' = ['6', '0', '.', '<|im_end|>', '<|endoftext|>', '<|endoftext|>', '<|endoftext|>', '<|endoftext|>'] [other]
  L27: '60.<|im_end|><|endoftext|><|endoftext|><|endoftext|><|endoftext|>' = ['6', '0', '.', '<|im_end|>', '<|endoftext|>', '<|endoftext|>', '<|endoftext|>', '<|endoftext|>'] [other]
  L28: '60.<|im_end|><|endoftext|><|endoftext|><|endoftext|><|endoftext|>' = ['6', '0', '.', '<|im_end|>', '<|endoftext|>', '<|endoftext|>', '<|endoftext|>', '<|endoftext|>'] [other]

row 193: base=CY -> source=DE  template=calling_code_prefill_v3
  question: 'What is the country calling code for the country in this image?'
  prefill : 'The country calling code is +'
  gold base   (expected unhooked) : '357' = ['3', '5', '7']
  gold source (expected if swap works): '49' = ['4', '9']
  unhooked: '357. This corresponds to Cyprus' = ['3', '5', '7', '.', ' This', ' corresponds', ' to', ' Cyprus']
  L19: '357. This corresponds to Cyprus' = ['3', '5', '7', '.', ' This', ' corresponds', ' to', ' Cyprus'] [base]
  L20: '357. This corresponds to Cyprus' = ['3', '5', '7', '.', ' This', ' corresponds', ' to', ' Cyprus'] [base]
  L21: '357. This corresponds to Cyprus' = ['3', '5', '7', '.', ' This', ' corresponds', ' to', ' Cyprus'] [base]
  L22: '357. This corresponds to Cyprus' = ['3', '5', '7', '.', ' This', ' corresponds', ' to', ' Cyprus'] [base]
  L23: '47. This corresponds to Norway.' = ['4', '7', '.', ' This', ' corresponds', ' to', ' Norway', '.'] [other]
  L24: '47. This corresponds to Norway.' = ['4', '7', '.', ' This', ' corresponds', ' to', ' Norway', '.'] [other]
  L25: '47. This corresponds to Norway.' = ['4', '7', '.', ' This', ' corresponds', ' to', ' Norway', '.'] [other]
  L26: '47. This corresponds to Norway.' = ['4', '7', '.', ' This', ' corresponds', ' to', ' Norway', '.'] [other]
  L27: '47. This corresponds to Norway.' = ['4', '7', '.', ' This', ' corresponds', ' to', ' Norway', '.'] [other]
  L28: '47. This is the country calling' = ['4', '7', '.', ' This', ' is', ' the', ' country', ' calling'] [other]

row 194: base=BZ -> source=AF  template=calling_code_prefill_v6
  question: 'What country code do you dial to call this country?'
  prefill : 'The country code is +'
  gold base   (expected unhooked) : '501' = ['5', '0', '1']
  gold source (expected if swap works): '93' = ['9', '3']
  unhooked: '501. This is the country' = ['5', '0', '1', '.', ' This', ' is', ' the', ' country']
  L19: '501. This is the country' = ['5', '0', '1', '.', ' This', ' is', ' the', ' country'] [base]
  L20: '501. This is the country' = ['5', '0', '1', '.', ' This', ' is', ' the', ' country'] [base]
  L21: '501. This is the country' = ['5', '0', '1', '.', ' This', ' is', ' the', ' country'] [base]
  L22: '501. This is the country' = ['5', '0', '1', '.', ' This', ' is', ' the', ' country'] [base]
  L23: '976.<|im_end|><|endoftext|><|endoftext|><|endoftext|>' = ['9', '7', '6', '.', '<|im_end|>', '<|endoftext|>', '<|endoftext|>', '<|endoftext|>'] [other]
  L24: '976.<|im_end|><|endoftext|><|endoftext|><|endoftext|>' = ['9', '7', '6', '.', '<|im_end|>', '<|endoftext|>', '<|endoftext|>', '<|endoftext|>'] [other]
  L25: '976.<|im_end|><|endoftext|><|endoftext|><|endoftext|>' = ['9', '7', '6', '.', '<|im_end|>', '<|endoftext|>', '<|endoftext|>', '<|endoftext|>'] [other]
  L26: '976.<|im_end|><|endoftext|><|endoftext|><|endoftext|>' = ['9', '7', '6', '.', '<|im_end|>', '<|endoftext|>', '<|endoftext|>', '<|endoftext|>'] [other]
  L27: '976.<|im_end|><|endoftext|><|endoftext|><|endoftext|>' = ['9', '7', '6', '.', '<|im_end|>', '<|endoftext|>', '<|endoftext|>', '<|endoftext|>'] [other]
  L28: '976.<|im_end|><|endoftext|><|endoftext|><|endoftext|>' = ['9', '7', '6', '.', '<|im_end|>', '<|endoftext|>', '<|endoftext|>', '<|endoftext|>'] [other]

row 195: base=FJ -> source=LB  template=calling_code_prefill_v4
  question: 'What is the phone country code for the country in this image?'
  prefill : 'The phone code is +'
  gold base   (expected unhooked) : '679' = ['6', '7', '9']
  gold source (expected if swap works): '961' = ['9', '6', '1']
  unhooked: '679. This is the country' = ['6', '7', '9', '.', ' This', ' is', ' the', ' country']
  L19: '679. This is the country' = ['6', '7', '9', '.', ' This', ' is', ' the', ' country'] [base]
  L20: '679. This is the country' = ['6', '7', '9', '.', ' This', ' is', ' the', ' country'] [base]
  L21: '679. This is the country' = ['6', '7', '9', '.', ' This', ' is', ' the', ' country'] [base]
  L22: '679. This is the country' = ['6', '7', '9', '.', ' This', ' is', ' the', ' country'] [base]
  L23: '976. This corresponds to Fiji' = ['9', '7', '6', '.', ' This', ' corresponds', ' to', ' Fiji'] [other]
  L24: '976. This corresponds to Fiji' = ['9', '7', '6', '.', ' This', ' corresponds', ' to', ' Fiji'] [other]
  L25: '976. This corresponds to Fiji' = ['9', '7', '6', '.', ' This', ' corresponds', ' to', ' Fiji'] [other]
  L26: '976. This corresponds to Fiji' = ['9', '7', '6', '.', ' This', ' corresponds', ' to', ' Fiji'] [other]
  L27: '976. This corresponds to Fiji' = ['9', '7', '6', '.', ' This', ' corresponds', ' to', ' Fiji'] [other]
  L28: '976. This corresponds to Fiji' = ['9', '7', '6', '.', ' This', ' corresponds', ' to', ' Fiji'] [other]

row 196: base=CU -> source=RW  template=calling_code_prefill_v5
  question: 'Identify the international dialing code of the country shown in this flag.'
  prefill : 'The dialing code is +'
  gold base   (expected unhooked) : '53' = ['5', '3']
  gold source (expected if swap works): '250' = ['2', '5', '0']
  unhooked: '53.<|im_end|><|endoftext|><|endoftext|><|endoftext|><|endoftext|>' = ['5', '3', '.', '<|im_end|>', '<|endoftext|>', '<|endoftext|>', '<|endoftext|>', '<|endoftext|>']
  L19: '53.<|im_end|><|endoftext|><|endoftext|><|endoftext|><|endoftext|>' = ['5', '3', '.', '<|im_end|>', '<|endoftext|>', '<|endoftext|>', '<|endoftext|>', '<|endoftext|>'] [base]
  L20: '53.<|im_end|><|endoftext|><|endoftext|><|endoftext|><|endoftext|>' = ['5', '3', '.', '<|im_end|>', '<|endoftext|>', '<|endoftext|>', '<|endoftext|>', '<|endoftext|>'] [base]
  L21: '53.<|im_end|><|endoftext|><|endoftext|><|endoftext|><|endoftext|>' = ['5', '3', '.', '<|im_end|>', '<|endoftext|>', '<|endoftext|>', '<|endoftext|>', '<|endoftext|>'] [base]
  L22: '53.<|im_end|><|endoftext|><|endoftext|><|endoftext|><|endoftext|>' = ['5', '3', '.', '<|im_end|>', '<|endoftext|>', '<|endoftext|>', '<|endoftext|>', '<|endoftext|>'] [base]
  L23: '245.<|im_end|><|endoftext|><|endoftext|><|endoftext|>' = ['2', '4', '5', '.', '<|im_end|>', '<|endoftext|>', '<|endoftext|>', '<|endoftext|>'] [other]
  L24: '245.<|im_end|><|endoftext|><|endoftext|><|endoftext|>' = ['2', '4', '5', '.', '<|im_end|>', '<|endoftext|>', '<|endoftext|>', '<|endoftext|>'] [other]
  L25: '245.<|im_end|><|endoftext|><|endoftext|><|endoftext|>' = ['2', '4', '5', '.', '<|im_end|>', '<|endoftext|>', '<|endoftext|>', '<|endoftext|>'] [other]
  L26: '245.<|im_end|><|endoftext|><|endoftext|><|endoftext|>' = ['2', '4', '5', '.', '<|im_end|>', '<|endoftext|>', '<|endoftext|>', '<|endoftext|>'] [other]
  L27: '245.<|im_end|><|endoftext|><|endoftext|><|endoftext|>' = ['2', '4', '5', '.', '<|im_end|>', '<|endoftext|>', '<|endoftext|>', '<|endoftext|>'] [other]
  L28: '245.<|im_end|><|endoftext|><|endoftext|><|endoftext|>' = ['2', '4', '5', '.', '<|im_end|>', '<|endoftext|>', '<|endoftext|>', '<|endoftext|>'] [other]

row 197: base=CO -> source=SD  template=calling_code_prefill_v6
  question: 'What country code do you dial to call this country?'
  prefill : 'The country code is +'
  gold base   (expected unhooked) : '57' = ['5', '7']
  gold source (expected if swap works): '249' = ['2', '4', '9']
  unhooked: '57.<|im_end|><|endoftext|><|endoftext|><|endoftext|><|endoftext|>' = ['5', '7', '.', '<|im_end|>', '<|endoftext|>', '<|endoftext|>', '<|endoftext|>', '<|endoftext|>']
  L19: '57.<|im_end|><|endoftext|><|endoftext|><|endoftext|><|endoftext|>' = ['5', '7', '.', '<|im_end|>', '<|endoftext|>', '<|endoftext|>', '<|endoftext|>', '<|endoftext|>'] [base]
  L20: '57.<|im_end|><|endoftext|><|endoftext|><|endoftext|><|endoftext|>' = ['5', '7', '.', '<|im_end|>', '<|endoftext|>', '<|endoftext|>', '<|endoftext|>', '<|endoftext|>'] [base]
  L21: '57.<|im_end|><|endoftext|><|endoftext|><|endoftext|><|endoftext|>' = ['5', '7', '.', '<|im_end|>', '<|endoftext|>', '<|endoftext|>', '<|endoftext|>', '<|endoftext|>'] [base]
  L22: '57.<|im_end|><|endoftext|><|endoftext|><|endoftext|><|endoftext|>' = ['5', '7', '.', '<|im_end|>', '<|endoftext|>', '<|endoftext|>', '<|endoftext|>', '<|endoftext|>'] [base]
  L23: '230.<|im_end|><|endoftext|><|endoftext|><|endoftext|>' = ['2', '3', '0', '.', '<|im_end|>', '<|endoftext|>', '<|endoftext|>', '<|endoftext|>'] [other]
  L24: '230. This is the international' = ['2', '3', '0', '.', ' This', ' is', ' the', ' international'] [other]
  L25: '230.<|im_end|><|endoftext|><|endoftext|><|endoftext|>' = ['2', '3', '0', '.', '<|im_end|>', '<|endoftext|>', '<|endoftext|>', '<|endoftext|>'] [other]
  L26: '230.<|im_end|><|endoftext|><|endoftext|><|endoftext|>' = ['2', '3', '0', '.', '<|im_end|>', '<|endoftext|>', '<|endoftext|>', '<|endoftext|>'] [other]
  L27: '230. This is the international' = ['2', '3', '0', '.', ' This', ' is', ' the', ' international'] [other]
  L28: '230.<|im_end|><|endoftext|><|endoftext|><|endoftext|>' = ['2', '3', '0', '.', '<|im_end|>', '<|endoftext|>', '<|endoftext|>', '<|endoftext|>'] [other]

row 198: base=IT -> source=LR  template=calling_code_prefill_v6
  question: 'What country code do you dial to call this country?'
  prefill : 'The country code is +'
  gold base   (expected unhooked) : '39' = ['3', '9']
  gold source (expected if swap works): '231' = ['2', '3', '1']
  unhooked: '39.<|im_end|><|endoftext|><|endoftext|><|endoftext|><|endoftext|>' = ['3', '9', '.', '<|im_end|>', '<|endoftext|>', '<|endoftext|>', '<|endoftext|>', '<|endoftext|>']
  L19: '39.<|im_end|><|endoftext|><|endoftext|><|endoftext|><|endoftext|>' = ['3', '9', '.', '<|im_end|>', '<|endoftext|>', '<|endoftext|>', '<|endoftext|>', '<|endoftext|>'] [base]
  L20: '39.<|im_end|><|endoftext|><|endoftext|><|endoftext|><|endoftext|>' = ['3', '9', '.', '<|im_end|>', '<|endoftext|>', '<|endoftext|>', '<|endoftext|>', '<|endoftext|>'] [base]
  L21: '39.<|im_end|><|endoftext|><|endoftext|><|endoftext|><|endoftext|>' = ['3', '9', '.', '<|im_end|>', '<|endoftext|>', '<|endoftext|>', '<|endoftext|>', '<|endoftext|>'] [base]
  L22: '39.<|im_end|><|endoftext|><|endoftext|><|endoftext|><|endoftext|>' = ['3', '9', '.', '<|im_end|>', '<|endoftext|>', '<|endoftext|>', '<|endoftext|>', '<|endoftext|>'] [base]
  L23: '297.<|im_end|><|endoftext|><|endoftext|><|endoftext|>' = ['2', '9', '7', '.', '<|im_end|>', '<|endoftext|>', '<|endoftext|>', '<|endoftext|>'] [other]
  L24: '297.<|im_end|><|endoftext|><|endoftext|><|endoftext|>' = ['2', '9', '7', '.', '<|im_end|>', '<|endoftext|>', '<|endoftext|>', '<|endoftext|>'] [other]
  L25: '297.<|im_end|><|endoftext|><|endoftext|><|endoftext|>' = ['2', '9', '7', '.', '<|im_end|>', '<|endoftext|>', '<|endoftext|>', '<|endoftext|>'] [other]
  L26: '297.<|im_end|><|endoftext|><|endoftext|><|endoftext|>' = ['2', '9', '7', '.', '<|im_end|>', '<|endoftext|>', '<|endoftext|>', '<|endoftext|>'] [other]
  L27: '297.<|im_end|><|endoftext|><|endoftext|><|endoftext|>' = ['2', '9', '7', '.', '<|im_end|>', '<|endoftext|>', '<|endoftext|>', '<|endoftext|>'] [other]
  L28: '297.<|im_end|><|endoftext|><|endoftext|><|endoftext|>' = ['2', '9', '7', '.', '<|im_end|>', '<|endoftext|>', '<|endoftext|>', '<|endoftext|>'] [other]

row 199: base=DK -> source=LB  template=calling_code_prefill_v3
  question: 'What is the country calling code for the country in this image?'
  prefill : 'The country calling code is +'
  gold base   (expected unhooked) : '45' = ['4', '5']
  gold source (expected if swap works): '961' = ['9', '6', '1']
  unhooked: '45, which corresponds to Denmark.' = ['4', '5', ',', ' which', ' corresponds', ' to', ' Denmark', '.']
  L19: '45, which corresponds to Denmark.' = ['4', '5', ',', ' which', ' corresponds', ' to', ' Denmark', '.'] [base]
  L20: '45, which corresponds to Denmark.' = ['4', '5', ',', ' which', ' corresponds', ' to', ' Denmark', '.'] [base]
  L21: '45, which corresponds to Denmark.' = ['4', '5', ',', ' which', ' corresponds', ' to', ' Denmark', '.'] [base]
  L22: '45, which corresponds to Denmark.' = ['4', '5', ',', ' which', ' corresponds', ' to', ' Denmark', '.'] [base]
  L23: '975. This corresponds to Bh' = ['9', '7', '5', '.', ' This', ' corresponds', ' to', ' Bh'] [other]
  L24: '975. This corresponds to Bh' = ['9', '7', '5', '.', ' This', ' corresponds', ' to', ' Bh'] [other]
  L25: '975. This corresponds to Bh' = ['9', '7', '5', '.', ' This', ' corresponds', ' to', ' Bh'] [other]
  L26: '975. This corresponds to Bh' = ['9', '7', '5', '.', ' This', ' corresponds', ' to', ' Bh'] [other]
  L27: '975. This corresponds to Bh' = ['9', '7', '5', '.', ' This', ' corresponds', ' to', ' Bh'] [other]
  L28: '975. This corresponds to Bh' = ['9', '7', '5', '.', ' This', ' corresponds', ' to', ' Bh'] [other]

row 200: base=HT -> source=IE  template=calling_code_prefill_v3
  question: 'What is the country calling code for the country in this image?'
  prefill : 'The country calling code is +'
  gold base   (expected unhooked) : '509' = ['5', '0', '9']
  gold source (expected if swap works): '353' = ['3', '5', '3']
  unhooked: '509, which corresponds to Haiti' = ['5', '0', '9', ',', ' which', ' corresponds', ' to', ' Haiti']
  L19: '509, which corresponds to Haiti' = ['5', '0', '9', ',', ' which', ' corresponds', ' to', ' Haiti'] [base]
  L20: '509, which corresponds to Haiti' = ['5', '0', '9', ',', ' which', ' corresponds', ' to', ' Haiti'] [base]
  L21: '509, which corresponds to Haiti' = ['5', '0', '9', ',', ' which', ' corresponds', ' to', ' Haiti'] [base]
  L22: '509, which corresponds to Haiti' = ['5', '0', '9', ',', ' which', ' corresponds', ' to', ' Haiti'] [base]
  L23: '375. This corresponds to Belarus' = ['3', '7', '5', '.', ' This', ' corresponds', ' to', ' Belarus'] [other]
  L24: '375. This corresponds to Belarus' = ['3', '7', '5', '.', ' This', ' corresponds', ' to', ' Belarus'] [other]
  L25: '375. This corresponds to Belarus' = ['3', '7', '5', '.', ' This', ' corresponds', ' to', ' Belarus'] [other]
  L26: '375. This corresponds to Belarus' = ['3', '7', '5', '.', ' This', ' corresponds', ' to', ' Belarus'] [other]
  L27: '375. This corresponds to Belarus' = ['3', '7', '5', '.', ' This', ' corresponds', ' to', ' Belarus'] [other]
  L28: '375. This corresponds to Belarus' = ['3', '7', '5', '.', ' This', ' corresponds', ' to', ' Belarus'] [other]

row 201: base=UZ -> source=TZ  template=calling_code_prefill_v3
  question: 'What is the country calling code for the country in this image?'
  prefill : 'The country calling code is +'
  gold base   (expected unhooked) : '998' = ['9', '9', '8']
  gold source (expected if swap works): '255' = ['2', '5', '5']
  unhooked: '998. This is the country' = ['9', '9', '8', '.', ' This', ' is', ' the', ' country']
  L19: '998. This is the country' = ['9', '9', '8', '.', ' This', ' is', ' the', ' country'] [base]
  L20: '998. This is the country' = ['9', '9', '8', '.', ' This', ' is', ' the', ' country'] [base]
  L21: '998. This corresponds to Uzbek' = ['9', '9', '8', '.', ' This', ' corresponds', ' to', ' Uzbek'] [base]
  L22: '258. This corresponds to the' = ['2', '5', '8', '.', ' This', ' corresponds', ' to', ' the'] [other]
  L23: '258. This corresponds to the' = ['2', '5', '8', '.', ' This', ' corresponds', ' to', ' the'] [other]
  L24: '20, which corresponds to Egypt.' = ['2', '0', ',', ' which', ' corresponds', ' to', ' Egypt', '.'] [other]
  L25: '20. This corresponds to Egypt,' = ['2', '0', '.', ' This', ' corresponds', ' to', ' Egypt', ','] [other]
  L26: '20, which corresponds to Egypt.' = ['2', '0', ',', ' which', ' corresponds', ' to', ' Egypt', '.'] [other]
  L27: '258. This corresponds to the' = ['2', '5', '8', '.', ' This', ' corresponds', ' to', ' the'] [other]
  L28: '258. This corresponds to the' = ['2', '5', '8', '.', ' This', ' corresponds', ' to', ' the'] [other]

row 202: base=FJ -> source=MK  template=calling_code_prefill_v2
  question: 'Give the international dialling code of the country shown in this flag.'
  prefill : 'The dialling code is +'
  gold base   (expected unhooked) : '679' = ['6', '7', '9']
  gold source (expected if swap works): '389' = ['3', '8', '9']
  unhooked: '679.<|im_end|><|endoftext|><|endoftext|><|endoftext|>' = ['6', '7', '9', '.', '<|im_end|>', '<|endoftext|>', '<|endoftext|>', '<|endoftext|>']
  L19: '679.<|im_end|><|endoftext|><|endoftext|><|endoftext|>' = ['6', '7', '9', '.', '<|im_end|>', '<|endoftext|>', '<|endoftext|>', '<|endoftext|>'] [base]
  L20: '679.<|im_end|><|endoftext|><|endoftext|><|endoftext|>' = ['6', '7', '9', '.', '<|im_end|>', '<|endoftext|>', '<|endoftext|>', '<|endoftext|>'] [base]
  L21: '679.<|im_end|><|endoftext|><|endoftext|><|endoftext|>' = ['6', '7', '9', '.', '<|im_end|>', '<|endoftext|>', '<|endoftext|>', '<|endoftext|>'] [base]
  L22: '679.<|im_end|><|endoftext|><|endoftext|><|endoftext|>' = ['6', '7', '9', '.', '<|im_end|>', '<|endoftext|>', '<|endoftext|>', '<|endoftext|>'] [base]
  L23: '36.<|im_end|><|endoftext|><|endoftext|><|endoftext|><|endoftext|>' = ['3', '6', '.', '<|im_end|>', '<|endoftext|>', '<|endoftext|>', '<|endoftext|>', '<|endoftext|>'] [other]
  L24: '36.<|im_end|><|endoftext|><|endoftext|><|endoftext|><|endoftext|>' = ['3', '6', '.', '<|im_end|>', '<|endoftext|>', '<|endoftext|>', '<|endoftext|>', '<|endoftext|>'] [other]
  L25: '36.<|im_end|><|endoftext|><|endoftext|><|endoftext|><|endoftext|>' = ['3', '6', '.', '<|im_end|>', '<|endoftext|>', '<|endoftext|>', '<|endoftext|>', '<|endoftext|>'] [other]
  L26: '36.<|im_end|><|endoftext|><|endoftext|><|endoftext|><|endoftext|>' = ['3', '6', '.', '<|im_end|>', '<|endoftext|>', '<|endoftext|>', '<|endoftext|>', '<|endoftext|>'] [other]
  L27: '36.<|im_end|><|endoftext|><|endoftext|><|endoftext|><|endoftext|>' = ['3', '6', '.', '<|im_end|>', '<|endoftext|>', '<|endoftext|>', '<|endoftext|>', '<|endoftext|>'] [other]
  L28: '374.<|im_end|><|endoftext|><|endoftext|><|endoftext|>' = ['3', '7', '4', '.', '<|im_end|>', '<|endoftext|>', '<|endoftext|>', '<|endoftext|>'] [other]

row 203: base=DZ -> source=LR  template=calling_code_prefill_v2
  question: 'Give the international dialling code of the country shown in this flag.'
  prefill : 'The dialling code is +'
  gold base   (expected unhooked) : '213' = ['2', '1', '3']
  gold source (expected if swap works): '231' = ['2', '3', '1']
  unhooked: '213.<|im_end|><|endoftext|><|endoftext|><|endoftext|>' = ['2', '1', '3', '.', '<|im_end|>', '<|endoftext|>', '<|endoftext|>', '<|endoftext|>']
  L19: '213.<|im_end|><|endoftext|><|endoftext|><|endoftext|>' = ['2', '1', '3', '.', '<|im_end|>', '<|endoftext|>', '<|endoftext|>', '<|endoftext|>'] [base]
  L20: '213.<|im_end|><|endoftext|><|endoftext|><|endoftext|>' = ['2', '1', '3', '.', '<|im_end|>', '<|endoftext|>', '<|endoftext|>', '<|endoftext|>'] [base]
  L21: '213.<|im_end|><|endoftext|><|endoftext|><|endoftext|>' = ['2', '1', '3', '.', '<|im_end|>', '<|endoftext|>', '<|endoftext|>', '<|endoftext|>'] [base]
  L22: '213.<|im_end|><|endoftext|><|endoftext|><|endoftext|>' = ['2', '1', '3', '.', '<|im_end|>', '<|endoftext|>', '<|endoftext|>', '<|endoftext|>'] [base]
  L23: '213.<|im_end|><|endoftext|><|endoftext|><|endoftext|>' = ['2', '1', '3', '.', '<|im_end|>', '<|endoftext|>', '<|endoftext|>', '<|endoftext|>'] [base]
  L24: '213.<|im_end|><|endoftext|><|endoftext|><|endoftext|>' = ['2', '1', '3', '.', '<|im_end|>', '<|endoftext|>', '<|endoftext|>', '<|endoftext|>'] [base]
  L25: '213.<|im_end|><|endoftext|><|endoftext|><|endoftext|>' = ['2', '1', '3', '.', '<|im_end|>', '<|endoftext|>', '<|endoftext|>', '<|endoftext|>'] [base]
  L26: '213.<|im_end|><|endoftext|><|endoftext|><|endoftext|>' = ['2', '1', '3', '.', '<|im_end|>', '<|endoftext|>', '<|endoftext|>', '<|endoftext|>'] [base]
  L27: '213.<|im_end|><|endoftext|><|endoftext|><|endoftext|>' = ['2', '1', '3', '.', '<|im_end|>', '<|endoftext|>', '<|endoftext|>', '<|endoftext|>'] [base]
  L28: '213.<|im_end|><|endoftext|><|endoftext|><|endoftext|>' = ['2', '1', '3', '.', '<|im_end|>', '<|endoftext|>', '<|endoftext|>', '<|endoftext|>'] [base]

row 204: base=SD -> source=NZ  template=calling_code_prefill_v6
  question: 'What country code do you dial to call this country?'
  prefill : 'The country code is +'
  gold base   (expected unhooked) : '249' = ['2', '4', '9']
  gold source (expected if swap works): '64' = ['6', '4']
  unhooked: '249.<|im_end|><|endoftext|><|endoftext|><|endoftext|>' = ['2', '4', '9', '.', '<|im_end|>', '<|endoftext|>', '<|endoftext|>', '<|endoftext|>']
  L19: '249.<|im_end|><|endoftext|><|endoftext|><|endoftext|>' = ['2', '4', '9', '.', '<|im_end|>', '<|endoftext|>', '<|endoftext|>', '<|endoftext|>'] [base]
  L20: '249.<|im_end|><|endoftext|><|endoftext|><|endoftext|>' = ['2', '4', '9', '.', '<|im_end|>', '<|endoftext|>', '<|endoftext|>', '<|endoftext|>'] [base]
  L21: '249.<|im_end|><|endoftext|><|endoftext|><|endoftext|>' = ['2', '4', '9', '.', '<|im_end|>', '<|endoftext|>', '<|endoftext|>', '<|endoftext|>'] [base]
  L22: '249.<|im_end|><|endoftext|><|endoftext|><|endoftext|>' = ['2', '4', '9', '.', '<|im_end|>', '<|endoftext|>', '<|endoftext|>', '<|endoftext|>'] [base]
  L23: '66.<|im_end|><|endoftext|><|endoftext|><|endoftext|><|endoftext|>' = ['6', '6', '.', '<|im_end|>', '<|endoftext|>', '<|endoftext|>', '<|endoftext|>', '<|endoftext|>'] [other]
  L24: '66.<|im_end|><|endoftext|><|endoftext|><|endoftext|><|endoftext|>' = ['6', '6', '.', '<|im_end|>', '<|endoftext|>', '<|endoftext|>', '<|endoftext|>', '<|endoftext|>'] [other]
  L25: '66.<|im_end|><|endoftext|><|endoftext|><|endoftext|><|endoftext|>' = ['6', '6', '.', '<|im_end|>', '<|endoftext|>', '<|endoftext|>', '<|endoftext|>', '<|endoftext|>'] [other]
  L26: '66.<|im_end|><|endoftext|><|endoftext|><|endoftext|><|endoftext|>' = ['6', '6', '.', '<|im_end|>', '<|endoftext|>', '<|endoftext|>', '<|endoftext|>', '<|endoftext|>'] [other]
  L27: '66.<|im_end|><|endoftext|><|endoftext|><|endoftext|><|endoftext|>' = ['6', '6', '.', '<|im_end|>', '<|endoftext|>', '<|endoftext|>', '<|endoftext|>', '<|endoftext|>'] [other]
  L28: '66.<|im_end|><|endoftext|><|endoftext|><|endoftext|><|endoftext|>' = ['6', '6', '.', '<|im_end|>', '<|endoftext|>', '<|endoftext|>', '<|endoftext|>', '<|endoftext|>'] [other]

row 205: base=RW -> source=TZ  template=calling_code_prefill_v6
  question: 'What country code do you dial to call this country?'
  prefill : 'The country code is +'
  gold base   (expected unhooked) : '250' = ['2', '5', '0']
  gold source (expected if swap works): '255' = ['2', '5', '5']
  unhooked: '250.<|im_end|><|endoftext|><|endoftext|><|endoftext|>' = ['2', '5', '0', '.', '<|im_end|>', '<|endoftext|>', '<|endoftext|>', '<|endoftext|>']
  L19: '250.<|im_end|><|endoftext|><|endoftext|><|endoftext|>' = ['2', '5', '0', '.', '<|im_end|>', '<|endoftext|>', '<|endoftext|>', '<|endoftext|>'] [base]
  L20: '250.<|im_end|><|endoftext|><|endoftext|><|endoftext|>' = ['2', '5', '0', '.', '<|im_end|>', '<|endoftext|>', '<|endoftext|>', '<|endoftext|>'] [base]
  L21: '250.<|im_end|><|endoftext|><|endoftext|><|endoftext|>' = ['2', '5', '0', '.', '<|im_end|>', '<|endoftext|>', '<|endoftext|>', '<|endoftext|>'] [base]
  L22: '250.<|im_end|><|endoftext|><|endoftext|><|endoftext|>' = ['2', '5', '0', '.', '<|im_end|>', '<|endoftext|>', '<|endoftext|>', '<|endoftext|>'] [base]
  L23: '250.<|im_end|><|endoftext|><|endoftext|><|endoftext|>' = ['2', '5', '0', '.', '<|im_end|>', '<|endoftext|>', '<|endoftext|>', '<|endoftext|>'] [base]
  L24: '250.<|im_end|><|endoftext|><|endoftext|><|endoftext|>' = ['2', '5', '0', '.', '<|im_end|>', '<|endoftext|>', '<|endoftext|>', '<|endoftext|>'] [base]
  L25: '250.<|im_end|><|endoftext|><|endoftext|><|endoftext|>' = ['2', '5', '0', '.', '<|im_end|>', '<|endoftext|>', '<|endoftext|>', '<|endoftext|>'] [base]
  L26: '250.<|im_end|><|endoftext|><|endoftext|><|endoftext|>' = ['2', '5', '0', '.', '<|im_end|>', '<|endoftext|>', '<|endoftext|>', '<|endoftext|>'] [base]
  L27: '250.<|im_end|><|endoftext|><|endoftext|><|endoftext|>' = ['2', '5', '0', '.', '<|im_end|>', '<|endoftext|>', '<|endoftext|>', '<|endoftext|>'] [base]
  L28: '250.<|im_end|><|endoftext|><|endoftext|><|endoftext|>' = ['2', '5', '0', '.', '<|im_end|>', '<|endoftext|>', '<|endoftext|>', '<|endoftext|>'] [base]

row 206: base=LR -> source=EG  template=calling_code_prefill_v4
  question: 'What is the phone country code for the country in this image?'
  prefill : 'The phone code is +'
  gold base   (expected unhooked) : '231' = ['2', '3', '1']
  gold source (expected if swap works): '20' = ['2', '0']
  unhooked: '242. This is the country' = ['2', '4', '2', '.', ' This', ' is', ' the', ' country']
  L19: '242. This is the country' = ['2', '4', '2', '.', ' This', ' is', ' the', ' country'] [other]
  L20: '242. This corresponds to Liberia' = ['2', '4', '2', '.', ' This', ' corresponds', ' to', ' Liberia'] [other]
  L21: '242. This is the country' = ['2', '4', '2', '.', ' This', ' is', ' the', ' country'] [other]
  L22: '242. This is the country' = ['2', '4', '2', '.', ' This', ' is', ' the', ' country'] [other]
  L23: '242. This corresponds to Liberia' = ['2', '4', '2', '.', ' This', ' corresponds', ' to', ' Liberia'] [other]
  L24: '242. This corresponds to Liberia' = ['2', '4', '2', '.', ' This', ' corresponds', ' to', ' Liberia'] [other]
  L25: '242. This is the country' = ['2', '4', '2', '.', ' This', ' is', ' the', ' country'] [other]
  L26: '242. This corresponds to Liberia' = ['2', '4', '2', '.', ' This', ' corresponds', ' to', ' Liberia'] [other]
  L27: '242. This is the country' = ['2', '4', '2', '.', ' This', ' is', ' the', ' country'] [other]
  L28: '242. This is the country' = ['2', '4', '2', '.', ' This', ' is', ' the', ' country'] [other]

row 207: base=RS -> source=AZ  template=calling_code_prefill_v3
  question: 'What is the country calling code for the country in this image?'
  prefill : 'The country calling code is +'
  gold base   (expected unhooked) : '381' = ['3', '8', '1']
  gold source (expected if swap works): '994' = ['9', '9', '4']
  unhooked: '381. This corresponds to Serbia' = ['3', '8', '1', '.', ' This', ' corresponds', ' to', ' Serbia']
  L19: '381. This corresponds to Serbia' = ['3', '8', '1', '.', ' This', ' corresponds', ' to', ' Serbia'] [base]
  L20: '381. This corresponds to Serbia' = ['3', '8', '1', '.', ' This', ' corresponds', ' to', ' Serbia'] [base]
  L21: '381. This corresponds to Serbia' = ['3', '8', '1', '.', ' This', ' corresponds', ' to', ' Serbia'] [base]
  L22: '381. This corresponds to Serbia' = ['3', '8', '1', '.', ' This', ' corresponds', ' to', ' Serbia'] [base]
  L23: '381. This corresponds to Serbia' = ['3', '8', '1', '.', ' This', ' corresponds', ' to', ' Serbia'] [base]
  L24: '972. This corresponds to Israel' = ['9', '7', '2', '.', ' This', ' corresponds', ' to', ' Israel'] [other]
  L25: '90. This corresponds to Turkey,' = ['9', '0', '.', ' This', ' corresponds', ' to', ' Turkey', ','] [other]
  L26: '90. This corresponds to Turkey,' = ['9', '0', '.', ' This', ' corresponds', ' to', ' Turkey', ','] [other]
  L27: '972. This corresponds to Israel' = ['9', '7', '2', '.', ' This', ' corresponds', ' to', ' Israel'] [other]
  L28: '972. This corresponds to Israel' = ['9', '7', '2', '.', ' This', ' corresponds', ' to', ' Israel'] [other]

row 208: base=GY -> source=LB  template=calling_code_prefill_v3
  question: 'What is the country calling code for the country in this image?'
  prefill : 'The country calling code is +'
  gold base   (expected unhooked) : '592' = ['5', '9', '2']
  gold source (expected if swap works): '961' = ['9', '6', '1']
  unhooked: '592. This corresponds to Guy' = ['5', '9', '2', '.', ' This', ' corresponds', ' to', ' Guy']
  L19: '592. This corresponds to Guy' = ['5', '9', '2', '.', ' This', ' corresponds', ' to', ' Guy'] [base]
  L20: '592. This corresponds to Guy' = ['5', '9', '2', '.', ' This', ' corresponds', ' to', ' Guy'] [base]
  L21: '592. This corresponds to Guy' = ['5', '9', '2', '.', ' This', ' corresponds', ' to', ' Guy'] [base]
  L22: '592. This corresponds to Guy' = ['5', '9', '2', '.', ' This', ' corresponds', ' to', ' Guy'] [base]
  L23: '976, which corresponds to the' = ['9', '7', '6', ',', ' which', ' corresponds', ' to', ' the'] [other]
  L24: '95, which corresponds to Myanmar (' = ['9', '5', ',', ' which', ' corresponds', ' to', ' Myanmar', ' ('] [other]
  L25: '95, which corresponds to Myanmar (' = ['9', '5', ',', ' which', ' corresponds', ' to', ' Myanmar', ' ('] [other]
  L26: '95, which corresponds to Myanmar (' = ['9', '5', ',', ' which', ' corresponds', ' to', ' Myanmar', ' ('] [other]
  L27: '976, which corresponds to the' = ['9', '7', '6', ',', ' which', ' corresponds', ' to', ' the'] [other]
  L28: '976, which corresponds to the' = ['9', '7', '6', ',', ' which', ' corresponds', ' to', ' the'] [other]

row 209: base=KH -> source=SG  template=calling_code_prefill_v3
  question: 'What is the country calling code for the country in this image?'
  prefill : 'The country calling code is +'
  gold base   (expected unhooked) : '855' = ['8', '5', '5']
  gold source (expected if swap works): '65' = ['6', '5']
  unhooked: '855. This corresponds to Cambodia' = ['8', '5', '5', '.', ' This', ' corresponds', ' to', ' Cambodia']
  L19: '855. This corresponds to Cambodia' = ['8', '5', '5', '.', ' This', ' corresponds', ' to', ' Cambodia'] [base]
  L20: '855. This corresponds to Cambodia' = ['8', '5', '5', '.', ' This', ' corresponds', ' to', ' Cambodia'] [base]
  L21: '855. This corresponds to Cambodia' = ['8', '5', '5', '.', ' This', ' corresponds', ' to', ' Cambodia'] [base]
  L22: '61. This corresponds to Australia.' = ['6', '1', '.', ' This', ' corresponds', ' to', ' Australia', '.'] [other]
  L23: '61. This corresponds to Australia.' = ['6', '1', '.', ' This', ' corresponds', ' to', ' Australia', '.'] [other]
  L24: '61. This corresponds to Australia.' = ['6', '1', '.', ' This', ' corresponds', ' to', ' Australia', '.'] [other]
  L25: '61. This corresponds to Australia.' = ['6', '1', '.', ' This', ' corresponds', ' to', ' Australia', '.'] [other]
  L26: '61. This corresponds to Australia.' = ['6', '1', '.', ' This', ' corresponds', ' to', ' Australia', '.'] [other]
  L27: '61. This corresponds to Australia.' = ['6', '1', '.', ' This', ' corresponds', ' to', ' Australia', '.'] [other]
  L28: '61. This corresponds to Australia.' = ['6', '1', '.', ' This', ' corresponds', ' to', ' Australia', '.'] [other]

row 210: base=KH -> source=BE  template=calling_code_prefill_v3
  question: 'What is the country calling code for the country in this image?'
  prefill : 'The country calling code is +'
  gold base   (expected unhooked) : '855' = ['8', '5', '5']
  gold source (expected if swap works): '32' = ['3', '2']
  unhooked: '855. This corresponds to Cambodia' = ['8', '5', '5', '.', ' This', ' corresponds', ' to', ' Cambodia']
  L19: '855. This corresponds to Cambodia' = ['8', '5', '5', '.', ' This', ' corresponds', ' to', ' Cambodia'] [base]
  L20: '855. This corresponds to Cambodia' = ['8', '5', '5', '.', ' This', ' corresponds', ' to', ' Cambodia'] [base]
  L21: '855. This corresponds to Cambodia' = ['8', '5', '5', '.', ' This', ' corresponds', ' to', ' Cambodia'] [base]
  L22: '855. This corresponds to Cambodia' = ['8', '5', '5', '.', ' This', ' corresponds', ' to', ' Cambodia'] [base]
  L23: '375. This corresponds to Belarus' = ['3', '7', '5', '.', ' This', ' corresponds', ' to', ' Belarus'] [other]
  L24: '386. This corresponds to Slovenia' = ['3', '8', '6', '.', ' This', ' corresponds', ' to', ' Slovenia'] [other]
  L25: '386. This corresponds to Slovenia' = ['3', '8', '6', '.', ' This', ' corresponds', ' to', ' Slovenia'] [other]
  L26: '386. This corresponds to Slovenia' = ['3', '8', '6', '.', ' This', ' corresponds', ' to', ' Slovenia'] [other]
  L27: '378, which corresponds to Estonia' = ['3', '7', '8', ',', ' which', ' corresponds', ' to', ' Estonia'] [other]
  L28: '378, which corresponds to Estonia' = ['3', '7', '8', ',', ' which', ' corresponds', ' to', ' Estonia'] [other]

row 211: base=OM -> source=LY  template=calling_code_prefill_v4
  question: 'What is the phone country code for the country in this image?'
  prefill : 'The phone code is +'
  gold base   (expected unhooked) : '968' = ['9', '6', '8']
  gold source (expected if swap works): '218' = ['2', '1', '8']
  unhooked: '968. This corresponds to Oman' = ['9', '6', '8', '.', ' This', ' corresponds', ' to', ' Oman']
  L19: '968. This corresponds to Oman' = ['9', '6', '8', '.', ' This', ' corresponds', ' to', ' Oman'] [base]
  L20: '968. This corresponds to Oman' = ['9', '6', '8', '.', ' This', ' corresponds', ' to', ' Oman'] [base]
  L21: '968. This corresponds to Oman' = ['9', '6', '8', '.', ' This', ' corresponds', ' to', ' Oman'] [base]
  L22: '968. This corresponds to Oman' = ['9', '6', '8', '.', ' This', ' corresponds', ' to', ' Oman'] [base]
  L23: '968. This corresponds to Oman' = ['9', '6', '8', '.', ' This', ' corresponds', ' to', ' Oman'] [base]
  L24: '249. This corresponds to Oman' = ['2', '4', '9', '.', ' This', ' corresponds', ' to', ' Oman'] [other]
  L25: '249. This corresponds to Oman' = ['2', '4', '9', '.', ' This', ' corresponds', ' to', ' Oman'] [other]
  L26: '249. This corresponds to Oman' = ['2', '4', '9', '.', ' This', ' corresponds', ' to', ' Oman'] [other]
  L27: '249. This corresponds to Oman' = ['2', '4', '9', '.', ' This', ' corresponds', ' to', ' Oman'] [other]
  L28: '249. This corresponds to Oman' = ['2', '4', '9', '.', ' This', ' corresponds', ' to', ' Oman'] [other]

row 212: base=NP -> source=KP  template=calling_code_prefill_v1
  question: 'What is the international calling code of the country in this image?'
  prefill : 'The calling code is +'
  gold base   (expected unhooked) : '977' = ['9', '7', '7']
  gold source (expected if swap works): '850' = ['8', '5', '0']
  unhooked: '977. This corresponds to Nepal' = ['9', '7', '7', '.', ' This', ' corresponds', ' to', ' Nepal']
  L19: '977. This corresponds to Nepal' = ['9', '7', '7', '.', ' This', ' corresponds', ' to', ' Nepal'] [base]
  L20: '977. This corresponds to Nepal' = ['9', '7', '7', '.', ' This', ' corresponds', ' to', ' Nepal'] [base]
  L21: '977. This corresponds to Nepal' = ['9', '7', '7', '.', ' This', ' corresponds', ' to', ' Nepal'] [base]
  L22: '977. This corresponds to Nepal' = ['9', '7', '7', '.', ' This', ' corresponds', ' to', ' Nepal'] [base]
  L23: '86.<|im_end|><|endoftext|><|endoftext|><|endoftext|><|endoftext|>' = ['8', '6', '.', '<|im_end|>', '<|endoftext|>', '<|endoftext|>', '<|endoftext|>', '<|endoftext|>'] [other]
  L24: '86.<|im_end|><|endoftext|><|endoftext|><|endoftext|><|endoftext|>' = ['8', '6', '.', '<|im_end|>', '<|endoftext|>', '<|endoftext|>', '<|endoftext|>', '<|endoftext|>'] [other]
  L25: '86.<|im_end|><|endoftext|><|endoftext|><|endoftext|><|endoftext|>' = ['8', '6', '.', '<|im_end|>', '<|endoftext|>', '<|endoftext|>', '<|endoftext|>', '<|endoftext|>'] [other]
  L26: '86.<|im_end|><|endoftext|><|endoftext|><|endoftext|><|endoftext|>' = ['8', '6', '.', '<|im_end|>', '<|endoftext|>', '<|endoftext|>', '<|endoftext|>', '<|endoftext|>'] [other]
  L27: '86.<|im_end|><|endoftext|><|endoftext|><|endoftext|><|endoftext|>' = ['8', '6', '.', '<|im_end|>', '<|endoftext|>', '<|endoftext|>', '<|endoftext|>', '<|endoftext|>'] [other]
  L28: '86.<|im_end|><|endoftext|><|endoftext|><|endoftext|><|endoftext|>' = ['8', '6', '.', '<|im_end|>', '<|endoftext|>', '<|endoftext|>', '<|endoftext|>', '<|endoftext|>'] [other]

row 213: base=RS -> source=TN  template=calling_code_prefill_v3
  question: 'What is the country calling code for the country in this image?'
  prefill : 'The country calling code is +'
  gold base   (expected unhooked) : '381' = ['3', '8', '1']
  gold source (expected if swap works): '216' = ['2', '1', '6']
  unhooked: '381. This corresponds to Serbia' = ['3', '8', '1', '.', ' This', ' corresponds', ' to', ' Serbia']
  L19: '381. This corresponds to Serbia' = ['3', '8', '1', '.', ' This', ' corresponds', ' to', ' Serbia'] [base]
  L20: '381. This corresponds to Serbia' = ['3', '8', '1', '.', ' This', ' corresponds', ' to', ' Serbia'] [base]
  L21: '381. This corresponds to Serbia' = ['3', '8', '1', '.', ' This', ' corresponds', ' to', ' Serbia'] [base]
  L22: '381. This corresponds to Serbia' = ['3', '8', '1', '.', ' This', ' corresponds', ' to', ' Serbia'] [base]
  L23: '381. This corresponds to Serbia' = ['3', '8', '1', '.', ' This', ' corresponds', ' to', ' Serbia'] [base]
  L24: '212, which corresponds to Morocco' = ['2', '1', '2', ',', ' which', ' corresponds', ' to', ' Morocco'] [other]
  L25: '212, which corresponds to Morocco' = ['2', '1', '2', ',', ' which', ' corresponds', ' to', ' Morocco'] [other]
  L26: '212, which corresponds to Morocco' = ['2', '1', '2', ',', ' which', ' corresponds', ' to', ' Morocco'] [other]
  L27: '212, which corresponds to Morocco' = ['2', '1', '2', ',', ' which', ' corresponds', ' to', ' Morocco'] [other]
  L28: '212, which corresponds to Morocco' = ['2', '1', '2', ',', ' which', ' corresponds', ' to', ' Morocco'] [other]

row 214: base=PK -> source=IE  template=calling_code_prefill_v5
  question: 'Identify the international dialing code of the country shown in this flag.'
  prefill : 'The dialing code is +'
  gold base   (expected unhooked) : '92' = ['9', '2']
  gold source (expected if swap works): '353' = ['3', '5', '3']
  unhooked: '92.<|im_end|><|endoftext|><|endoftext|><|endoftext|><|endoftext|>' = ['9', '2', '.', '<|im_end|>', '<|endoftext|>', '<|endoftext|>', '<|endoftext|>', '<|endoftext|>']
  L19: '92.<|im_end|><|endoftext|><|endoftext|><|endoftext|><|endoftext|>' = ['9', '2', '.', '<|im_end|>', '<|endoftext|>', '<|endoftext|>', '<|endoftext|>', '<|endoftext|>'] [base]
  L20: '92.<|im_end|><|endoftext|><|endoftext|><|endoftext|><|endoftext|>' = ['9', '2', '.', '<|im_end|>', '<|endoftext|>', '<|endoftext|>', '<|endoftext|>', '<|endoftext|>'] [base]
  L21: '92.<|im_end|><|endoftext|><|endoftext|><|endoftext|><|endoftext|>' = ['9', '2', '.', '<|im_end|>', '<|endoftext|>', '<|endoftext|>', '<|endoftext|>', '<|endoftext|>'] [base]
  L22: '92.<|im_end|><|endoftext|><|endoftext|><|endoftext|><|endoftext|>' = ['9', '2', '.', '<|im_end|>', '<|endoftext|>', '<|endoftext|>', '<|endoftext|>', '<|endoftext|>'] [base]
  L23: '350.<|im_end|><|endoftext|><|endoftext|><|endoftext|>' = ['3', '5', '0', '.', '<|im_end|>', '<|endoftext|>', '<|endoftext|>', '<|endoftext|>'] [other]
  L24: '350.<|im_end|><|endoftext|><|endoftext|><|endoftext|>' = ['3', '5', '0', '.', '<|im_end|>', '<|endoftext|>', '<|endoftext|>', '<|endoftext|>'] [other]
  L25: '350.<|im_end|><|endoftext|><|endoftext|><|endoftext|>' = ['3', '5', '0', '.', '<|im_end|>', '<|endoftext|>', '<|endoftext|>', '<|endoftext|>'] [other]
  L26: '350.<|im_end|><|endoftext|><|endoftext|><|endoftext|>' = ['3', '5', '0', '.', '<|im_end|>', '<|endoftext|>', '<|endoftext|>', '<|endoftext|>'] [other]
  L27: '350.<|im_end|><|endoftext|><|endoftext|><|endoftext|>' = ['3', '5', '0', '.', '<|im_end|>', '<|endoftext|>', '<|endoftext|>', '<|endoftext|>'] [other]
  L28: '350.<|im_end|><|endoftext|><|endoftext|><|endoftext|>' = ['3', '5', '0', '.', '<|im_end|>', '<|endoftext|>', '<|endoftext|>', '<|endoftext|>'] [other]

row 215: base=IQ -> source=DK  template=calling_code_prefill_v5
  question: 'Identify the international dialing code of the country shown in this flag.'
  prefill : 'The dialing code is +'
  gold base   (expected unhooked) : '964' = ['9', '6', '4']
  gold source (expected if swap works): '45' = ['4', '5']
  unhooked: '964.<|im_end|><|endoftext|><|endoftext|><|endoftext|>' = ['9', '6', '4', '.', '<|im_end|>', '<|endoftext|>', '<|endoftext|>', '<|endoftext|>']
  L19: '964.<|im_end|><|endoftext|><|endoftext|><|endoftext|>' = ['9', '6', '4', '.', '<|im_end|>', '<|endoftext|>', '<|endoftext|>', '<|endoftext|>'] [base]
  L20: '964.<|im_end|><|endoftext|><|endoftext|><|endoftext|>' = ['9', '6', '4', '.', '<|im_end|>', '<|endoftext|>', '<|endoftext|>', '<|endoftext|>'] [base]
  L21: '964.<|im_end|><|endoftext|><|endoftext|><|endoftext|>' = ['9', '6', '4', '.', '<|im_end|>', '<|endoftext|>', '<|endoftext|>', '<|endoftext|>'] [base]
  L22: '964.<|im_end|><|endoftext|><|endoftext|><|endoftext|>' = ['9', '6', '4', '.', '<|im_end|>', '<|endoftext|>', '<|endoftext|>', '<|endoftext|>'] [base]
  L23: '49.<|im_end|><|endoftext|><|endoftext|><|endoftext|><|endoftext|>' = ['4', '9', '.', '<|im_end|>', '<|endoftext|>', '<|endoftext|>', '<|endoftext|>', '<|endoftext|>'] [other]
  L24: '49.<|im_end|><|endoftext|><|endoftext|><|endoftext|><|endoftext|>' = ['4', '9', '.', '<|im_end|>', '<|endoftext|>', '<|endoftext|>', '<|endoftext|>', '<|endoftext|>'] [other]
  L25: '49.<|im_end|><|endoftext|><|endoftext|><|endoftext|><|endoftext|>' = ['4', '9', '.', '<|im_end|>', '<|endoftext|>', '<|endoftext|>', '<|endoftext|>', '<|endoftext|>'] [other]
  L26: '49.<|im_end|><|endoftext|><|endoftext|><|endoftext|><|endoftext|>' = ['4', '9', '.', '<|im_end|>', '<|endoftext|>', '<|endoftext|>', '<|endoftext|>', '<|endoftext|>'] [other]
  L27: '49.<|im_end|><|endoftext|><|endoftext|><|endoftext|><|endoftext|>' = ['4', '9', '.', '<|im_end|>', '<|endoftext|>', '<|endoftext|>', '<|endoftext|>', '<|endoftext|>'] [other]
  L28: '49.<|im_end|><|endoftext|><|endoftext|><|endoftext|><|endoftext|>' = ['4', '9', '.', '<|im_end|>', '<|endoftext|>', '<|endoftext|>', '<|endoftext|>', '<|endoftext|>'] [other]

row 216: base=BE -> source=KR  template=calling_code_prefill_v6
  question: 'What country code do you dial to call this country?'
  prefill : 'The country code is +'
  gold base   (expected unhooked) : '32' = ['3', '2']
  gold source (expected if swap works): '82' = ['8', '2']
  unhooked: '32. This is the country code' = ['3', '2', '.', ' This', ' is', ' the', ' country', ' code']
  L19: '32. This is the country code' = ['3', '2', '.', ' This', ' is', ' the', ' country', ' code'] [base]
  L20: '32. This is the country code' = ['3', '2', '.', ' This', ' is', ' the', ' country', ' code'] [base]
  L21: '32. This is the country code' = ['3', '2', '.', ' This', ' is', ' the', ' country', ' code'] [base]
  L22: '32. This is the country code' = ['3', '2', '.', ' This', ' is', ' the', ' country', ' code'] [base]
  L23: '852. This is the country' = ['8', '5', '2', '.', ' This', ' is', ' the', ' country'] [other]
  L24: '852. This is the country' = ['8', '5', '2', '.', ' This', ' is', ' the', ' country'] [other]
  L25: '852. This is the country' = ['8', '5', '2', '.', ' This', ' is', ' the', ' country'] [other]
  L26: '852. This is the country' = ['8', '5', '2', '.', ' This', ' is', ' the', ' country'] [other]
  L27: '852. This is the country' = ['8', '5', '2', '.', ' This', ' is', ' the', ' country'] [other]
  L28: '852. This is the country' = ['8', '5', '2', '.', ' This', ' is', ' the', ' country'] [other]

row 217: base=SN -> source=BD  template=calling_code_prefill_v5
  question: 'Identify the international dialing code of the country shown in this flag.'
  prefill : 'The dialing code is +'
  gold base   (expected unhooked) : '221' = ['2', '2', '1']
  gold source (expected if swap works): '880' = ['8', '8', '0']
  unhooked: '221.<|im_end|><|endoftext|><|endoftext|><|endoftext|>' = ['2', '2', '1', '.', '<|im_end|>', '<|endoftext|>', '<|endoftext|>', '<|endoftext|>']
  L19: '221.<|im_end|><|endoftext|><|endoftext|><|endoftext|>' = ['2', '2', '1', '.', '<|im_end|>', '<|endoftext|>', '<|endoftext|>', '<|endoftext|>'] [base]
  L20: '221.<|im_end|><|endoftext|><|endoftext|><|endoftext|>' = ['2', '2', '1', '.', '<|im_end|>', '<|endoftext|>', '<|endoftext|>', '<|endoftext|>'] [base]
  L21: '221.<|im_end|><|endoftext|><|endoftext|><|endoftext|>' = ['2', '2', '1', '.', '<|im_end|>', '<|endoftext|>', '<|endoftext|>', '<|endoftext|>'] [base]
  L22: '221.<|im_end|><|endoftext|><|endoftext|><|endoftext|>' = ['2', '2', '1', '.', '<|im_end|>', '<|endoftext|>', '<|endoftext|>', '<|endoftext|>'] [base]
  L23: '221.<|im_end|><|endoftext|><|endoftext|><|endoftext|>' = ['2', '2', '1', '.', '<|im_end|>', '<|endoftext|>', '<|endoftext|>', '<|endoftext|>'] [base]
  L24: '86.<|im_end|><|endoftext|><|endoftext|><|endoftext|><|endoftext|>' = ['8', '6', '.', '<|im_end|>', '<|endoftext|>', '<|endoftext|>', '<|endoftext|>', '<|endoftext|>'] [other]
  L25: '86.<|im_end|><|endoftext|><|endoftext|><|endoftext|><|endoftext|>' = ['8', '6', '.', '<|im_end|>', '<|endoftext|>', '<|endoftext|>', '<|endoftext|>', '<|endoftext|>'] [other]
  L26: '86.<|im_end|><|endoftext|><|endoftext|><|endoftext|><|endoftext|>' = ['8', '6', '.', '<|im_end|>', '<|endoftext|>', '<|endoftext|>', '<|endoftext|>', '<|endoftext|>'] [other]
  L27: '86.<|im_end|><|endoftext|><|endoftext|><|endoftext|><|endoftext|>' = ['8', '6', '.', '<|im_end|>', '<|endoftext|>', '<|endoftext|>', '<|endoftext|>', '<|endoftext|>'] [other]
  L28: '86.<|im_end|><|endoftext|><|endoftext|><|endoftext|><|endoftext|>' = ['8', '6', '.', '<|im_end|>', '<|endoftext|>', '<|endoftext|>', '<|endoftext|>', '<|endoftext|>'] [other]

row 218: base=SN -> source=RW  template=calling_code_prefill_v2
  question: 'Give the international dialling code of the country shown in this flag.'
  prefill : 'The dialling code is +'
  gold base   (expected unhooked) : '221' = ['2', '2', '1']
  gold source (expected if swap works): '250' = ['2', '5', '0']
  unhooked: '241.<|im_end|><|endoftext|><|endoftext|><|endoftext|>' = ['2', '4', '1', '.', '<|im_end|>', '<|endoftext|>', '<|endoftext|>', '<|endoftext|>']
  L19: '241.<|im_end|><|endoftext|><|endoftext|><|endoftext|>' = ['2', '4', '1', '.', '<|im_end|>', '<|endoftext|>', '<|endoftext|>', '<|endoftext|>'] [other]
  L20: '241.<|im_end|><|endoftext|><|endoftext|><|endoftext|>' = ['2', '4', '1', '.', '<|im_end|>', '<|endoftext|>', '<|endoftext|>', '<|endoftext|>'] [other]
  L21: '241.<|im_end|><|endoftext|><|endoftext|><|endoftext|>' = ['2', '4', '1', '.', '<|im_end|>', '<|endoftext|>', '<|endoftext|>', '<|endoftext|>'] [other]
  L22: '241.<|im_end|><|endoftext|><|endoftext|><|endoftext|>' = ['2', '4', '1', '.', '<|im_end|>', '<|endoftext|>', '<|endoftext|>', '<|endoftext|>'] [other]
  L23: '241.<|im_end|><|endoftext|><|endoftext|><|endoftext|>' = ['2', '4', '1', '.', '<|im_end|>', '<|endoftext|>', '<|endoftext|>', '<|endoftext|>'] [other]
  L24: '241.<|im_end|><|endoftext|><|endoftext|><|endoftext|>' = ['2', '4', '1', '.', '<|im_end|>', '<|endoftext|>', '<|endoftext|>', '<|endoftext|>'] [other]
  L25: '241.<|im_end|><|endoftext|><|endoftext|><|endoftext|>' = ['2', '4', '1', '.', '<|im_end|>', '<|endoftext|>', '<|endoftext|>', '<|endoftext|>'] [other]
  L26: '241.<|im_end|><|endoftext|><|endoftext|><|endoftext|>' = ['2', '4', '1', '.', '<|im_end|>', '<|endoftext|>', '<|endoftext|>', '<|endoftext|>'] [other]
  L27: '241.<|im_end|><|endoftext|><|endoftext|><|endoftext|>' = ['2', '4', '1', '.', '<|im_end|>', '<|endoftext|>', '<|endoftext|>', '<|endoftext|>'] [other]
  L28: '241.<|im_end|><|endoftext|><|endoftext|><|endoftext|>' = ['2', '4', '1', '.', '<|im_end|>', '<|endoftext|>', '<|endoftext|>', '<|endoftext|>'] [other]

row 219: base=JP -> source=CU  template=calling_code_prefill_v3
  question: 'What is the country calling code for the country in this image?'
  prefill : 'The country calling code is +'
  gold base   (expected unhooked) : '81' = ['8', '1']
  gold source (expected if swap works): '53' = ['5', '3']
  unhooked: '358. This corresponds to Finland' = ['3', '5', '8', '.', ' This', ' corresponds', ' to', ' Finland']
  L19: '86, which corresponds to China.' = ['8', '6', ',', ' which', ' corresponds', ' to', ' China', '.'] [other]
  L20: '86, which corresponds to China.' = ['8', '6', ',', ' which', ' corresponds', ' to', ' China', '.'] [other]
  L21: '86, which corresponds to China.' = ['8', '6', ',', ' which', ' corresponds', ' to', ' China', '.'] [other]
  L22: '591, which corresponds to Bolivia' = ['5', '9', '1', ',', ' which', ' corresponds', ' to', ' Bolivia'] [other]
  L23: '591, which corresponds to Bolivia' = ['5', '9', '1', ',', ' which', ' corresponds', ' to', ' Bolivia'] [other]
  L24: '591, which corresponds to Bolivia' = ['5', '9', '1', ',', ' which', ' corresponds', ' to', ' Bolivia'] [other]
  L25: '591, which corresponds to Bolivia' = ['5', '9', '1', ',', ' which', ' corresponds', ' to', ' Bolivia'] [other]
  L26: '591, which corresponds to Bolivia' = ['5', '9', '1', ',', ' which', ' corresponds', ' to', ' Bolivia'] [other]
  L27: '591, which corresponds to Bolivia' = ['5', '9', '1', ',', ' which', ' corresponds', ' to', ' Bolivia'] [other]
  L28: '591, which corresponds to Bolivia' = ['5', '9', '1', ',', ' which', ' corresponds', ' to', ' Bolivia'] [other]

row 220: base=SN -> source=NA  template=calling_code_prefill_v3
  question: 'What is the country calling code for the country in this image?'
  prefill : 'The country calling code is +'
  gold base   (expected unhooked) : '221' = ['2', '2', '1']
  gold source (expected if swap works): '264' = ['2', '6', '4']
  unhooked: '241, which corresponds to Sen' = ['2', '4', '1', ',', ' which', ' corresponds', ' to', ' Sen']
  L19: '241, which corresponds to Sen' = ['2', '4', '1', ',', ' which', ' corresponds', ' to', ' Sen'] [other]
  L20: '241, which corresponds to Sen' = ['2', '4', '1', ',', ' which', ' corresponds', ' to', ' Sen'] [other]
  L21: '241, which corresponds to Sen' = ['2', '4', '1', ',', ' which', ' corresponds', ' to', ' Sen'] [other]
  L22: '241, which corresponds to Sen' = ['2', '4', '1', ',', ' which', ' corresponds', ' to', ' Sen'] [other]
  L23: '241, which corresponds to Sen' = ['2', '4', '1', ',', ' which', ' corresponds', ' to', ' Sen'] [other]
  L24: '241, which corresponds to Sen' = ['2', '4', '1', ',', ' which', ' corresponds', ' to', ' Sen'] [other]
  L25: '241, which corresponds to Sen' = ['2', '4', '1', ',', ' which', ' corresponds', ' to', ' Sen'] [other]
  L26: '241, which corresponds to Sen' = ['2', '4', '1', ',', ' which', ' corresponds', ' to', ' Sen'] [other]
  L27: '241, which corresponds to Sen' = ['2', '4', '1', ',', ' which', ' corresponds', ' to', ' Sen'] [other]
  L28: '241, which corresponds to Sen' = ['2', '4', '1', ',', ' which', ' corresponds', ' to', ' Sen'] [other]

row 221: base=MK -> source=NZ  template=calling_code_prefill_v1
  question: 'What is the international calling code of the country in this image?'
  prefill : 'The calling code is +'
  gold base   (expected unhooked) : '389' = ['3', '8', '9']
  gold source (expected if swap works): '64' = ['6', '4']
  unhooked: '389. This corresponds to North' = ['3', '8', '9', '.', ' This', ' corresponds', ' to', ' North']
  L19: '389. This corresponds to North' = ['3', '8', '9', '.', ' This', ' corresponds', ' to', ' North'] [base]
  L20: '389. This corresponds to North' = ['3', '8', '9', '.', ' This', ' corresponds', ' to', ' North'] [base]
  L21: '389. This corresponds to North' = ['3', '8', '9', '.', ' This', ' corresponds', ' to', ' North'] [base]
  L22: '389. This corresponds to North' = ['3', '8', '9', '.', ' This', ' corresponds', ' to', ' North'] [base]
  L23: '690. This corresponds to the' = ['6', '9', '0', '.', ' This', ' corresponds', ' to', ' the'] [other]
  L24: '690. This corresponds to the' = ['6', '9', '0', '.', ' This', ' corresponds', ' to', ' the'] [other]
  L25: '690. This corresponds to the' = ['6', '9', '0', '.', ' This', ' corresponds', ' to', ' the'] [other]
  L26: '690. This corresponds to the' = ['6', '9', '0', '.', ' This', ' corresponds', ' to', ' the'] [other]
  L27: '690. This corresponds to the' = ['6', '9', '0', '.', ' This', ' corresponds', ' to', ' the'] [other]
  L28: '690. This corresponds to the' = ['6', '9', '0', '.', ' This', ' corresponds', ' to', ' the'] [other]

row 222: base=OM -> source=RO  template=calling_code_prefill_v3
  question: 'What is the country calling code for the country in this image?'
  prefill : 'The country calling code is +'
  gold base   (expected unhooked) : '968' = ['9', '6', '8']
  gold source (expected if swap works): '40' = ['4', '0']
  unhooked: '968. This corresponds to Oman' = ['9', '6', '8', '.', ' This', ' corresponds', ' to', ' Oman']
  L19: '968. This corresponds to Oman' = ['9', '6', '8', '.', ' This', ' corresponds', ' to', ' Oman'] [base]
  L20: '968. This corresponds to Oman' = ['9', '6', '8', '.', ' This', ' corresponds', ' to', ' Oman'] [base]
  L21: '968. This corresponds to Oman' = ['9', '6', '8', '.', ' This', ' corresponds', ' to', ' Oman'] [base]
  L22: '968. This corresponds to Oman' = ['9', '6', '8', '.', ' This', ' corresponds', ' to', ' Oman'] [base]
  L23: '968. This corresponds to Oman' = ['9', '6', '8', '.', ' This', ' corresponds', ' to', ' Oman'] [base]
  L24: '40. This corresponds to Oman,' = ['4', '0', '.', ' This', ' corresponds', ' to', ' Oman', ','] [HIT]
  L25: '40. This corresponds to Oman,' = ['4', '0', '.', ' This', ' corresponds', ' to', ' Oman', ','] [HIT]
  L26: '40. This corresponds to Oman,' = ['4', '0', '.', ' This', ' corresponds', ' to', ' Oman', ','] [HIT]
  L27: '40. This corresponds to Oman,' = ['4', '0', '.', ' This', ' corresponds', ' to', ' Oman', ','] [HIT]
  L28: '40. This corresponds to Oman,' = ['4', '0', '.', ' This', ' corresponds', ' to', ' Oman', ','] [HIT]

row 223: base=BR -> source=FJ  template=calling_code_prefill_v4
  question: 'What is the phone country code for the country in this image?'
  prefill : 'The phone code is +'
  gold base   (expected unhooked) : '55' = ['5', '5']
  gold source (expected if swap works): '679' = ['6', '7', '9']
  unhooked: '55. This corresponds to Brazil,' = ['5', '5', '.', ' This', ' corresponds', ' to', ' Brazil', ',']
  L19: '55. This corresponds to Brazil,' = ['5', '5', '.', ' This', ' corresponds', ' to', ' Brazil', ','] [base]
  L20: '55. This corresponds to Brazil,' = ['5', '5', '.', ' This', ' corresponds', ' to', ' Brazil', ','] [base]
  L21: '55. This corresponds to Brazil,' = ['5', '5', '.', ' This', ' corresponds', ' to', ' Brazil', ','] [base]
  L22: '55. This corresponds to Brazil,' = ['5', '5', '.', ' This', ' corresponds', ' to', ' Brazil', ','] [base]
  L23: '65.<|im_end|><|endoftext|><|endoftext|><|endoftext|><|endoftext|>' = ['6', '5', '.', '<|im_end|>', '<|endoftext|>', '<|endoftext|>', '<|endoftext|>', '<|endoftext|>'] [other]
  L24: '65.<|im_end|><|endoftext|><|endoftext|><|endoftext|><|endoftext|>' = ['6', '5', '.', '<|im_end|>', '<|endoftext|>', '<|endoftext|>', '<|endoftext|>', '<|endoftext|>'] [other]
  L25: '65.<|im_end|><|endoftext|><|endoftext|><|endoftext|><|endoftext|>' = ['6', '5', '.', '<|im_end|>', '<|endoftext|>', '<|endoftext|>', '<|endoftext|>', '<|endoftext|>'] [other]
  L26: '65.<|im_end|><|endoftext|><|endoftext|><|endoftext|><|endoftext|>' = ['6', '5', '.', '<|im_end|>', '<|endoftext|>', '<|endoftext|>', '<|endoftext|>', '<|endoftext|>'] [other]
  L27: '61.<|im_end|><|endoftext|><|endoftext|><|endoftext|><|endoftext|>' = ['6', '1', '.', '<|im_end|>', '<|endoftext|>', '<|endoftext|>', '<|endoftext|>', '<|endoftext|>'] [other]
  L28: '61.<|im_end|><|endoftext|><|endoftext|><|endoftext|><|endoftext|>' = ['6', '1', '.', '<|im_end|>', '<|endoftext|>', '<|endoftext|>', '<|endoftext|>', '<|endoftext|>'] [other]

row 224: base=QA -> source=ET  template=calling_code_prefill_v4
  question: 'What is the phone country code for the country in this image?'
  prefill : 'The phone code is +'
  gold base   (expected unhooked) : '974' = ['9', '7', '4']
  gold source (expected if swap works): '251' = ['2', '5', '1']
  unhooked: '974. This corresponds to Qatar' = ['9', '7', '4', '.', ' This', ' corresponds', ' to', ' Qatar']
  L19: '974. This corresponds to Qatar' = ['9', '7', '4', '.', ' This', ' corresponds', ' to', ' Qatar'] [base]
  L20: '974. This corresponds to Qatar' = ['9', '7', '4', '.', ' This', ' corresponds', ' to', ' Qatar'] [base]
  L21: '974. This corresponds to Qatar' = ['9', '7', '4', '.', ' This', ' corresponds', ' to', ' Qatar'] [base]
  L22: '974. This corresponds to Qatar' = ['9', '7', '4', '.', ' This', ' corresponds', ' to', ' Qatar'] [base]
  L23: '230.<|im_end|><|endoftext|><|endoftext|><|endoftext|>' = ['2', '3', '0', '.', '<|im_end|>', '<|endoftext|>', '<|endoftext|>', '<|endoftext|>'] [other]
  L24: '230.<|im_end|><|endoftext|><|endoftext|><|endoftext|>' = ['2', '3', '0', '.', '<|im_end|>', '<|endoftext|>', '<|endoftext|>', '<|endoftext|>'] [other]
  L25: '230.<|im_end|><|endoftext|><|endoftext|><|endoftext|>' = ['2', '3', '0', '.', '<|im_end|>', '<|endoftext|>', '<|endoftext|>', '<|endoftext|>'] [other]
  L26: '230.<|im_end|><|endoftext|><|endoftext|><|endoftext|>' = ['2', '3', '0', '.', '<|im_end|>', '<|endoftext|>', '<|endoftext|>', '<|endoftext|>'] [other]
  L27: '230.<|im_end|><|endoftext|><|endoftext|><|endoftext|>' = ['2', '3', '0', '.', '<|im_end|>', '<|endoftext|>', '<|endoftext|>', '<|endoftext|>'] [other]
  L28: '230.<|im_end|><|endoftext|><|endoftext|><|endoftext|>' = ['2', '3', '0', '.', '<|im_end|>', '<|endoftext|>', '<|endoftext|>', '<|endoftext|>'] [other]

row 225: base=BD -> source=ES  template=calling_code_prefill_v5
  question: 'Identify the international dialing code of the country shown in this flag.'
  prefill : 'The dialing code is +'
  gold base   (expected unhooked) : '880' = ['8', '8', '0']
  gold source (expected if swap works): '34' = ['3', '4']
  unhooked: '880.<|im_end|><|endoftext|><|endoftext|><|endoftext|>' = ['8', '8', '0', '.', '<|im_end|>', '<|endoftext|>', '<|endoftext|>', '<|endoftext|>']
  L19: '880.<|im_end|><|endoftext|><|endoftext|><|endoftext|>' = ['8', '8', '0', '.', '<|im_end|>', '<|endoftext|>', '<|endoftext|>', '<|endoftext|>'] [base]
  L20: '880.<|im_end|><|endoftext|><|endoftext|><|endoftext|>' = ['8', '8', '0', '.', '<|im_end|>', '<|endoftext|>', '<|endoftext|>', '<|endoftext|>'] [base]
  L21: '880.<|im_end|><|endoftext|><|endoftext|><|endoftext|>' = ['8', '8', '0', '.', '<|im_end|>', '<|endoftext|>', '<|endoftext|>', '<|endoftext|>'] [base]
  L22: '880.<|im_end|><|endoftext|><|endoftext|><|endoftext|>' = ['8', '8', '0', '.', '<|im_end|>', '<|endoftext|>', '<|endoftext|>', '<|endoftext|>'] [base]
  L23: '350.<|im_end|><|endoftext|><|endoftext|><|endoftext|>' = ['3', '5', '0', '.', '<|im_end|>', '<|endoftext|>', '<|endoftext|>', '<|endoftext|>'] [other]
  L24: '350.<|im_end|><|endoftext|><|endoftext|><|endoftext|>' = ['3', '5', '0', '.', '<|im_end|>', '<|endoftext|>', '<|endoftext|>', '<|endoftext|>'] [other]
  L25: '350.<|im_end|><|endoftext|><|endoftext|><|endoftext|>' = ['3', '5', '0', '.', '<|im_end|>', '<|endoftext|>', '<|endoftext|>', '<|endoftext|>'] [other]
  L26: '350.<|im_end|><|endoftext|><|endoftext|><|endoftext|>' = ['3', '5', '0', '.', '<|im_end|>', '<|endoftext|>', '<|endoftext|>', '<|endoftext|>'] [other]
  L27: '350.<|im_end|><|endoftext|><|endoftext|><|endoftext|>' = ['3', '5', '0', '.', '<|im_end|>', '<|endoftext|>', '<|endoftext|>', '<|endoftext|>'] [other]
  L28: '350.<|im_end|><|endoftext|><|endoftext|><|endoftext|>' = ['3', '5', '0', '.', '<|im_end|>', '<|endoftext|>', '<|endoftext|>', '<|endoftext|>'] [other]

row 226: base=AU -> source=DE  template=calling_code_prefill_v5
  question: 'Identify the international dialing code of the country shown in this flag.'
  prefill : 'The dialing code is +'
  gold base   (expected unhooked) : '61' = ['6', '1']
  gold source (expected if swap works): '49' = ['4', '9']
  unhooked: '61.<|im_end|><|endoftext|><|endoftext|><|endoftext|><|endoftext|>' = ['6', '1', '.', '<|im_end|>', '<|endoftext|>', '<|endoftext|>', '<|endoftext|>', '<|endoftext|>']
  L19: '61.<|im_end|><|endoftext|><|endoftext|><|endoftext|><|endoftext|>' = ['6', '1', '.', '<|im_end|>', '<|endoftext|>', '<|endoftext|>', '<|endoftext|>', '<|endoftext|>'] [base]
  L20: '61.<|im_end|><|endoftext|><|endoftext|><|endoftext|><|endoftext|>' = ['6', '1', '.', '<|im_end|>', '<|endoftext|>', '<|endoftext|>', '<|endoftext|>', '<|endoftext|>'] [base]
  L21: '61.<|im_end|><|endoftext|><|endoftext|><|endoftext|><|endoftext|>' = ['6', '1', '.', '<|im_end|>', '<|endoftext|>', '<|endoftext|>', '<|endoftext|>', '<|endoftext|>'] [base]
  L22: '61.<|im_end|><|endoftext|><|endoftext|><|endoftext|><|endoftext|>' = ['6', '1', '.', '<|im_end|>', '<|endoftext|>', '<|endoftext|>', '<|endoftext|>', '<|endoftext|>'] [base]
  L23: '44.<|im_end|><|endoftext|><|endoftext|><|endoftext|><|endoftext|>' = ['4', '4', '.', '<|im_end|>', '<|endoftext|>', '<|endoftext|>', '<|endoftext|>', '<|endoftext|>'] [other]
  L24: '44.<|im_end|><|endoftext|><|endoftext|><|endoftext|><|endoftext|>' = ['4', '4', '.', '<|im_end|>', '<|endoftext|>', '<|endoftext|>', '<|endoftext|>', '<|endoftext|>'] [other]
  L25: '44.<|im_end|><|endoftext|><|endoftext|><|endoftext|><|endoftext|>' = ['4', '4', '.', '<|im_end|>', '<|endoftext|>', '<|endoftext|>', '<|endoftext|>', '<|endoftext|>'] [other]
  L26: '44.<|im_end|><|endoftext|><|endoftext|><|endoftext|><|endoftext|>' = ['4', '4', '.', '<|im_end|>', '<|endoftext|>', '<|endoftext|>', '<|endoftext|>', '<|endoftext|>'] [other]
  L27: '44.<|im_end|><|endoftext|><|endoftext|><|endoftext|><|endoftext|>' = ['4', '4', '.', '<|im_end|>', '<|endoftext|>', '<|endoftext|>', '<|endoftext|>', '<|endoftext|>'] [other]
  L28: '44.<|im_end|><|endoftext|><|endoftext|><|endoftext|><|endoftext|>' = ['4', '4', '.', '<|im_end|>', '<|endoftext|>', '<|endoftext|>', '<|endoftext|>', '<|endoftext|>'] [other]

row 227: base=IT -> source=NI  template=calling_code_prefill_v5
  question: 'Identify the international dialing code of the country shown in this flag.'
  prefill : 'The dialing code is +'
  gold base   (expected unhooked) : '39' = ['3', '9']
  gold source (expected if swap works): '505' = ['5', '0', '5']
  unhooked: '39.<|im_end|><|endoftext|><|endoftext|><|endoftext|><|endoftext|>' = ['3', '9', '.', '<|im_end|>', '<|endoftext|>', '<|endoftext|>', '<|endoftext|>', '<|endoftext|>']
  L19: '39.<|im_end|><|endoftext|><|endoftext|><|endoftext|><|endoftext|>' = ['3', '9', '.', '<|im_end|>', '<|endoftext|>', '<|endoftext|>', '<|endoftext|>', '<|endoftext|>'] [base]
  L20: '39.<|im_end|><|endoftext|><|endoftext|><|endoftext|><|endoftext|>' = ['3', '9', '.', '<|im_end|>', '<|endoftext|>', '<|endoftext|>', '<|endoftext|>', '<|endoftext|>'] [base]
  L21: '39.<|im_end|><|endoftext|><|endoftext|><|endoftext|><|endoftext|>' = ['3', '9', '.', '<|im_end|>', '<|endoftext|>', '<|endoftext|>', '<|endoftext|>', '<|endoftext|>'] [base]
  L22: '39.<|im_end|><|endoftext|><|endoftext|><|endoftext|><|endoftext|>' = ['3', '9', '.', '<|im_end|>', '<|endoftext|>', '<|endoftext|>', '<|endoftext|>', '<|endoftext|>'] [base]
  L23: '590.<|im_end|><|endoftext|><|endoftext|><|endoftext|>' = ['5', '9', '0', '.', '<|im_end|>', '<|endoftext|>', '<|endoftext|>', '<|endoftext|>'] [other]
  L24: '53.<|im_end|><|endoftext|><|endoftext|><|endoftext|><|endoftext|>' = ['5', '3', '.', '<|im_end|>', '<|endoftext|>', '<|endoftext|>', '<|endoftext|>', '<|endoftext|>'] [other]
  L25: '53.<|im_end|><|endoftext|><|endoftext|><|endoftext|><|endoftext|>' = ['5', '3', '.', '<|im_end|>', '<|endoftext|>', '<|endoftext|>', '<|endoftext|>', '<|endoftext|>'] [other]
  L26: '53.<|im_end|><|endoftext|><|endoftext|><|endoftext|><|endoftext|>' = ['5', '3', '.', '<|im_end|>', '<|endoftext|>', '<|endoftext|>', '<|endoftext|>', '<|endoftext|>'] [other]
  L27: '590.<|im_end|><|endoftext|><|endoftext|><|endoftext|>' = ['5', '9', '0', '.', '<|im_end|>', '<|endoftext|>', '<|endoftext|>', '<|endoftext|>'] [other]
  L28: '590.<|im_end|><|endoftext|><|endoftext|><|endoftext|>' = ['5', '9', '0', '.', '<|im_end|>', '<|endoftext|>', '<|endoftext|>', '<|endoftext|>'] [other]

row 228: base=EG -> source=BE  template=calling_code_prefill_v1
  question: 'What is the international calling code of the country in this image?'
  prefill : 'The calling code is +'
  gold base   (expected unhooked) : '20' = ['2', '0']
  gold source (expected if swap works): '32' = ['3', '2']
  unhooked: '20. This is the international dial' = ['2', '0', '.', ' This', ' is', ' the', ' international', ' dial']
  L19: '20. This is the international dial' = ['2', '0', '.', ' This', ' is', ' the', ' international', ' dial'] [base]
  L20: '20. This is the international dial' = ['2', '0', '.', ' This', ' is', ' the', ' international', ' dial'] [base]
  L21: '20. This is the international dial' = ['2', '0', '.', ' This', ' is', ' the', ' international', ' dial'] [base]
  L22: '20. This is the international dial' = ['2', '0', '.', ' This', ' is', ' the', ' international', ' dial'] [base]
  L23: '20. This is the international dial' = ['2', '0', '.', ' This', ' is', ' the', ' international', ' dial'] [base]
  L24: '39.<|im_end|><|endoftext|><|endoftext|><|endoftext|><|endoftext|>' = ['3', '9', '.', '<|im_end|>', '<|endoftext|>', '<|endoftext|>', '<|endoftext|>', '<|endoftext|>'] [other]
  L25: '39.<|im_end|><|endoftext|><|endoftext|><|endoftext|><|endoftext|>' = ['3', '9', '.', '<|im_end|>', '<|endoftext|>', '<|endoftext|>', '<|endoftext|>', '<|endoftext|>'] [other]
  L26: '39.<|im_end|><|endoftext|><|endoftext|><|endoftext|><|endoftext|>' = ['3', '9', '.', '<|im_end|>', '<|endoftext|>', '<|endoftext|>', '<|endoftext|>', '<|endoftext|>'] [other]
  L27: '39.<|im_end|><|endoftext|><|endoftext|><|endoftext|><|endoftext|>' = ['3', '9', '.', '<|im_end|>', '<|endoftext|>', '<|endoftext|>', '<|endoftext|>', '<|endoftext|>'] [other]
  L28: '39.<|im_end|><|endoftext|><|endoftext|><|endoftext|><|endoftext|>' = ['3', '9', '.', '<|im_end|>', '<|endoftext|>', '<|endoftext|>', '<|endoftext|>', '<|endoftext|>'] [other]

row 229: base=TN -> source=BH  template=calling_code_prefill_v3
  question: 'What is the country calling code for the country in this image?'
  prefill : 'The country calling code is +'
  gold base   (expected unhooked) : '216' = ['2', '1', '6']
  gold source (expected if swap works): '973' = ['9', '7', '3']
  unhooked: '216, which corresponds to Tunisia' = ['2', '1', '6', ',', ' which', ' corresponds', ' to', ' Tunisia']
  L19: '216, which corresponds to Tunisia' = ['2', '1', '6', ',', ' which', ' corresponds', ' to', ' Tunisia'] [base]
  L20: '216, which corresponds to Tunisia' = ['2', '1', '6', ',', ' which', ' corresponds', ' to', ' Tunisia'] [base]
  L21: '216, which corresponds to Tunisia' = ['2', '1', '6', ',', ' which', ' corresponds', ' to', ' Tunisia'] [base]
  L22: '216, which corresponds to Tunisia' = ['2', '1', '6', ',', ' which', ' corresponds', ' to', ' Tunisia'] [base]
  L23: '963. This corresponds to Tunisia' = ['9', '6', '3', '.', ' This', ' corresponds', ' to', ' Tunisia'] [other]
  L24: '963. This corresponds to Tunisia' = ['9', '6', '3', '.', ' This', ' corresponds', ' to', ' Tunisia'] [other]
  L25: '963. This corresponds to Tunisia' = ['9', '6', '3', '.', ' This', ' corresponds', ' to', ' Tunisia'] [other]
  L26: '963. This corresponds to Tunisia' = ['9', '6', '3', '.', ' This', ' corresponds', ' to', ' Tunisia'] [other]
  L27: '963. This corresponds to Tunisia' = ['9', '6', '3', '.', ' This', ' corresponds', ' to', ' Tunisia'] [other]
  L28: '963. This corresponds to Tunisia' = ['9', '6', '3', '.', ' This', ' corresponds', ' to', ' Tunisia'] [other]

row 230: base=IQ -> source=AZ  template=calling_code_prefill_v1
  question: 'What is the international calling code of the country in this image?'
  prefill : 'The calling code is +'
  gold base   (expected unhooked) : '964' = ['9', '6', '4']
  gold source (expected if swap works): '994' = ['9', '9', '4']
  unhooked: '964. This corresponds to Iraq' = ['9', '6', '4', '.', ' This', ' corresponds', ' to', ' Iraq']
  L19: '964. This corresponds to Iraq' = ['9', '6', '4', '.', ' This', ' corresponds', ' to', ' Iraq'] [base]
  L20: '964. This corresponds to Iraq' = ['9', '6', '4', '.', ' This', ' corresponds', ' to', ' Iraq'] [base]
  L21: '964. This corresponds to Iraq' = ['9', '6', '4', '.', ' This', ' corresponds', ' to', ' Iraq'] [base]
  L22: '964. This corresponds to Iraq' = ['9', '6', '4', '.', ' This', ' corresponds', ' to', ' Iraq'] [base]
  L23: '964. This corresponds to Iraq' = ['9', '6', '4', '.', ' This', ' corresponds', ' to', ' Iraq'] [base]
  L24: '964. This corresponds to Iraq' = ['9', '6', '4', '.', ' This', ' corresponds', ' to', ' Iraq'] [base]
  L25: '964. This corresponds to Iraq' = ['9', '6', '4', '.', ' This', ' corresponds', ' to', ' Iraq'] [base]
  L26: '964. This corresponds to Iraq' = ['9', '6', '4', '.', ' This', ' corresponds', ' to', ' Iraq'] [base]
  L27: '964. This corresponds to Iraq' = ['9', '6', '4', '.', ' This', ' corresponds', ' to', ' Iraq'] [base]
  L28: '964. This corresponds to Iraq' = ['9', '6', '4', '.', ' This', ' corresponds', ' to', ' Iraq'] [base]

row 231: base=BD -> source=PE  template=calling_code_prefill_v3
  question: 'What is the country calling code for the country in this image?'
  prefill : 'The country calling code is +'
  gold base   (expected unhooked) : '880' = ['8', '8', '0']
  gold source (expected if swap works): '51' = ['5', '1']
  unhooked: '880. This is the country' = ['8', '8', '0', '.', ' This', ' is', ' the', ' country']
  L19: '880. This is the country' = ['8', '8', '0', '.', ' This', ' is', ' the', ' country'] [base]
  L20: '880. This corresponds to Bangladesh' = ['8', '8', '0', '.', ' This', ' corresponds', ' to', ' Bangladesh'] [base]
  L21: '880. This is the country' = ['8', '8', '0', '.', ' This', ' is', ' the', ' country'] [base]
  L22: '880. This corresponds to Bangladesh' = ['8', '8', '0', '.', ' This', ' corresponds', ' to', ' Bangladesh'] [base]
  L23: '501, which corresponds to Guatemala' = ['5', '0', '1', ',', ' which', ' corresponds', ' to', ' Guatemala'] [other]
  L24: '501, which corresponds to Guatemala' = ['5', '0', '1', ',', ' which', ' corresponds', ' to', ' Guatemala'] [other]
  L25: '501, which corresponds to Guatemala' = ['5', '0', '1', ',', ' which', ' corresponds', ' to', ' Guatemala'] [other]
  L26: '501, which corresponds to Guatemala' = ['5', '0', '1', ',', ' which', ' corresponds', ' to', ' Guatemala'] [other]
  L27: '501, which corresponds to Guatemala' = ['5', '0', '1', ',', ' which', ' corresponds', ' to', ' Guatemala'] [other]
  L28: '501, which corresponds to Guatemala' = ['5', '0', '1', ',', ' which', ' corresponds', ' to', ' Guatemala'] [other]

row 232: base=AF -> source=RS  template=calling_code_prefill_v5
  question: 'Identify the international dialing code of the country shown in this flag.'
  prefill : 'The dialing code is +'
  gold base   (expected unhooked) : '93' = ['9', '3']
  gold source (expected if swap works): '381' = ['3', '8', '1']
  unhooked: '93.<|im_end|><|endoftext|><|endoftext|><|endoftext|><|endoftext|>' = ['9', '3', '.', '<|im_end|>', '<|endoftext|>', '<|endoftext|>', '<|endoftext|>', '<|endoftext|>']
  L19: '93.<|im_end|><|endoftext|><|endoftext|><|endoftext|><|endoftext|>' = ['9', '3', '.', '<|im_end|>', '<|endoftext|>', '<|endoftext|>', '<|endoftext|>', '<|endoftext|>'] [base]
  L20: '93.<|im_end|><|endoftext|><|endoftext|><|endoftext|><|endoftext|>' = ['9', '3', '.', '<|im_end|>', '<|endoftext|>', '<|endoftext|>', '<|endoftext|>', '<|endoftext|>'] [base]
  L21: '93.<|im_end|><|endoftext|><|endoftext|><|endoftext|><|endoftext|>' = ['9', '3', '.', '<|im_end|>', '<|endoftext|>', '<|endoftext|>', '<|endoftext|>', '<|endoftext|>'] [base]
  L22: '93.<|im_end|><|endoftext|><|endoftext|><|endoftext|><|endoftext|>' = ['9', '3', '.', '<|im_end|>', '<|endoftext|>', '<|endoftext|>', '<|endoftext|>', '<|endoftext|>'] [base]
  L23: '356.<|im_end|><|endoftext|><|endoftext|><|endoftext|>' = ['3', '5', '6', '.', '<|im_end|>', '<|endoftext|>', '<|endoftext|>', '<|endoftext|>'] [other]
  L24: '356.<|im_end|><|endoftext|><|endoftext|><|endoftext|>' = ['3', '5', '6', '.', '<|im_end|>', '<|endoftext|>', '<|endoftext|>', '<|endoftext|>'] [other]
  L25: '356.<|im_end|><|endoftext|><|endoftext|><|endoftext|>' = ['3', '5', '6', '.', '<|im_end|>', '<|endoftext|>', '<|endoftext|>', '<|endoftext|>'] [other]
  L26: '356.<|im_end|><|endoftext|><|endoftext|><|endoftext|>' = ['3', '5', '6', '.', '<|im_end|>', '<|endoftext|>', '<|endoftext|>', '<|endoftext|>'] [other]
  L27: '381.<|im_end|><|endoftext|><|endoftext|><|endoftext|>' = ['3', '8', '1', '.', '<|im_end|>', '<|endoftext|>', '<|endoftext|>', '<|endoftext|>'] [HIT]
  L28: '381.<|im_end|><|endoftext|><|endoftext|><|endoftext|>' = ['3', '8', '1', '.', '<|im_end|>', '<|endoftext|>', '<|endoftext|>', '<|endoftext|>'] [HIT]

row 233: base=AU -> source=BE  template=calling_code_prefill_v3
  question: 'What is the country calling code for the country in this image?'
  prefill : 'The country calling code is +'
  gold base   (expected unhooked) : '61' = ['6', '1']
  gold source (expected if swap works): '32' = ['3', '2']
  unhooked: '61. This is the country calling' = ['6', '1', '.', ' This', ' is', ' the', ' country', ' calling']
  L19: '61. This is the country calling' = ['6', '1', '.', ' This', ' is', ' the', ' country', ' calling'] [base]
  L20: '61. This is the country calling' = ['6', '1', '.', ' This', ' is', ' the', ' country', ' calling'] [base]
  L21: '61. This is the country calling' = ['6', '1', '.', ' This', ' is', ' the', ' country', ' calling'] [base]
  L22: '61. This is the country calling' = ['6', '1', '.', ' This', ' is', ' the', ' country', ' calling'] [base]
  L23: '61. This is the country calling' = ['6', '1', '.', ' This', ' is', ' the', ' country', ' calling'] [base]
  L24: '375. This corresponds to Belarus' = ['3', '7', '5', '.', ' This', ' corresponds', ' to', ' Belarus'] [other]
  L25: '375. This corresponds to Belarus' = ['3', '7', '5', '.', ' This', ' corresponds', ' to', ' Belarus'] [other]
  L26: '375. This corresponds to Belarus' = ['3', '7', '5', '.', ' This', ' corresponds', ' to', ' Belarus'] [other]
  L27: '375. This corresponds to Belarus' = ['3', '7', '5', '.', ' This', ' corresponds', ' to', ' Belarus'] [other]
  L28: '375. This corresponds to Belarus' = ['3', '7', '5', '.', ' This', ' corresponds', ' to', ' Belarus'] [other]

row 234: base=PA -> source=IQ  template=calling_code_prefill_v1
  question: 'What is the international calling code of the country in this image?'
  prefill : 'The calling code is +'
  gold base   (expected unhooked) : '507' = ['5', '0', '7']
  gold source (expected if swap works): '964' = ['9', '6', '4']
  unhooked: '507.<|im_end|><|endoftext|><|endoftext|><|endoftext|>' = ['5', '0', '7', '.', '<|im_end|>', '<|endoftext|>', '<|endoftext|>', '<|endoftext|>']
  L19: '507.<|im_end|><|endoftext|><|endoftext|><|endoftext|>' = ['5', '0', '7', '.', '<|im_end|>', '<|endoftext|>', '<|endoftext|>', '<|endoftext|>'] [base]
  L20: '507.<|im_end|><|endoftext|><|endoftext|><|endoftext|>' = ['5', '0', '7', '.', '<|im_end|>', '<|endoftext|>', '<|endoftext|>', '<|endoftext|>'] [base]
  L21: '507.<|im_end|><|endoftext|><|endoftext|><|endoftext|>' = ['5', '0', '7', '.', '<|im_end|>', '<|endoftext|>', '<|endoftext|>', '<|endoftext|>'] [base]
  L22: '507.<|im_end|><|endoftext|><|endoftext|><|endoftext|>' = ['5', '0', '7', '.', '<|im_end|>', '<|endoftext|>', '<|endoftext|>', '<|endoftext|>'] [base]
  L23: '90.<|im_end|><|endoftext|><|endoftext|><|endoftext|><|endoftext|>' = ['9', '0', '.', '<|im_end|>', '<|endoftext|>', '<|endoftext|>', '<|endoftext|>', '<|endoftext|>'] [other]
  L24: '90.<|im_end|><|endoftext|><|endoftext|><|endoftext|><|endoftext|>' = ['9', '0', '.', '<|im_end|>', '<|endoftext|>', '<|endoftext|>', '<|endoftext|>', '<|endoftext|>'] [other]
  L25: '90.<|im_end|><|endoftext|><|endoftext|><|endoftext|><|endoftext|>' = ['9', '0', '.', '<|im_end|>', '<|endoftext|>', '<|endoftext|>', '<|endoftext|>', '<|endoftext|>'] [other]
  L26: '90.<|im_end|><|endoftext|><|endoftext|><|endoftext|><|endoftext|>' = ['9', '0', '.', '<|im_end|>', '<|endoftext|>', '<|endoftext|>', '<|endoftext|>', '<|endoftext|>'] [other]
  L27: '90.<|im_end|><|endoftext|><|endoftext|><|endoftext|><|endoftext|>' = ['9', '0', '.', '<|im_end|>', '<|endoftext|>', '<|endoftext|>', '<|endoftext|>', '<|endoftext|>'] [other]
  L28: '996.<|im_end|><|endoftext|><|endoftext|><|endoftext|>' = ['9', '9', '6', '.', '<|im_end|>', '<|endoftext|>', '<|endoftext|>', '<|endoftext|>'] [other]

row 235: base=LY -> source=DE  template=calling_code_prefill_v4
  question: 'What is the phone country code for the country in this image?'
  prefill : 'The phone code is +'
  gold base   (expected unhooked) : '218' = ['2', '1', '8']
  gold source (expected if swap works): '49' = ['4', '9']
  unhooked: '218. This is the country' = ['2', '1', '8', '.', ' This', ' is', ' the', ' country']
  L19: '218. This is the country' = ['2', '1', '8', '.', ' This', ' is', ' the', ' country'] [base]
  L20: '218. This is the country' = ['2', '1', '8', '.', ' This', ' is', ' the', ' country'] [base]
  L21: '218. This is the country' = ['2', '1', '8', '.', ' This', ' is', ' the', ' country'] [base]
  L22: '218. This is the country' = ['2', '1', '8', '.', ' This', ' is', ' the', ' country'] [base]
  L23: '420.<|im_end|><|endoftext|><|endoftext|><|endoftext|>' = ['4', '2', '0', '.', '<|im_end|>', '<|endoftext|>', '<|endoftext|>', '<|endoftext|>'] [other]
  L24: '420.<|im_end|><|endoftext|><|endoftext|><|endoftext|>' = ['4', '2', '0', '.', '<|im_end|>', '<|endoftext|>', '<|endoftext|>', '<|endoftext|>'] [other]
  L25: '420.<|im_end|><|endoftext|><|endoftext|><|endoftext|>' = ['4', '2', '0', '.', '<|im_end|>', '<|endoftext|>', '<|endoftext|>', '<|endoftext|>'] [other]
  L26: '420.<|im_end|><|endoftext|><|endoftext|><|endoftext|>' = ['4', '2', '0', '.', '<|im_end|>', '<|endoftext|>', '<|endoftext|>', '<|endoftext|>'] [other]
  L27: '420.<|im_end|><|endoftext|><|endoftext|><|endoftext|>' = ['4', '2', '0', '.', '<|im_end|>', '<|endoftext|>', '<|endoftext|>', '<|endoftext|>'] [other]
  L28: '420.<|im_end|><|endoftext|><|endoftext|><|endoftext|>' = ['4', '2', '0', '.', '<|im_end|>', '<|endoftext|>', '<|endoftext|>', '<|endoftext|>'] [other]

row 236: base=KR -> source=RW  template=calling_code_prefill_v5
  question: 'Identify the international dialing code of the country shown in this flag.'
  prefill : 'The dialing code is +'
  gold base   (expected unhooked) : '82' = ['8', '2']
  gold source (expected if swap works): '250' = ['2', '5', '0']
  unhooked: '82.<|im_end|><|endoftext|><|endoftext|><|endoftext|><|endoftext|>' = ['8', '2', '.', '<|im_end|>', '<|endoftext|>', '<|endoftext|>', '<|endoftext|>', '<|endoftext|>']
  L19: '82.<|im_end|><|endoftext|><|endoftext|><|endoftext|><|endoftext|>' = ['8', '2', '.', '<|im_end|>', '<|endoftext|>', '<|endoftext|>', '<|endoftext|>', '<|endoftext|>'] [base]
  L20: '82.<|im_end|><|endoftext|><|endoftext|><|endoftext|><|endoftext|>' = ['8', '2', '.', '<|im_end|>', '<|endoftext|>', '<|endoftext|>', '<|endoftext|>', '<|endoftext|>'] [base]
  L21: '82.<|im_end|><|endoftext|><|endoftext|><|endoftext|><|endoftext|>' = ['8', '2', '.', '<|im_end|>', '<|endoftext|>', '<|endoftext|>', '<|endoftext|>', '<|endoftext|>'] [base]
  L22: '82.<|im_end|><|endoftext|><|endoftext|><|endoftext|><|endoftext|>' = ['8', '2', '.', '<|im_end|>', '<|endoftext|>', '<|endoftext|>', '<|endoftext|>', '<|endoftext|>'] [base]
  L23: '27.<|im_end|><|endoftext|><|endoftext|><|endoftext|><|endoftext|>' = ['2', '7', '.', '<|im_end|>', '<|endoftext|>', '<|endoftext|>', '<|endoftext|>', '<|endoftext|>'] [other]
  L24: '27.<|im_end|><|endoftext|><|endoftext|><|endoftext|><|endoftext|>' = ['2', '7', '.', '<|im_end|>', '<|endoftext|>', '<|endoftext|>', '<|endoftext|>', '<|endoftext|>'] [other]
  L25: '27.<|im_end|><|endoftext|><|endoftext|><|endoftext|><|endoftext|>' = ['2', '7', '.', '<|im_end|>', '<|endoftext|>', '<|endoftext|>', '<|endoftext|>', '<|endoftext|>'] [other]
  L26: '27.<|im_end|><|endoftext|><|endoftext|><|endoftext|><|endoftext|>' = ['2', '7', '.', '<|im_end|>', '<|endoftext|>', '<|endoftext|>', '<|endoftext|>', '<|endoftext|>'] [other]
  L27: '27.<|im_end|><|endoftext|><|endoftext|><|endoftext|><|endoftext|>' = ['2', '7', '.', '<|im_end|>', '<|endoftext|>', '<|endoftext|>', '<|endoftext|>', '<|endoftext|>'] [other]
  L28: '27.<|im_end|><|endoftext|><|endoftext|><|endoftext|><|endoftext|>' = ['2', '7', '.', '<|im_end|>', '<|endoftext|>', '<|endoftext|>', '<|endoftext|>', '<|endoftext|>'] [other]

row 237: base=KP -> source=BZ  template=calling_code_prefill_v6
  question: 'What country code do you dial to call this country?'
  prefill : 'The country code is +'
  gold base   (expected unhooked) : '850' = ['8', '5', '0']
  gold source (expected if swap works): '501' = ['5', '0', '1']
  unhooked: '850.<|im_end|><|endoftext|><|endoftext|><|endoftext|>' = ['8', '5', '0', '.', '<|im_end|>', '<|endoftext|>', '<|endoftext|>', '<|endoftext|>']
  L19: '850.<|im_end|><|endoftext|><|endoftext|><|endoftext|>' = ['8', '5', '0', '.', '<|im_end|>', '<|endoftext|>', '<|endoftext|>', '<|endoftext|>'] [base]
  L20: '850.<|im_end|><|endoftext|><|endoftext|><|endoftext|>' = ['8', '5', '0', '.', '<|im_end|>', '<|endoftext|>', '<|endoftext|>', '<|endoftext|>'] [base]
  L21: '850.<|im_end|><|endoftext|><|endoftext|><|endoftext|>' = ['8', '5', '0', '.', '<|im_end|>', '<|endoftext|>', '<|endoftext|>', '<|endoftext|>'] [base]
  L22: '850.<|im_end|><|endoftext|><|endoftext|><|endoftext|>' = ['8', '5', '0', '.', '<|im_end|>', '<|endoftext|>', '<|endoftext|>', '<|endoftext|>'] [base]
  L23: '503.<|im_end|><|endoftext|><|endoftext|><|endoftext|>' = ['5', '0', '3', '.', '<|im_end|>', '<|endoftext|>', '<|endoftext|>', '<|endoftext|>'] [other]
  L24: '503.<|im_end|><|endoftext|><|endoftext|><|endoftext|>' = ['5', '0', '3', '.', '<|im_end|>', '<|endoftext|>', '<|endoftext|>', '<|endoftext|>'] [other]
  L25: '503.<|im_end|><|endoftext|><|endoftext|><|endoftext|>' = ['5', '0', '3', '.', '<|im_end|>', '<|endoftext|>', '<|endoftext|>', '<|endoftext|>'] [other]
  L26: '503.<|im_end|><|endoftext|><|endoftext|><|endoftext|>' = ['5', '0', '3', '.', '<|im_end|>', '<|endoftext|>', '<|endoftext|>', '<|endoftext|>'] [other]
  L27: '503.<|im_end|><|endoftext|><|endoftext|><|endoftext|>' = ['5', '0', '3', '.', '<|im_end|>', '<|endoftext|>', '<|endoftext|>', '<|endoftext|>'] [other]
  L28: '503.<|im_end|><|endoftext|><|endoftext|><|endoftext|>' = ['5', '0', '3', '.', '<|im_end|>', '<|endoftext|>', '<|endoftext|>', '<|endoftext|>'] [other]

row 238: base=OM -> source=TZ  template=calling_code_prefill_v2
  question: 'Give the international dialling code of the country shown in this flag.'
  prefill : 'The dialling code is +'
  gold base   (expected unhooked) : '968' = ['9', '6', '8']
  gold source (expected if swap works): '255' = ['2', '5', '5']
  unhooked: '968.<|im_end|><|endoftext|><|endoftext|><|endoftext|>' = ['9', '6', '8', '.', '<|im_end|>', '<|endoftext|>', '<|endoftext|>', '<|endoftext|>']
  L19: '968.<|im_end|><|endoftext|><|endoftext|><|endoftext|>' = ['9', '6', '8', '.', '<|im_end|>', '<|endoftext|>', '<|endoftext|>', '<|endoftext|>'] [base]
  L20: '968.<|im_end|><|endoftext|><|endoftext|><|endoftext|>' = ['9', '6', '8', '.', '<|im_end|>', '<|endoftext|>', '<|endoftext|>', '<|endoftext|>'] [base]
  L21: '968.<|im_end|><|endoftext|><|endoftext|><|endoftext|>' = ['9', '6', '8', '.', '<|im_end|>', '<|endoftext|>', '<|endoftext|>', '<|endoftext|>'] [base]
  L22: '968.<|im_end|><|endoftext|><|endoftext|><|endoftext|>' = ['9', '6', '8', '.', '<|im_end|>', '<|endoftext|>', '<|endoftext|>', '<|endoftext|>'] [base]
  L23: '249.<|im_end|><|endoftext|><|endoftext|><|endoftext|>' = ['2', '4', '9', '.', '<|im_end|>', '<|endoftext|>', '<|endoftext|>', '<|endoftext|>'] [other]
  L24: '249.<|im_end|><|endoftext|><|endoftext|><|endoftext|>' = ['2', '4', '9', '.', '<|im_end|>', '<|endoftext|>', '<|endoftext|>', '<|endoftext|>'] [other]
  L25: '249.<|im_end|><|endoftext|><|endoftext|><|endoftext|>' = ['2', '4', '9', '.', '<|im_end|>', '<|endoftext|>', '<|endoftext|>', '<|endoftext|>'] [other]
  L26: '249.<|im_end|><|endoftext|><|endoftext|><|endoftext|>' = ['2', '4', '9', '.', '<|im_end|>', '<|endoftext|>', '<|endoftext|>', '<|endoftext|>'] [other]
  L27: '249.<|im_end|><|endoftext|><|endoftext|><|endoftext|>' = ['2', '4', '9', '.', '<|im_end|>', '<|endoftext|>', '<|endoftext|>', '<|endoftext|>'] [other]
  L28: '249.<|im_end|><|endoftext|><|endoftext|><|endoftext|>' = ['2', '4', '9', '.', '<|im_end|>', '<|endoftext|>', '<|endoftext|>', '<|endoftext|>'] [other]

row 239: base=TN -> source=BH  template=calling_code_prefill_v4
  question: 'What is the phone country code for the country in this image?'
  prefill : 'The phone code is +'
  gold base   (expected unhooked) : '216' = ['2', '1', '6']
  gold source (expected if swap works): '973' = ['9', '7', '3']
  unhooked: '216. This corresponds to Tunisia' = ['2', '1', '6', '.', ' This', ' corresponds', ' to', ' Tunisia']
  L19: '216. This corresponds to Tunisia' = ['2', '1', '6', '.', ' This', ' corresponds', ' to', ' Tunisia'] [base]
  L20: '216. This corresponds to Tunisia' = ['2', '1', '6', '.', ' This', ' corresponds', ' to', ' Tunisia'] [base]
  L21: '216. This corresponds to Tunisia' = ['2', '1', '6', '.', ' This', ' corresponds', ' to', ' Tunisia'] [base]
  L22: '216. This corresponds to Tunisia' = ['2', '1', '6', '.', ' This', ' corresponds', ' to', ' Tunisia'] [base]
  L23: '963. This corresponds to Tunisia' = ['9', '6', '3', '.', ' This', ' corresponds', ' to', ' Tunisia'] [other]
  L24: '963. This corresponds to Tunisia' = ['9', '6', '3', '.', ' This', ' corresponds', ' to', ' Tunisia'] [other]
  L25: '963. This corresponds to Tunisia' = ['9', '6', '3', '.', ' This', ' corresponds', ' to', ' Tunisia'] [other]
  L26: '963. This corresponds to Tunisia' = ['9', '6', '3', '.', ' This', ' corresponds', ' to', ' Tunisia'] [other]
  L27: '963. This corresponds to Tunisia' = ['9', '6', '3', '.', ' This', ' corresponds', ' to', ' Tunisia'] [other]
  L28: '963. This corresponds to Tunisia' = ['9', '6', '3', '.', ' This', ' corresponds', ' to', ' Tunisia'] [other]

row 240: base=BD -> source=CO  template=calling_code_prefill_v5
  question: 'Identify the international dialing code of the country shown in this flag.'
  prefill : 'The dialing code is +'
  gold base   (expected unhooked) : '880' = ['8', '8', '0']
  gold source (expected if swap works): '57' = ['5', '7']
  unhooked: '880.<|im_end|><|endoftext|><|endoftext|><|endoftext|>' = ['8', '8', '0', '.', '<|im_end|>', '<|endoftext|>', '<|endoftext|>', '<|endoftext|>']
  L19: '880.<|im_end|><|endoftext|><|endoftext|><|endoftext|>' = ['8', '8', '0', '.', '<|im_end|>', '<|endoftext|>', '<|endoftext|>', '<|endoftext|>'] [base]
  L20: '880.<|im_end|><|endoftext|><|endoftext|><|endoftext|>' = ['8', '8', '0', '.', '<|im_end|>', '<|endoftext|>', '<|endoftext|>', '<|endoftext|>'] [base]
  L21: '880.<|im_end|><|endoftext|><|endoftext|><|endoftext|>' = ['8', '8', '0', '.', '<|im_end|>', '<|endoftext|>', '<|endoftext|>', '<|endoftext|>'] [base]
  L22: '880.<|im_end|><|endoftext|><|endoftext|><|endoftext|>' = ['8', '8', '0', '.', '<|im_end|>', '<|endoftext|>', '<|endoftext|>', '<|endoftext|>'] [base]
  L23: '502.<|im_end|><|endoftext|><|endoftext|><|endoftext|>' = ['5', '0', '2', '.', '<|im_end|>', '<|endoftext|>', '<|endoftext|>', '<|endoftext|>'] [other]
  L24: '504.<|im_end|><|endoftext|><|endoftext|><|endoftext|>' = ['5', '0', '4', '.', '<|im_end|>', '<|endoftext|>', '<|endoftext|>', '<|endoftext|>'] [other]
  L25: '502.<|im_end|><|endoftext|><|endoftext|><|endoftext|>' = ['5', '0', '2', '.', '<|im_end|>', '<|endoftext|>', '<|endoftext|>', '<|endoftext|>'] [other]
  L26: '502.<|im_end|><|endoftext|><|endoftext|><|endoftext|>' = ['5', '0', '2', '.', '<|im_end|>', '<|endoftext|>', '<|endoftext|>', '<|endoftext|>'] [other]
  L27: '504.<|im_end|><|endoftext|><|endoftext|><|endoftext|>' = ['5', '0', '4', '.', '<|im_end|>', '<|endoftext|>', '<|endoftext|>', '<|endoftext|>'] [other]
  L28: '502.<|im_end|><|endoftext|><|endoftext|><|endoftext|>' = ['5', '0', '2', '.', '<|im_end|>', '<|endoftext|>', '<|endoftext|>', '<|endoftext|>'] [other]

row 241: base=SG -> source=IE  template=calling_code_prefill_v2
  question: 'Give the international dialling code of the country shown in this flag.'
  prefill : 'The dialling code is +'
  gold base   (expected unhooked) : '65' = ['6', '5']
  gold source (expected if swap works): '353' = ['3', '5', '3']
  unhooked: '65.<|im_end|><|endoftext|><|endoftext|><|endoftext|><|endoftext|>' = ['6', '5', '.', '<|im_end|>', '<|endoftext|>', '<|endoftext|>', '<|endoftext|>', '<|endoftext|>']
  L19: '65.<|im_end|><|endoftext|><|endoftext|><|endoftext|><|endoftext|>' = ['6', '5', '.', '<|im_end|>', '<|endoftext|>', '<|endoftext|>', '<|endoftext|>', '<|endoftext|>'] [base]
  L20: '65.<|im_end|><|endoftext|><|endoftext|><|endoftext|><|endoftext|>' = ['6', '5', '.', '<|im_end|>', '<|endoftext|>', '<|endoftext|>', '<|endoftext|>', '<|endoftext|>'] [base]
  L21: '65.<|im_end|><|endoftext|><|endoftext|><|endoftext|><|endoftext|>' = ['6', '5', '.', '<|im_end|>', '<|endoftext|>', '<|endoftext|>', '<|endoftext|>', '<|endoftext|>'] [base]
  L22: '65.<|im_end|><|endoftext|><|endoftext|><|endoftext|><|endoftext|>' = ['6', '5', '.', '<|im_end|>', '<|endoftext|>', '<|endoftext|>', '<|endoftext|>', '<|endoftext|>'] [base]
  L23: '65.<|im_end|><|endoftext|><|endoftext|><|endoftext|><|endoftext|>' = ['6', '5', '.', '<|im_end|>', '<|endoftext|>', '<|endoftext|>', '<|endoftext|>', '<|endoftext|>'] [base]
  L24: '356.<|im_end|><|endoftext|><|endoftext|><|endoftext|>' = ['3', '5', '6', '.', '<|im_end|>', '<|endoftext|>', '<|endoftext|>', '<|endoftext|>'] [other]
  L25: '356.<|im_end|><|endoftext|><|endoftext|><|endoftext|>' = ['3', '5', '6', '.', '<|im_end|>', '<|endoftext|>', '<|endoftext|>', '<|endoftext|>'] [other]
  L26: '356.<|im_end|><|endoftext|><|endoftext|><|endoftext|>' = ['3', '5', '6', '.', '<|im_end|>', '<|endoftext|>', '<|endoftext|>', '<|endoftext|>'] [other]
  L27: '356.<|im_end|><|endoftext|><|endoftext|><|endoftext|>' = ['3', '5', '6', '.', '<|im_end|>', '<|endoftext|>', '<|endoftext|>', '<|endoftext|>'] [other]
  L28: '356.<|im_end|><|endoftext|><|endoftext|><|endoftext|>' = ['3', '5', '6', '.', '<|im_end|>', '<|endoftext|>', '<|endoftext|>', '<|endoftext|>'] [other]

row 242: base=FJ -> source=UZ  template=calling_code_prefill_v2
  question: 'Give the international dialling code of the country shown in this flag.'
  prefill : 'The dialling code is +'
  gold base   (expected unhooked) : '679' = ['6', '7', '9']
  gold source (expected if swap works): '998' = ['9', '9', '8']
  unhooked: '679.<|im_end|><|endoftext|><|endoftext|><|endoftext|>' = ['6', '7', '9', '.', '<|im_end|>', '<|endoftext|>', '<|endoftext|>', '<|endoftext|>']
  L19: '679.<|im_end|><|endoftext|><|endoftext|><|endoftext|>' = ['6', '7', '9', '.', '<|im_end|>', '<|endoftext|>', '<|endoftext|>', '<|endoftext|>'] [base]
  L20: '679.<|im_end|><|endoftext|><|endoftext|><|endoftext|>' = ['6', '7', '9', '.', '<|im_end|>', '<|endoftext|>', '<|endoftext|>', '<|endoftext|>'] [base]
  L21: '679.<|im_end|><|endoftext|><|endoftext|><|endoftext|>' = ['6', '7', '9', '.', '<|im_end|>', '<|endoftext|>', '<|endoftext|>', '<|endoftext|>'] [base]
  L22: '679.<|im_end|><|endoftext|><|endoftext|><|endoftext|>' = ['6', '7', '9', '.', '<|im_end|>', '<|endoftext|>', '<|endoftext|>', '<|endoftext|>'] [base]
  L23: '976.<|im_end|><|endoftext|><|endoftext|><|endoftext|>' = ['9', '7', '6', '.', '<|im_end|>', '<|endoftext|>', '<|endoftext|>', '<|endoftext|>'] [other]
  L24: '92.<|im_end|><|endoftext|><|endoftext|><|endoftext|><|endoftext|>' = ['9', '2', '.', '<|im_end|>', '<|endoftext|>', '<|endoftext|>', '<|endoftext|>', '<|endoftext|>'] [other]
  L25: '92.<|im_end|><|endoftext|><|endoftext|><|endoftext|><|endoftext|>' = ['9', '2', '.', '<|im_end|>', '<|endoftext|>', '<|endoftext|>', '<|endoftext|>', '<|endoftext|>'] [other]
  L26: '92.<|im_end|><|endoftext|><|endoftext|><|endoftext|><|endoftext|>' = ['9', '2', '.', '<|im_end|>', '<|endoftext|>', '<|endoftext|>', '<|endoftext|>', '<|endoftext|>'] [other]
  L27: '976.<|im_end|><|endoftext|><|endoftext|><|endoftext|>' = ['9', '7', '6', '.', '<|im_end|>', '<|endoftext|>', '<|endoftext|>', '<|endoftext|>'] [other]
  L28: '976.<|im_end|><|endoftext|><|endoftext|><|endoftext|>' = ['9', '7', '6', '.', '<|im_end|>', '<|endoftext|>', '<|endoftext|>', '<|endoftext|>'] [other]

row 243: base=SN -> source=BD  template=calling_code_prefill_v1
  question: 'What is the international calling code of the country in this image?'
  prefill : 'The calling code is +'
  gold base   (expected unhooked) : '221' = ['2', '2', '1']
  gold source (expected if swap works): '880' = ['8', '8', '0']
  unhooked: '241. This corresponds to Sen' = ['2', '4', '1', '.', ' This', ' corresponds', ' to', ' Sen']
  L19: '241. This corresponds to Sen' = ['2', '4', '1', '.', ' This', ' corresponds', ' to', ' Sen'] [other]
  L20: '241. This corresponds to Sen' = ['2', '4', '1', '.', ' This', ' corresponds', ' to', ' Sen'] [other]
  L21: '241. This corresponds to Sen' = ['2', '4', '1', '.', ' This', ' corresponds', ' to', ' Sen'] [other]
  L22: '241. This corresponds to Sen' = ['2', '4', '1', '.', ' This', ' corresponds', ' to', ' Sen'] [other]
  L23: '221. This corresponds to Sen' = ['2', '2', '1', '.', ' This', ' corresponds', ' to', ' Sen'] [base]
  L24: '86.<|im_end|><|endoftext|><|endoftext|><|endoftext|><|endoftext|>' = ['8', '6', '.', '<|im_end|>', '<|endoftext|>', '<|endoftext|>', '<|endoftext|>', '<|endoftext|>'] [other]
  L25: '86.<|im_end|><|endoftext|><|endoftext|><|endoftext|><|endoftext|>' = ['8', '6', '.', '<|im_end|>', '<|endoftext|>', '<|endoftext|>', '<|endoftext|>', '<|endoftext|>'] [other]
  L26: '86.<|im_end|><|endoftext|><|endoftext|><|endoftext|><|endoftext|>' = ['8', '6', '.', '<|im_end|>', '<|endoftext|>', '<|endoftext|>', '<|endoftext|>', '<|endoftext|>'] [other]
  L27: '86.<|im_end|><|endoftext|><|endoftext|><|endoftext|><|endoftext|>' = ['8', '6', '.', '<|im_end|>', '<|endoftext|>', '<|endoftext|>', '<|endoftext|>', '<|endoftext|>'] [other]
  L28: '86.<|im_end|><|endoftext|><|endoftext|><|endoftext|><|endoftext|>' = ['8', '6', '.', '<|im_end|>', '<|endoftext|>', '<|endoftext|>', '<|endoftext|>', '<|endoftext|>'] [other]

row 244: base=AM -> source=DK  template=calling_code_prefill_v2
  question: 'Give the international dialling code of the country shown in this flag.'
  prefill : 'The dialling code is +'
  gold base   (expected unhooked) : '374' = ['3', '7', '4']
  gold source (expected if swap works): '45' = ['4', '5']
  unhooked: '374.<|im_end|><|endoftext|><|endoftext|><|endoftext|>' = ['3', '7', '4', '.', '<|im_end|>', '<|endoftext|>', '<|endoftext|>', '<|endoftext|>']
  L19: '374.<|im_end|><|endoftext|><|endoftext|><|endoftext|>' = ['3', '7', '4', '.', '<|im_end|>', '<|endoftext|>', '<|endoftext|>', '<|endoftext|>'] [base]
  L20: '374.<|im_end|><|endoftext|><|endoftext|><|endoftext|>' = ['3', '7', '4', '.', '<|im_end|>', '<|endoftext|>', '<|endoftext|>', '<|endoftext|>'] [base]
  L21: '374.<|im_end|><|endoftext|><|endoftext|><|endoftext|>' = ['3', '7', '4', '.', '<|im_end|>', '<|endoftext|>', '<|endoftext|>', '<|endoftext|>'] [base]
  L22: '374.<|im_end|><|endoftext|><|endoftext|><|endoftext|>' = ['3', '7', '4', '.', '<|im_end|>', '<|endoftext|>', '<|endoftext|>', '<|endoftext|>'] [base]
  L23: '41.<|im_end|><|endoftext|><|endoftext|><|endoftext|><|endoftext|>' = ['4', '1', '.', '<|im_end|>', '<|endoftext|>', '<|endoftext|>', '<|endoftext|>', '<|endoftext|>'] [other]
  L24: '41.<|im_end|><|endoftext|><|endoftext|><|endoftext|><|endoftext|>' = ['4', '1', '.', '<|im_end|>', '<|endoftext|>', '<|endoftext|>', '<|endoftext|>', '<|endoftext|>'] [other]
  L25: '41.<|im_end|><|endoftext|><|endoftext|><|endoftext|><|endoftext|>' = ['4', '1', '.', '<|im_end|>', '<|endoftext|>', '<|endoftext|>', '<|endoftext|>', '<|endoftext|>'] [other]
  L26: '41.<|im_end|><|endoftext|><|endoftext|><|endoftext|><|endoftext|>' = ['4', '1', '.', '<|im_end|>', '<|endoftext|>', '<|endoftext|>', '<|endoftext|>', '<|endoftext|>'] [other]
  L27: '41.<|im_end|><|endoftext|><|endoftext|><|endoftext|><|endoftext|>' = ['4', '1', '.', '<|im_end|>', '<|endoftext|>', '<|endoftext|>', '<|endoftext|>', '<|endoftext|>'] [other]
  L28: '41.<|im_end|><|endoftext|><|endoftext|><|endoftext|><|endoftext|>' = ['4', '1', '.', '<|im_end|>', '<|endoftext|>', '<|endoftext|>', '<|endoftext|>', '<|endoftext|>'] [other]

row 245: base=NZ -> source=BH  template=calling_code_prefill_v3
  question: 'What is the country calling code for the country in this image?'
  prefill : 'The country calling code is +'
  gold base   (expected unhooked) : '64' = ['6', '4']
  gold source (expected if swap works): '973' = ['9', '7', '3']
  unhooked: '64. This is the country calling' = ['6', '4', '.', ' This', ' is', ' the', ' country', ' calling']
  L19: '64. This is the country calling' = ['6', '4', '.', ' This', ' is', ' the', ' country', ' calling'] [base]
  L20: '64. This is the country calling' = ['6', '4', '.', ' This', ' is', ' the', ' country', ' calling'] [base]
  L21: '64. This is the country calling' = ['6', '4', '.', ' This', ' is', ' the', ' country', ' calling'] [base]
  L22: '64. This is the country calling' = ['6', '4', '.', ' This', ' is', ' the', ' country', ' calling'] [base]
  L23: '94, which corresponds to Sri Lanka' = ['9', '4', ',', ' which', ' corresponds', ' to', ' Sri', ' Lanka'] [other]
  L24: '94, which corresponds to Sri Lanka' = ['9', '4', ',', ' which', ' corresponds', ' to', ' Sri', ' Lanka'] [other]
  L25: '94, which corresponds to Sri Lanka' = ['9', '4', ',', ' which', ' corresponds', ' to', ' Sri', ' Lanka'] [other]
  L26: '94, which corresponds to Sri Lanka' = ['9', '4', ',', ' which', ' corresponds', ' to', ' Sri', ' Lanka'] [other]
  L27: '94, which corresponds to Sri Lanka' = ['9', '4', ',', ' which', ' corresponds', ' to', ' Sri', ' Lanka'] [other]
  L28: '94, which corresponds to Sri Lanka' = ['9', '4', ',', ' which', ' corresponds', ' to', ' Sri', ' Lanka'] [other]

row 246: base=ET -> source=DE  template=calling_code_prefill_v6
  question: 'What country code do you dial to call this country?'
  prefill : 'The country code is +'
  gold base   (expected unhooked) : '251' = ['2', '5', '1']
  gold source (expected if swap works): '49' = ['4', '9']
  unhooked: '251.<|im_end|><|endoftext|><|endoftext|><|endoftext|>' = ['2', '5', '1', '.', '<|im_end|>', '<|endoftext|>', '<|endoftext|>', '<|endoftext|>']
  L19: '251.<|im_end|><|endoftext|><|endoftext|><|endoftext|>' = ['2', '5', '1', '.', '<|im_end|>', '<|endoftext|>', '<|endoftext|>', '<|endoftext|>'] [base]
  L20: '251.<|im_end|><|endoftext|><|endoftext|><|endoftext|>' = ['2', '5', '1', '.', '<|im_end|>', '<|endoftext|>', '<|endoftext|>', '<|endoftext|>'] [base]
  L21: '251.<|im_end|><|endoftext|><|endoftext|><|endoftext|>' = ['2', '5', '1', '.', '<|im_end|>', '<|endoftext|>', '<|endoftext|>', '<|endoftext|>'] [base]
  L22: '251.<|im_end|><|endoftext|><|endoftext|><|endoftext|>' = ['2', '5', '1', '.', '<|im_end|>', '<|endoftext|>', '<|endoftext|>', '<|endoftext|>'] [base]
  L23: '251.<|im_end|><|endoftext|><|endoftext|><|endoftext|>' = ['2', '5', '1', '.', '<|im_end|>', '<|endoftext|>', '<|endoftext|>', '<|endoftext|>'] [base]
  L24: '41.<|im_end|><|endoftext|><|endoftext|><|endoftext|><|endoftext|>' = ['4', '1', '.', '<|im_end|>', '<|endoftext|>', '<|endoftext|>', '<|endoftext|>', '<|endoftext|>'] [other]
  L25: '41.<|im_end|><|endoftext|><|endoftext|><|endoftext|><|endoftext|>' = ['4', '1', '.', '<|im_end|>', '<|endoftext|>', '<|endoftext|>', '<|endoftext|>', '<|endoftext|>'] [other]
  L26: '41.<|im_end|><|endoftext|><|endoftext|><|endoftext|><|endoftext|>' = ['4', '1', '.', '<|im_end|>', '<|endoftext|>', '<|endoftext|>', '<|endoftext|>', '<|endoftext|>'] [other]
  L27: '41.<|im_end|><|endoftext|><|endoftext|><|endoftext|><|endoftext|>' = ['4', '1', '.', '<|im_end|>', '<|endoftext|>', '<|endoftext|>', '<|endoftext|>', '<|endoftext|>'] [other]
  L28: '41.<|im_end|><|endoftext|><|endoftext|><|endoftext|><|endoftext|>' = ['4', '1', '.', '<|im_end|>', '<|endoftext|>', '<|endoftext|>', '<|endoftext|>', '<|endoftext|>'] [other]

row 247: base=KP -> source=DK  template=calling_code_prefill_v5
  question: 'Identify the international dialing code of the country shown in this flag.'
  prefill : 'The dialing code is +'
  gold base   (expected unhooked) : '850' = ['8', '5', '0']
  gold source (expected if swap works): '45' = ['4', '5']
  unhooked: '850.<|im_end|><|endoftext|><|endoftext|><|endoftext|>' = ['8', '5', '0', '.', '<|im_end|>', '<|endoftext|>', '<|endoftext|>', '<|endoftext|>']
  L19: '850.<|im_end|><|endoftext|><|endoftext|><|endoftext|>' = ['8', '5', '0', '.', '<|im_end|>', '<|endoftext|>', '<|endoftext|>', '<|endoftext|>'] [base]
  L20: '850.<|im_end|><|endoftext|><|endoftext|><|endoftext|>' = ['8', '5', '0', '.', '<|im_end|>', '<|endoftext|>', '<|endoftext|>', '<|endoftext|>'] [base]
  L21: '850.<|im_end|><|endoftext|><|endoftext|><|endoftext|>' = ['8', '5', '0', '.', '<|im_end|>', '<|endoftext|>', '<|endoftext|>', '<|endoftext|>'] [base]
  L22: '850.<|im_end|><|endoftext|><|endoftext|><|endoftext|>' = ['8', '5', '0', '.', '<|im_end|>', '<|endoftext|>', '<|endoftext|>', '<|endoftext|>'] [base]
  L23: '44.<|im_end|><|endoftext|><|endoftext|><|endoftext|><|endoftext|>' = ['4', '4', '.', '<|im_end|>', '<|endoftext|>', '<|endoftext|>', '<|endoftext|>', '<|endoftext|>'] [other]
  L24: '48.<|im_end|><|endoftext|><|endoftext|><|endoftext|><|endoftext|>' = ['4', '8', '.', '<|im_end|>', '<|endoftext|>', '<|endoftext|>', '<|endoftext|>', '<|endoftext|>'] [other]
  L25: '48.<|im_end|><|endoftext|><|endoftext|><|endoftext|><|endoftext|>' = ['4', '8', '.', '<|im_end|>', '<|endoftext|>', '<|endoftext|>', '<|endoftext|>', '<|endoftext|>'] [other]
  L26: '48.<|im_end|><|endoftext|><|endoftext|><|endoftext|><|endoftext|>' = ['4', '8', '.', '<|im_end|>', '<|endoftext|>', '<|endoftext|>', '<|endoftext|>', '<|endoftext|>'] [other]
  L27: '41.<|im_end|><|endoftext|><|endoftext|><|endoftext|><|endoftext|>' = ['4', '1', '.', '<|im_end|>', '<|endoftext|>', '<|endoftext|>', '<|endoftext|>', '<|endoftext|>'] [other]
  L28: '41.<|im_end|><|endoftext|><|endoftext|><|endoftext|><|endoftext|>' = ['4', '1', '.', '<|im_end|>', '<|endoftext|>', '<|endoftext|>', '<|endoftext|>', '<|endoftext|>'] [other]

row 248: base=FJ -> source=IT  template=calling_code_prefill_v2
  question: 'Give the international dialling code of the country shown in this flag.'
  prefill : 'The dialling code is +'
  gold base   (expected unhooked) : '679' = ['6', '7', '9']
  gold source (expected if swap works): '39' = ['3', '9']
  unhooked: '679.<|im_end|><|endoftext|><|endoftext|><|endoftext|>' = ['6', '7', '9', '.', '<|im_end|>', '<|endoftext|>', '<|endoftext|>', '<|endoftext|>']
  L19: '679.<|im_end|><|endoftext|><|endoftext|><|endoftext|>' = ['6', '7', '9', '.', '<|im_end|>', '<|endoftext|>', '<|endoftext|>', '<|endoftext|>'] [base]
  L20: '679.<|im_end|><|endoftext|><|endoftext|><|endoftext|>' = ['6', '7', '9', '.', '<|im_end|>', '<|endoftext|>', '<|endoftext|>', '<|endoftext|>'] [base]
  L21: '679.<|im_end|><|endoftext|><|endoftext|><|endoftext|>' = ['6', '7', '9', '.', '<|im_end|>', '<|endoftext|>', '<|endoftext|>', '<|endoftext|>'] [base]
  L22: '679.<|im_end|><|endoftext|><|endoftext|><|endoftext|>' = ['6', '7', '9', '.', '<|im_end|>', '<|endoftext|>', '<|endoftext|>', '<|endoftext|>'] [base]
  L23: '36.<|im_end|><|endoftext|><|endoftext|><|endoftext|><|endoftext|>' = ['3', '6', '.', '<|im_end|>', '<|endoftext|>', '<|endoftext|>', '<|endoftext|>', '<|endoftext|>'] [other]
  L24: '36.<|im_end|><|endoftext|><|endoftext|><|endoftext|><|endoftext|>' = ['3', '6', '.', '<|im_end|>', '<|endoftext|>', '<|endoftext|>', '<|endoftext|>', '<|endoftext|>'] [other]
  L25: '36.<|im_end|><|endoftext|><|endoftext|><|endoftext|><|endoftext|>' = ['3', '6', '.', '<|im_end|>', '<|endoftext|>', '<|endoftext|>', '<|endoftext|>', '<|endoftext|>'] [other]
  L26: '36.<|im_end|><|endoftext|><|endoftext|><|endoftext|><|endoftext|>' = ['3', '6', '.', '<|im_end|>', '<|endoftext|>', '<|endoftext|>', '<|endoftext|>', '<|endoftext|>'] [other]
  L27: '36.<|im_end|><|endoftext|><|endoftext|><|endoftext|><|endoftext|>' = ['3', '6', '.', '<|im_end|>', '<|endoftext|>', '<|endoftext|>', '<|endoftext|>', '<|endoftext|>'] [other]
  L28: '374.<|im_end|><|endoftext|><|endoftext|><|endoftext|>' = ['3', '7', '4', '.', '<|im_end|>', '<|endoftext|>', '<|endoftext|>', '<|endoftext|>'] [other]

row 249: base=OM -> source=KH  template=calling_code_prefill_v3
  question: 'What is the country calling code for the country in this image?'
  prefill : 'The country calling code is +'
  gold base   (expected unhooked) : '968' = ['9', '6', '8']
  gold source (expected if swap works): '855' = ['8', '5', '5']
  unhooked: '968. This corresponds to Oman' = ['9', '6', '8', '.', ' This', ' corresponds', ' to', ' Oman']
  L19: '968. This corresponds to Oman' = ['9', '6', '8', '.', ' This', ' corresponds', ' to', ' Oman'] [base]
  L20: '968. This corresponds to Oman' = ['9', '6', '8', '.', ' This', ' corresponds', ' to', ' Oman'] [base]
  L21: '968. This corresponds to Oman' = ['9', '6', '8', '.', ' This', ' corresponds', ' to', ' Oman'] [base]
  L22: '968. This corresponds to Oman' = ['9', '6', '8', '.', ' This', ' corresponds', ' to', ' Oman'] [base]
  L23: '86. This corresponds to China,' = ['8', '6', '.', ' This', ' corresponds', ' to', ' China', ','] [other]
  L24: '86. This corresponds to China,' = ['8', '6', '.', ' This', ' corresponds', ' to', ' China', ','] [other]
  L25: '86. This corresponds to China,' = ['8', '6', '.', ' This', ' corresponds', ' to', ' China', ','] [other]
  L26: '86.<|im_end|><|endoftext|><|endoftext|><|endoftext|><|endoftext|>' = ['8', '6', '.', '<|im_end|>', '<|endoftext|>', '<|endoftext|>', '<|endoftext|>', '<|endoftext|>'] [other]
  L27: '86.<|im_end|><|endoftext|><|endoftext|><|endoftext|><|endoftext|>' = ['8', '6', '.', '<|im_end|>', '<|endoftext|>', '<|endoftext|>', '<|endoftext|>', '<|endoftext|>'] [other]
  L28: '86.<|im_end|><|endoftext|><|endoftext|><|endoftext|><|endoftext|>' = ['8', '6', '.', '<|im_end|>', '<|endoftext|>', '<|endoftext|>', '<|endoftext|>', '<|endoftext|>'] [other]

row 250: base=ET -> source=DK  template=calling_code_prefill_v2
  question: 'Give the international dialling code of the country shown in this flag.'
  prefill : 'The dialling code is +'
  gold base   (expected unhooked) : '251' = ['2', '5', '1']
  gold source (expected if swap works): '45' = ['4', '5']
  unhooked: '251.<|im_end|><|endoftext|><|endoftext|><|endoftext|>' = ['2', '5', '1', '.', '<|im_end|>', '<|endoftext|>', '<|endoftext|>', '<|endoftext|>']
  L19: '251.<|im_end|><|endoftext|><|endoftext|><|endoftext|>' = ['2', '5', '1', '.', '<|im_end|>', '<|endoftext|>', '<|endoftext|>', '<|endoftext|>'] [base]
  L20: '251.<|im_end|><|endoftext|><|endoftext|><|endoftext|>' = ['2', '5', '1', '.', '<|im_end|>', '<|endoftext|>', '<|endoftext|>', '<|endoftext|>'] [base]
  L21: '251.<|im_end|><|endoftext|><|endoftext|><|endoftext|>' = ['2', '5', '1', '.', '<|im_end|>', '<|endoftext|>', '<|endoftext|>', '<|endoftext|>'] [base]
  L22: '251.<|im_end|><|endoftext|><|endoftext|><|endoftext|>' = ['2', '5', '1', '.', '<|im_end|>', '<|endoftext|>', '<|endoftext|>', '<|endoftext|>'] [base]
  L23: '251.<|im_end|><|endoftext|><|endoftext|><|endoftext|>' = ['2', '5', '1', '.', '<|im_end|>', '<|endoftext|>', '<|endoftext|>', '<|endoftext|>'] [base]
  L24: '49.<|im_end|><|endoftext|><|endoftext|><|endoftext|><|endoftext|>' = ['4', '9', '.', '<|im_end|>', '<|endoftext|>', '<|endoftext|>', '<|endoftext|>', '<|endoftext|>'] [other]
  L25: '49.<|im_end|><|endoftext|><|endoftext|><|endoftext|><|endoftext|>' = ['4', '9', '.', '<|im_end|>', '<|endoftext|>', '<|endoftext|>', '<|endoftext|>', '<|endoftext|>'] [other]
  L26: '49.<|im_end|><|endoftext|><|endoftext|><|endoftext|><|endoftext|>' = ['4', '9', '.', '<|im_end|>', '<|endoftext|>', '<|endoftext|>', '<|endoftext|>', '<|endoftext|>'] [other]
  L27: '41.<|im_end|><|endoftext|><|endoftext|><|endoftext|><|endoftext|>' = ['4', '1', '.', '<|im_end|>', '<|endoftext|>', '<|endoftext|>', '<|endoftext|>', '<|endoftext|>'] [other]
  L28: '41.<|im_end|><|endoftext|><|endoftext|><|endoftext|><|endoftext|>' = ['4', '1', '.', '<|im_end|>', '<|endoftext|>', '<|endoftext|>', '<|endoftext|>', '<|endoftext|>'] [other]

row 251: base=AF -> source=CY  template=calling_code_prefill_v6
  question: 'What country code do you dial to call this country?'
  prefill : 'The country code is +'
  gold base   (expected unhooked) : '93' = ['9', '3']
  gold source (expected if swap works): '357' = ['3', '5', '7']
  unhooked: '93.<|im_end|><|endoftext|><|endoftext|><|endoftext|><|endoftext|>' = ['9', '3', '.', '<|im_end|>', '<|endoftext|>', '<|endoftext|>', '<|endoftext|>', '<|endoftext|>']
  L19: '93.<|im_end|><|endoftext|><|endoftext|><|endoftext|><|endoftext|>' = ['9', '3', '.', '<|im_end|>', '<|endoftext|>', '<|endoftext|>', '<|endoftext|>', '<|endoftext|>'] [base]
  L20: '93.<|im_end|><|endoftext|><|endoftext|><|endoftext|><|endoftext|>' = ['9', '3', '.', '<|im_end|>', '<|endoftext|>', '<|endoftext|>', '<|endoftext|>', '<|endoftext|>'] [base]
  L21: '93.<|im_end|><|endoftext|><|endoftext|><|endoftext|><|endoftext|>' = ['9', '3', '.', '<|im_end|>', '<|endoftext|>', '<|endoftext|>', '<|endoftext|>', '<|endoftext|>'] [base]
  L22: '93.<|im_end|><|endoftext|><|endoftext|><|endoftext|><|endoftext|>' = ['9', '3', '.', '<|im_end|>', '<|endoftext|>', '<|endoftext|>', '<|endoftext|>', '<|endoftext|>'] [base]
  L23: '356.<|im_end|><|endoftext|><|endoftext|><|endoftext|>' = ['3', '5', '6', '.', '<|im_end|>', '<|endoftext|>', '<|endoftext|>', '<|endoftext|>'] [other]
  L24: '356.<|im_end|><|endoftext|><|endoftext|><|endoftext|>' = ['3', '5', '6', '.', '<|im_end|>', '<|endoftext|>', '<|endoftext|>', '<|endoftext|>'] [other]
  L25: '356.<|im_end|><|endoftext|><|endoftext|><|endoftext|>' = ['3', '5', '6', '.', '<|im_end|>', '<|endoftext|>', '<|endoftext|>', '<|endoftext|>'] [other]
  L26: '356.<|im_end|><|endoftext|><|endoftext|><|endoftext|>' = ['3', '5', '6', '.', '<|im_end|>', '<|endoftext|>', '<|endoftext|>', '<|endoftext|>'] [other]
  L27: '356.<|im_end|><|endoftext|><|endoftext|><|endoftext|>' = ['3', '5', '6', '.', '<|im_end|>', '<|endoftext|>', '<|endoftext|>', '<|endoftext|>'] [other]
  L28: '356.<|im_end|><|endoftext|><|endoftext|><|endoftext|>' = ['3', '5', '6', '.', '<|im_end|>', '<|endoftext|>', '<|endoftext|>', '<|endoftext|>'] [other]

row 252: base=PE -> source=IT  template=calling_code_prefill_v3
  question: 'What is the country calling code for the country in this image?'
  prefill : 'The country calling code is +'
  gold base   (expected unhooked) : '51' = ['5', '1']
  gold source (expected if swap works): '39' = ['3', '9']
  unhooked: '51, which corresponds to Peru.' = ['5', '1', ',', ' which', ' corresponds', ' to', ' Peru', '.']
  L19: '51, which corresponds to Peru.' = ['5', '1', ',', ' which', ' corresponds', ' to', ' Peru', '.'] [base]
  L20: '51, which corresponds to Peru.' = ['5', '1', ',', ' which', ' corresponds', ' to', ' Peru', '.'] [base]
  L21: '51, which corresponds to Peru.' = ['5', '1', ',', ' which', ' corresponds', ' to', ' Peru', '.'] [base]
  L22: '51, which corresponds to Peru.' = ['5', '1', ',', ' which', ' corresponds', ' to', ' Peru', '.'] [base]
  L23: '351, which corresponds to Portugal' = ['3', '5', '1', ',', ' which', ' corresponds', ' to', ' Portugal'] [base]
  L24: '351, which corresponds to Portugal' = ['3', '5', '1', ',', ' which', ' corresponds', ' to', ' Portugal'] [base]
  L25: '351, which corresponds to Portugal' = ['3', '5', '1', ',', ' which', ' corresponds', ' to', ' Portugal'] [base]
  L26: '351, which corresponds to Portugal' = ['3', '5', '1', ',', ' which', ' corresponds', ' to', ' Portugal'] [base]
  L27: '351, which corresponds to Portugal' = ['3', '5', '1', ',', ' which', ' corresponds', ' to', ' Portugal'] [base]
  L28: '351, which corresponds to Portugal' = ['3', '5', '1', ',', ' which', ' corresponds', ' to', ' Portugal'] [base]

row 253: base=LA -> source=NZ  template=calling_code_prefill_v4
  question: 'What is the phone country code for the country in this image?'
  prefill : 'The phone code is +'
  gold base   (expected unhooked) : '856' = ['8', '5', '6']
  gold source (expected if swap works): '64' = ['6', '4']
  unhooked: '856. This corresponds to Laos' = ['8', '5', '6', '.', ' This', ' corresponds', ' to', ' Laos']
  L19: '856. This corresponds to Laos' = ['8', '5', '6', '.', ' This', ' corresponds', ' to', ' Laos'] [base]
  L20: '856. This corresponds to Laos' = ['8', '5', '6', '.', ' This', ' corresponds', ' to', ' Laos'] [base]
  L21: '856. This corresponds to Laos' = ['8', '5', '6', '.', ' This', ' corresponds', ' to', ' Laos'] [base]
  L22: '66.<|im_end|><|endoftext|><|endoftext|><|endoftext|><|endoftext|>' = ['6', '6', '.', '<|im_end|>', '<|endoftext|>', '<|endoftext|>', '<|endoftext|>', '<|endoftext|>'] [other]
  L23: '66.<|im_end|><|endoftext|><|endoftext|><|endoftext|><|endoftext|>' = ['6', '6', '.', '<|im_end|>', '<|endoftext|>', '<|endoftext|>', '<|endoftext|>', '<|endoftext|>'] [other]
  L24: '66.<|im_end|><|endoftext|><|endoftext|><|endoftext|><|endoftext|>' = ['6', '6', '.', '<|im_end|>', '<|endoftext|>', '<|endoftext|>', '<|endoftext|>', '<|endoftext|>'] [other]
  L25: '66.<|im_end|><|endoftext|><|endoftext|><|endoftext|><|endoftext|>' = ['6', '6', '.', '<|im_end|>', '<|endoftext|>', '<|endoftext|>', '<|endoftext|>', '<|endoftext|>'] [other]
  L26: '66.<|im_end|><|endoftext|><|endoftext|><|endoftext|><|endoftext|>' = ['6', '6', '.', '<|im_end|>', '<|endoftext|>', '<|endoftext|>', '<|endoftext|>', '<|endoftext|>'] [other]
  L27: '66.<|im_end|><|endoftext|><|endoftext|><|endoftext|><|endoftext|>' = ['6', '6', '.', '<|im_end|>', '<|endoftext|>', '<|endoftext|>', '<|endoftext|>', '<|endoftext|>'] [other]
  L28: '66.<|im_end|><|endoftext|><|endoftext|><|endoftext|><|endoftext|>' = ['6', '6', '.', '<|im_end|>', '<|endoftext|>', '<|endoftext|>', '<|endoftext|>', '<|endoftext|>'] [other]

row 254: base=KR -> source=RO  template=calling_code_prefill_v1
  question: 'What is the international calling code of the country in this image?'
  prefill : 'The calling code is +'
  gold base   (expected unhooked) : '82' = ['8', '2']
  gold source (expected if swap works): '40' = ['4', '0']
  unhooked: '82. This is the international direct' = ['8', '2', '.', ' This', ' is', ' the', ' international', ' direct']
  L19: '82. This is the international direct' = ['8', '2', '.', ' This', ' is', ' the', ' international', ' direct'] [base]
  L20: '82. This is the international direct' = ['8', '2', '.', ' This', ' is', ' the', ' international', ' direct'] [base]
  L21: '82. This is the international direct' = ['8', '2', '.', ' This', ' is', ' the', ' international', ' direct'] [base]
  L22: '82. This is the international direct' = ['8', '2', '.', ' This', ' is', ' the', ' international', ' direct'] [base]
  L23: '41.<|im_end|><|endoftext|><|endoftext|><|endoftext|><|endoftext|>' = ['4', '1', '.', '<|im_end|>', '<|endoftext|>', '<|endoftext|>', '<|endoftext|>', '<|endoftext|>'] [other]
  L24: '41.<|im_end|><|endoftext|><|endoftext|><|endoftext|><|endoftext|>' = ['4', '1', '.', '<|im_end|>', '<|endoftext|>', '<|endoftext|>', '<|endoftext|>', '<|endoftext|>'] [other]
  L25: '41.<|im_end|><|endoftext|><|endoftext|><|endoftext|><|endoftext|>' = ['4', '1', '.', '<|im_end|>', '<|endoftext|>', '<|endoftext|>', '<|endoftext|>', '<|endoftext|>'] [other]
  L26: '41.<|im_end|><|endoftext|><|endoftext|><|endoftext|><|endoftext|>' = ['4', '1', '.', '<|im_end|>', '<|endoftext|>', '<|endoftext|>', '<|endoftext|>', '<|endoftext|>'] [other]
  L27: '41.<|im_end|><|endoftext|><|endoftext|><|endoftext|><|endoftext|>' = ['4', '1', '.', '<|im_end|>', '<|endoftext|>', '<|endoftext|>', '<|endoftext|>', '<|endoftext|>'] [other]
  L28: '41.<|im_end|><|endoftext|><|endoftext|><|endoftext|><|endoftext|>' = ['4', '1', '.', '<|im_end|>', '<|endoftext|>', '<|endoftext|>', '<|endoftext|>', '<|endoftext|>'] [other]

row 255: base=TZ -> source=CO  template=calling_code_prefill_v6
  question: 'What country code do you dial to call this country?'
  prefill : 'The country code is +'
  gold base   (expected unhooked) : '255' = ['2', '5', '5']
  gold source (expected if swap works): '57' = ['5', '7']
  unhooked: '255. This is the country' = ['2', '5', '5', '.', ' This', ' is', ' the', ' country']
  L19: '255. This is the country' = ['2', '5', '5', '.', ' This', ' is', ' the', ' country'] [base]
  L20: '255. This is the country' = ['2', '5', '5', '.', ' This', ' is', ' the', ' country'] [base]
  L21: '255. This is the country' = ['2', '5', '5', '.', ' This', ' is', ' the', ' country'] [base]
  L22: '255. This is the country' = ['2', '5', '5', '.', ' This', ' is', ' the', ' country'] [base]
  L23: '54. This is the country code' = ['5', '4', '.', ' This', ' is', ' the', ' country', ' code'] [other]
  L24: '54. This is the country code' = ['5', '4', '.', ' This', ' is', ' the', ' country', ' code'] [other]
  L25: '54. This is the country code' = ['5', '4', '.', ' This', ' is', ' the', ' country', ' code'] [other]
  L26: '54. This is the country code' = ['5', '4', '.', ' This', ' is', ' the', ' country', ' code'] [other]
  L27: '54. This is the country code' = ['5', '4', '.', ' This', ' is', ' the', ' country', ' code'] [other]
  L28: '54. This is the country code' = ['5', '4', '.', ' This', ' is', ' the', ' country', ' code'] [other]

row 256: base=UZ -> source=SN  template=calling_code_prefill_v1
  question: 'What is the international calling code of the country in this image?'
  prefill : 'The calling code is +'
  gold base   (expected unhooked) : '998' = ['9', '9', '8']
  gold source (expected if swap works): '221' = ['2', '2', '1']
  unhooked: '998.<|im_end|><|endoftext|><|endoftext|><|endoftext|>' = ['9', '9', '8', '.', '<|im_end|>', '<|endoftext|>', '<|endoftext|>', '<|endoftext|>']
  L19: '998.<|im_end|><|endoftext|><|endoftext|><|endoftext|>' = ['9', '9', '8', '.', '<|im_end|>', '<|endoftext|>', '<|endoftext|>', '<|endoftext|>'] [base]
  L20: '998.<|im_end|><|endoftext|><|endoftext|><|endoftext|>' = ['9', '9', '8', '.', '<|im_end|>', '<|endoftext|>', '<|endoftext|>', '<|endoftext|>'] [base]
  L21: '998.<|im_end|><|endoftext|><|endoftext|><|endoftext|>' = ['9', '9', '8', '.', '<|im_end|>', '<|endoftext|>', '<|endoftext|>', '<|endoftext|>'] [base]
  L22: '258.<|im_end|><|endoftext|><|endoftext|><|endoftext|>' = ['2', '5', '8', '.', '<|im_end|>', '<|endoftext|>', '<|endoftext|>', '<|endoftext|>'] [other]
  L23: '258.<|im_end|><|endoftext|><|endoftext|><|endoftext|>' = ['2', '5', '8', '.', '<|im_end|>', '<|endoftext|>', '<|endoftext|>', '<|endoftext|>'] [other]
  L24: '258.<|im_end|><|endoftext|><|endoftext|><|endoftext|>' = ['2', '5', '8', '.', '<|im_end|>', '<|endoftext|>', '<|endoftext|>', '<|endoftext|>'] [other]
  L25: '20. This corresponds to Egypt.' = ['2', '0', '.', ' This', ' corresponds', ' to', ' Egypt', '.'] [other]
  L26: '20. This corresponds to Egypt.' = ['2', '0', '.', ' This', ' corresponds', ' to', ' Egypt', '.'] [other]
  L27: '258.<|im_end|><|endoftext|><|endoftext|><|endoftext|>' = ['2', '5', '8', '.', '<|im_end|>', '<|endoftext|>', '<|endoftext|>', '<|endoftext|>'] [other]
  L28: '258.<|im_end|><|endoftext|><|endoftext|><|endoftext|>' = ['2', '5', '8', '.', '<|im_end|>', '<|endoftext|>', '<|endoftext|>', '<|endoftext|>'] [other]

row 257: base=GY -> source=AU  template=calling_code_prefill_v1
  question: 'What is the international calling code of the country in this image?'
  prefill : 'The calling code is +'
  gold base   (expected unhooked) : '592' = ['5', '9', '2']
  gold source (expected if swap works): '61' = ['6', '1']
  unhooked: '592. This corresponds to the' = ['5', '9', '2', '.', ' This', ' corresponds', ' to', ' the']
  L19: '592. This corresponds to Guy' = ['5', '9', '2', '.', ' This', ' corresponds', ' to', ' Guy'] [base]
  L20: '592. This corresponds to the' = ['5', '9', '2', '.', ' This', ' corresponds', ' to', ' the'] [base]
  L21: '592. This corresponds to the' = ['5', '9', '2', '.', ' This', ' corresponds', ' to', ' the'] [base]
  L22: '592. This corresponds to Guy' = ['5', '9', '2', '.', ' This', ' corresponds', ' to', ' Guy'] [base]
  L23: '680, which corresponds to Guy' = ['6', '8', '0', ',', ' which', ' corresponds', ' to', ' Guy'] [other]
  L24: '680, which corresponds to Guy' = ['6', '8', '0', ',', ' which', ' corresponds', ' to', ' Guy'] [other]
  L25: '680, which corresponds to Guy' = ['6', '8', '0', ',', ' which', ' corresponds', ' to', ' Guy'] [other]
  L26: '680, which corresponds to Guy' = ['6', '8', '0', ',', ' which', ' corresponds', ' to', ' Guy'] [other]
  L27: '680, which corresponds to Guy' = ['6', '8', '0', ',', ' which', ' corresponds', ' to', ' Guy'] [other]
  L28: '672. This corresponds to Guy' = ['6', '7', '2', '.', ' This', ' corresponds', ' to', ' Guy'] [other]

row 258: base=UZ -> source=BR  template=calling_code_prefill_v5
  question: 'Identify the international dialing code of the country shown in this flag.'
  prefill : 'The dialing code is +'
  gold base   (expected unhooked) : '998' = ['9', '9', '8']
  gold source (expected if swap works): '55' = ['5', '5']
  unhooked: '998.<|im_end|><|endoftext|><|endoftext|><|endoftext|>' = ['9', '9', '8', '.', '<|im_end|>', '<|endoftext|>', '<|endoftext|>', '<|endoftext|>']
  L19: '998.<|im_end|><|endoftext|><|endoftext|><|endoftext|>' = ['9', '9', '8', '.', '<|im_end|>', '<|endoftext|>', '<|endoftext|>', '<|endoftext|>'] [base]
  L20: '998.<|im_end|><|endoftext|><|endoftext|><|endoftext|>' = ['9', '9', '8', '.', '<|im_end|>', '<|endoftext|>', '<|endoftext|>', '<|endoftext|>'] [base]
  L21: '998.<|im_end|><|endoftext|><|endoftext|><|endoftext|>' = ['9', '9', '8', '.', '<|im_end|>', '<|endoftext|>', '<|endoftext|>', '<|endoftext|>'] [base]
  L22: '998.<|im_end|><|endoftext|><|endoftext|><|endoftext|>' = ['9', '9', '8', '.', '<|im_end|>', '<|endoftext|>', '<|endoftext|>', '<|endoftext|>'] [base]
  L23: '593.<|im_end|><|endoftext|><|endoftext|><|endoftext|>' = ['5', '9', '3', '.', '<|im_end|>', '<|endoftext|>', '<|endoftext|>', '<|endoftext|>'] [other]
  L24: '593.<|im_end|><|endoftext|><|endoftext|><|endoftext|>' = ['5', '9', '3', '.', '<|im_end|>', '<|endoftext|>', '<|endoftext|>', '<|endoftext|>'] [other]
  L25: '593.<|im_end|><|endoftext|><|endoftext|><|endoftext|>' = ['5', '9', '3', '.', '<|im_end|>', '<|endoftext|>', '<|endoftext|>', '<|endoftext|>'] [other]
  L26: '593.<|im_end|><|endoftext|><|endoftext|><|endoftext|>' = ['5', '9', '3', '.', '<|im_end|>', '<|endoftext|>', '<|endoftext|>', '<|endoftext|>'] [other]
  L27: '593.<|im_end|><|endoftext|><|endoftext|><|endoftext|>' = ['5', '9', '3', '.', '<|im_end|>', '<|endoftext|>', '<|endoftext|>', '<|endoftext|>'] [other]
  L28: '593.<|im_end|><|endoftext|><|endoftext|><|endoftext|>' = ['5', '9', '3', '.', '<|im_end|>', '<|endoftext|>', '<|endoftext|>', '<|endoftext|>'] [other]

row 259: base=PE -> source=RO  template=calling_code_prefill_v2
  question: 'Give the international dialling code of the country shown in this flag.'
  prefill : 'The dialling code is +'
  gold base   (expected unhooked) : '51' = ['5', '1']
  gold source (expected if swap works): '40' = ['4', '0']
  unhooked: '51.<|im_end|><|endoftext|><|endoftext|><|endoftext|><|endoftext|>' = ['5', '1', '.', '<|im_end|>', '<|endoftext|>', '<|endoftext|>', '<|endoftext|>', '<|endoftext|>']
  L19: '51.<|im_end|><|endoftext|><|endoftext|><|endoftext|><|endoftext|>' = ['5', '1', '.', '<|im_end|>', '<|endoftext|>', '<|endoftext|>', '<|endoftext|>', '<|endoftext|>'] [base]
  L20: '51.<|im_end|><|endoftext|><|endoftext|><|endoftext|><|endoftext|>' = ['5', '1', '.', '<|im_end|>', '<|endoftext|>', '<|endoftext|>', '<|endoftext|>', '<|endoftext|>'] [base]
  L21: '51.<|im_end|><|endoftext|><|endoftext|><|endoftext|><|endoftext|>' = ['5', '1', '.', '<|im_end|>', '<|endoftext|>', '<|endoftext|>', '<|endoftext|>', '<|endoftext|>'] [base]
  L22: '51.<|im_end|><|endoftext|><|endoftext|><|endoftext|><|endoftext|>' = ['5', '1', '.', '<|im_end|>', '<|endoftext|>', '<|endoftext|>', '<|endoftext|>', '<|endoftext|>'] [base]
  L23: '51.<|im_end|><|endoftext|><|endoftext|><|endoftext|><|endoftext|>' = ['5', '1', '.', '<|im_end|>', '<|endoftext|>', '<|endoftext|>', '<|endoftext|>', '<|endoftext|>'] [base]
  L24: '41.<|im_end|><|endoftext|><|endoftext|><|endoftext|><|endoftext|>' = ['4', '1', '.', '<|im_end|>', '<|endoftext|>', '<|endoftext|>', '<|endoftext|>', '<|endoftext|>'] [other]
  L25: '41.<|im_end|><|endoftext|><|endoftext|><|endoftext|><|endoftext|>' = ['4', '1', '.', '<|im_end|>', '<|endoftext|>', '<|endoftext|>', '<|endoftext|>', '<|endoftext|>'] [other]
  L26: '41.<|im_end|><|endoftext|><|endoftext|><|endoftext|><|endoftext|>' = ['4', '1', '.', '<|im_end|>', '<|endoftext|>', '<|endoftext|>', '<|endoftext|>', '<|endoftext|>'] [other]
  L27: '41.<|im_end|><|endoftext|><|endoftext|><|endoftext|><|endoftext|>' = ['4', '1', '.', '<|im_end|>', '<|endoftext|>', '<|endoftext|>', '<|endoftext|>', '<|endoftext|>'] [other]
  L28: '41.<|im_end|><|endoftext|><|endoftext|><|endoftext|><|endoftext|>' = ['4', '1', '.', '<|im_end|>', '<|endoftext|>', '<|endoftext|>', '<|endoftext|>', '<|endoftext|>'] [other]

row 260: base=AL -> source=BZ  template=calling_code_prefill_v5
  question: 'Identify the international dialing code of the country shown in this flag.'
  prefill : 'The dialing code is +'
  gold base   (expected unhooked) : '355' = ['3', '5', '5']
  gold source (expected if swap works): '501' = ['5', '0', '1']
  unhooked: '355.<|im_end|><|endoftext|><|endoftext|><|endoftext|>' = ['3', '5', '5', '.', '<|im_end|>', '<|endoftext|>', '<|endoftext|>', '<|endoftext|>']
  L19: '355.<|im_end|><|endoftext|><|endoftext|><|endoftext|>' = ['3', '5', '5', '.', '<|im_end|>', '<|endoftext|>', '<|endoftext|>', '<|endoftext|>'] [base]
  L20: '355.<|im_end|><|endoftext|><|endoftext|><|endoftext|>' = ['3', '5', '5', '.', '<|im_end|>', '<|endoftext|>', '<|endoftext|>', '<|endoftext|>'] [base]
  L21: '355.<|im_end|><|endoftext|><|endoftext|><|endoftext|>' = ['3', '5', '5', '.', '<|im_end|>', '<|endoftext|>', '<|endoftext|>', '<|endoftext|>'] [base]
  L22: '355.<|im_end|><|endoftext|><|endoftext|><|endoftext|>' = ['3', '5', '5', '.', '<|im_end|>', '<|endoftext|>', '<|endoftext|>', '<|endoftext|>'] [base]
  L23: '503.<|im_end|><|endoftext|><|endoftext|><|endoftext|>' = ['5', '0', '3', '.', '<|im_end|>', '<|endoftext|>', '<|endoftext|>', '<|endoftext|>'] [other]
  L24: '55.<|im_end|><|endoftext|><|endoftext|><|endoftext|><|endoftext|>' = ['5', '5', '.', '<|im_end|>', '<|endoftext|>', '<|endoftext|>', '<|endoftext|>', '<|endoftext|>'] [other]
  L25: '55.<|im_end|><|endoftext|><|endoftext|><|endoftext|><|endoftext|>' = ['5', '5', '.', '<|im_end|>', '<|endoftext|>', '<|endoftext|>', '<|endoftext|>', '<|endoftext|>'] [other]
  L26: '55.<|im_end|><|endoftext|><|endoftext|><|endoftext|><|endoftext|>' = ['5', '5', '.', '<|im_end|>', '<|endoftext|>', '<|endoftext|>', '<|endoftext|>', '<|endoftext|>'] [other]
  L27: '55.<|im_end|><|endoftext|><|endoftext|><|endoftext|><|endoftext|>' = ['5', '5', '.', '<|im_end|>', '<|endoftext|>', '<|endoftext|>', '<|endoftext|>', '<|endoftext|>'] [other]
  L28: '503.<|im_end|><|endoftext|><|endoftext|><|endoftext|>' = ['5', '0', '3', '.', '<|im_end|>', '<|endoftext|>', '<|endoftext|>', '<|endoftext|>'] [other]

row 261: base=DE -> source=FJ  template=calling_code_prefill_v4
  question: 'What is the phone country code for the country in this image?'
  prefill : 'The phone code is +'
  gold base   (expected unhooked) : '49' = ['4', '9']
  gold source (expected if swap works): '679' = ['6', '7', '9']
  unhooked: '49.<|im_end|><|endoftext|><|endoftext|><|endoftext|><|endoftext|>' = ['4', '9', '.', '<|im_end|>', '<|endoftext|>', '<|endoftext|>', '<|endoftext|>', '<|endoftext|>']
  L19: '49.<|im_end|><|endoftext|><|endoftext|><|endoftext|><|endoftext|>' = ['4', '9', '.', '<|im_end|>', '<|endoftext|>', '<|endoftext|>', '<|endoftext|>', '<|endoftext|>'] [base]
  L20: '49.<|im_end|><|endoftext|><|endoftext|><|endoftext|><|endoftext|>' = ['4', '9', '.', '<|im_end|>', '<|endoftext|>', '<|endoftext|>', '<|endoftext|>', '<|endoftext|>'] [base]
  L21: '49.<|im_end|><|endoftext|><|endoftext|><|endoftext|><|endoftext|>' = ['4', '9', '.', '<|im_end|>', '<|endoftext|>', '<|endoftext|>', '<|endoftext|>', '<|endoftext|>'] [base]
  L22: '49.<|im_end|><|endoftext|><|endoftext|><|endoftext|><|endoftext|>' = ['4', '9', '.', '<|im_end|>', '<|endoftext|>', '<|endoftext|>', '<|endoftext|>', '<|endoftext|>'] [base]
  L23: '61.<|im_end|><|endoftext|><|endoftext|><|endoftext|><|endoftext|>' = ['6', '1', '.', '<|im_end|>', '<|endoftext|>', '<|endoftext|>', '<|endoftext|>', '<|endoftext|>'] [other]
  L24: '61.<|im_end|><|endoftext|><|endoftext|><|endoftext|><|endoftext|>' = ['6', '1', '.', '<|im_end|>', '<|endoftext|>', '<|endoftext|>', '<|endoftext|>', '<|endoftext|>'] [other]
  L25: '61.<|im_end|><|endoftext|><|endoftext|><|endoftext|><|endoftext|>' = ['6', '1', '.', '<|im_end|>', '<|endoftext|>', '<|endoftext|>', '<|endoftext|>', '<|endoftext|>'] [other]
  L26: '61.<|im_end|><|endoftext|><|endoftext|><|endoftext|><|endoftext|>' = ['6', '1', '.', '<|im_end|>', '<|endoftext|>', '<|endoftext|>', '<|endoftext|>', '<|endoftext|>'] [other]
  L27: '61.<|im_end|><|endoftext|><|endoftext|><|endoftext|><|endoftext|>' = ['6', '1', '.', '<|im_end|>', '<|endoftext|>', '<|endoftext|>', '<|endoftext|>', '<|endoftext|>'] [other]
  L28: '61.<|im_end|><|endoftext|><|endoftext|><|endoftext|><|endoftext|>' = ['6', '1', '.', '<|im_end|>', '<|endoftext|>', '<|endoftext|>', '<|endoftext|>', '<|endoftext|>'] [other]

row 262: base=HT -> source=KH  template=calling_code_prefill_v6
  question: 'What country code do you dial to call this country?'
  prefill : 'The country code is +'
  gold base   (expected unhooked) : '509' = ['5', '0', '9']
  gold source (expected if swap works): '855' = ['8', '5', '5']
  unhooked: '509. This is the country' = ['5', '0', '9', '.', ' This', ' is', ' the', ' country']
  L19: '509. This is the country' = ['5', '0', '9', '.', ' This', ' is', ' the', ' country'] [base]
  L20: '509. This is the country' = ['5', '0', '9', '.', ' This', ' is', ' the', ' country'] [base]
  L21: '509. This is the country' = ['5', '0', '9', '.', ' This', ' is', ' the', ' country'] [base]
  L22: '509. This is the country' = ['5', '0', '9', '.', ' This', ' is', ' the', ' country'] [base]
  L23: '852.<|im_end|><|endoftext|><|endoftext|><|endoftext|>' = ['8', '5', '2', '.', '<|im_end|>', '<|endoftext|>', '<|endoftext|>', '<|endoftext|>'] [other]
  L24: '852.<|im_end|><|endoftext|><|endoftext|><|endoftext|>' = ['8', '5', '2', '.', '<|im_end|>', '<|endoftext|>', '<|endoftext|>', '<|endoftext|>'] [other]
  L25: '852.<|im_end|><|endoftext|><|endoftext|><|endoftext|>' = ['8', '5', '2', '.', '<|im_end|>', '<|endoftext|>', '<|endoftext|>', '<|endoftext|>'] [other]
  L26: '852.<|im_end|><|endoftext|><|endoftext|><|endoftext|>' = ['8', '5', '2', '.', '<|im_end|>', '<|endoftext|>', '<|endoftext|>', '<|endoftext|>'] [other]
  L27: '852.<|im_end|><|endoftext|><|endoftext|><|endoftext|>' = ['8', '5', '2', '.', '<|im_end|>', '<|endoftext|>', '<|endoftext|>', '<|endoftext|>'] [other]
  L28: '852.<|im_end|><|endoftext|><|endoftext|><|endoftext|>' = ['8', '5', '2', '.', '<|im_end|>', '<|endoftext|>', '<|endoftext|>', '<|endoftext|>'] [other]

row 263: base=NA -> source=OM  template=calling_code_prefill_v5
  question: 'Identify the international dialing code of the country shown in this flag.'
  prefill : 'The dialing code is +'
  gold base   (expected unhooked) : '264' = ['2', '6', '4']
  gold source (expected if swap works): '968' = ['9', '6', '8']
  unhooked: '264.<|im_end|><|endoftext|><|endoftext|><|endoftext|>' = ['2', '6', '4', '.', '<|im_end|>', '<|endoftext|>', '<|endoftext|>', '<|endoftext|>']
  L19: '264.<|im_end|><|endoftext|><|endoftext|><|endoftext|>' = ['2', '6', '4', '.', '<|im_end|>', '<|endoftext|>', '<|endoftext|>', '<|endoftext|>'] [base]
  L20: '264.<|im_end|><|endoftext|><|endoftext|><|endoftext|>' = ['2', '6', '4', '.', '<|im_end|>', '<|endoftext|>', '<|endoftext|>', '<|endoftext|>'] [base]
  L21: '264.<|im_end|><|endoftext|><|endoftext|><|endoftext|>' = ['2', '6', '4', '.', '<|im_end|>', '<|endoftext|>', '<|endoftext|>', '<|endoftext|>'] [base]
  L22: '264.<|im_end|><|endoftext|><|endoftext|><|endoftext|>' = ['2', '6', '4', '.', '<|im_end|>', '<|endoftext|>', '<|endoftext|>', '<|endoftext|>'] [base]
  L23: '264.<|im_end|><|endoftext|><|endoftext|><|endoftext|>' = ['2', '6', '4', '.', '<|im_end|>', '<|endoftext|>', '<|endoftext|>', '<|endoftext|>'] [base]
  L24: '961.<|im_end|><|endoftext|><|endoftext|><|endoftext|>' = ['9', '6', '1', '.', '<|im_end|>', '<|endoftext|>', '<|endoftext|>', '<|endoftext|>'] [other]
  L25: '961.<|im_end|><|endoftext|><|endoftext|><|endoftext|>' = ['9', '6', '1', '.', '<|im_end|>', '<|endoftext|>', '<|endoftext|>', '<|endoftext|>'] [other]
  L26: '961.<|im_end|><|endoftext|><|endoftext|><|endoftext|>' = ['9', '6', '1', '.', '<|im_end|>', '<|endoftext|>', '<|endoftext|>', '<|endoftext|>'] [other]
  L27: '961.<|im_end|><|endoftext|><|endoftext|><|endoftext|>' = ['9', '6', '1', '.', '<|im_end|>', '<|endoftext|>', '<|endoftext|>', '<|endoftext|>'] [other]
  L28: '961.<|im_end|><|endoftext|><|endoftext|><|endoftext|>' = ['9', '6', '1', '.', '<|im_end|>', '<|endoftext|>', '<|endoftext|>', '<|endoftext|>'] [other]

row 264: base=RW -> source=ET  template=calling_code_prefill_v4
  question: 'What is the phone country code for the country in this image?'
  prefill : 'The phone code is +'
  gold base   (expected unhooked) : '250' = ['2', '5', '0']
  gold source (expected if swap works): '251' = ['2', '5', '1']
  unhooked: '250. This corresponds to Rwanda' = ['2', '5', '0', '.', ' This', ' corresponds', ' to', ' Rwanda']
  L19: '250.<|im_end|><|endoftext|><|endoftext|><|endoftext|>' = ['2', '5', '0', '.', '<|im_end|>', '<|endoftext|>', '<|endoftext|>', '<|endoftext|>'] [base]
  L20: '250. This corresponds to Rwanda' = ['2', '5', '0', '.', ' This', ' corresponds', ' to', ' Rwanda'] [base]
  L21: '250.<|im_end|><|endoftext|><|endoftext|><|endoftext|>' = ['2', '5', '0', '.', '<|im_end|>', '<|endoftext|>', '<|endoftext|>', '<|endoftext|>'] [base]
  L22: '250. This corresponds to Rwanda' = ['2', '5', '0', '.', ' This', ' corresponds', ' to', ' Rwanda'] [base]
  L23: '250. This corresponds to Rwanda' = ['2', '5', '0', '.', ' This', ' corresponds', ' to', ' Rwanda'] [base]
  L24: '250. This corresponds to Rwanda' = ['2', '5', '0', '.', ' This', ' corresponds', ' to', ' Rwanda'] [base]
  L25: '250. This corresponds to Rwanda' = ['2', '5', '0', '.', ' This', ' corresponds', ' to', ' Rwanda'] [base]
  L26: '250. This corresponds to Rwanda' = ['2', '5', '0', '.', ' This', ' corresponds', ' to', ' Rwanda'] [base]
  L27: '250. This corresponds to Rwanda' = ['2', '5', '0', '.', ' This', ' corresponds', ' to', ' Rwanda'] [base]
  L28: '250. This corresponds to Rwanda' = ['2', '5', '0', '.', ' This', ' corresponds', ' to', ' Rwanda'] [base]

row 265: base=IQ -> source=BH  template=calling_code_prefill_v6
  question: 'What country code do you dial to call this country?'
  prefill : 'The country code is +'
  gold base   (expected unhooked) : '964' = ['9', '6', '4']
  gold source (expected if swap works): '973' = ['9', '7', '3']
  unhooked: '964. This is the international' = ['9', '6', '4', '.', ' This', ' is', ' the', ' international']
  L19: '964.<|im_end|><|endoftext|><|endoftext|><|endoftext|>' = ['9', '6', '4', '.', '<|im_end|>', '<|endoftext|>', '<|endoftext|>', '<|endoftext|>'] [base]
  L20: '964. This is the international' = ['9', '6', '4', '.', ' This', ' is', ' the', ' international'] [base]
  L21: '964. This is the international' = ['9', '6', '4', '.', ' This', ' is', ' the', ' international'] [base]
  L22: '964.<|im_end|><|endoftext|><|endoftext|><|endoftext|>' = ['9', '6', '4', '.', '<|im_end|>', '<|endoftext|>', '<|endoftext|>', '<|endoftext|>'] [base]
  L23: '964. This is the international' = ['9', '6', '4', '.', ' This', ' is', ' the', ' international'] [base]
  L24: '964. This is the international' = ['9', '6', '4', '.', ' This', ' is', ' the', ' international'] [base]
  L25: '964. This is the international' = ['9', '6', '4', '.', ' This', ' is', ' the', ' international'] [base]
  L26: '964.<|im_end|><|endoftext|><|endoftext|><|endoftext|>' = ['9', '6', '4', '.', '<|im_end|>', '<|endoftext|>', '<|endoftext|>', '<|endoftext|>'] [base]
  L27: '964. This is the international' = ['9', '6', '4', '.', ' This', ' is', ' the', ' international'] [base]
  L28: '964. This is the international' = ['9', '6', '4', '.', ' This', ' is', ' the', ' international'] [base]

row 266: base=IT -> source=RW  template=calling_code_prefill_v6
  question: 'What country code do you dial to call this country?'
  prefill : 'The country code is +'
  gold base   (expected unhooked) : '39' = ['3', '9']
  gold source (expected if swap works): '250' = ['2', '5', '0']
  unhooked: '39.<|im_end|><|endoftext|><|endoftext|><|endoftext|><|endoftext|>' = ['3', '9', '.', '<|im_end|>', '<|endoftext|>', '<|endoftext|>', '<|endoftext|>', '<|endoftext|>']
  L19: '39.<|im_end|><|endoftext|><|endoftext|><|endoftext|><|endoftext|>' = ['3', '9', '.', '<|im_end|>', '<|endoftext|>', '<|endoftext|>', '<|endoftext|>', '<|endoftext|>'] [base]
  L20: '39.<|im_end|><|endoftext|><|endoftext|><|endoftext|><|endoftext|>' = ['3', '9', '.', '<|im_end|>', '<|endoftext|>', '<|endoftext|>', '<|endoftext|>', '<|endoftext|>'] [base]
  L21: '39.<|im_end|><|endoftext|><|endoftext|><|endoftext|><|endoftext|>' = ['3', '9', '.', '<|im_end|>', '<|endoftext|>', '<|endoftext|>', '<|endoftext|>', '<|endoftext|>'] [base]
  L22: '39.<|im_end|><|endoftext|><|endoftext|><|endoftext|><|endoftext|>' = ['3', '9', '.', '<|im_end|>', '<|endoftext|>', '<|endoftext|>', '<|endoftext|>', '<|endoftext|>'] [base]
  L23: '297.<|im_end|><|endoftext|><|endoftext|><|endoftext|>' = ['2', '9', '7', '.', '<|im_end|>', '<|endoftext|>', '<|endoftext|>', '<|endoftext|>'] [other]
  L24: '297.<|im_end|><|endoftext|><|endoftext|><|endoftext|>' = ['2', '9', '7', '.', '<|im_end|>', '<|endoftext|>', '<|endoftext|>', '<|endoftext|>'] [other]
  L25: '297.<|im_end|><|endoftext|><|endoftext|><|endoftext|>' = ['2', '9', '7', '.', '<|im_end|>', '<|endoftext|>', '<|endoftext|>', '<|endoftext|>'] [other]
  L26: '297.<|im_end|><|endoftext|><|endoftext|><|endoftext|>' = ['2', '9', '7', '.', '<|im_end|>', '<|endoftext|>', '<|endoftext|>', '<|endoftext|>'] [other]
  L27: '297.<|im_end|><|endoftext|><|endoftext|><|endoftext|>' = ['2', '9', '7', '.', '<|im_end|>', '<|endoftext|>', '<|endoftext|>', '<|endoftext|>'] [other]
  L28: '297.<|im_end|><|endoftext|><|endoftext|><|endoftext|>' = ['2', '9', '7', '.', '<|im_end|>', '<|endoftext|>', '<|endoftext|>', '<|endoftext|>'] [other]

row 267: base=KE -> source=RS  template=calling_code_prefill_v5
  question: 'Identify the international dialing code of the country shown in this flag.'
  prefill : 'The dialing code is +'
  gold base   (expected unhooked) : '254' = ['2', '5', '4']
  gold source (expected if swap works): '381' = ['3', '8', '1']
  unhooked: '254.<|im_end|><|endoftext|><|endoftext|><|endoftext|>' = ['2', '5', '4', '.', '<|im_end|>', '<|endoftext|>', '<|endoftext|>', '<|endoftext|>']
  L19: '254.<|im_end|><|endoftext|><|endoftext|><|endoftext|>' = ['2', '5', '4', '.', '<|im_end|>', '<|endoftext|>', '<|endoftext|>', '<|endoftext|>'] [base]
  L20: '254.<|im_end|><|endoftext|><|endoftext|><|endoftext|>' = ['2', '5', '4', '.', '<|im_end|>', '<|endoftext|>', '<|endoftext|>', '<|endoftext|>'] [base]
  L21: '254.<|im_end|><|endoftext|><|endoftext|><|endoftext|>' = ['2', '5', '4', '.', '<|im_end|>', '<|endoftext|>', '<|endoftext|>', '<|endoftext|>'] [base]
  L22: '254.<|im_end|><|endoftext|><|endoftext|><|endoftext|>' = ['2', '5', '4', '.', '<|im_end|>', '<|endoftext|>', '<|endoftext|>', '<|endoftext|>'] [base]
  L23: '39.<|im_end|><|endoftext|><|endoftext|><|endoftext|><|endoftext|>' = ['3', '9', '.', '<|im_end|>', '<|endoftext|>', '<|endoftext|>', '<|endoftext|>', '<|endoftext|>'] [other]
  L24: '39.<|im_end|><|endoftext|><|endoftext|><|endoftext|><|endoftext|>' = ['3', '9', '.', '<|im_end|>', '<|endoftext|>', '<|endoftext|>', '<|endoftext|>', '<|endoftext|>'] [other]
  L25: '39.<|im_end|><|endoftext|><|endoftext|><|endoftext|><|endoftext|>' = ['3', '9', '.', '<|im_end|>', '<|endoftext|>', '<|endoftext|>', '<|endoftext|>', '<|endoftext|>'] [other]
  L26: '39.<|im_end|><|endoftext|><|endoftext|><|endoftext|><|endoftext|>' = ['3', '9', '.', '<|im_end|>', '<|endoftext|>', '<|endoftext|>', '<|endoftext|>', '<|endoftext|>'] [other]
  L27: '39.<|im_end|><|endoftext|><|endoftext|><|endoftext|><|endoftext|>' = ['3', '9', '.', '<|im_end|>', '<|endoftext|>', '<|endoftext|>', '<|endoftext|>', '<|endoftext|>'] [other]
  L28: '39.<|im_end|><|endoftext|><|endoftext|><|endoftext|><|endoftext|>' = ['3', '9', '.', '<|im_end|>', '<|endoftext|>', '<|endoftext|>', '<|endoftext|>', '<|endoftext|>'] [other]

row 268: base=CY -> source=BZ  template=calling_code_prefill_v1
  question: 'What is the international calling code of the country in this image?'
  prefill : 'The calling code is +'
  gold base   (expected unhooked) : '357' = ['3', '5', '7']
  gold source (expected if swap works): '501' = ['5', '0', '1']
  unhooked: '357.<|im_end|><|endoftext|><|endoftext|><|endoftext|>' = ['3', '5', '7', '.', '<|im_end|>', '<|endoftext|>', '<|endoftext|>', '<|endoftext|>']
  L19: '357.<|im_end|><|endoftext|><|endoftext|><|endoftext|>' = ['3', '5', '7', '.', '<|im_end|>', '<|endoftext|>', '<|endoftext|>', '<|endoftext|>'] [base]
  L20: '357.<|im_end|><|endoftext|><|endoftext|><|endoftext|>' = ['3', '5', '7', '.', '<|im_end|>', '<|endoftext|>', '<|endoftext|>', '<|endoftext|>'] [base]
  L21: '357.<|im_end|><|endoftext|><|endoftext|><|endoftext|>' = ['3', '5', '7', '.', '<|im_end|>', '<|endoftext|>', '<|endoftext|>', '<|endoftext|>'] [base]
  L22: '27.<|im_end|><|endoftext|><|endoftext|><|endoftext|><|endoftext|>' = ['2', '7', '.', '<|im_end|>', '<|endoftext|>', '<|endoftext|>', '<|endoftext|>', '<|endoftext|>'] [other]
  L23: '597. This corresponds to Cyprus' = ['5', '9', '7', '.', ' This', ' corresponds', ' to', ' Cyprus'] [other]
  L24: '597. This corresponds to Cyprus' = ['5', '9', '7', '.', ' This', ' corresponds', ' to', ' Cyprus'] [other]
  L25: '597. This corresponds to Cyprus' = ['5', '9', '7', '.', ' This', ' corresponds', ' to', ' Cyprus'] [other]
  L26: '597. This corresponds to Cyprus' = ['5', '9', '7', '.', ' This', ' corresponds', ' to', ' Cyprus'] [other]
  L27: '597. This corresponds to Cyprus' = ['5', '9', '7', '.', ' This', ' corresponds', ' to', ' Cyprus'] [other]
  L28: '597. This corresponds to Cyprus' = ['5', '9', '7', '.', ' This', ' corresponds', ' to', ' Cyprus'] [other]

row 269: base=LA -> source=AF  template=calling_code_prefill_v4
  question: 'What is the phone country code for the country in this image?'
  prefill : 'The phone code is +'
  gold base   (expected unhooked) : '856' = ['8', '5', '6']
  gold source (expected if swap works): '93' = ['9', '3']
  unhooked: '856. This corresponds to Laos' = ['8', '5', '6', '.', ' This', ' corresponds', ' to', ' Laos']
  L19: '856. This corresponds to Laos' = ['8', '5', '6', '.', ' This', ' corresponds', ' to', ' Laos'] [base]
  L20: '856. This corresponds to Laos' = ['8', '5', '6', '.', ' This', ' corresponds', ' to', ' Laos'] [base]
  L21: '856. This corresponds to Laos' = ['8', '5', '6', '.', ' This', ' corresponds', ' to', ' Laos'] [base]
  L22: '856. This corresponds to Laos' = ['8', '5', '6', '.', ' This', ' corresponds', ' to', ' Laos'] [base]
  L23: '961.<|im_end|><|endoftext|><|endoftext|><|endoftext|>' = ['9', '6', '1', '.', '<|im_end|>', '<|endoftext|>', '<|endoftext|>', '<|endoftext|>'] [other]
  L24: '961.<|im_end|><|endoftext|><|endoftext|><|endoftext|>' = ['9', '6', '1', '.', '<|im_end|>', '<|endoftext|>', '<|endoftext|>', '<|endoftext|>'] [other]
  L25: '961.<|im_end|><|endoftext|><|endoftext|><|endoftext|>' = ['9', '6', '1', '.', '<|im_end|>', '<|endoftext|>', '<|endoftext|>', '<|endoftext|>'] [other]
  L26: '961.<|im_end|><|endoftext|><|endoftext|><|endoftext|>' = ['9', '6', '1', '.', '<|im_end|>', '<|endoftext|>', '<|endoftext|>', '<|endoftext|>'] [other]
  L27: '961.<|im_end|><|endoftext|><|endoftext|><|endoftext|>' = ['9', '6', '1', '.', '<|im_end|>', '<|endoftext|>', '<|endoftext|>', '<|endoftext|>'] [other]
  L28: '961.<|im_end|><|endoftext|><|endoftext|><|endoftext|>' = ['9', '6', '1', '.', '<|im_end|>', '<|endoftext|>', '<|endoftext|>', '<|endoftext|>'] [other]

row 270: base=PA -> source=AF  template=calling_code_prefill_v5
  question: 'Identify the international dialing code of the country shown in this flag.'
  prefill : 'The dialing code is +'
  gold base   (expected unhooked) : '507' = ['5', '0', '7']
  gold source (expected if swap works): '93' = ['9', '3']
  unhooked: '507.<|im_end|><|endoftext|><|endoftext|><|endoftext|>' = ['5', '0', '7', '.', '<|im_end|>', '<|endoftext|>', '<|endoftext|>', '<|endoftext|>']
  L19: '507.<|im_end|><|endoftext|><|endoftext|><|endoftext|>' = ['5', '0', '7', '.', '<|im_end|>', '<|endoftext|>', '<|endoftext|>', '<|endoftext|>'] [base]
  L20: '507.<|im_end|><|endoftext|><|endoftext|><|endoftext|>' = ['5', '0', '7', '.', '<|im_end|>', '<|endoftext|>', '<|endoftext|>', '<|endoftext|>'] [base]
  L21: '507.<|im_end|><|endoftext|><|endoftext|><|endoftext|>' = ['5', '0', '7', '.', '<|im_end|>', '<|endoftext|>', '<|endoftext|>', '<|endoftext|>'] [base]
  L22: '507.<|im_end|><|endoftext|><|endoftext|><|endoftext|>' = ['5', '0', '7', '.', '<|im_end|>', '<|endoftext|>', '<|endoftext|>', '<|endoftext|>'] [base]
  L23: '90.<|im_end|><|endoftext|><|endoftext|><|endoftext|><|endoftext|>' = ['9', '0', '.', '<|im_end|>', '<|endoftext|>', '<|endoftext|>', '<|endoftext|>', '<|endoftext|>'] [other]
  L24: '90.<|im_end|><|endoftext|><|endoftext|><|endoftext|><|endoftext|>' = ['9', '0', '.', '<|im_end|>', '<|endoftext|>', '<|endoftext|>', '<|endoftext|>', '<|endoftext|>'] [other]
  L25: '90.<|im_end|><|endoftext|><|endoftext|><|endoftext|><|endoftext|>' = ['9', '0', '.', '<|im_end|>', '<|endoftext|>', '<|endoftext|>', '<|endoftext|>', '<|endoftext|>'] [other]
  L26: '90.<|im_end|><|endoftext|><|endoftext|><|endoftext|><|endoftext|>' = ['9', '0', '.', '<|im_end|>', '<|endoftext|>', '<|endoftext|>', '<|endoftext|>', '<|endoftext|>'] [other]
  L27: '90.<|im_end|><|endoftext|><|endoftext|><|endoftext|><|endoftext|>' = ['9', '0', '.', '<|im_end|>', '<|endoftext|>', '<|endoftext|>', '<|endoftext|>', '<|endoftext|>'] [other]
  L28: '996.<|im_end|><|endoftext|><|endoftext|><|endoftext|>' = ['9', '9', '6', '.', '<|im_end|>', '<|endoftext|>', '<|endoftext|>', '<|endoftext|>'] [other]

row 271: base=UY -> source=ET  template=calling_code_prefill_v4
  question: 'What is the phone country code for the country in this image?'
  prefill : 'The phone code is +'
  gold base   (expected unhooked) : '598' = ['5', '9', '8']
  gold source (expected if swap works): '251' = ['2', '5', '1']
  unhooked: '598. This corresponds to Uruguay' = ['5', '9', '8', '.', ' This', ' corresponds', ' to', ' Uruguay']
  L19: '598. This corresponds to Uruguay' = ['5', '9', '8', '.', ' This', ' corresponds', ' to', ' Uruguay'] [base]
  L20: '598. This corresponds to Uruguay' = ['5', '9', '8', '.', ' This', ' corresponds', ' to', ' Uruguay'] [base]
  L21: '598. This corresponds to Uruguay' = ['5', '9', '8', '.', ' This', ' corresponds', ' to', ' Uruguay'] [base]
  L22: '598. This corresponds to Uruguay' = ['5', '9', '8', '.', ' This', ' corresponds', ' to', ' Uruguay'] [base]
  L23: '250. This corresponds to the' = ['2', '5', '0', '.', ' This', ' corresponds', ' to', ' the'] [other]
  L24: '250. This corresponds to the' = ['2', '5', '0', '.', ' This', ' corresponds', ' to', ' the'] [other]
  L25: '250. This corresponds to the' = ['2', '5', '0', '.', ' This', ' corresponds', ' to', ' the'] [other]
  L26: '250. This corresponds to the' = ['2', '5', '0', '.', ' This', ' corresponds', ' to', ' the'] [other]
  L27: '290. This corresponds to Uruguay' = ['2', '9', '0', '.', ' This', ' corresponds', ' to', ' Uruguay'] [other]
  L28: '290. This corresponds to Uruguay' = ['2', '9', '0', '.', ' This', ' corresponds', ' to', ' Uruguay'] [other]

row 272: base=NI -> source=ES  template=calling_code_prefill_v6
  question: 'What country code do you dial to call this country?'
  prefill : 'The country code is +'
  gold base   (expected unhooked) : '505' = ['5', '0', '5']
  gold source (expected if swap works): '34' = ['3', '4']
  unhooked: '505.<|im_end|><|endoftext|><|endoftext|><|endoftext|>' = ['5', '0', '5', '.', '<|im_end|>', '<|endoftext|>', '<|endoftext|>', '<|endoftext|>']
  L19: '505.<|im_end|><|endoftext|><|endoftext|><|endoftext|>' = ['5', '0', '5', '.', '<|im_end|>', '<|endoftext|>', '<|endoftext|>', '<|endoftext|>'] [base]
  L20: '505.<|im_end|><|endoftext|><|endoftext|><|endoftext|>' = ['5', '0', '5', '.', '<|im_end|>', '<|endoftext|>', '<|endoftext|>', '<|endoftext|>'] [base]
  L21: '505.<|im_end|><|endoftext|><|endoftext|><|endoftext|>' = ['5', '0', '5', '.', '<|im_end|>', '<|endoftext|>', '<|endoftext|>', '<|endoftext|>'] [base]
  L22: '505.<|im_end|><|endoftext|><|endoftext|><|endoftext|>' = ['5', '0', '5', '.', '<|im_end|>', '<|endoftext|>', '<|endoftext|>', '<|endoftext|>'] [base]
  L23: '505.<|im_end|><|endoftext|><|endoftext|><|endoftext|>' = ['5', '0', '5', '.', '<|im_end|>', '<|endoftext|>', '<|endoftext|>', '<|endoftext|>'] [base]
  L24: '372.<|im_end|><|endoftext|><|endoftext|><|endoftext|>' = ['3', '7', '2', '.', '<|im_end|>', '<|endoftext|>', '<|endoftext|>', '<|endoftext|>'] [other]
  L25: '372.<|im_end|><|endoftext|><|endoftext|><|endoftext|>' = ['3', '7', '2', '.', '<|im_end|>', '<|endoftext|>', '<|endoftext|>', '<|endoftext|>'] [other]
  L26: '372.<|im_end|><|endoftext|><|endoftext|><|endoftext|>' = ['3', '7', '2', '.', '<|im_end|>', '<|endoftext|>', '<|endoftext|>', '<|endoftext|>'] [other]
  L27: '372.<|im_end|><|endoftext|><|endoftext|><|endoftext|>' = ['3', '7', '2', '.', '<|im_end|>', '<|endoftext|>', '<|endoftext|>', '<|endoftext|>'] [other]
  L28: '372.<|im_end|><|endoftext|><|endoftext|><|endoftext|>' = ['3', '7', '2', '.', '<|im_end|>', '<|endoftext|>', '<|endoftext|>', '<|endoftext|>'] [other]

row 273: base=ET -> source=HU  template=calling_code_prefill_v2
  question: 'Give the international dialling code of the country shown in this flag.'
  prefill : 'The dialling code is +'
  gold base   (expected unhooked) : '251' = ['2', '5', '1']
  gold source (expected if swap works): '36' = ['3', '6']
  unhooked: '251.<|im_end|><|endoftext|><|endoftext|><|endoftext|>' = ['2', '5', '1', '.', '<|im_end|>', '<|endoftext|>', '<|endoftext|>', '<|endoftext|>']
  L19: '251.<|im_end|><|endoftext|><|endoftext|><|endoftext|>' = ['2', '5', '1', '.', '<|im_end|>', '<|endoftext|>', '<|endoftext|>', '<|endoftext|>'] [base]
  L20: '251.<|im_end|><|endoftext|><|endoftext|><|endoftext|>' = ['2', '5', '1', '.', '<|im_end|>', '<|endoftext|>', '<|endoftext|>', '<|endoftext|>'] [base]
  L21: '251.<|im_end|><|endoftext|><|endoftext|><|endoftext|>' = ['2', '5', '1', '.', '<|im_end|>', '<|endoftext|>', '<|endoftext|>', '<|endoftext|>'] [base]
  L22: '251.<|im_end|><|endoftext|><|endoftext|><|endoftext|>' = ['2', '5', '1', '.', '<|im_end|>', '<|endoftext|>', '<|endoftext|>', '<|endoftext|>'] [base]
  L23: '251.<|im_end|><|endoftext|><|endoftext|><|endoftext|>' = ['2', '5', '1', '.', '<|im_end|>', '<|endoftext|>', '<|endoftext|>', '<|endoftext|>'] [base]
  L24: '39.<|im_end|><|endoftext|><|endoftext|><|endoftext|><|endoftext|>' = ['3', '9', '.', '<|im_end|>', '<|endoftext|>', '<|endoftext|>', '<|endoftext|>', '<|endoftext|>'] [other]
  L25: '39.<|im_end|><|endoftext|><|endoftext|><|endoftext|><|endoftext|>' = ['3', '9', '.', '<|im_end|>', '<|endoftext|>', '<|endoftext|>', '<|endoftext|>', '<|endoftext|>'] [other]
  L26: '39.<|im_end|><|endoftext|><|endoftext|><|endoftext|><|endoftext|>' = ['3', '9', '.', '<|im_end|>', '<|endoftext|>', '<|endoftext|>', '<|endoftext|>', '<|endoftext|>'] [other]
  L27: '39.<|im_end|><|endoftext|><|endoftext|><|endoftext|><|endoftext|>' = ['3', '9', '.', '<|im_end|>', '<|endoftext|>', '<|endoftext|>', '<|endoftext|>', '<|endoftext|>'] [other]
  L28: '39.<|im_end|><|endoftext|><|endoftext|><|endoftext|><|endoftext|>' = ['3', '9', '.', '<|im_end|>', '<|endoftext|>', '<|endoftext|>', '<|endoftext|>', '<|endoftext|>'] [other]

row 274: base=LB -> source=AF  template=calling_code_prefill_v2
  question: 'Give the international dialling code of the country shown in this flag.'
  prefill : 'The dialling code is +'
  gold base   (expected unhooked) : '961' = ['9', '6', '1']
  gold source (expected if swap works): '93' = ['9', '3']
  unhooked: '961.<|im_end|><|endoftext|><|endoftext|><|endoftext|>' = ['9', '6', '1', '.', '<|im_end|>', '<|endoftext|>', '<|endoftext|>', '<|endoftext|>']
  L19: '961.<|im_end|><|endoftext|><|endoftext|><|endoftext|>' = ['9', '6', '1', '.', '<|im_end|>', '<|endoftext|>', '<|endoftext|>', '<|endoftext|>'] [base]
  L20: '961.<|im_end|><|endoftext|><|endoftext|><|endoftext|>' = ['9', '6', '1', '.', '<|im_end|>', '<|endoftext|>', '<|endoftext|>', '<|endoftext|>'] [base]
  L21: '961.<|im_end|><|endoftext|><|endoftext|><|endoftext|>' = ['9', '6', '1', '.', '<|im_end|>', '<|endoftext|>', '<|endoftext|>', '<|endoftext|>'] [base]
  L22: '961.<|im_end|><|endoftext|><|endoftext|><|endoftext|>' = ['9', '6', '1', '.', '<|im_end|>', '<|endoftext|>', '<|endoftext|>', '<|endoftext|>'] [base]
  L23: '961.<|im_end|><|endoftext|><|endoftext|><|endoftext|>' = ['9', '6', '1', '.', '<|im_end|>', '<|endoftext|>', '<|endoftext|>', '<|endoftext|>'] [base]
  L24: '961.<|im_end|><|endoftext|><|endoftext|><|endoftext|>' = ['9', '6', '1', '.', '<|im_end|>', '<|endoftext|>', '<|endoftext|>', '<|endoftext|>'] [base]
  L25: '961.<|im_end|><|endoftext|><|endoftext|><|endoftext|>' = ['9', '6', '1', '.', '<|im_end|>', '<|endoftext|>', '<|endoftext|>', '<|endoftext|>'] [base]
  L26: '961.<|im_end|><|endoftext|><|endoftext|><|endoftext|>' = ['9', '6', '1', '.', '<|im_end|>', '<|endoftext|>', '<|endoftext|>', '<|endoftext|>'] [base]
  L27: '961.<|im_end|><|endoftext|><|endoftext|><|endoftext|>' = ['9', '6', '1', '.', '<|im_end|>', '<|endoftext|>', '<|endoftext|>', '<|endoftext|>'] [base]
  L28: '961.<|im_end|><|endoftext|><|endoftext|><|endoftext|>' = ['9', '6', '1', '.', '<|im_end|>', '<|endoftext|>', '<|endoftext|>', '<|endoftext|>'] [base]

row 275: base=ET -> source=YE  template=calling_code_prefill_v1
  question: 'What is the international calling code of the country in this image?'
  prefill : 'The calling code is +'
  gold base   (expected unhooked) : '251' = ['2', '5', '1']
  gold source (expected if swap works): '967' = ['9', '6', '7']
  unhooked: '251. This corresponds to Ethiopia' = ['2', '5', '1', '.', ' This', ' corresponds', ' to', ' Ethiopia']
  L19: '251. This corresponds to Ethiopia' = ['2', '5', '1', '.', ' This', ' corresponds', ' to', ' Ethiopia'] [base]
  L20: '251. This corresponds to Ethiopia' = ['2', '5', '1', '.', ' This', ' corresponds', ' to', ' Ethiopia'] [base]
  L21: '251. This corresponds to Ethiopia' = ['2', '5', '1', '.', ' This', ' corresponds', ' to', ' Ethiopia'] [base]
  L22: '251. This corresponds to Ethiopia' = ['2', '5', '1', '.', ' This', ' corresponds', ' to', ' Ethiopia'] [base]
  L23: '251. This corresponds to Ethiopia' = ['2', '5', '1', '.', ' This', ' corresponds', ' to', ' Ethiopia'] [base]
  L24: '966. This corresponds to Saudi' = ['9', '6', '6', '.', ' This', ' corresponds', ' to', ' Saudi'] [other]
  L25: '966. This corresponds to Saudi' = ['9', '6', '6', '.', ' This', ' corresponds', ' to', ' Saudi'] [other]
  L26: '966.<|im_end|><|endoftext|><|endoftext|><|endoftext|>' = ['9', '6', '6', '.', '<|im_end|>', '<|endoftext|>', '<|endoftext|>', '<|endoftext|>'] [other]
  L27: '966. This corresponds to Saudi' = ['9', '6', '6', '.', ' This', ' corresponds', ' to', ' Saudi'] [other]
  L28: '966.<|im_end|><|endoftext|><|endoftext|><|endoftext|>' = ['9', '6', '6', '.', '<|im_end|>', '<|endoftext|>', '<|endoftext|>', '<|endoftext|>'] [other]

row 276: base=MK -> source=ES  template=calling_code_prefill_v3
  question: 'What is the country calling code for the country in this image?'
  prefill : 'The country calling code is +'
  gold base   (expected unhooked) : '389' = ['3', '8', '9']
  gold source (expected if swap works): '34' = ['3', '4']
  unhooked: '389. This corresponds to North' = ['3', '8', '9', '.', ' This', ' corresponds', ' to', ' North']
  L19: '389. This corresponds to North' = ['3', '8', '9', '.', ' This', ' corresponds', ' to', ' North'] [base]
  L20: '389. This corresponds to North' = ['3', '8', '9', '.', ' This', ' corresponds', ' to', ' North'] [base]
  L21: '389. This corresponds to North' = ['3', '8', '9', '.', ' This', ' corresponds', ' to', ' North'] [base]
  L22: '389. This corresponds to North' = ['3', '8', '9', '.', ' This', ' corresponds', ' to', ' North'] [base]
  L23: '389. This corresponds to North' = ['3', '8', '9', '.', ' This', ' corresponds', ' to', ' North'] [base]
  L24: '389. This corresponds to North' = ['3', '8', '9', '.', ' This', ' corresponds', ' to', ' North'] [base]
  L25: '389. This corresponds to North' = ['3', '8', '9', '.', ' This', ' corresponds', ' to', ' North'] [base]
  L26: '389. This corresponds to North' = ['3', '8', '9', '.', ' This', ' corresponds', ' to', ' North'] [base]
  L27: '389. This corresponds to North' = ['3', '8', '9', '.', ' This', ' corresponds', ' to', ' North'] [base]
  L28: '389. This corresponds to North' = ['3', '8', '9', '.', ' This', ' corresponds', ' to', ' North'] [base]

row 277: base=LY -> source=KH  template=calling_code_prefill_v1
  question: 'What is the international calling code of the country in this image?'
  prefill : 'The calling code is +'
  gold base   (expected unhooked) : '218' = ['2', '1', '8']
  gold source (expected if swap works): '855' = ['8', '5', '5']
  unhooked: '218. This corresponds to Libya' = ['2', '1', '8', '.', ' This', ' corresponds', ' to', ' Libya']
  L19: '218. This corresponds to Libya' = ['2', '1', '8', '.', ' This', ' corresponds', ' to', ' Libya'] [base]
  L20: '218. This corresponds to Libya' = ['2', '1', '8', '.', ' This', ' corresponds', ' to', ' Libya'] [base]
  L21: '218. This corresponds to Libya' = ['2', '1', '8', '.', ' This', ' corresponds', ' to', ' Libya'] [base]
  L22: '218. This corresponds to Libya' = ['2', '1', '8', '.', ' This', ' corresponds', ' to', ' Libya'] [base]
  L23: '218. This corresponds to Libya' = ['2', '1', '8', '.', ' This', ' corresponds', ' to', ' Libya'] [base]
  L24: '86.<|im_end|><|endoftext|><|endoftext|><|endoftext|><|endoftext|>' = ['8', '6', '.', '<|im_end|>', '<|endoftext|>', '<|endoftext|>', '<|endoftext|>', '<|endoftext|>'] [other]
  L25: '86.<|im_end|><|endoftext|><|endoftext|><|endoftext|><|endoftext|>' = ['8', '6', '.', '<|im_end|>', '<|endoftext|>', '<|endoftext|>', '<|endoftext|>', '<|endoftext|>'] [other]
  L26: '86.<|im_end|><|endoftext|><|endoftext|><|endoftext|><|endoftext|>' = ['8', '6', '.', '<|im_end|>', '<|endoftext|>', '<|endoftext|>', '<|endoftext|>', '<|endoftext|>'] [other]
  L27: '86.<|im_end|><|endoftext|><|endoftext|><|endoftext|><|endoftext|>' = ['8', '6', '.', '<|im_end|>', '<|endoftext|>', '<|endoftext|>', '<|endoftext|>', '<|endoftext|>'] [other]
  L28: '86.<|im_end|><|endoftext|><|endoftext|><|endoftext|><|endoftext|>' = ['8', '6', '.', '<|im_end|>', '<|endoftext|>', '<|endoftext|>', '<|endoftext|>', '<|endoftext|>'] [other]

row 278: base=OM -> source=SD  template=calling_code_prefill_v5
  question: 'Identify the international dialing code of the country shown in this flag.'
  prefill : 'The dialing code is +'
  gold base   (expected unhooked) : '968' = ['9', '6', '8']
  gold source (expected if swap works): '249' = ['2', '4', '9']
  unhooked: '968.<|im_end|><|endoftext|><|endoftext|><|endoftext|>' = ['9', '6', '8', '.', '<|im_end|>', '<|endoftext|>', '<|endoftext|>', '<|endoftext|>']
  L19: '968.<|im_end|><|endoftext|><|endoftext|><|endoftext|>' = ['9', '6', '8', '.', '<|im_end|>', '<|endoftext|>', '<|endoftext|>', '<|endoftext|>'] [base]
  L20: '968.<|im_end|><|endoftext|><|endoftext|><|endoftext|>' = ['9', '6', '8', '.', '<|im_end|>', '<|endoftext|>', '<|endoftext|>', '<|endoftext|>'] [base]
  L21: '968.<|im_end|><|endoftext|><|endoftext|><|endoftext|>' = ['9', '6', '8', '.', '<|im_end|>', '<|endoftext|>', '<|endoftext|>', '<|endoftext|>'] [base]
  L22: '968.<|im_end|><|endoftext|><|endoftext|><|endoftext|>' = ['9', '6', '8', '.', '<|im_end|>', '<|endoftext|>', '<|endoftext|>', '<|endoftext|>'] [base]
  L23: '249.<|im_end|><|endoftext|><|endoftext|><|endoftext|>' = ['2', '4', '9', '.', '<|im_end|>', '<|endoftext|>', '<|endoftext|>', '<|endoftext|>'] [HIT]
  L24: '249.<|im_end|><|endoftext|><|endoftext|><|endoftext|>' = ['2', '4', '9', '.', '<|im_end|>', '<|endoftext|>', '<|endoftext|>', '<|endoftext|>'] [HIT]
  L25: '249.<|im_end|><|endoftext|><|endoftext|><|endoftext|>' = ['2', '4', '9', '.', '<|im_end|>', '<|endoftext|>', '<|endoftext|>', '<|endoftext|>'] [HIT]
  L26: '249.<|im_end|><|endoftext|><|endoftext|><|endoftext|>' = ['2', '4', '9', '.', '<|im_end|>', '<|endoftext|>', '<|endoftext|>', '<|endoftext|>'] [HIT]
  L27: '249.<|im_end|><|endoftext|><|endoftext|><|endoftext|>' = ['2', '4', '9', '.', '<|im_end|>', '<|endoftext|>', '<|endoftext|>', '<|endoftext|>'] [HIT]
  L28: '249.<|im_end|><|endoftext|><|endoftext|><|endoftext|>' = ['2', '4', '9', '.', '<|im_end|>', '<|endoftext|>', '<|endoftext|>', '<|endoftext|>'] [HIT]

row 279: base=IQ -> source=DE  template=calling_code_prefill_v6
  question: 'What country code do you dial to call this country?'
  prefill : 'The country code is +'
  gold base   (expected unhooked) : '964' = ['9', '6', '4']
  gold source (expected if swap works): '49' = ['4', '9']
  unhooked: '964. This is the international' = ['9', '6', '4', '.', ' This', ' is', ' the', ' international']
  L19: '964.<|im_end|><|endoftext|><|endoftext|><|endoftext|>' = ['9', '6', '4', '.', '<|im_end|>', '<|endoftext|>', '<|endoftext|>', '<|endoftext|>'] [base]
  L20: '964.<|im_end|><|endoftext|><|endoftext|><|endoftext|>' = ['9', '6', '4', '.', '<|im_end|>', '<|endoftext|>', '<|endoftext|>', '<|endoftext|>'] [base]
  L21: '964. This is the international' = ['9', '6', '4', '.', ' This', ' is', ' the', ' international'] [base]
  L22: '964. This is the international' = ['9', '6', '4', '.', ' This', ' is', ' the', ' international'] [base]
  L23: '49.<|im_end|><|endoftext|><|endoftext|><|endoftext|><|endoftext|>' = ['4', '9', '.', '<|im_end|>', '<|endoftext|>', '<|endoftext|>', '<|endoftext|>', '<|endoftext|>'] [HIT]
  L24: '49.<|im_end|><|endoftext|><|endoftext|><|endoftext|><|endoftext|>' = ['4', '9', '.', '<|im_end|>', '<|endoftext|>', '<|endoftext|>', '<|endoftext|>', '<|endoftext|>'] [HIT]
  L25: '49.<|im_end|><|endoftext|><|endoftext|><|endoftext|><|endoftext|>' = ['4', '9', '.', '<|im_end|>', '<|endoftext|>', '<|endoftext|>', '<|endoftext|>', '<|endoftext|>'] [HIT]
  L26: '49.<|im_end|><|endoftext|><|endoftext|><|endoftext|><|endoftext|>' = ['4', '9', '.', '<|im_end|>', '<|endoftext|>', '<|endoftext|>', '<|endoftext|>', '<|endoftext|>'] [HIT]
  L27: '49.<|im_end|><|endoftext|><|endoftext|><|endoftext|><|endoftext|>' = ['4', '9', '.', '<|im_end|>', '<|endoftext|>', '<|endoftext|>', '<|endoftext|>', '<|endoftext|>'] [HIT]
  L28: '49.<|im_end|><|endoftext|><|endoftext|><|endoftext|><|endoftext|>' = ['4', '9', '.', '<|im_end|>', '<|endoftext|>', '<|endoftext|>', '<|endoftext|>', '<|endoftext|>'] [HIT]

row 280: base=GY -> source=CU  template=calling_code_prefill_v5
  question: 'Identify the international dialing code of the country shown in this flag.'
  prefill : 'The dialing code is +'
  gold base   (expected unhooked) : '592' = ['5', '9', '2']
  gold source (expected if swap works): '53' = ['5', '3']
  unhooked: '592.<|im_end|><|endoftext|><|endoftext|><|endoftext|>' = ['5', '9', '2', '.', '<|im_end|>', '<|endoftext|>', '<|endoftext|>', '<|endoftext|>']
  L19: '592.<|im_end|><|endoftext|><|endoftext|><|endoftext|>' = ['5', '9', '2', '.', '<|im_end|>', '<|endoftext|>', '<|endoftext|>', '<|endoftext|>'] [base]
  L20: '592.<|im_end|><|endoftext|><|endoftext|><|endoftext|>' = ['5', '9', '2', '.', '<|im_end|>', '<|endoftext|>', '<|endoftext|>', '<|endoftext|>'] [base]
  L21: '592.<|im_end|><|endoftext|><|endoftext|><|endoftext|>' = ['5', '9', '2', '.', '<|im_end|>', '<|endoftext|>', '<|endoftext|>', '<|endoftext|>'] [base]
  L22: '592.<|im_end|><|endoftext|><|endoftext|><|endoftext|>' = ['5', '9', '2', '.', '<|im_end|>', '<|endoftext|>', '<|endoftext|>', '<|endoftext|>'] [base]
  L23: '592.<|im_end|><|endoftext|><|endoftext|><|endoftext|>' = ['5', '9', '2', '.', '<|im_end|>', '<|endoftext|>', '<|endoftext|>', '<|endoftext|>'] [base]
  L24: '592.<|im_end|><|endoftext|><|endoftext|><|endoftext|>' = ['5', '9', '2', '.', '<|im_end|>', '<|endoftext|>', '<|endoftext|>', '<|endoftext|>'] [base]
  L25: '592.<|im_end|><|endoftext|><|endoftext|><|endoftext|>' = ['5', '9', '2', '.', '<|im_end|>', '<|endoftext|>', '<|endoftext|>', '<|endoftext|>'] [base]
  L26: '592.<|im_end|><|endoftext|><|endoftext|><|endoftext|>' = ['5', '9', '2', '.', '<|im_end|>', '<|endoftext|>', '<|endoftext|>', '<|endoftext|>'] [base]
  L27: '592.<|im_end|><|endoftext|><|endoftext|><|endoftext|>' = ['5', '9', '2', '.', '<|im_end|>', '<|endoftext|>', '<|endoftext|>', '<|endoftext|>'] [base]
  L28: '592.<|im_end|><|endoftext|><|endoftext|><|endoftext|>' = ['5', '9', '2', '.', '<|im_end|>', '<|endoftext|>', '<|endoftext|>', '<|endoftext|>'] [base]

row 281: base=MK -> source=PK  template=calling_code_prefill_v6
  question: 'What country code do you dial to call this country?'
  prefill : 'The country code is +'
  gold base   (expected unhooked) : '389' = ['3', '8', '9']
  gold source (expected if swap works): '92' = ['9', '2']
  unhooked: '389. This is the country' = ['3', '8', '9', '.', ' This', ' is', ' the', ' country']
  L19: '389. This is the country' = ['3', '8', '9', '.', ' This', ' is', ' the', ' country'] [base]
  L20: '389. This is the country' = ['3', '8', '9', '.', ' This', ' is', ' the', ' country'] [base]
  L21: '389. This is the country' = ['3', '8', '9', '.', ' This', ' is', ' the', ' country'] [base]
  L22: '389. This is the country' = ['3', '8', '9', '.', ' This', ' is', ' the', ' country'] [base]
  L23: '90.<|im_end|><|endoftext|><|endoftext|><|endoftext|><|endoftext|>' = ['9', '0', '.', '<|im_end|>', '<|endoftext|>', '<|endoftext|>', '<|endoftext|>', '<|endoftext|>'] [other]
  L24: '90. This is the country code' = ['9', '0', '.', ' This', ' is', ' the', ' country', ' code'] [other]
  L25: '90.<|im_end|><|endoftext|><|endoftext|><|endoftext|><|endoftext|>' = ['9', '0', '.', '<|im_end|>', '<|endoftext|>', '<|endoftext|>', '<|endoftext|>', '<|endoftext|>'] [other]
  L26: '90. This is the country code' = ['9', '0', '.', ' This', ' is', ' the', ' country', ' code'] [other]
  L27: '90.<|im_end|><|endoftext|><|endoftext|><|endoftext|><|endoftext|>' = ['9', '0', '.', '<|im_end|>', '<|endoftext|>', '<|endoftext|>', '<|endoftext|>', '<|endoftext|>'] [other]
  L28: '90. This is the country code' = ['9', '0', '.', ' This', ' is', ' the', ' country', ' code'] [other]

row 282: base=CY -> source=KE  template=calling_code_prefill_v2
  question: 'Give the international dialling code of the country shown in this flag.'
  prefill : 'The dialling code is +'
  gold base   (expected unhooked) : '357' = ['3', '5', '7']
  gold source (expected if swap works): '254' = ['2', '5', '4']
  unhooked: '357.<|im_end|><|endoftext|><|endoftext|><|endoftext|>' = ['3', '5', '7', '.', '<|im_end|>', '<|endoftext|>', '<|endoftext|>', '<|endoftext|>']
  L19: '357.<|im_end|><|endoftext|><|endoftext|><|endoftext|>' = ['3', '5', '7', '.', '<|im_end|>', '<|endoftext|>', '<|endoftext|>', '<|endoftext|>'] [base]
  L20: '357.<|im_end|><|endoftext|><|endoftext|><|endoftext|>' = ['3', '5', '7', '.', '<|im_end|>', '<|endoftext|>', '<|endoftext|>', '<|endoftext|>'] [base]
  L21: '357.<|im_end|><|endoftext|><|endoftext|><|endoftext|>' = ['3', '5', '7', '.', '<|im_end|>', '<|endoftext|>', '<|endoftext|>', '<|endoftext|>'] [base]
  L22: '27.<|im_end|><|endoftext|><|endoftext|><|endoftext|><|endoftext|>' = ['2', '7', '.', '<|im_end|>', '<|endoftext|>', '<|endoftext|>', '<|endoftext|>', '<|endoftext|>'] [other]
  L23: '235.<|im_end|><|endoftext|><|endoftext|><|endoftext|>' = ['2', '3', '5', '.', '<|im_end|>', '<|endoftext|>', '<|endoftext|>', '<|endoftext|>'] [other]
  L24: '235.<|im_end|><|endoftext|><|endoftext|><|endoftext|>' = ['2', '3', '5', '.', '<|im_end|>', '<|endoftext|>', '<|endoftext|>', '<|endoftext|>'] [other]
  L25: '235.<|im_end|><|endoftext|><|endoftext|><|endoftext|>' = ['2', '3', '5', '.', '<|im_end|>', '<|endoftext|>', '<|endoftext|>', '<|endoftext|>'] [other]
  L26: '235.<|im_end|><|endoftext|><|endoftext|><|endoftext|>' = ['2', '3', '5', '.', '<|im_end|>', '<|endoftext|>', '<|endoftext|>', '<|endoftext|>'] [other]
  L27: '27.<|im_end|><|endoftext|><|endoftext|><|endoftext|><|endoftext|>' = ['2', '7', '.', '<|im_end|>', '<|endoftext|>', '<|endoftext|>', '<|endoftext|>', '<|endoftext|>'] [other]
  L28: '27.<|im_end|><|endoftext|><|endoftext|><|endoftext|><|endoftext|>' = ['2', '7', '.', '<|im_end|>', '<|endoftext|>', '<|endoftext|>', '<|endoftext|>', '<|endoftext|>'] [other]

row 283: base=DK -> source=AF  template=calling_code_prefill_v2
  question: 'Give the international dialling code of the country shown in this flag.'
  prefill : 'The dialling code is +'
  gold base   (expected unhooked) : '45' = ['4', '5']
  gold source (expected if swap works): '93' = ['9', '3']
  unhooked: '45.<|im_end|><|endoftext|><|endoftext|><|endoftext|><|endoftext|>' = ['4', '5', '.', '<|im_end|>', '<|endoftext|>', '<|endoftext|>', '<|endoftext|>', '<|endoftext|>']
  L19: '45.<|im_end|><|endoftext|><|endoftext|><|endoftext|><|endoftext|>' = ['4', '5', '.', '<|im_end|>', '<|endoftext|>', '<|endoftext|>', '<|endoftext|>', '<|endoftext|>'] [base]
  L20: '45.<|im_end|><|endoftext|><|endoftext|><|endoftext|><|endoftext|>' = ['4', '5', '.', '<|im_end|>', '<|endoftext|>', '<|endoftext|>', '<|endoftext|>', '<|endoftext|>'] [base]
  L21: '45.<|im_end|><|endoftext|><|endoftext|><|endoftext|><|endoftext|>' = ['4', '5', '.', '<|im_end|>', '<|endoftext|>', '<|endoftext|>', '<|endoftext|>', '<|endoftext|>'] [base]
  L22: '45.<|im_end|><|endoftext|><|endoftext|><|endoftext|><|endoftext|>' = ['4', '5', '.', '<|im_end|>', '<|endoftext|>', '<|endoftext|>', '<|endoftext|>', '<|endoftext|>'] [base]
  L23: '975.<|im_end|><|endoftext|><|endoftext|><|endoftext|>' = ['9', '7', '5', '.', '<|im_end|>', '<|endoftext|>', '<|endoftext|>', '<|endoftext|>'] [other]
  L24: '975.<|im_end|><|endoftext|><|endoftext|><|endoftext|>' = ['9', '7', '5', '.', '<|im_end|>', '<|endoftext|>', '<|endoftext|>', '<|endoftext|>'] [other]
  L25: '975.<|im_end|><|endoftext|><|endoftext|><|endoftext|>' = ['9', '7', '5', '.', '<|im_end|>', '<|endoftext|>', '<|endoftext|>', '<|endoftext|>'] [other]
  L26: '975.<|im_end|><|endoftext|><|endoftext|><|endoftext|>' = ['9', '7', '5', '.', '<|im_end|>', '<|endoftext|>', '<|endoftext|>', '<|endoftext|>'] [other]
  L27: '975.<|im_end|><|endoftext|><|endoftext|><|endoftext|>' = ['9', '7', '5', '.', '<|im_end|>', '<|endoftext|>', '<|endoftext|>', '<|endoftext|>'] [other]
  L28: '975.<|im_end|><|endoftext|><|endoftext|><|endoftext|>' = ['9', '7', '5', '.', '<|im_end|>', '<|endoftext|>', '<|endoftext|>', '<|endoftext|>'] [other]

row 284: base=AL -> source=NI  template=calling_code_prefill_v3
  question: 'What is the country calling code for the country in this image?'
  prefill : 'The country calling code is +'
  gold base   (expected unhooked) : '355' = ['3', '5', '5']
  gold source (expected if swap works): '505' = ['5', '0', '5']
  unhooked: '355. This corresponds to Albania' = ['3', '5', '5', '.', ' This', ' corresponds', ' to', ' Albania']
  L19: '355. This corresponds to Albania' = ['3', '5', '5', '.', ' This', ' corresponds', ' to', ' Albania'] [base]
  L20: '355. This corresponds to Albania' = ['3', '5', '5', '.', ' This', ' corresponds', ' to', ' Albania'] [base]
  L21: '355. This corresponds to Albania' = ['3', '5', '5', '.', ' This', ' corresponds', ' to', ' Albania'] [base]
  L22: '355. This corresponds to Albania' = ['3', '5', '5', '.', ' This', ' corresponds', ' to', ' Albania'] [base]
  L23: '503, which corresponds to El' = ['5', '0', '3', ',', ' which', ' corresponds', ' to', ' El'] [other]
  L24: '51. This corresponds to Peru,' = ['5', '1', '.', ' This', ' corresponds', ' to', ' Peru', ','] [other]
  L25: '51. This corresponds to Peru,' = ['5', '1', '.', ' This', ' corresponds', ' to', ' Peru', ','] [other]
  L26: '51. This corresponds to Peru,' = ['5', '1', '.', ' This', ' corresponds', ' to', ' Peru', ','] [other]
  L27: '503, which corresponds to El' = ['5', '0', '3', ',', ' which', ' corresponds', ' to', ' El'] [other]
  L28: '503, which corresponds to El' = ['5', '0', '3', ',', ' which', ' corresponds', ' to', ' El'] [other]

row 285: base=GY -> source=AZ  template=calling_code_prefill_v1
  question: 'What is the international calling code of the country in this image?'
  prefill : 'The calling code is +'
  gold base   (expected unhooked) : '592' = ['5', '9', '2']
  gold source (expected if swap works): '994' = ['9', '9', '4']
  unhooked: '592. This corresponds to the' = ['5', '9', '2', '.', ' This', ' corresponds', ' to', ' the']
  L19: '592. This corresponds to the' = ['5', '9', '2', '.', ' This', ' corresponds', ' to', ' the'] [base]
  L20: '592. This corresponds to the' = ['5', '9', '2', '.', ' This', ' corresponds', ' to', ' the'] [base]
  L21: '592. This corresponds to Guy' = ['5', '9', '2', '.', ' This', ' corresponds', ' to', ' Guy'] [base]
  L22: '592. This corresponds to the' = ['5', '9', '2', '.', ' This', ' corresponds', ' to', ' the'] [base]
  L23: '976. This corresponds to the' = ['9', '7', '6', '.', ' This', ' corresponds', ' to', ' the'] [other]
  L24: '95.<|im_end|><|endoftext|><|endoftext|><|endoftext|><|endoftext|>' = ['9', '5', '.', '<|im_end|>', '<|endoftext|>', '<|endoftext|>', '<|endoftext|>', '<|endoftext|>'] [other]
  L25: '95.<|im_end|><|endoftext|><|endoftext|><|endoftext|><|endoftext|>' = ['9', '5', '.', '<|im_end|>', '<|endoftext|>', '<|endoftext|>', '<|endoftext|>', '<|endoftext|>'] [other]
  L26: '95.<|im_end|><|endoftext|><|endoftext|><|endoftext|><|endoftext|>' = ['9', '5', '.', '<|im_end|>', '<|endoftext|>', '<|endoftext|>', '<|endoftext|>', '<|endoftext|>'] [other]
  L27: '976. This corresponds to the' = ['9', '7', '6', '.', ' This', ' corresponds', ' to', ' the'] [other]
  L28: '976. This corresponds to the' = ['9', '7', '6', '.', ' This', ' corresponds', ' to', ' the'] [other]

row 286: base=AU -> source=BE  template=calling_code_prefill_v2
  question: 'Give the international dialling code of the country shown in this flag.'
  prefill : 'The dialling code is +'
  gold base   (expected unhooked) : '61' = ['6', '1']
  gold source (expected if swap works): '32' = ['3', '2']
  unhooked: '61.<|im_end|><|endoftext|><|endoftext|><|endoftext|><|endoftext|>' = ['6', '1', '.', '<|im_end|>', '<|endoftext|>', '<|endoftext|>', '<|endoftext|>', '<|endoftext|>']
  L19: '61.<|im_end|><|endoftext|><|endoftext|><|endoftext|><|endoftext|>' = ['6', '1', '.', '<|im_end|>', '<|endoftext|>', '<|endoftext|>', '<|endoftext|>', '<|endoftext|>'] [base]
  L20: '61.<|im_end|><|endoftext|><|endoftext|><|endoftext|><|endoftext|>' = ['6', '1', '.', '<|im_end|>', '<|endoftext|>', '<|endoftext|>', '<|endoftext|>', '<|endoftext|>'] [base]
  L21: '61.<|im_end|><|endoftext|><|endoftext|><|endoftext|><|endoftext|>' = ['6', '1', '.', '<|im_end|>', '<|endoftext|>', '<|endoftext|>', '<|endoftext|>', '<|endoftext|>'] [base]
  L22: '61.<|im_end|><|endoftext|><|endoftext|><|endoftext|><|endoftext|>' = ['6', '1', '.', '<|im_end|>', '<|endoftext|>', '<|endoftext|>', '<|endoftext|>', '<|endoftext|>'] [base]
  L23: '61.<|im_end|><|endoftext|><|endoftext|><|endoftext|><|endoftext|>' = ['6', '1', '.', '<|im_end|>', '<|endoftext|>', '<|endoftext|>', '<|endoftext|>', '<|endoftext|>'] [base]
  L24: '375.<|im_end|><|endoftext|><|endoftext|><|endoftext|>' = ['3', '7', '5', '.', '<|im_end|>', '<|endoftext|>', '<|endoftext|>', '<|endoftext|>'] [other]
  L25: '375.<|im_end|><|endoftext|><|endoftext|><|endoftext|>' = ['3', '7', '5', '.', '<|im_end|>', '<|endoftext|>', '<|endoftext|>', '<|endoftext|>'] [other]
  L26: '375.<|im_end|><|endoftext|><|endoftext|><|endoftext|>' = ['3', '7', '5', '.', '<|im_end|>', '<|endoftext|>', '<|endoftext|>', '<|endoftext|>'] [other]
  L27: '375.<|im_end|><|endoftext|><|endoftext|><|endoftext|>' = ['3', '7', '5', '.', '<|im_end|>', '<|endoftext|>', '<|endoftext|>', '<|endoftext|>'] [other]
  L28: '375.<|im_end|><|endoftext|><|endoftext|><|endoftext|>' = ['3', '7', '5', '.', '<|im_end|>', '<|endoftext|>', '<|endoftext|>', '<|endoftext|>'] [other]

row 287: base=IQ -> source=NP  template=calling_code_prefill_v5
  question: 'Identify the international dialing code of the country shown in this flag.'
  prefill : 'The dialing code is +'
  gold base   (expected unhooked) : '964' = ['9', '6', '4']
  gold source (expected if swap works): '977' = ['9', '7', '7']
  unhooked: '964.<|im_end|><|endoftext|><|endoftext|><|endoftext|>' = ['9', '6', '4', '.', '<|im_end|>', '<|endoftext|>', '<|endoftext|>', '<|endoftext|>']
  L19: '964.<|im_end|><|endoftext|><|endoftext|><|endoftext|>' = ['9', '6', '4', '.', '<|im_end|>', '<|endoftext|>', '<|endoftext|>', '<|endoftext|>'] [base]
  L20: '964.<|im_end|><|endoftext|><|endoftext|><|endoftext|>' = ['9', '6', '4', '.', '<|im_end|>', '<|endoftext|>', '<|endoftext|>', '<|endoftext|>'] [base]
  L21: '964.<|im_end|><|endoftext|><|endoftext|><|endoftext|>' = ['9', '6', '4', '.', '<|im_end|>', '<|endoftext|>', '<|endoftext|>', '<|endoftext|>'] [base]
  L22: '964.<|im_end|><|endoftext|><|endoftext|><|endoftext|>' = ['9', '6', '4', '.', '<|im_end|>', '<|endoftext|>', '<|endoftext|>', '<|endoftext|>'] [base]
  L23: '964.<|im_end|><|endoftext|><|endoftext|><|endoftext|>' = ['9', '6', '4', '.', '<|im_end|>', '<|endoftext|>', '<|endoftext|>', '<|endoftext|>'] [base]
  L24: '964.<|im_end|><|endoftext|><|endoftext|><|endoftext|>' = ['9', '6', '4', '.', '<|im_end|>', '<|endoftext|>', '<|endoftext|>', '<|endoftext|>'] [base]
  L25: '964.<|im_end|><|endoftext|><|endoftext|><|endoftext|>' = ['9', '6', '4', '.', '<|im_end|>', '<|endoftext|>', '<|endoftext|>', '<|endoftext|>'] [base]
  L26: '964.<|im_end|><|endoftext|><|endoftext|><|endoftext|>' = ['9', '6', '4', '.', '<|im_end|>', '<|endoftext|>', '<|endoftext|>', '<|endoftext|>'] [base]
  L27: '964.<|im_end|><|endoftext|><|endoftext|><|endoftext|>' = ['9', '6', '4', '.', '<|im_end|>', '<|endoftext|>', '<|endoftext|>', '<|endoftext|>'] [base]
  L28: '964.<|im_end|><|endoftext|><|endoftext|><|endoftext|>' = ['9', '6', '4', '.', '<|im_end|>', '<|endoftext|>', '<|endoftext|>', '<|endoftext|>'] [base]

row 288: base=LY -> source=HT  template=calling_code_prefill_v4
  question: 'What is the phone country code for the country in this image?'
  prefill : 'The phone code is +'
  gold base   (expected unhooked) : '218' = ['2', '1', '8']
  gold source (expected if swap works): '509' = ['5', '0', '9']
  unhooked: '218. This is the country' = ['2', '1', '8', '.', ' This', ' is', ' the', ' country']
  L19: '218. This is the country' = ['2', '1', '8', '.', ' This', ' is', ' the', ' country'] [base]
  L20: '218. This is the country' = ['2', '1', '8', '.', ' This', ' is', ' the', ' country'] [base]
  L21: '218. This is the country' = ['2', '1', '8', '.', ' This', ' is', ' the', ' country'] [base]
  L22: '218. This is the country' = ['2', '1', '8', '.', ' This', ' is', ' the', ' country'] [base]
  L23: '218. This is the country' = ['2', '1', '8', '.', ' This', ' is', ' the', ' country'] [base]
  L24: '52.<|im_end|><|endoftext|><|endoftext|><|endoftext|><|endoftext|>' = ['5', '2', '.', '<|im_end|>', '<|endoftext|>', '<|endoftext|>', '<|endoftext|>', '<|endoftext|>'] [other]
  L25: '52.<|im_end|><|endoftext|><|endoftext|><|endoftext|><|endoftext|>' = ['5', '2', '.', '<|im_end|>', '<|endoftext|>', '<|endoftext|>', '<|endoftext|>', '<|endoftext|>'] [other]
  L26: '52.<|im_end|><|endoftext|><|endoftext|><|endoftext|><|endoftext|>' = ['5', '2', '.', '<|im_end|>', '<|endoftext|>', '<|endoftext|>', '<|endoftext|>', '<|endoftext|>'] [other]
  L27: '52.<|im_end|><|endoftext|><|endoftext|><|endoftext|><|endoftext|>' = ['5', '2', '.', '<|im_end|>', '<|endoftext|>', '<|endoftext|>', '<|endoftext|>', '<|endoftext|>'] [other]
  L28: '52.<|im_end|><|endoftext|><|endoftext|><|endoftext|><|endoftext|>' = ['5', '2', '.', '<|im_end|>', '<|endoftext|>', '<|endoftext|>', '<|endoftext|>', '<|endoftext|>'] [other]

row 289: base=LY -> source=PA  template=calling_code_prefill_v2
  question: 'Give the international dialling code of the country shown in this flag.'
  prefill : 'The dialling code is +'
  gold base   (expected unhooked) : '218' = ['2', '1', '8']
  gold source (expected if swap works): '507' = ['5', '0', '7']
  unhooked: '218.<|im_end|><|endoftext|><|endoftext|><|endoftext|>' = ['2', '1', '8', '.', '<|im_end|>', '<|endoftext|>', '<|endoftext|>', '<|endoftext|>']
  L19: '218.<|im_end|><|endoftext|><|endoftext|><|endoftext|>' = ['2', '1', '8', '.', '<|im_end|>', '<|endoftext|>', '<|endoftext|>', '<|endoftext|>'] [base]
  L20: '218.<|im_end|><|endoftext|><|endoftext|><|endoftext|>' = ['2', '1', '8', '.', '<|im_end|>', '<|endoftext|>', '<|endoftext|>', '<|endoftext|>'] [base]
  L21: '218.<|im_end|><|endoftext|><|endoftext|><|endoftext|>' = ['2', '1', '8', '.', '<|im_end|>', '<|endoftext|>', '<|endoftext|>', '<|endoftext|>'] [base]
  L22: '218.<|im_end|><|endoftext|><|endoftext|><|endoftext|>' = ['2', '1', '8', '.', '<|im_end|>', '<|endoftext|>', '<|endoftext|>', '<|endoftext|>'] [base]
  L23: '52.<|im_end|><|endoftext|><|endoftext|><|endoftext|><|endoftext|>' = ['5', '2', '.', '<|im_end|>', '<|endoftext|>', '<|endoftext|>', '<|endoftext|>', '<|endoftext|>'] [other]
  L24: '52.<|im_end|><|endoftext|><|endoftext|><|endoftext|><|endoftext|>' = ['5', '2', '.', '<|im_end|>', '<|endoftext|>', '<|endoftext|>', '<|endoftext|>', '<|endoftext|>'] [other]
  L25: '52.<|im_end|><|endoftext|><|endoftext|><|endoftext|><|endoftext|>' = ['5', '2', '.', '<|im_end|>', '<|endoftext|>', '<|endoftext|>', '<|endoftext|>', '<|endoftext|>'] [other]
  L26: '52.<|im_end|><|endoftext|><|endoftext|><|endoftext|><|endoftext|>' = ['5', '2', '.', '<|im_end|>', '<|endoftext|>', '<|endoftext|>', '<|endoftext|>', '<|endoftext|>'] [other]
  L27: '52.<|im_end|><|endoftext|><|endoftext|><|endoftext|><|endoftext|>' = ['5', '2', '.', '<|im_end|>', '<|endoftext|>', '<|endoftext|>', '<|endoftext|>', '<|endoftext|>'] [other]
  L28: '52.<|im_end|><|endoftext|><|endoftext|><|endoftext|><|endoftext|>' = ['5', '2', '.', '<|im_end|>', '<|endoftext|>', '<|endoftext|>', '<|endoftext|>', '<|endoftext|>'] [other]

row 290: base=KW -> source=TN  template=calling_code_prefill_v3
  question: 'What is the country calling code for the country in this image?'
  prefill : 'The country calling code is +'
  gold base   (expected unhooked) : '965' = ['9', '6', '5']
  gold source (expected if swap works): '216' = ['2', '1', '6']
  unhooked: '965. This corresponds to Kuwait' = ['9', '6', '5', '.', ' This', ' corresponds', ' to', ' Kuwait']
  L19: '965. This corresponds to Kuwait' = ['9', '6', '5', '.', ' This', ' corresponds', ' to', ' Kuwait'] [base]
  L20: '965. This corresponds to Kuwait' = ['9', '6', '5', '.', ' This', ' corresponds', ' to', ' Kuwait'] [base]
  L21: '965. This corresponds to Kuwait' = ['9', '6', '5', '.', ' This', ' corresponds', ' to', ' Kuwait'] [base]
  L22: '965. This corresponds to Kuwait' = ['9', '6', '5', '.', ' This', ' corresponds', ' to', ' Kuwait'] [base]
  L23: '260. This corresponds to the' = ['2', '6', '0', '.', ' This', ' corresponds', ' to', ' the'] [other]
  L24: '260. This corresponds to the' = ['2', '6', '0', '.', ' This', ' corresponds', ' to', ' the'] [other]
  L25: '260. This corresponds to the' = ['2', '6', '0', '.', ' This', ' corresponds', ' to', ' the'] [other]
  L26: '260. This corresponds to the' = ['2', '6', '0', '.', ' This', ' corresponds', ' to', ' the'] [other]
  L27: '264. This corresponds to Nam' = ['2', '6', '4', '.', ' This', ' corresponds', ' to', ' Nam'] [other]
  L28: '264. This corresponds to Nam' = ['2', '6', '4', '.', ' This', ' corresponds', ' to', ' Nam'] [other]

row 291: base=IQ -> source=BR  template=calling_code_prefill_v4
  question: 'What is the phone country code for the country in this image?'
  prefill : 'The phone code is +'
  gold base   (expected unhooked) : '964' = ['9', '6', '4']
  gold source (expected if swap works): '55' = ['5', '5']
  unhooked: '964. This corresponds to Iraq' = ['9', '6', '4', '.', ' This', ' corresponds', ' to', ' Iraq']
  L19: '964. This corresponds to Iraq' = ['9', '6', '4', '.', ' This', ' corresponds', ' to', ' Iraq'] [base]
  L20: '964. This corresponds to Iraq' = ['9', '6', '4', '.', ' This', ' corresponds', ' to', ' Iraq'] [base]
  L21: '964. This corresponds to Iraq' = ['9', '6', '4', '.', ' This', ' corresponds', ' to', ' Iraq'] [base]
  L22: '964. This corresponds to Iraq' = ['9', '6', '4', '.', ' This', ' corresponds', ' to', ' Iraq'] [base]
  L23: '591. This corresponds to Par' = ['5', '9', '1', '.', ' This', ' corresponds', ' to', ' Par'] [other]
  L24: '591. This corresponds to Bolivia' = ['5', '9', '1', '.', ' This', ' corresponds', ' to', ' Bolivia'] [other]
  L25: '591. This corresponds to Bolivia' = ['5', '9', '1', '.', ' This', ' corresponds', ' to', ' Bolivia'] [other]
  L26: '591. This corresponds to Bolivia' = ['5', '9', '1', '.', ' This', ' corresponds', ' to', ' Bolivia'] [other]
  L27: '52.<|im_end|><|endoftext|><|endoftext|><|endoftext|><|endoftext|>' = ['5', '2', '.', '<|im_end|>', '<|endoftext|>', '<|endoftext|>', '<|endoftext|>', '<|endoftext|>'] [other]
  L28: '52.<|im_end|><|endoftext|><|endoftext|><|endoftext|><|endoftext|>' = ['5', '2', '.', '<|im_end|>', '<|endoftext|>', '<|endoftext|>', '<|endoftext|>', '<|endoftext|>'] [other]

row 292: base=ES -> source=LY  template=calling_code_prefill_v2
  question: 'Give the international dialling code of the country shown in this flag.'
  prefill : 'The dialling code is +'
  gold base   (expected unhooked) : '34' = ['3', '4']
  gold source (expected if swap works): '218' = ['2', '1', '8']
  unhooked: '34.<|im_end|><|endoftext|><|endoftext|><|endoftext|><|endoftext|>' = ['3', '4', '.', '<|im_end|>', '<|endoftext|>', '<|endoftext|>', '<|endoftext|>', '<|endoftext|>']
  L19: '34.<|im_end|><|endoftext|><|endoftext|><|endoftext|><|endoftext|>' = ['3', '4', '.', '<|im_end|>', '<|endoftext|>', '<|endoftext|>', '<|endoftext|>', '<|endoftext|>'] [base]
  L20: '34.<|im_end|><|endoftext|><|endoftext|><|endoftext|><|endoftext|>' = ['3', '4', '.', '<|im_end|>', '<|endoftext|>', '<|endoftext|>', '<|endoftext|>', '<|endoftext|>'] [base]
  L21: '34.<|im_end|><|endoftext|><|endoftext|><|endoftext|><|endoftext|>' = ['3', '4', '.', '<|im_end|>', '<|endoftext|>', '<|endoftext|>', '<|endoftext|>', '<|endoftext|>'] [base]
  L22: '34.<|im_end|><|endoftext|><|endoftext|><|endoftext|><|endoftext|>' = ['3', '4', '.', '<|im_end|>', '<|endoftext|>', '<|endoftext|>', '<|endoftext|>', '<|endoftext|>'] [base]
  L23: '243.<|im_end|><|endoftext|><|endoftext|><|endoftext|>' = ['2', '4', '3', '.', '<|im_end|>', '<|endoftext|>', '<|endoftext|>', '<|endoftext|>'] [other]
  L24: '243.<|im_end|><|endoftext|><|endoftext|><|endoftext|>' = ['2', '4', '3', '.', '<|im_end|>', '<|endoftext|>', '<|endoftext|>', '<|endoftext|>'] [other]
  L25: '243.<|im_end|><|endoftext|><|endoftext|><|endoftext|>' = ['2', '4', '3', '.', '<|im_end|>', '<|endoftext|>', '<|endoftext|>', '<|endoftext|>'] [other]
  L26: '243.<|im_end|><|endoftext|><|endoftext|><|endoftext|>' = ['2', '4', '3', '.', '<|im_end|>', '<|endoftext|>', '<|endoftext|>', '<|endoftext|>'] [other]
  L27: '243.<|im_end|><|endoftext|><|endoftext|><|endoftext|>' = ['2', '4', '3', '.', '<|im_end|>', '<|endoftext|>', '<|endoftext|>', '<|endoftext|>'] [other]
  L28: '243.<|im_end|><|endoftext|><|endoftext|><|endoftext|>' = ['2', '4', '3', '.', '<|im_end|>', '<|endoftext|>', '<|endoftext|>', '<|endoftext|>'] [other]

row 293: base=BR -> source=SN  template=calling_code_prefill_v3
  question: 'What is the country calling code for the country in this image?'
  prefill : 'The country calling code is +'
  gold base   (expected unhooked) : '55' = ['5', '5']
  gold source (expected if swap works): '221' = ['2', '2', '1']
  unhooked: '55. This is the country calling' = ['5', '5', '.', ' This', ' is', ' the', ' country', ' calling']
  L19: '55. This is the country calling' = ['5', '5', '.', ' This', ' is', ' the', ' country', ' calling'] [base]
  L20: '55. This is the country calling' = ['5', '5', '.', ' This', ' is', ' the', ' country', ' calling'] [base]
  L21: '55. This is the country calling' = ['5', '5', '.', ' This', ' is', ' the', ' country', ' calling'] [base]
  L22: '55. This is the country calling' = ['5', '5', '.', ' This', ' is', ' the', ' country', ' calling'] [base]
  L23: '253. This corresponds to the' = ['2', '5', '3', '.', ' This', ' corresponds', ' to', ' the'] [other]
  L24: '253. This corresponds to the' = ['2', '5', '3', '.', ' This', ' corresponds', ' to', ' the'] [other]
  L25: '253. This corresponds to the' = ['2', '5', '3', '.', ' This', ' corresponds', ' to', ' the'] [other]
  L26: '253. This corresponds to the' = ['2', '5', '3', '.', ' This', ' corresponds', ' to', ' the'] [other]
  L27: '256. This corresponds to Uganda' = ['2', '5', '6', '.', ' This', ' corresponds', ' to', ' Uganda'] [other]
  L28: '256, which corresponds to Uganda' = ['2', '5', '6', ',', ' which', ' corresponds', ' to', ' Uganda'] [other]

row 294: base=BD -> source=PA  template=calling_code_prefill_v2
  question: 'Give the international dialling code of the country shown in this flag.'
  prefill : 'The dialling code is +'
  gold base   (expected unhooked) : '880' = ['8', '8', '0']
  gold source (expected if swap works): '507' = ['5', '0', '7']
  unhooked: '880.<|im_end|><|endoftext|><|endoftext|><|endoftext|>' = ['8', '8', '0', '.', '<|im_end|>', '<|endoftext|>', '<|endoftext|>', '<|endoftext|>']
  L19: '880.<|im_end|><|endoftext|><|endoftext|><|endoftext|>' = ['8', '8', '0', '.', '<|im_end|>', '<|endoftext|>', '<|endoftext|>', '<|endoftext|>'] [base]
  L20: '880.<|im_end|><|endoftext|><|endoftext|><|endoftext|>' = ['8', '8', '0', '.', '<|im_end|>', '<|endoftext|>', '<|endoftext|>', '<|endoftext|>'] [base]
  L21: '880.<|im_end|><|endoftext|><|endoftext|><|endoftext|>' = ['8', '8', '0', '.', '<|im_end|>', '<|endoftext|>', '<|endoftext|>', '<|endoftext|>'] [base]
  L22: '880.<|im_end|><|endoftext|><|endoftext|><|endoftext|>' = ['8', '8', '0', '.', '<|im_end|>', '<|endoftext|>', '<|endoftext|>', '<|endoftext|>'] [base]
  L23: '504.<|im_end|><|endoftext|><|endoftext|><|endoftext|>' = ['5', '0', '4', '.', '<|im_end|>', '<|endoftext|>', '<|endoftext|>', '<|endoftext|>'] [other]
  L24: '504.<|im_end|><|endoftext|><|endoftext|><|endoftext|>' = ['5', '0', '4', '.', '<|im_end|>', '<|endoftext|>', '<|endoftext|>', '<|endoftext|>'] [other]
  L25: '504.<|im_end|><|endoftext|><|endoftext|><|endoftext|>' = ['5', '0', '4', '.', '<|im_end|>', '<|endoftext|>', '<|endoftext|>', '<|endoftext|>'] [other]
  L26: '504.<|im_end|><|endoftext|><|endoftext|><|endoftext|>' = ['5', '0', '4', '.', '<|im_end|>', '<|endoftext|>', '<|endoftext|>', '<|endoftext|>'] [other]
  L27: '501.<|im_end|><|endoftext|><|endoftext|><|endoftext|>' = ['5', '0', '1', '.', '<|im_end|>', '<|endoftext|>', '<|endoftext|>', '<|endoftext|>'] [other]
  L28: '501.<|im_end|><|endoftext|><|endoftext|><|endoftext|>' = ['5', '0', '1', '.', '<|im_end|>', '<|endoftext|>', '<|endoftext|>', '<|endoftext|>'] [other]

row 295: base=BR -> source=GY  template=calling_code_prefill_v1
  question: 'What is the international calling code of the country in this image?'
  prefill : 'The calling code is +'
  gold base   (expected unhooked) : '55' = ['5', '5']
  gold source (expected if swap works): '592' = ['5', '9', '2']
  unhooked: '55. This corresponds to Brazil,' = ['5', '5', '.', ' This', ' corresponds', ' to', ' Brazil', ',']
  L19: '55. This corresponds to Brazil,' = ['5', '5', '.', ' This', ' corresponds', ' to', ' Brazil', ','] [base]
  L20: '55. This corresponds to Brazil,' = ['5', '5', '.', ' This', ' corresponds', ' to', ' Brazil', ','] [base]
  L21: '55. This corresponds to Brazil,' = ['5', '5', '.', ' This', ' corresponds', ' to', ' Brazil', ','] [base]
  L22: '55. This is the international direct' = ['5', '5', '.', ' This', ' is', ' the', ' international', ' direct'] [base]
  L23: '55. This corresponds to Brazil,' = ['5', '5', '.', ' This', ' corresponds', ' to', ' Brazil', ','] [base]
  L24: '55. This corresponds to Brazil,' = ['5', '5', '.', ' This', ' corresponds', ' to', ' Brazil', ','] [base]
  L25: '55. This corresponds to Brazil,' = ['5', '5', '.', ' This', ' corresponds', ' to', ' Brazil', ','] [base]
  L26: '55. This corresponds to Brazil,' = ['5', '5', '.', ' This', ' corresponds', ' to', ' Brazil', ','] [base]
  L27: '55. This corresponds to Brazil,' = ['5', '5', '.', ' This', ' corresponds', ' to', ' Brazil', ','] [base]
  L28: '55. This corresponds to Brazil,' = ['5', '5', '.', ' This', ' corresponds', ' to', ' Brazil', ','] [base]

row 296: base=HU -> source=IE  template=calling_code_prefill_v1
  question: 'What is the international calling code of the country in this image?'
  prefill : 'The calling code is +'
  gold base   (expected unhooked) : '36' = ['3', '6']
  gold source (expected if swap works): '353' = ['3', '5', '3']
  unhooked: '36, which corresponds to Hungary.' = ['3', '6', ',', ' which', ' corresponds', ' to', ' Hungary', '.']
  L19: '36, which corresponds to Hungary.' = ['3', '6', ',', ' which', ' corresponds', ' to', ' Hungary', '.'] [base]
  L20: '36, which corresponds to Hungary.' = ['3', '6', ',', ' which', ' corresponds', ' to', ' Hungary', '.'] [base]
  L21: '36, which corresponds to Hungary.' = ['3', '6', ',', ' which', ' corresponds', ' to', ' Hungary', '.'] [base]
  L22: '36, which corresponds to Hungary.' = ['3', '6', ',', ' which', ' corresponds', ' to', ' Hungary', '.'] [base]
  L23: '36, which corresponds to Hungary.' = ['3', '6', ',', ' which', ' corresponds', ' to', ' Hungary', '.'] [base]
  L24: '36, which corresponds to Hungary.' = ['3', '6', ',', ' which', ' corresponds', ' to', ' Hungary', '.'] [base]
  L25: '36, which corresponds to Hungary.' = ['3', '6', ',', ' which', ' corresponds', ' to', ' Hungary', '.'] [base]
  L26: '36, which corresponds to Hungary.' = ['3', '6', ',', ' which', ' corresponds', ' to', ' Hungary', '.'] [base]
  L27: '36, which corresponds to Hungary.' = ['3', '6', ',', ' which', ' corresponds', ' to', ' Hungary', '.'] [base]
  L28: '36, which corresponds to Hungary.' = ['3', '6', ',', ' which', ' corresponds', ' to', ' Hungary', '.'] [base]

row 297: base=KH -> source=TZ  template=calling_code_prefill_v1
  question: 'What is the international calling code of the country in this image?'
  prefill : 'The calling code is +'
  gold base   (expected unhooked) : '855' = ['8', '5', '5']
  gold source (expected if swap works): '255' = ['2', '5', '5']
  unhooked: '855. This corresponds to Cambodia' = ['8', '5', '5', '.', ' This', ' corresponds', ' to', ' Cambodia']
  L19: '855. This corresponds to Cambodia' = ['8', '5', '5', '.', ' This', ' corresponds', ' to', ' Cambodia'] [base]
  L20: '855. This corresponds to Cambodia' = ['8', '5', '5', '.', ' This', ' corresponds', ' to', ' Cambodia'] [base]
  L21: '855. This corresponds to Cambodia' = ['8', '5', '5', '.', ' This', ' corresponds', ' to', ' Cambodia'] [base]
  L22: '235.<|im_end|><|endoftext|><|endoftext|><|endoftext|>' = ['2', '3', '5', '.', '<|im_end|>', '<|endoftext|>', '<|endoftext|>', '<|endoftext|>'] [other]
  L23: '235.<|im_end|><|endoftext|><|endoftext|><|endoftext|>' = ['2', '3', '5', '.', '<|im_end|>', '<|endoftext|>', '<|endoftext|>', '<|endoftext|>'] [other]
  L24: '235.<|im_end|><|endoftext|><|endoftext|><|endoftext|>' = ['2', '3', '5', '.', '<|im_end|>', '<|endoftext|>', '<|endoftext|>', '<|endoftext|>'] [other]
  L25: '235.<|im_end|><|endoftext|><|endoftext|><|endoftext|>' = ['2', '3', '5', '.', '<|im_end|>', '<|endoftext|>', '<|endoftext|>', '<|endoftext|>'] [other]
  L26: '235.<|im_end|><|endoftext|><|endoftext|><|endoftext|>' = ['2', '3', '5', '.', '<|im_end|>', '<|endoftext|>', '<|endoftext|>', '<|endoftext|>'] [other]
  L27: '235.<|im_end|><|endoftext|><|endoftext|><|endoftext|>' = ['2', '3', '5', '.', '<|im_end|>', '<|endoftext|>', '<|endoftext|>', '<|endoftext|>'] [other]
  L28: '235.<|im_end|><|endoftext|><|endoftext|><|endoftext|>' = ['2', '3', '5', '.', '<|im_end|>', '<|endoftext|>', '<|endoftext|>', '<|endoftext|>'] [other]

row 298: base=HT -> source=BR  template=calling_code_prefill_v1
  question: 'What is the international calling code of the country in this image?'
  prefill : 'The calling code is +'
  gold base   (expected unhooked) : '509' = ['5', '0', '9']
  gold source (expected if swap works): '55' = ['5', '5']
  unhooked: '509, which corresponds to Haiti' = ['5', '0', '9', ',', ' which', ' corresponds', ' to', ' Haiti']
  L19: '509, which corresponds to Haiti' = ['5', '0', '9', ',', ' which', ' corresponds', ' to', ' Haiti'] [base]
  L20: '509. This corresponds to the' = ['5', '0', '9', '.', ' This', ' corresponds', ' to', ' the'] [base]
  L21: '509. This corresponds to the' = ['5', '0', '9', '.', ' This', ' corresponds', ' to', ' the'] [base]
  L22: '509, which corresponds to Haiti' = ['5', '0', '9', ',', ' which', ' corresponds', ' to', ' Haiti'] [base]
  L23: '509, which corresponds to Haiti' = ['5', '0', '9', ',', ' which', ' corresponds', ' to', ' Haiti'] [base]
  L24: '509. This corresponds to Haiti' = ['5', '0', '9', '.', ' This', ' corresponds', ' to', ' Haiti'] [base]
  L25: '509, which corresponds to Haiti' = ['5', '0', '9', ',', ' which', ' corresponds', ' to', ' Haiti'] [base]
  L26: '509, which corresponds to Haiti' = ['5', '0', '9', ',', ' which', ' corresponds', ' to', ' Haiti'] [base]
  L27: '509, which corresponds to Haiti' = ['5', '0', '9', ',', ' which', ' corresponds', ' to', ' Haiti'] [base]
  L28: '509, which corresponds to Haiti' = ['5', '0', '9', ',', ' which', ' corresponds', ' to', ' Haiti'] [base]

row 299: base=KW -> source=SG  template=calling_code_prefill_v4
  question: 'What is the phone country code for the country in this image?'
  prefill : 'The phone code is +'
  gold base   (expected unhooked) : '965' = ['9', '6', '5']
  gold source (expected if swap works): '65' = ['6', '5']
  unhooked: '965. This corresponds to Kuwait' = ['9', '6', '5', '.', ' This', ' corresponds', ' to', ' Kuwait']
  L19: '965. This corresponds to Kuwait' = ['9', '6', '5', '.', ' This', ' corresponds', ' to', ' Kuwait'] [HIT]
  L20: '965.<|im_end|><|endoftext|><|endoftext|><|endoftext|>' = ['9', '6', '5', '.', '<|im_end|>', '<|endoftext|>', '<|endoftext|>', '<|endoftext|>'] [HIT]
  L21: '965. This corresponds to Kuwait' = ['9', '6', '5', '.', ' This', ' corresponds', ' to', ' Kuwait'] [HIT]
  L22: '965. This corresponds to Kuwait' = ['9', '6', '5', '.', ' This', ' corresponds', ' to', ' Kuwait'] [HIT]
  L23: '687. This corresponds to Kuwait' = ['6', '8', '7', '.', ' This', ' corresponds', ' to', ' Kuwait'] [other]
  L24: '687. This corresponds to Kuwait' = ['6', '8', '7', '.', ' This', ' corresponds', ' to', ' Kuwait'] [other]
  L25: '687. This corresponds to Kuwait' = ['6', '8', '7', '.', ' This', ' corresponds', ' to', ' Kuwait'] [other]
  L26: '687. This corresponds to Kuwait' = ['6', '8', '7', '.', ' This', ' corresponds', ' to', ' Kuwait'] [other]
  L27: '66.<|im_end|><|endoftext|><|endoftext|><|endoftext|><|endoftext|>' = ['6', '6', '.', '<|im_end|>', '<|endoftext|>', '<|endoftext|>', '<|endoftext|>', '<|endoftext|>'] [other]
  L28: '66.<|im_end|><|endoftext|><|endoftext|><|endoftext|><|endoftext|>' = ['6', '6', '.', '<|im_end|>', '<|endoftext|>', '<|endoftext|>', '<|endoftext|>', '<|endoftext|>'] [other]

row 300: base=RS -> source=CO  template=calling_code_prefill_v1
  question: 'What is the international calling code of the country in this image?'
  prefill : 'The calling code is +'
  gold base   (expected unhooked) : '381' = ['3', '8', '1']
  gold source (expected if swap works): '57' = ['5', '7']
  unhooked: '381.<|im_end|><|endoftext|><|endoftext|><|endoftext|>' = ['3', '8', '1', '.', '<|im_end|>', '<|endoftext|>', '<|endoftext|>', '<|endoftext|>']
  L19: '381.<|im_end|><|endoftext|><|endoftext|><|endoftext|>' = ['3', '8', '1', '.', '<|im_end|>', '<|endoftext|>', '<|endoftext|>', '<|endoftext|>'] [base]
  L20: '381.<|im_end|><|endoftext|><|endoftext|><|endoftext|>' = ['3', '8', '1', '.', '<|im_end|>', '<|endoftext|>', '<|endoftext|>', '<|endoftext|>'] [base]
  L21: '381.<|im_end|><|endoftext|><|endoftext|><|endoftext|>' = ['3', '8', '1', '.', '<|im_end|>', '<|endoftext|>', '<|endoftext|>', '<|endoftext|>'] [base]
  L22: '381.<|im_end|><|endoftext|><|endoftext|><|endoftext|>' = ['3', '8', '1', '.', '<|im_end|>', '<|endoftext|>', '<|endoftext|>', '<|endoftext|>'] [base]
  L23: '381.<|im_end|><|endoftext|><|endoftext|><|endoftext|>' = ['3', '8', '1', '.', '<|im_end|>', '<|endoftext|>', '<|endoftext|>', '<|endoftext|>'] [base]
  L24: '54. This corresponds to Argentina.' = ['5', '4', '.', ' This', ' corresponds', ' to', ' Argentina', '.'] [other]
  L25: '54. This corresponds to Argentina.' = ['5', '4', '.', ' This', ' corresponds', ' to', ' Argentina', '.'] [other]
  L26: '54, which corresponds to Argentina.' = ['5', '4', ',', ' which', ' corresponds', ' to', ' Argentina', '.'] [other]
  L27: '54, which corresponds to Argentina.' = ['5', '4', ',', ' which', ' corresponds', ' to', ' Argentina', '.'] [other]
  L28: '54, which corresponds to Argentina.' = ['5', '4', ',', ' which', ' corresponds', ' to', ' Argentina', '.'] [other]

row 301: base=GY -> source=AU  template=calling_code_prefill_v6
  question: 'What country code do you dial to call this country?'
  prefill : 'The country code is +'
  gold base   (expected unhooked) : '592' = ['5', '9', '2']
  gold source (expected if swap works): '61' = ['6', '1']
  unhooked: '592.<|im_end|><|endoftext|><|endoftext|><|endoftext|>' = ['5', '9', '2', '.', '<|im_end|>', '<|endoftext|>', '<|endoftext|>', '<|endoftext|>']
  L19: '592.<|im_end|><|endoftext|><|endoftext|><|endoftext|>' = ['5', '9', '2', '.', '<|im_end|>', '<|endoftext|>', '<|endoftext|>', '<|endoftext|>'] [base]
  L20: '592.<|im_end|><|endoftext|><|endoftext|><|endoftext|>' = ['5', '9', '2', '.', '<|im_end|>', '<|endoftext|>', '<|endoftext|>', '<|endoftext|>'] [base]
  L21: '592. This is the international' = ['5', '9', '2', '.', ' This', ' is', ' the', ' international'] [base]
  L22: '592. This is the international' = ['5', '9', '2', '.', ' This', ' is', ' the', ' international'] [base]
  L23: '680, which corresponds to the' = ['6', '8', '0', ',', ' which', ' corresponds', ' to', ' the'] [other]
  L24: '680, which corresponds to the' = ['6', '8', '0', ',', ' which', ' corresponds', ' to', ' the'] [other]
  L25: '680, which corresponds to the' = ['6', '8', '0', ',', ' which', ' corresponds', ' to', ' the'] [other]
  L26: '680. This is the country' = ['6', '8', '0', '.', ' This', ' is', ' the', ' country'] [other]
  L27: '680. This is the country' = ['6', '8', '0', '.', ' This', ' is', ' the', ' country'] [other]
  L28: '66.<|im_end|><|endoftext|><|endoftext|><|endoftext|><|endoftext|>' = ['6', '6', '.', '<|im_end|>', '<|endoftext|>', '<|endoftext|>', '<|endoftext|>', '<|endoftext|>'] [other]

row 302: base=ET -> source=NI  template=calling_code_prefill_v6
  question: 'What country code do you dial to call this country?'
  prefill : 'The country code is +'
  gold base   (expected unhooked) : '251' = ['2', '5', '1']
  gold source (expected if swap works): '505' = ['5', '0', '5']
  unhooked: '251.<|im_end|><|endoftext|><|endoftext|><|endoftext|>' = ['2', '5', '1', '.', '<|im_end|>', '<|endoftext|>', '<|endoftext|>', '<|endoftext|>']
  L19: '251.<|im_end|><|endoftext|><|endoftext|><|endoftext|>' = ['2', '5', '1', '.', '<|im_end|>', '<|endoftext|>', '<|endoftext|>', '<|endoftext|>'] [base]
  L20: '251.<|im_end|><|endoftext|><|endoftext|><|endoftext|>' = ['2', '5', '1', '.', '<|im_end|>', '<|endoftext|>', '<|endoftext|>', '<|endoftext|>'] [base]
  L21: '251.<|im_end|><|endoftext|><|endoftext|><|endoftext|>' = ['2', '5', '1', '.', '<|im_end|>', '<|endoftext|>', '<|endoftext|>', '<|endoftext|>'] [base]
  L22: '251.<|im_end|><|endoftext|><|endoftext|><|endoftext|>' = ['2', '5', '1', '.', '<|im_end|>', '<|endoftext|>', '<|endoftext|>', '<|endoftext|>'] [base]
  L23: '591. This is the country' = ['5', '9', '1', '.', ' This', ' is', ' the', ' country'] [other]
  L24: '591. This is the country' = ['5', '9', '1', '.', ' This', ' is', ' the', ' country'] [other]
  L25: '591. This is the country' = ['5', '9', '1', '.', ' This', ' is', ' the', ' country'] [other]
  L26: '591. This is the country' = ['5', '9', '1', '.', ' This', ' is', ' the', ' country'] [other]
  L27: '591.<|im_end|><|endoftext|><|endoftext|><|endoftext|>' = ['5', '9', '1', '.', '<|im_end|>', '<|endoftext|>', '<|endoftext|>', '<|endoftext|>'] [other]
  L28: '591. This is the country' = ['5', '9', '1', '.', ' This', ' is', ' the', ' country'] [other]

row 303: base=MK -> source=DZ  template=calling_code_prefill_v6
  question: 'What country code do you dial to call this country?'
  prefill : 'The country code is +'
  gold base   (expected unhooked) : '389' = ['3', '8', '9']
  gold source (expected if swap works): '213' = ['2', '1', '3']
  unhooked: '389. This is the country' = ['3', '8', '9', '.', ' This', ' is', ' the', ' country']
  L19: '389. This is the country' = ['3', '8', '9', '.', ' This', ' is', ' the', ' country'] [base]
  L20: '389. This is the country' = ['3', '8', '9', '.', ' This', ' is', ' the', ' country'] [base]
  L21: '389. This is the country' = ['3', '8', '9', '.', ' This', ' is', ' the', ' country'] [base]
  L22: '389. This is the country' = ['3', '8', '9', '.', ' This', ' is', ' the', ' country'] [base]
  L23: '260.<|im_end|><|endoftext|><|endoftext|><|endoftext|>' = ['2', '6', '0', '.', '<|im_end|>', '<|endoftext|>', '<|endoftext|>', '<|endoftext|>'] [other]
  L24: '260.<|im_end|><|endoftext|><|endoftext|><|endoftext|>' = ['2', '6', '0', '.', '<|im_end|>', '<|endoftext|>', '<|endoftext|>', '<|endoftext|>'] [other]
  L25: '260.<|im_end|><|endoftext|><|endoftext|><|endoftext|>' = ['2', '6', '0', '.', '<|im_end|>', '<|endoftext|>', '<|endoftext|>', '<|endoftext|>'] [other]
  L26: '260.<|im_end|><|endoftext|><|endoftext|><|endoftext|>' = ['2', '6', '0', '.', '<|im_end|>', '<|endoftext|>', '<|endoftext|>', '<|endoftext|>'] [other]
  L27: '260.<|im_end|><|endoftext|><|endoftext|><|endoftext|>' = ['2', '6', '0', '.', '<|im_end|>', '<|endoftext|>', '<|endoftext|>', '<|endoftext|>'] [other]
  L28: '260.<|im_end|><|endoftext|><|endoftext|><|endoftext|>' = ['2', '6', '0', '.', '<|im_end|>', '<|endoftext|>', '<|endoftext|>', '<|endoftext|>'] [other]

row 304: base=KR -> source=DK  template=calling_code_prefill_v1
  question: 'What is the international calling code of the country in this image?'
  prefill : 'The calling code is +'
  gold base   (expected unhooked) : '82' = ['8', '2']
  gold source (expected if swap works): '45' = ['4', '5']
  unhooked: '82. This is the international direct' = ['8', '2', '.', ' This', ' is', ' the', ' international', ' direct']
  L19: '82. This is the international direct' = ['8', '2', '.', ' This', ' is', ' the', ' international', ' direct'] [base]
  L20: '82. This is the international direct' = ['8', '2', '.', ' This', ' is', ' the', ' international', ' direct'] [base]
  L21: '82. This is the international direct' = ['8', '2', '.', ' This', ' is', ' the', ' international', ' direct'] [base]
  L22: '82. This is the international direct' = ['8', '2', '.', ' This', ' is', ' the', ' international', ' direct'] [base]
  L23: '41.<|im_end|><|endoftext|><|endoftext|><|endoftext|><|endoftext|>' = ['4', '1', '.', '<|im_end|>', '<|endoftext|>', '<|endoftext|>', '<|endoftext|>', '<|endoftext|>'] [other]
  L24: '41.<|im_end|><|endoftext|><|endoftext|><|endoftext|><|endoftext|>' = ['4', '1', '.', '<|im_end|>', '<|endoftext|>', '<|endoftext|>', '<|endoftext|>', '<|endoftext|>'] [other]
  L25: '41.<|im_end|><|endoftext|><|endoftext|><|endoftext|><|endoftext|>' = ['4', '1', '.', '<|im_end|>', '<|endoftext|>', '<|endoftext|>', '<|endoftext|>', '<|endoftext|>'] [other]
  L26: '41.<|im_end|><|endoftext|><|endoftext|><|endoftext|><|endoftext|>' = ['4', '1', '.', '<|im_end|>', '<|endoftext|>', '<|endoftext|>', '<|endoftext|>', '<|endoftext|>'] [other]
  L27: '41.<|im_end|><|endoftext|><|endoftext|><|endoftext|><|endoftext|>' = ['4', '1', '.', '<|im_end|>', '<|endoftext|>', '<|endoftext|>', '<|endoftext|>', '<|endoftext|>'] [other]
  L28: '41.<|im_end|><|endoftext|><|endoftext|><|endoftext|><|endoftext|>' = ['4', '1', '.', '<|im_end|>', '<|endoftext|>', '<|endoftext|>', '<|endoftext|>', '<|endoftext|>'] [other]

row 305: base=JP -> source=AF  template=calling_code_prefill_v4
  question: 'What is the phone country code for the country in this image?'
  prefill : 'The phone code is +'
  gold base   (expected unhooked) : '81' = ['8', '1']
  gold source (expected if swap works): '93' = ['9', '3']
  unhooked: '86, which corresponds to China.' = ['8', '6', ',', ' which', ' corresponds', ' to', ' China', '.']
  L19: '86, which corresponds to China.' = ['8', '6', ',', ' which', ' corresponds', ' to', ' China', '.'] [other]
  L20: '91, which corresponds to India.' = ['9', '1', ',', ' which', ' corresponds', ' to', ' India', '.'] [other]
  L21: '91, which corresponds to India.' = ['9', '1', ',', ' which', ' corresponds', ' to', ' India', '.'] [other]
  L22: '91, which corresponds to India.' = ['9', '1', ',', ' which', ' corresponds', ' to', ' India', '.'] [other]
  L23: '91, which corresponds to India.' = ['9', '1', ',', ' which', ' corresponds', ' to', ' India', '.'] [other]
  L24: '91, which corresponds to India.' = ['9', '1', ',', ' which', ' corresponds', ' to', ' India', '.'] [other]
  L25: '91, which corresponds to India.' = ['9', '1', ',', ' which', ' corresponds', ' to', ' India', '.'] [other]
  L26: '91, which corresponds to India.' = ['9', '1', ',', ' which', ' corresponds', ' to', ' India', '.'] [other]
  L27: '91, which corresponds to India.' = ['9', '1', ',', ' which', ' corresponds', ' to', ' India', '.'] [other]
  L28: '91, which corresponds to India.' = ['9', '1', ',', ' which', ' corresponds', ' to', ' India', '.'] [other]

row 306: base=AF -> source=GY  template=calling_code_prefill_v3
  question: 'What is the country calling code for the country in this image?'
  prefill : 'The country calling code is +'
  gold base   (expected unhooked) : '93' = ['9', '3']
  gold source (expected if swap works): '592' = ['5', '9', '2']
  unhooked: '93, which corresponds to Afghanistan.' = ['9', '3', ',', ' which', ' corresponds', ' to', ' Afghanistan', '.']
  L19: '93, which corresponds to Afghanistan.' = ['9', '3', ',', ' which', ' corresponds', ' to', ' Afghanistan', '.'] [base]
  L20: '93, which corresponds to Afghanistan.' = ['9', '3', ',', ' which', ' corresponds', ' to', ' Afghanistan', '.'] [base]
  L21: '93, which corresponds to Afghanistan.' = ['9', '3', ',', ' which', ' corresponds', ' to', ' Afghanistan', '.'] [base]
  L22: '93, which corresponds to Afghanistan.' = ['9', '3', ',', ' which', ' corresponds', ' to', ' Afghanistan', '.'] [base]
  L23: '591. This corresponds to Bolivia' = ['5', '9', '1', '.', ' This', ' corresponds', ' to', ' Bolivia'] [other]
  L24: '599. This corresponds to the' = ['5', '9', '9', '.', ' This', ' corresponds', ' to', ' the'] [other]
  L25: '599. This corresponds to the' = ['5', '9', '9', '.', ' This', ' corresponds', ' to', ' the'] [other]
  L26: '599. This corresponds to the' = ['5', '9', '9', '.', ' This', ' corresponds', ' to', ' the'] [other]
  L27: '591. This corresponds to Bolivia' = ['5', '9', '1', '.', ' This', ' corresponds', ' to', ' Bolivia'] [other]
  L28: '591. This corresponds to Bolivia' = ['5', '9', '1', '.', ' This', ' corresponds', ' to', ' Bolivia'] [other]

row 307: base=LU -> source=SD  template=calling_code_prefill_v3
  question: 'What is the country calling code for the country in this image?'
  prefill : 'The country calling code is +'
  gold base   (expected unhooked) : '352' = ['3', '5', '2']
  gold source (expected if swap works): '249' = ['2', '4', '9']
  unhooked: '352. This corresponds to Luxembourg' = ['3', '5', '2', '.', ' This', ' corresponds', ' to', ' Luxembourg']
  L19: '352. This corresponds to Luxembourg' = ['3', '5', '2', '.', ' This', ' corresponds', ' to', ' Luxembourg'] [base]
  L20: '352. This corresponds to Luxembourg' = ['3', '5', '2', '.', ' This', ' corresponds', ' to', ' Luxembourg'] [base]
  L21: '352. This corresponds to Luxembourg' = ['3', '5', '2', '.', ' This', ' corresponds', ' to', ' Luxembourg'] [base]
  L22: '250. This corresponds to the' = ['2', '5', '0', '.', ' This', ' corresponds', ' to', ' the'] [other]
  L23: '250. This corresponds to the' = ['2', '5', '0', '.', ' This', ' corresponds', ' to', ' the'] [other]
  L24: '250. This corresponds to the' = ['2', '5', '0', '.', ' This', ' corresponds', ' to', ' the'] [other]
  L25: '250. This corresponds to the' = ['2', '5', '0', '.', ' This', ' corresponds', ' to', ' the'] [other]
  L26: '250. This corresponds to the' = ['2', '5', '0', '.', ' This', ' corresponds', ' to', ' the'] [other]
  L27: '250. This corresponds to the' = ['2', '5', '0', '.', ' This', ' corresponds', ' to', ' the'] [other]
  L28: '250. This corresponds to the' = ['2', '5', '0', '.', ' This', ' corresponds', ' to', ' the'] [other]

row 308: base=PE -> source=AF  template=calling_code_prefill_v4
  question: 'What is the phone country code for the country in this image?'
  prefill : 'The phone code is +'
  gold base   (expected unhooked) : '51' = ['5', '1']
  gold source (expected if swap works): '93' = ['9', '3']
  unhooked: '51. This corresponds to Peru,' = ['5', '1', '.', ' This', ' corresponds', ' to', ' Peru', ',']
  L19: '51. This corresponds to Peru,' = ['5', '1', '.', ' This', ' corresponds', ' to', ' Peru', ','] [base]
  L20: '51. This corresponds to Peru,' = ['5', '1', '.', ' This', ' corresponds', ' to', ' Peru', ','] [base]
  L21: '51. This corresponds to Peru,' = ['5', '1', '.', ' This', ' corresponds', ' to', ' Peru', ','] [base]
  L22: '51. This corresponds to Peru.' = ['5', '1', '.', ' This', ' corresponds', ' to', ' Peru', '.'] [base]
  L23: '965. This corresponds to Kuwait' = ['9', '6', '5', '.', ' This', ' corresponds', ' to', ' Kuwait'] [other]
  L24: '965. This corresponds to Kuwait' = ['9', '6', '5', '.', ' This', ' corresponds', ' to', ' Kuwait'] [other]
  L25: '965. This corresponds to Kuwait' = ['9', '6', '5', '.', ' This', ' corresponds', ' to', ' Kuwait'] [other]
  L26: '965. This corresponds to Kuwait' = ['9', '6', '5', '.', ' This', ' corresponds', ' to', ' Kuwait'] [other]
  L27: '965. This corresponds to Kuwait' = ['9', '6', '5', '.', ' This', ' corresponds', ' to', ' Kuwait'] [other]
  L28: '965. This corresponds to Kuwait' = ['9', '6', '5', '.', ' This', ' corresponds', ' to', ' Kuwait'] [other]

row 309: base=LY -> source=AU  template=calling_code_prefill_v2
  question: 'Give the international dialling code of the country shown in this flag.'
  prefill : 'The dialling code is +'
  gold base   (expected unhooked) : '218' = ['2', '1', '8']
  gold source (expected if swap works): '61' = ['6', '1']
  unhooked: '218.<|im_end|><|endoftext|><|endoftext|><|endoftext|>' = ['2', '1', '8', '.', '<|im_end|>', '<|endoftext|>', '<|endoftext|>', '<|endoftext|>']
  L19: '218.<|im_end|><|endoftext|><|endoftext|><|endoftext|>' = ['2', '1', '8', '.', '<|im_end|>', '<|endoftext|>', '<|endoftext|>', '<|endoftext|>'] [base]
  L20: '218.<|im_end|><|endoftext|><|endoftext|><|endoftext|>' = ['2', '1', '8', '.', '<|im_end|>', '<|endoftext|>', '<|endoftext|>', '<|endoftext|>'] [base]
  L21: '218.<|im_end|><|endoftext|><|endoftext|><|endoftext|>' = ['2', '1', '8', '.', '<|im_end|>', '<|endoftext|>', '<|endoftext|>', '<|endoftext|>'] [base]
  L22: '218.<|im_end|><|endoftext|><|endoftext|><|endoftext|>' = ['2', '1', '8', '.', '<|im_end|>', '<|endoftext|>', '<|endoftext|>', '<|endoftext|>'] [base]
  L23: '674.<|im_end|><|endoftext|><|endoftext|><|endoftext|>' = ['6', '7', '4', '.', '<|im_end|>', '<|endoftext|>', '<|endoftext|>', '<|endoftext|>'] [other]
  L24: '674.<|im_end|><|endoftext|><|endoftext|><|endoftext|>' = ['6', '7', '4', '.', '<|im_end|>', '<|endoftext|>', '<|endoftext|>', '<|endoftext|>'] [other]
  L25: '674.<|im_end|><|endoftext|><|endoftext|><|endoftext|>' = ['6', '7', '4', '.', '<|im_end|>', '<|endoftext|>', '<|endoftext|>', '<|endoftext|>'] [other]
  L26: '674.<|im_end|><|endoftext|><|endoftext|><|endoftext|>' = ['6', '7', '4', '.', '<|im_end|>', '<|endoftext|>', '<|endoftext|>', '<|endoftext|>'] [other]
  L27: '674.<|im_end|><|endoftext|><|endoftext|><|endoftext|>' = ['6', '7', '4', '.', '<|im_end|>', '<|endoftext|>', '<|endoftext|>', '<|endoftext|>'] [other]
  L28: '674.<|im_end|><|endoftext|><|endoftext|><|endoftext|>' = ['6', '7', '4', '.', '<|im_end|>', '<|endoftext|>', '<|endoftext|>', '<|endoftext|>'] [other]

row 310: base=LR -> source=AL  template=calling_code_prefill_v1
  question: 'What is the international calling code of the country in this image?'
  prefill : 'The calling code is +'
  gold base   (expected unhooked) : '231' = ['2', '3', '1']
  gold source (expected if swap works): '355' = ['3', '5', '5']
  unhooked: '242. This corresponds to Liberia' = ['2', '4', '2', '.', ' This', ' corresponds', ' to', ' Liberia']
  L19: '242. This corresponds to Liberia' = ['2', '4', '2', '.', ' This', ' corresponds', ' to', ' Liberia'] [other]
  L20: '242. This corresponds to Liberia' = ['2', '4', '2', '.', ' This', ' corresponds', ' to', ' Liberia'] [other]
  L21: '242. This corresponds to Liberia' = ['2', '4', '2', '.', ' This', ' corresponds', ' to', ' Liberia'] [other]
  L22: '242. This corresponds to Liberia' = ['2', '4', '2', '.', ' This', ' corresponds', ' to', ' Liberia'] [other]
  L23: '385.<|im_end|><|endoftext|><|endoftext|><|endoftext|>' = ['3', '8', '5', '.', '<|im_end|>', '<|endoftext|>', '<|endoftext|>', '<|endoftext|>'] [other]
  L24: '385.<|im_end|><|endoftext|><|endoftext|><|endoftext|>' = ['3', '8', '5', '.', '<|im_end|>', '<|endoftext|>', '<|endoftext|>', '<|endoftext|>'] [other]
  L25: '385.<|im_end|><|endoftext|><|endoftext|><|endoftext|>' = ['3', '8', '5', '.', '<|im_end|>', '<|endoftext|>', '<|endoftext|>', '<|endoftext|>'] [other]
  L26: '385.<|im_end|><|endoftext|><|endoftext|><|endoftext|>' = ['3', '8', '5', '.', '<|im_end|>', '<|endoftext|>', '<|endoftext|>', '<|endoftext|>'] [other]
  L27: '385.<|im_end|><|endoftext|><|endoftext|><|endoftext|>' = ['3', '8', '5', '.', '<|im_end|>', '<|endoftext|>', '<|endoftext|>', '<|endoftext|>'] [other]
  L28: '385.<|im_end|><|endoftext|><|endoftext|><|endoftext|>' = ['3', '8', '5', '.', '<|im_end|>', '<|endoftext|>', '<|endoftext|>', '<|endoftext|>'] [other]

row 311: base=BZ -> source=SN  template=calling_code_prefill_v3
  question: 'What is the country calling code for the country in this image?'
  prefill : 'The country calling code is +'
  gold base   (expected unhooked) : '501' = ['5', '0', '1']
  gold source (expected if swap works): '221' = ['2', '2', '1']
  unhooked: '501. This corresponds to Belize' = ['5', '0', '1', '.', ' This', ' corresponds', ' to', ' Belize']
  L19: '501. This corresponds to Belize' = ['5', '0', '1', '.', ' This', ' corresponds', ' to', ' Belize'] [base]
  L20: '501. This corresponds to Belize' = ['5', '0', '1', '.', ' This', ' corresponds', ' to', ' Belize'] [base]
  L21: '501. This corresponds to Belize' = ['5', '0', '1', '.', ' This', ' corresponds', ' to', ' Belize'] [base]
  L22: '501. This corresponds to Belize' = ['5', '0', '1', '.', ' This', ' corresponds', ' to', ' Belize'] [base]
  L23: '20. This corresponds to Egypt,' = ['2', '0', '.', ' This', ' corresponds', ' to', ' Egypt', ','] [other]
  L24: '20. This corresponds to Egypt.' = ['2', '0', '.', ' This', ' corresponds', ' to', ' Egypt', '.'] [other]
  L25: '20. This corresponds to Egypt.' = ['2', '0', '.', ' This', ' corresponds', ' to', ' Egypt', '.'] [other]
  L26: '20. This corresponds to Egypt.' = ['2', '0', '.', ' This', ' corresponds', ' to', ' Egypt', '.'] [other]
  L27: '249. This corresponds to Belize' = ['2', '4', '9', '.', ' This', ' corresponds', ' to', ' Belize'] [other]
  L28: '20. This corresponds to Egypt,' = ['2', '0', '.', ' This', ' corresponds', ' to', ' Egypt', ','] [other]

row 312: base=KH -> source=NZ  template=calling_code_prefill_v4
  question: 'What is the phone country code for the country in this image?'
  prefill : 'The phone code is +'
  gold base   (expected unhooked) : '855' = ['8', '5', '5']
  gold source (expected if swap works): '64' = ['6', '4']
  unhooked: '855. This corresponds to Cambodia' = ['8', '5', '5', '.', ' This', ' corresponds', ' to', ' Cambodia']
  L19: '855. This corresponds to Cambodia' = ['8', '5', '5', '.', ' This', ' corresponds', ' to', ' Cambodia'] [base]
  L20: '855. This corresponds to Cambodia' = ['8', '5', '5', '.', ' This', ' corresponds', ' to', ' Cambodia'] [base]
  L21: '855. This corresponds to Cambodia' = ['8', '5', '5', '.', ' This', ' corresponds', ' to', ' Cambodia'] [base]
  L22: '61.<|im_end|><|endoftext|><|endoftext|><|endoftext|><|endoftext|>' = ['6', '1', '.', '<|im_end|>', '<|endoftext|>', '<|endoftext|>', '<|endoftext|>', '<|endoftext|>'] [other]
  L23: '61.<|im_end|><|endoftext|><|endoftext|><|endoftext|><|endoftext|>' = ['6', '1', '.', '<|im_end|>', '<|endoftext|>', '<|endoftext|>', '<|endoftext|>', '<|endoftext|>'] [other]
  L24: '61.<|im_end|><|endoftext|><|endoftext|><|endoftext|><|endoftext|>' = ['6', '1', '.', '<|im_end|>', '<|endoftext|>', '<|endoftext|>', '<|endoftext|>', '<|endoftext|>'] [other]
  L25: '61.<|im_end|><|endoftext|><|endoftext|><|endoftext|><|endoftext|>' = ['6', '1', '.', '<|im_end|>', '<|endoftext|>', '<|endoftext|>', '<|endoftext|>', '<|endoftext|>'] [other]
  L26: '61.<|im_end|><|endoftext|><|endoftext|><|endoftext|><|endoftext|>' = ['6', '1', '.', '<|im_end|>', '<|endoftext|>', '<|endoftext|>', '<|endoftext|>', '<|endoftext|>'] [other]
  L27: '61.<|im_end|><|endoftext|><|endoftext|><|endoftext|><|endoftext|>' = ['6', '1', '.', '<|im_end|>', '<|endoftext|>', '<|endoftext|>', '<|endoftext|>', '<|endoftext|>'] [other]
  L28: '61.<|im_end|><|endoftext|><|endoftext|><|endoftext|><|endoftext|>' = ['6', '1', '.', '<|im_end|>', '<|endoftext|>', '<|endoftext|>', '<|endoftext|>', '<|endoftext|>'] [other]

row 313: base=CU -> source=NZ  template=calling_code_prefill_v3
  question: 'What is the country calling code for the country in this image?'
  prefill : 'The country calling code is +'
  gold base   (expected unhooked) : '53' = ['5', '3']
  gold source (expected if swap works): '64' = ['6', '4']
  unhooked: '53, which corresponds to Cuba.' = ['5', '3', ',', ' which', ' corresponds', ' to', ' Cuba', '.']
  L19: '53, which corresponds to Cuba.' = ['5', '3', ',', ' which', ' corresponds', ' to', ' Cuba', '.'] [base]
  L20: '53, which corresponds to Cuba.' = ['5', '3', ',', ' which', ' corresponds', ' to', ' Cuba', '.'] [base]
  L21: '53, which corresponds to Cuba.' = ['5', '3', ',', ' which', ' corresponds', ' to', ' Cuba', '.'] [base]
  L22: '53, which corresponds to Cuba.' = ['5', '3', ',', ' which', ' corresponds', ' to', ' Cuba', '.'] [base]
  L23: '63. This corresponds to the country' = ['6', '3', '.', ' This', ' corresponds', ' to', ' the', ' country'] [other]
  L24: '63. This corresponds to the country' = ['6', '3', '.', ' This', ' corresponds', ' to', ' the', ' country'] [other]
  L25: '63. This corresponds to the country' = ['6', '3', '.', ' This', ' corresponds', ' to', ' the', ' country'] [other]
  L26: '63. This corresponds to the country' = ['6', '3', '.', ' This', ' corresponds', ' to', ' the', ' country'] [other]
  L27: '63. This corresponds to the country' = ['6', '3', '.', ' This', ' corresponds', ' to', ' the', ' country'] [other]
  L28: '63. This corresponds to the country' = ['6', '3', '.', ' This', ' corresponds', ' to', ' the', ' country'] [other]

row 314: base=BH -> source=IE  template=calling_code_prefill_v4
  question: 'What is the phone country code for the country in this image?'
  prefill : 'The phone code is +'
  gold base   (expected unhooked) : '973' = ['9', '7', '3']
  gold source (expected if swap works): '353' = ['3', '5', '3']
  unhooked: '973. This is the country' = ['9', '7', '3', '.', ' This', ' is', ' the', ' country']
  L19: '973. This is the country' = ['9', '7', '3', '.', ' This', ' is', ' the', ' country'] [base]
  L20: '973. This is the country' = ['9', '7', '3', '.', ' This', ' is', ' the', ' country'] [base]
  L21: '973. This is the country' = ['9', '7', '3', '.', ' This', ' is', ' the', ' country'] [base]
  L22: '973. This is the country' = ['9', '7', '3', '.', ' This', ' is', ' the', ' country'] [base]
  L23: '373. This corresponds to the' = ['3', '7', '3', '.', ' This', ' corresponds', ' to', ' the'] [other]
  L24: '373. This corresponds to the' = ['3', '7', '3', '.', ' This', ' corresponds', ' to', ' the'] [other]
  L25: '373. This corresponds to the' = ['3', '7', '3', '.', ' This', ' corresponds', ' to', ' the'] [other]
  L26: '373. This corresponds to the' = ['3', '7', '3', '.', ' This', ' corresponds', ' to', ' the'] [other]
  L27: '373. This corresponds to the' = ['3', '7', '3', '.', ' This', ' corresponds', ' to', ' the'] [other]
  L28: '373. This corresponds to the' = ['3', '7', '3', '.', ' This', ' corresponds', ' to', ' the'] [other]

row 315: base=IT -> source=BR  template=calling_code_prefill_v3
  question: 'What is the country calling code for the country in this image?'
  prefill : 'The country calling code is +'
  gold base   (expected unhooked) : '39' = ['3', '9']
  gold source (expected if swap works): '55' = ['5', '5']
  unhooked: '39, which corresponds to Italy.' = ['3', '9', ',', ' which', ' corresponds', ' to', ' Italy', '.']
  L19: '39, which corresponds to Italy.' = ['3', '9', ',', ' which', ' corresponds', ' to', ' Italy', '.'] [base]
  L20: '39, which corresponds to Italy.' = ['3', '9', ',', ' which', ' corresponds', ' to', ' Italy', '.'] [base]
  L21: '39, which corresponds to Italy.' = ['3', '9', ',', ' which', ' corresponds', ' to', ' Italy', '.'] [base]
  L22: '39, which corresponds to Italy.' = ['3', '9', ',', ' which', ' corresponds', ' to', ' Italy', '.'] [base]
  L23: '590, which corresponds to Saint' = ['5', '9', '0', ',', ' which', ' corresponds', ' to', ' Saint'] [other]
  L24: '590, which corresponds to Saint' = ['5', '9', '0', ',', ' which', ' corresponds', ' to', ' Saint'] [other]
  L25: '590, which corresponds to Saint' = ['5', '9', '0', ',', ' which', ' corresponds', ' to', ' Saint'] [other]
  L26: '590, which corresponds to Saint' = ['5', '9', '0', ',', ' which', ' corresponds', ' to', ' Saint'] [other]
  L27: '590, which corresponds to Saint' = ['5', '9', '0', ',', ' which', ' corresponds', ' to', ' Saint'] [other]
  L28: '590, which corresponds to Saint' = ['5', '9', '0', ',', ' which', ' corresponds', ' to', ' Saint'] [other]

row 316: base=BZ -> source=PK  template=calling_code_prefill_v2
  question: 'Give the international dialling code of the country shown in this flag.'
  prefill : 'The dialling code is +'
  gold base   (expected unhooked) : '501' = ['5', '0', '1']
  gold source (expected if swap works): '92' = ['9', '2']
  unhooked: '501.<|im_end|><|endoftext|><|endoftext|><|endoftext|>' = ['5', '0', '1', '.', '<|im_end|>', '<|endoftext|>', '<|endoftext|>', '<|endoftext|>']
  L19: '501.<|im_end|><|endoftext|><|endoftext|><|endoftext|>' = ['5', '0', '1', '.', '<|im_end|>', '<|endoftext|>', '<|endoftext|>', '<|endoftext|>'] [base]
  L20: '501.<|im_end|><|endoftext|><|endoftext|><|endoftext|>' = ['5', '0', '1', '.', '<|im_end|>', '<|endoftext|>', '<|endoftext|>', '<|endoftext|>'] [base]
  L21: '501.<|im_end|><|endoftext|><|endoftext|><|endoftext|>' = ['5', '0', '1', '.', '<|im_end|>', '<|endoftext|>', '<|endoftext|>', '<|endoftext|>'] [base]
  L22: '501.<|im_end|><|endoftext|><|endoftext|><|endoftext|>' = ['5', '0', '1', '.', '<|im_end|>', '<|endoftext|>', '<|endoftext|>', '<|endoftext|>'] [base]
  L23: '91.<|im_end|><|endoftext|><|endoftext|><|endoftext|><|endoftext|>' = ['9', '1', '.', '<|im_end|>', '<|endoftext|>', '<|endoftext|>', '<|endoftext|>', '<|endoftext|>'] [other]
  L24: '91.<|im_end|><|endoftext|><|endoftext|><|endoftext|><|endoftext|>' = ['9', '1', '.', '<|im_end|>', '<|endoftext|>', '<|endoftext|>', '<|endoftext|>', '<|endoftext|>'] [other]
  L25: '91.<|im_end|><|endoftext|><|endoftext|><|endoftext|><|endoftext|>' = ['9', '1', '.', '<|im_end|>', '<|endoftext|>', '<|endoftext|>', '<|endoftext|>', '<|endoftext|>'] [other]
  L26: '91.<|im_end|><|endoftext|><|endoftext|><|endoftext|><|endoftext|>' = ['9', '1', '.', '<|im_end|>', '<|endoftext|>', '<|endoftext|>', '<|endoftext|>', '<|endoftext|>'] [other]
  L27: '91.<|im_end|><|endoftext|><|endoftext|><|endoftext|><|endoftext|>' = ['9', '1', '.', '<|im_end|>', '<|endoftext|>', '<|endoftext|>', '<|endoftext|>', '<|endoftext|>'] [other]
  L28: '976.<|im_end|><|endoftext|><|endoftext|><|endoftext|>' = ['9', '7', '6', '.', '<|im_end|>', '<|endoftext|>', '<|endoftext|>', '<|endoftext|>'] [other]

row 317: base=BD -> source=BZ  template=calling_code_prefill_v4
  question: 'What is the phone country code for the country in this image?'
  prefill : 'The phone code is +'
  gold base   (expected unhooked) : '880' = ['8', '8', '0']
  gold source (expected if swap works): '501' = ['5', '0', '1']
  unhooked: '880. This corresponds to Bangladesh' = ['8', '8', '0', '.', ' This', ' corresponds', ' to', ' Bangladesh']
  L19: '880. This is the country' = ['8', '8', '0', '.', ' This', ' is', ' the', ' country'] [base]
  L20: '880. This is the country' = ['8', '8', '0', '.', ' This', ' is', ' the', ' country'] [base]
  L21: '880. This is the country' = ['8', '8', '0', '.', ' This', ' is', ' the', ' country'] [base]
  L22: '880. This is the country' = ['8', '8', '0', '.', ' This', ' is', ' the', ' country'] [base]
  L23: '501. This corresponds to Guatemala' = ['5', '0', '1', '.', ' This', ' corresponds', ' to', ' Guatemala'] [HIT]
  L24: '501. This corresponds to Guatemala' = ['5', '0', '1', '.', ' This', ' corresponds', ' to', ' Guatemala'] [HIT]
  L25: '501. This corresponds to Guatemala' = ['5', '0', '1', '.', ' This', ' corresponds', ' to', ' Guatemala'] [HIT]
  L26: '501. This corresponds to Guatemala' = ['5', '0', '1', '.', ' This', ' corresponds', ' to', ' Guatemala'] [HIT]
  L27: '501. This corresponds to Guatemala' = ['5', '0', '1', '.', ' This', ' corresponds', ' to', ' Guatemala'] [HIT]
  L28: '501. This corresponds to Guatemala' = ['5', '0', '1', '.', ' This', ' corresponds', ' to', ' Guatemala'] [HIT]

row 318: base=TN -> source=NZ  template=calling_code_prefill_v4
  question: 'What is the phone country code for the country in this image?'
  prefill : 'The phone code is +'
  gold base   (expected unhooked) : '216' = ['2', '1', '6']
  gold source (expected if swap works): '64' = ['6', '4']
  unhooked: '216. This corresponds to Tunisia' = ['2', '1', '6', '.', ' This', ' corresponds', ' to', ' Tunisia']
  L19: '216. This corresponds to Tunisia' = ['2', '1', '6', '.', ' This', ' corresponds', ' to', ' Tunisia'] [base]
  L20: '216. This corresponds to Tunisia' = ['2', '1', '6', '.', ' This', ' corresponds', ' to', ' Tunisia'] [base]
  L21: '216. This corresponds to Tunisia' = ['2', '1', '6', '.', ' This', ' corresponds', ' to', ' Tunisia'] [base]
  L22: '216. This corresponds to Tunisia' = ['2', '1', '6', '.', ' This', ' corresponds', ' to', ' Tunisia'] [base]
  L23: '61.<|im_end|><|endoftext|><|endoftext|><|endoftext|><|endoftext|>' = ['6', '1', '.', '<|im_end|>', '<|endoftext|>', '<|endoftext|>', '<|endoftext|>', '<|endoftext|>'] [other]
  L24: '61.<|im_end|><|endoftext|><|endoftext|><|endoftext|><|endoftext|>' = ['6', '1', '.', '<|im_end|>', '<|endoftext|>', '<|endoftext|>', '<|endoftext|>', '<|endoftext|>'] [other]
  L25: '61.<|im_end|><|endoftext|><|endoftext|><|endoftext|><|endoftext|>' = ['6', '1', '.', '<|im_end|>', '<|endoftext|>', '<|endoftext|>', '<|endoftext|>', '<|endoftext|>'] [other]
  L26: '61.<|im_end|><|endoftext|><|endoftext|><|endoftext|><|endoftext|>' = ['6', '1', '.', '<|im_end|>', '<|endoftext|>', '<|endoftext|>', '<|endoftext|>', '<|endoftext|>'] [other]
  L27: '61.<|im_end|><|endoftext|><|endoftext|><|endoftext|><|endoftext|>' = ['6', '1', '.', '<|im_end|>', '<|endoftext|>', '<|endoftext|>', '<|endoftext|>', '<|endoftext|>'] [other]
  L28: '61.<|im_end|><|endoftext|><|endoftext|><|endoftext|><|endoftext|>' = ['6', '1', '.', '<|im_end|>', '<|endoftext|>', '<|endoftext|>', '<|endoftext|>', '<|endoftext|>'] [other]

row 319: base=JP -> source=HU  template=calling_code_prefill_v6
  question: 'What country code do you dial to call this country?'
  prefill : 'The country code is +'
  gold base   (expected unhooked) : '81' = ['8', '1']
  gold source (expected if swap works): '36' = ['3', '6']
  unhooked: '91.<|im_end|><|endoftext|><|endoftext|><|endoftext|><|endoftext|>' = ['9', '1', '.', '<|im_end|>', '<|endoftext|>', '<|endoftext|>', '<|endoftext|>', '<|endoftext|>']
  L19: '91.<|im_end|><|endoftext|><|endoftext|><|endoftext|><|endoftext|>' = ['9', '1', '.', '<|im_end|>', '<|endoftext|>', '<|endoftext|>', '<|endoftext|>', '<|endoftext|>'] [other]
  L20: '91.<|im_end|><|endoftext|><|endoftext|><|endoftext|><|endoftext|>' = ['9', '1', '.', '<|im_end|>', '<|endoftext|>', '<|endoftext|>', '<|endoftext|>', '<|endoftext|>'] [other]
  L21: '91.<|im_end|><|endoftext|><|endoftext|><|endoftext|><|endoftext|>' = ['9', '1', '.', '<|im_end|>', '<|endoftext|>', '<|endoftext|>', '<|endoftext|>', '<|endoftext|>'] [other]
  L22: '91.<|im_end|><|endoftext|><|endoftext|><|endoftext|><|endoftext|>' = ['9', '1', '.', '<|im_end|>', '<|endoftext|>', '<|endoftext|>', '<|endoftext|>', '<|endoftext|>'] [other]
  L23: '91.<|im_end|><|endoftext|><|endoftext|><|endoftext|><|endoftext|>' = ['9', '1', '.', '<|im_end|>', '<|endoftext|>', '<|endoftext|>', '<|endoftext|>', '<|endoftext|>'] [other]
  L24: '358.<|im_end|><|endoftext|><|endoftext|><|endoftext|>' = ['3', '5', '8', '.', '<|im_end|>', '<|endoftext|>', '<|endoftext|>', '<|endoftext|>'] [other]
  L25: '358.<|im_end|><|endoftext|><|endoftext|><|endoftext|>' = ['3', '5', '8', '.', '<|im_end|>', '<|endoftext|>', '<|endoftext|>', '<|endoftext|>'] [other]
  L26: '358.<|im_end|><|endoftext|><|endoftext|><|endoftext|>' = ['3', '5', '8', '.', '<|im_end|>', '<|endoftext|>', '<|endoftext|>', '<|endoftext|>'] [other]
  L27: '358.<|im_end|><|endoftext|><|endoftext|><|endoftext|>' = ['3', '5', '8', '.', '<|im_end|>', '<|endoftext|>', '<|endoftext|>', '<|endoftext|>'] [other]
  L28: '358.<|im_end|><|endoftext|><|endoftext|><|endoftext|>' = ['3', '5', '8', '.', '<|im_end|>', '<|endoftext|>', '<|endoftext|>', '<|endoftext|>'] [other]

row 320: base=DE -> source=PA  template=calling_code_prefill_v6
  question: 'What country code do you dial to call this country?'
  prefill : 'The country code is +'
  gold base   (expected unhooked) : '49' = ['4', '9']
  gold source (expected if swap works): '507' = ['5', '0', '7']
  unhooked: '49.<|im_end|><|endoftext|><|endoftext|><|endoftext|><|endoftext|>' = ['4', '9', '.', '<|im_end|>', '<|endoftext|>', '<|endoftext|>', '<|endoftext|>', '<|endoftext|>']
  L19: '49.<|im_end|><|endoftext|><|endoftext|><|endoftext|><|endoftext|>' = ['4', '9', '.', '<|im_end|>', '<|endoftext|>', '<|endoftext|>', '<|endoftext|>', '<|endoftext|>'] [base]
  L20: '49.<|im_end|><|endoftext|><|endoftext|><|endoftext|><|endoftext|>' = ['4', '9', '.', '<|im_end|>', '<|endoftext|>', '<|endoftext|>', '<|endoftext|>', '<|endoftext|>'] [base]
  L21: '49.<|im_end|><|endoftext|><|endoftext|><|endoftext|><|endoftext|>' = ['4', '9', '.', '<|im_end|>', '<|endoftext|>', '<|endoftext|>', '<|endoftext|>', '<|endoftext|>'] [base]
  L22: '49.<|im_end|><|endoftext|><|endoftext|><|endoftext|><|endoftext|>' = ['4', '9', '.', '<|im_end|>', '<|endoftext|>', '<|endoftext|>', '<|endoftext|>', '<|endoftext|>'] [base]
  L23: '591.<|im_end|><|endoftext|><|endoftext|><|endoftext|>' = ['5', '9', '1', '.', '<|im_end|>', '<|endoftext|>', '<|endoftext|>', '<|endoftext|>'] [other]
  L24: '52.<|im_end|><|endoftext|><|endoftext|><|endoftext|><|endoftext|>' = ['5', '2', '.', '<|im_end|>', '<|endoftext|>', '<|endoftext|>', '<|endoftext|>', '<|endoftext|>'] [other]
  L25: '52.<|im_end|><|endoftext|><|endoftext|><|endoftext|><|endoftext|>' = ['5', '2', '.', '<|im_end|>', '<|endoftext|>', '<|endoftext|>', '<|endoftext|>', '<|endoftext|>'] [other]
  L26: '591.<|im_end|><|endoftext|><|endoftext|><|endoftext|>' = ['5', '9', '1', '.', '<|im_end|>', '<|endoftext|>', '<|endoftext|>', '<|endoftext|>'] [other]
  L27: '51.<|im_end|><|endoftext|><|endoftext|><|endoftext|><|endoftext|>' = ['5', '1', '.', '<|im_end|>', '<|endoftext|>', '<|endoftext|>', '<|endoftext|>', '<|endoftext|>'] [other]
  L28: '51.<|im_end|><|endoftext|><|endoftext|><|endoftext|><|endoftext|>' = ['5', '1', '.', '<|im_end|>', '<|endoftext|>', '<|endoftext|>', '<|endoftext|>', '<|endoftext|>'] [other]

row 321: base=ES -> source=GY  template=calling_code_prefill_v2
  question: 'Give the international dialling code of the country shown in this flag.'
  prefill : 'The dialling code is +'
  gold base   (expected unhooked) : '34' = ['3', '4']
  gold source (expected if swap works): '592' = ['5', '9', '2']
  unhooked: '34.<|im_end|><|endoftext|><|endoftext|><|endoftext|><|endoftext|>' = ['3', '4', '.', '<|im_end|>', '<|endoftext|>', '<|endoftext|>', '<|endoftext|>', '<|endoftext|>']
  L19: '34.<|im_end|><|endoftext|><|endoftext|><|endoftext|><|endoftext|>' = ['3', '4', '.', '<|im_end|>', '<|endoftext|>', '<|endoftext|>', '<|endoftext|>', '<|endoftext|>'] [base]
  L20: '34.<|im_end|><|endoftext|><|endoftext|><|endoftext|><|endoftext|>' = ['3', '4', '.', '<|im_end|>', '<|endoftext|>', '<|endoftext|>', '<|endoftext|>', '<|endoftext|>'] [base]
  L21: '34.<|im_end|><|endoftext|><|endoftext|><|endoftext|><|endoftext|>' = ['3', '4', '.', '<|im_end|>', '<|endoftext|>', '<|endoftext|>', '<|endoftext|>', '<|endoftext|>'] [base]
  L22: '34.<|im_end|><|endoftext|><|endoftext|><|endoftext|><|endoftext|>' = ['3', '4', '.', '<|im_end|>', '<|endoftext|>', '<|endoftext|>', '<|endoftext|>', '<|endoftext|>'] [base]
  L23: '52.<|im_end|><|endoftext|><|endoftext|><|endoftext|><|endoftext|>' = ['5', '2', '.', '<|im_end|>', '<|endoftext|>', '<|endoftext|>', '<|endoftext|>', '<|endoftext|>'] [other]
  L24: '52.<|im_end|><|endoftext|><|endoftext|><|endoftext|><|endoftext|>' = ['5', '2', '.', '<|im_end|>', '<|endoftext|>', '<|endoftext|>', '<|endoftext|>', '<|endoftext|>'] [other]
  L25: '52.<|im_end|><|endoftext|><|endoftext|><|endoftext|><|endoftext|>' = ['5', '2', '.', '<|im_end|>', '<|endoftext|>', '<|endoftext|>', '<|endoftext|>', '<|endoftext|>'] [other]
  L26: '52.<|im_end|><|endoftext|><|endoftext|><|endoftext|><|endoftext|>' = ['5', '2', '.', '<|im_end|>', '<|endoftext|>', '<|endoftext|>', '<|endoftext|>', '<|endoftext|>'] [other]
  L27: '52.<|im_end|><|endoftext|><|endoftext|><|endoftext|><|endoftext|>' = ['5', '2', '.', '<|im_end|>', '<|endoftext|>', '<|endoftext|>', '<|endoftext|>', '<|endoftext|>'] [other]
  L28: '52.<|im_end|><|endoftext|><|endoftext|><|endoftext|><|endoftext|>' = ['5', '2', '.', '<|im_end|>', '<|endoftext|>', '<|endoftext|>', '<|endoftext|>', '<|endoftext|>'] [other]

row 322: base=PA -> source=KR  template=calling_code_prefill_v5
  question: 'Identify the international dialing code of the country shown in this flag.'
  prefill : 'The dialing code is +'
  gold base   (expected unhooked) : '507' = ['5', '0', '7']
  gold source (expected if swap works): '82' = ['8', '2']
  unhooked: '507.<|im_end|><|endoftext|><|endoftext|><|endoftext|>' = ['5', '0', '7', '.', '<|im_end|>', '<|endoftext|>', '<|endoftext|>', '<|endoftext|>']
  L19: '507.<|im_end|><|endoftext|><|endoftext|><|endoftext|>' = ['5', '0', '7', '.', '<|im_end|>', '<|endoftext|>', '<|endoftext|>', '<|endoftext|>'] [base]
  L20: '507.<|im_end|><|endoftext|><|endoftext|><|endoftext|>' = ['5', '0', '7', '.', '<|im_end|>', '<|endoftext|>', '<|endoftext|>', '<|endoftext|>'] [base]
  L21: '507.<|im_end|><|endoftext|><|endoftext|><|endoftext|>' = ['5', '0', '7', '.', '<|im_end|>', '<|endoftext|>', '<|endoftext|>', '<|endoftext|>'] [base]
  L22: '507.<|im_end|><|endoftext|><|endoftext|><|endoftext|>' = ['5', '0', '7', '.', '<|im_end|>', '<|endoftext|>', '<|endoftext|>', '<|endoftext|>'] [base]
  L23: '855.<|im_end|><|endoftext|><|endoftext|><|endoftext|>' = ['8', '5', '5', '.', '<|im_end|>', '<|endoftext|>', '<|endoftext|>', '<|endoftext|>'] [other]
  L24: '855.<|im_end|><|endoftext|><|endoftext|><|endoftext|>' = ['8', '5', '5', '.', '<|im_end|>', '<|endoftext|>', '<|endoftext|>', '<|endoftext|>'] [other]
  L25: '855.<|im_end|><|endoftext|><|endoftext|><|endoftext|>' = ['8', '5', '5', '.', '<|im_end|>', '<|endoftext|>', '<|endoftext|>', '<|endoftext|>'] [other]
  L26: '855.<|im_end|><|endoftext|><|endoftext|><|endoftext|>' = ['8', '5', '5', '.', '<|im_end|>', '<|endoftext|>', '<|endoftext|>', '<|endoftext|>'] [other]
  L27: '86.<|im_end|><|endoftext|><|endoftext|><|endoftext|><|endoftext|>' = ['8', '6', '.', '<|im_end|>', '<|endoftext|>', '<|endoftext|>', '<|endoftext|>', '<|endoftext|>'] [other]
  L28: '800 for Panama.<|im_end|><|endoftext|>' = ['8', '0', '0', ' for', ' Panama', '.', '<|im_end|>', '<|endoftext|>'] [other]

row 323: base=AU -> source=SD  template=calling_code_prefill_v4
  question: 'What is the phone country code for the country in this image?'
  prefill : 'The phone code is +'
  gold base   (expected unhooked) : '61' = ['6', '1']
  gold source (expected if swap works): '249' = ['2', '4', '9']
  unhooked: '61. This is the country code' = ['6', '1', '.', ' This', ' is', ' the', ' country', ' code']
  L19: '61. This is the country code' = ['6', '1', '.', ' This', ' is', ' the', ' country', ' code'] [base]
  L20: '61. This is the country code' = ['6', '1', '.', ' This', ' is', ' the', ' country', ' code'] [base]
  L21: '61. This is the country code' = ['6', '1', '.', ' This', ' is', ' the', ' country', ' code'] [base]
  L22: '61. This is the country code' = ['6', '1', '.', ' This', ' is', ' the', ' country', ' code'] [base]
  L23: '260.<|im_end|><|endoftext|><|endoftext|><|endoftext|>' = ['2', '6', '0', '.', '<|im_end|>', '<|endoftext|>', '<|endoftext|>', '<|endoftext|>'] [other]
  L24: '260.<|im_end|><|endoftext|><|endoftext|><|endoftext|>' = ['2', '6', '0', '.', '<|im_end|>', '<|endoftext|>', '<|endoftext|>', '<|endoftext|>'] [other]
  L25: '260.<|im_end|><|endoftext|><|endoftext|><|endoftext|>' = ['2', '6', '0', '.', '<|im_end|>', '<|endoftext|>', '<|endoftext|>', '<|endoftext|>'] [other]
  L26: '260.<|im_end|><|endoftext|><|endoftext|><|endoftext|>' = ['2', '6', '0', '.', '<|im_end|>', '<|endoftext|>', '<|endoftext|>', '<|endoftext|>'] [other]
  L27: '260.<|im_end|><|endoftext|><|endoftext|><|endoftext|>' = ['2', '6', '0', '.', '<|im_end|>', '<|endoftext|>', '<|endoftext|>', '<|endoftext|>'] [other]
  L28: '260.<|im_end|><|endoftext|><|endoftext|><|endoftext|>' = ['2', '6', '0', '.', '<|im_end|>', '<|endoftext|>', '<|endoftext|>', '<|endoftext|>'] [other]

row 324: base=AZ -> source=LR  template=calling_code_prefill_v6
  question: 'What country code do you dial to call this country?'
  prefill : 'The country code is +'
  gold base   (expected unhooked) : '994' = ['9', '9', '4']
  gold source (expected if swap works): '231' = ['2', '3', '1']
  unhooked: '994.<|im_end|><|endoftext|><|endoftext|><|endoftext|>' = ['9', '9', '4', '.', '<|im_end|>', '<|endoftext|>', '<|endoftext|>', '<|endoftext|>']
  L19: '994.<|im_end|><|endoftext|><|endoftext|><|endoftext|>' = ['9', '9', '4', '.', '<|im_end|>', '<|endoftext|>', '<|endoftext|>', '<|endoftext|>'] [base]
  L20: '994.<|im_end|><|endoftext|><|endoftext|><|endoftext|>' = ['9', '9', '4', '.', '<|im_end|>', '<|endoftext|>', '<|endoftext|>', '<|endoftext|>'] [base]
  L21: '994.<|im_end|><|endoftext|><|endoftext|><|endoftext|>' = ['9', '9', '4', '.', '<|im_end|>', '<|endoftext|>', '<|endoftext|>', '<|endoftext|>'] [base]
  L22: '994.<|im_end|><|endoftext|><|endoftext|><|endoftext|>' = ['9', '9', '4', '.', '<|im_end|>', '<|endoftext|>', '<|endoftext|>', '<|endoftext|>'] [base]
  L23: '297.<|im_end|><|endoftext|><|endoftext|><|endoftext|>' = ['2', '9', '7', '.', '<|im_end|>', '<|endoftext|>', '<|endoftext|>', '<|endoftext|>'] [other]
  L24: '294.<|im_end|><|endoftext|><|endoftext|><|endoftext|>' = ['2', '9', '4', '.', '<|im_end|>', '<|endoftext|>', '<|endoftext|>', '<|endoftext|>'] [other]
  L25: '294.<|im_end|><|endoftext|><|endoftext|><|endoftext|>' = ['2', '9', '4', '.', '<|im_end|>', '<|endoftext|>', '<|endoftext|>', '<|endoftext|>'] [other]
  L26: '294.<|im_end|><|endoftext|><|endoftext|><|endoftext|>' = ['2', '9', '4', '.', '<|im_end|>', '<|endoftext|>', '<|endoftext|>', '<|endoftext|>'] [other]
  L27: '251.<|im_end|><|endoftext|><|endoftext|><|endoftext|>' = ['2', '5', '1', '.', '<|im_end|>', '<|endoftext|>', '<|endoftext|>', '<|endoftext|>'] [other]
  L28: '251.<|im_end|><|endoftext|><|endoftext|><|endoftext|>' = ['2', '5', '1', '.', '<|im_end|>', '<|endoftext|>', '<|endoftext|>', '<|endoftext|>'] [other]

row 325: base=JP -> source=EG  template=calling_code_prefill_v5
  question: 'Identify the international dialing code of the country shown in this flag.'
  prefill : 'The dialing code is +'
  gold base   (expected unhooked) : '81' = ['8', '1']
  gold source (expected if swap works): '20' = ['2', '0']
  unhooked: '86.<|im_end|><|endoftext|><|endoftext|><|endoftext|><|endoftext|>' = ['8', '6', '.', '<|im_end|>', '<|endoftext|>', '<|endoftext|>', '<|endoftext|>', '<|endoftext|>']
  L19: '86.<|im_end|><|endoftext|><|endoftext|><|endoftext|><|endoftext|>' = ['8', '6', '.', '<|im_end|>', '<|endoftext|>', '<|endoftext|>', '<|endoftext|>', '<|endoftext|>'] [other]
  L20: '90.<|im_end|><|endoftext|><|endoftext|><|endoftext|><|endoftext|>' = ['9', '0', '.', '<|im_end|>', '<|endoftext|>', '<|endoftext|>', '<|endoftext|>', '<|endoftext|>'] [other]
  L21: '90.<|im_end|><|endoftext|><|endoftext|><|endoftext|><|endoftext|>' = ['9', '0', '.', '<|im_end|>', '<|endoftext|>', '<|endoftext|>', '<|endoftext|>', '<|endoftext|>'] [other]
  L22: '250.<|im_end|><|endoftext|><|endoftext|><|endoftext|>' = ['2', '5', '0', '.', '<|im_end|>', '<|endoftext|>', '<|endoftext|>', '<|endoftext|>'] [other]
  L23: '250.<|im_end|><|endoftext|><|endoftext|><|endoftext|>' = ['2', '5', '0', '.', '<|im_end|>', '<|endoftext|>', '<|endoftext|>', '<|endoftext|>'] [other]
  L24: '250.<|im_end|><|endoftext|><|endoftext|><|endoftext|>' = ['2', '5', '0', '.', '<|im_end|>', '<|endoftext|>', '<|endoftext|>', '<|endoftext|>'] [other]
  L25: '250.<|im_end|><|endoftext|><|endoftext|><|endoftext|>' = ['2', '5', '0', '.', '<|im_end|>', '<|endoftext|>', '<|endoftext|>', '<|endoftext|>'] [other]
  L26: '234.<|im_end|><|endoftext|><|endoftext|><|endoftext|>' = ['2', '3', '4', '.', '<|im_end|>', '<|endoftext|>', '<|endoftext|>', '<|endoftext|>'] [other]
  L27: '250.<|im_end|><|endoftext|><|endoftext|><|endoftext|>' = ['2', '5', '0', '.', '<|im_end|>', '<|endoftext|>', '<|endoftext|>', '<|endoftext|>'] [other]
  L28: '250.<|im_end|><|endoftext|><|endoftext|><|endoftext|>' = ['2', '5', '0', '.', '<|im_end|>', '<|endoftext|>', '<|endoftext|>', '<|endoftext|>'] [other]

row 326: base=KR -> source=PA  template=calling_code_prefill_v6
  question: 'What country code do you dial to call this country?'
  prefill : 'The country code is +'
  gold base   (expected unhooked) : '82' = ['8', '2']
  gold source (expected if swap works): '507' = ['5', '0', '7']
  unhooked: '82. This is the country code' = ['8', '2', '.', ' This', ' is', ' the', ' country', ' code']
  L19: '82. This is the country code' = ['8', '2', '.', ' This', ' is', ' the', ' country', ' code'] [base]
  L20: '82. This is the country code' = ['8', '2', '.', ' This', ' is', ' the', ' country', ' code'] [base]
  L21: '82. This is the country code' = ['8', '2', '.', ' This', ' is', ' the', ' country', ' code'] [base]
  L22: '82. This is the country code' = ['8', '2', '.', ' This', ' is', ' the', ' country', ' code'] [base]
  L23: '52.<|im_end|><|endoftext|><|endoftext|><|endoftext|><|endoftext|>' = ['5', '2', '.', '<|im_end|>', '<|endoftext|>', '<|endoftext|>', '<|endoftext|>', '<|endoftext|>'] [other]
  L24: '52.<|im_end|><|endoftext|><|endoftext|><|endoftext|><|endoftext|>' = ['5', '2', '.', '<|im_end|>', '<|endoftext|>', '<|endoftext|>', '<|endoftext|>', '<|endoftext|>'] [other]
  L25: '52.<|im_end|><|endoftext|><|endoftext|><|endoftext|><|endoftext|>' = ['5', '2', '.', '<|im_end|>', '<|endoftext|>', '<|endoftext|>', '<|endoftext|>', '<|endoftext|>'] [other]
  L26: '52.<|im_end|><|endoftext|><|endoftext|><|endoftext|><|endoftext|>' = ['5', '2', '.', '<|im_end|>', '<|endoftext|>', '<|endoftext|>', '<|endoftext|>', '<|endoftext|>'] [other]
  L27: '52.<|im_end|><|endoftext|><|endoftext|><|endoftext|><|endoftext|>' = ['5', '2', '.', '<|im_end|>', '<|endoftext|>', '<|endoftext|>', '<|endoftext|>', '<|endoftext|>'] [other]
  L28: '52.<|im_end|><|endoftext|><|endoftext|><|endoftext|><|endoftext|>' = ['5', '2', '.', '<|im_end|>', '<|endoftext|>', '<|endoftext|>', '<|endoftext|>', '<|endoftext|>'] [other]

row 327: base=JP -> source=UY  template=calling_code_prefill_v4
  question: 'What is the phone country code for the country in this image?'
  prefill : 'The phone code is +'
  gold base   (expected unhooked) : '81' = ['8', '1']
  gold source (expected if swap works): '598' = ['5', '9', '8']
  unhooked: '86, which corresponds to China.' = ['8', '6', ',', ' which', ' corresponds', ' to', ' China', '.']
  L19: '86, which corresponds to China.' = ['8', '6', ',', ' which', ' corresponds', ' to', ' China', '.'] [other]
  L20: '86, which corresponds to China.' = ['8', '6', ',', ' which', ' corresponds', ' to', ' China', '.'] [other]
  L21: '358. This corresponds to Finland' = ['3', '5', '8', '.', ' This', ' corresponds', ' to', ' Finland'] [other]
  L22: '591, which corresponds to Bolivia' = ['5', '9', '1', ',', ' which', ' corresponds', ' to', ' Bolivia'] [other]
  L23: '591, which corresponds to Bolivia' = ['5', '9', '1', ',', ' which', ' corresponds', ' to', ' Bolivia'] [other]
  L24: '591, which corresponds to Bolivia' = ['5', '9', '1', ',', ' which', ' corresponds', ' to', ' Bolivia'] [other]
  L25: '52, which corresponds to Mexico.' = ['5', '2', ',', ' which', ' corresponds', ' to', ' Mexico', '.'] [other]
  L26: '52, which corresponds to Mexico.' = ['5', '2', ',', ' which', ' corresponds', ' to', ' Mexico', '.'] [other]
  L27: '591, which corresponds to Bolivia' = ['5', '9', '1', ',', ' which', ' corresponds', ' to', ' Bolivia'] [other]
  L28: '591, which corresponds to Par' = ['5', '9', '1', ',', ' which', ' corresponds', ' to', ' Par'] [other]

row 328: base=NZ -> source=DE  template=calling_code_prefill_v4
  question: 'What is the phone country code for the country in this image?'
  prefill : 'The phone code is +'
  gold base   (expected unhooked) : '64' = ['6', '4']
  gold source (expected if swap works): '49' = ['4', '9']
  unhooked: '64. This is the country code' = ['6', '4', '.', ' This', ' is', ' the', ' country', ' code']
  L19: '64. This is the country code' = ['6', '4', '.', ' This', ' is', ' the', ' country', ' code'] [base]
  L20: '64. This is the country code' = ['6', '4', '.', ' This', ' is', ' the', ' country', ' code'] [base]
  L21: '64. This is the country code' = ['6', '4', '.', ' This', ' is', ' the', ' country', ' code'] [base]
  L22: '64. This is the country code' = ['6', '4', '.', ' This', ' is', ' the', ' country', ' code'] [base]
  L23: '47.<|im_end|><|endoftext|><|endoftext|><|endoftext|><|endoftext|>' = ['4', '7', '.', '<|im_end|>', '<|endoftext|>', '<|endoftext|>', '<|endoftext|>', '<|endoftext|>'] [other]
  L24: '47.<|im_end|><|endoftext|><|endoftext|><|endoftext|><|endoftext|>' = ['4', '7', '.', '<|im_end|>', '<|endoftext|>', '<|endoftext|>', '<|endoftext|>', '<|endoftext|>'] [other]
  L25: '47.<|im_end|><|endoftext|><|endoftext|><|endoftext|><|endoftext|>' = ['4', '7', '.', '<|im_end|>', '<|endoftext|>', '<|endoftext|>', '<|endoftext|>', '<|endoftext|>'] [other]
  L26: '47.<|im_end|><|endoftext|><|endoftext|><|endoftext|><|endoftext|>' = ['4', '7', '.', '<|im_end|>', '<|endoftext|>', '<|endoftext|>', '<|endoftext|>', '<|endoftext|>'] [other]
  L27: '47.<|im_end|><|endoftext|><|endoftext|><|endoftext|><|endoftext|>' = ['4', '7', '.', '<|im_end|>', '<|endoftext|>', '<|endoftext|>', '<|endoftext|>', '<|endoftext|>'] [other]
  L28: '47.<|im_end|><|endoftext|><|endoftext|><|endoftext|><|endoftext|>' = ['4', '7', '.', '<|im_end|>', '<|endoftext|>', '<|endoftext|>', '<|endoftext|>', '<|endoftext|>'] [other]

row 329: base=UZ -> source=DK  template=calling_code_prefill_v4
  question: 'What is the phone country code for the country in this image?'
  prefill : 'The phone code is +'
  gold base   (expected unhooked) : '998' = ['9', '9', '8']
  gold source (expected if swap works): '45' = ['4', '5']
  unhooked: '998. This is the country' = ['9', '9', '8', '.', ' This', ' is', ' the', ' country']
  L19: '998. This is the country' = ['9', '9', '8', '.', ' This', ' is', ' the', ' country'] [base]
  L20: '998. This is the country' = ['9', '9', '8', '.', ' This', ' is', ' the', ' country'] [base]
  L21: '998. This is the country' = ['9', '9', '8', '.', ' This', ' is', ' the', ' country'] [base]
  L22: '998. This is the country' = ['9', '9', '8', '.', ' This', ' is', ' the', ' country'] [base]
  L23: '998.<|im_end|><|endoftext|><|endoftext|><|endoftext|>' = ['9', '9', '8', '.', '<|im_end|>', '<|endoftext|>', '<|endoftext|>', '<|endoftext|>'] [base]
  L24: '49.<|im_end|><|endoftext|><|endoftext|><|endoftext|><|endoftext|>' = ['4', '9', '.', '<|im_end|>', '<|endoftext|>', '<|endoftext|>', '<|endoftext|>', '<|endoftext|>'] [other]
  L25: '49.<|im_end|><|endoftext|><|endoftext|><|endoftext|><|endoftext|>' = ['4', '9', '.', '<|im_end|>', '<|endoftext|>', '<|endoftext|>', '<|endoftext|>', '<|endoftext|>'] [other]
  L26: '49.<|im_end|><|endoftext|><|endoftext|><|endoftext|><|endoftext|>' = ['4', '9', '.', '<|im_end|>', '<|endoftext|>', '<|endoftext|>', '<|endoftext|>', '<|endoftext|>'] [other]
  L27: '49, which corresponds to Germany.' = ['4', '9', ',', ' which', ' corresponds', ' to', ' Germany', '.'] [other]
  L28: '49, which corresponds to Germany.' = ['4', '9', ',', ' which', ' corresponds', ' to', ' Germany', '.'] [other]

row 330: base=BE -> source=DZ  template=calling_code_prefill_v6
  question: 'What country code do you dial to call this country?'
  prefill : 'The country code is +'
  gold base   (expected unhooked) : '32' = ['3', '2']
  gold source (expected if swap works): '213' = ['2', '1', '3']
  unhooked: '32. This is the country code' = ['3', '2', '.', ' This', ' is', ' the', ' country', ' code']
  L19: '32. This is the country code' = ['3', '2', '.', ' This', ' is', ' the', ' country', ' code'] [base]
  L20: '32. This is the country code' = ['3', '2', '.', ' This', ' is', ' the', ' country', ' code'] [base]
  L21: '32. This is the country code' = ['3', '2', '.', ' This', ' is', ' the', ' country', ' code'] [base]
  L22: '250. This is the country' = ['2', '5', '0', '.', ' This', ' is', ' the', ' country'] [other]
  L23: '250. This is the country' = ['2', '5', '0', '.', ' This', ' is', ' the', ' country'] [other]
  L24: '250. This is the country' = ['2', '5', '0', '.', ' This', ' is', ' the', ' country'] [other]
  L25: '250. This is the country' = ['2', '5', '0', '.', ' This', ' is', ' the', ' country'] [other]
  L26: '250. This is the country' = ['2', '5', '0', '.', ' This', ' is', ' the', ' country'] [other]
  L27: '20. This is the country code' = ['2', '0', '.', ' This', ' is', ' the', ' country', ' code'] [other]
  L28: '20. This is the country code' = ['2', '0', '.', ' This', ' is', ' the', ' country', ' code'] [other]

row 331: base=HU -> source=AM  template=calling_code_prefill_v4
  question: 'What is the phone country code for the country in this image?'
  prefill : 'The phone code is +'
  gold base   (expected unhooked) : '36' = ['3', '6']
  gold source (expected if swap works): '374' = ['3', '7', '4']
  unhooked: '36.<|im_end|><|endoftext|><|endoftext|><|endoftext|><|endoftext|>' = ['3', '6', '.', '<|im_end|>', '<|endoftext|>', '<|endoftext|>', '<|endoftext|>', '<|endoftext|>']
  L19: '36.<|im_end|><|endoftext|><|endoftext|><|endoftext|><|endoftext|>' = ['3', '6', '.', '<|im_end|>', '<|endoftext|>', '<|endoftext|>', '<|endoftext|>', '<|endoftext|>'] [base]
  L20: '36.<|im_end|><|endoftext|><|endoftext|><|endoftext|><|endoftext|>' = ['3', '6', '.', '<|im_end|>', '<|endoftext|>', '<|endoftext|>', '<|endoftext|>', '<|endoftext|>'] [base]
  L21: '36.<|im_end|><|endoftext|><|endoftext|><|endoftext|><|endoftext|>' = ['3', '6', '.', '<|im_end|>', '<|endoftext|>', '<|endoftext|>', '<|endoftext|>', '<|endoftext|>'] [base]
  L22: '36.<|im_end|><|endoftext|><|endoftext|><|endoftext|><|endoftext|>' = ['3', '6', '.', '<|im_end|>', '<|endoftext|>', '<|endoftext|>', '<|endoftext|>', '<|endoftext|>'] [base]
  L23: '36.<|im_end|><|endoftext|><|endoftext|><|endoftext|><|endoftext|>' = ['3', '6', '.', '<|im_end|>', '<|endoftext|>', '<|endoftext|>', '<|endoftext|>', '<|endoftext|>'] [base]
  L24: '36.<|im_end|><|endoftext|><|endoftext|><|endoftext|><|endoftext|>' = ['3', '6', '.', '<|im_end|>', '<|endoftext|>', '<|endoftext|>', '<|endoftext|>', '<|endoftext|>'] [base]
  L25: '36.<|im_end|><|endoftext|><|endoftext|><|endoftext|><|endoftext|>' = ['3', '6', '.', '<|im_end|>', '<|endoftext|>', '<|endoftext|>', '<|endoftext|>', '<|endoftext|>'] [base]
  L26: '36.<|im_end|><|endoftext|><|endoftext|><|endoftext|><|endoftext|>' = ['3', '6', '.', '<|im_end|>', '<|endoftext|>', '<|endoftext|>', '<|endoftext|>', '<|endoftext|>'] [base]
  L27: '36.<|im_end|><|endoftext|><|endoftext|><|endoftext|><|endoftext|>' = ['3', '6', '.', '<|im_end|>', '<|endoftext|>', '<|endoftext|>', '<|endoftext|>', '<|endoftext|>'] [base]
  L28: '36.<|im_end|><|endoftext|><|endoftext|><|endoftext|><|endoftext|>' = ['3', '6', '.', '<|im_end|>', '<|endoftext|>', '<|endoftext|>', '<|endoftext|>', '<|endoftext|>'] [base]

row 332: base=DK -> source=PK  template=calling_code_prefill_v2
  question: 'Give the international dialling code of the country shown in this flag.'
  prefill : 'The dialling code is +'
  gold base   (expected unhooked) : '45' = ['4', '5']
  gold source (expected if swap works): '92' = ['9', '2']
  unhooked: '45.<|im_end|><|endoftext|><|endoftext|><|endoftext|><|endoftext|>' = ['4', '5', '.', '<|im_end|>', '<|endoftext|>', '<|endoftext|>', '<|endoftext|>', '<|endoftext|>']
  L19: '45.<|im_end|><|endoftext|><|endoftext|><|endoftext|><|endoftext|>' = ['4', '5', '.', '<|im_end|>', '<|endoftext|>', '<|endoftext|>', '<|endoftext|>', '<|endoftext|>'] [base]
  L20: '45.<|im_end|><|endoftext|><|endoftext|><|endoftext|><|endoftext|>' = ['4', '5', '.', '<|im_end|>', '<|endoftext|>', '<|endoftext|>', '<|endoftext|>', '<|endoftext|>'] [base]
  L21: '45.<|im_end|><|endoftext|><|endoftext|><|endoftext|><|endoftext|>' = ['4', '5', '.', '<|im_end|>', '<|endoftext|>', '<|endoftext|>', '<|endoftext|>', '<|endoftext|>'] [base]
  L22: '975.<|im_end|><|endoftext|><|endoftext|><|endoftext|>' = ['9', '7', '5', '.', '<|im_end|>', '<|endoftext|>', '<|endoftext|>', '<|endoftext|>'] [other]
  L23: '975.<|im_end|><|endoftext|><|endoftext|><|endoftext|>' = ['9', '7', '5', '.', '<|im_end|>', '<|endoftext|>', '<|endoftext|>', '<|endoftext|>'] [other]
  L24: '975.<|im_end|><|endoftext|><|endoftext|><|endoftext|>' = ['9', '7', '5', '.', '<|im_end|>', '<|endoftext|>', '<|endoftext|>', '<|endoftext|>'] [other]
  L25: '975.<|im_end|><|endoftext|><|endoftext|><|endoftext|>' = ['9', '7', '5', '.', '<|im_end|>', '<|endoftext|>', '<|endoftext|>', '<|endoftext|>'] [other]
  L26: '975.<|im_end|><|endoftext|><|endoftext|><|endoftext|>' = ['9', '7', '5', '.', '<|im_end|>', '<|endoftext|>', '<|endoftext|>', '<|endoftext|>'] [other]
  L27: '975.<|im_end|><|endoftext|><|endoftext|><|endoftext|>' = ['9', '7', '5', '.', '<|im_end|>', '<|endoftext|>', '<|endoftext|>', '<|endoftext|>'] [other]
  L28: '975.<|im_end|><|endoftext|><|endoftext|><|endoftext|>' = ['9', '7', '5', '.', '<|im_end|>', '<|endoftext|>', '<|endoftext|>', '<|endoftext|>'] [other]

row 333: base=CY -> source=KH  template=calling_code_prefill_v2
  question: 'Give the international dialling code of the country shown in this flag.'
  prefill : 'The dialling code is +'
  gold base   (expected unhooked) : '357' = ['3', '5', '7']
  gold source (expected if swap works): '855' = ['8', '5', '5']
  unhooked: '357.<|im_end|><|endoftext|><|endoftext|><|endoftext|>' = ['3', '5', '7', '.', '<|im_end|>', '<|endoftext|>', '<|endoftext|>', '<|endoftext|>']
  L19: '357.<|im_end|><|endoftext|><|endoftext|><|endoftext|>' = ['3', '5', '7', '.', '<|im_end|>', '<|endoftext|>', '<|endoftext|>', '<|endoftext|>'] [base]
  L20: '357.<|im_end|><|endoftext|><|endoftext|><|endoftext|>' = ['3', '5', '7', '.', '<|im_end|>', '<|endoftext|>', '<|endoftext|>', '<|endoftext|>'] [base]
  L21: '357.<|im_end|><|endoftext|><|endoftext|><|endoftext|>' = ['3', '5', '7', '.', '<|im_end|>', '<|endoftext|>', '<|endoftext|>', '<|endoftext|>'] [base]
  L22: '357.<|im_end|><|endoftext|><|endoftext|><|endoftext|>' = ['3', '5', '7', '.', '<|im_end|>', '<|endoftext|>', '<|endoftext|>', '<|endoftext|>'] [base]
  L23: '235.<|im_end|><|endoftext|><|endoftext|><|endoftext|>' = ['2', '3', '5', '.', '<|im_end|>', '<|endoftext|>', '<|endoftext|>', '<|endoftext|>'] [other]
  L24: '852.<|im_end|><|endoftext|><|endoftext|><|endoftext|>' = ['8', '5', '2', '.', '<|im_end|>', '<|endoftext|>', '<|endoftext|>', '<|endoftext|>'] [other]
  L25: '852.<|im_end|><|endoftext|><|endoftext|><|endoftext|>' = ['8', '5', '2', '.', '<|im_end|>', '<|endoftext|>', '<|endoftext|>', '<|endoftext|>'] [other]
  L26: '852.<|im_end|><|endoftext|><|endoftext|><|endoftext|>' = ['8', '5', '2', '.', '<|im_end|>', '<|endoftext|>', '<|endoftext|>', '<|endoftext|>'] [other]
  L27: '852.<|im_end|><|endoftext|><|endoftext|><|endoftext|>' = ['8', '5', '2', '.', '<|im_end|>', '<|endoftext|>', '<|endoftext|>', '<|endoftext|>'] [other]
  L28: '852.<|im_end|><|endoftext|><|endoftext|><|endoftext|>' = ['8', '5', '2', '.', '<|im_end|>', '<|endoftext|>', '<|endoftext|>', '<|endoftext|>'] [other]

row 334: base=PK -> source=KH  template=calling_code_prefill_v1
  question: 'What is the international calling code of the country in this image?'
  prefill : 'The calling code is +'
  gold base   (expected unhooked) : '92' = ['9', '2']
  gold source (expected if swap works): '855' = ['8', '5', '5']
  unhooked: '92, which corresponds to Pakistan.' = ['9', '2', ',', ' which', ' corresponds', ' to', ' Pakistan', '.']
  L19: '92, which corresponds to Pakistan.' = ['9', '2', ',', ' which', ' corresponds', ' to', ' Pakistan', '.'] [base]
  L20: '92, which corresponds to Pakistan.' = ['9', '2', ',', ' which', ' corresponds', ' to', ' Pakistan', '.'] [base]
  L21: '92, which corresponds to Pakistan.' = ['9', '2', ',', ' which', ' corresponds', ' to', ' Pakistan', '.'] [base]
  L22: '92, which corresponds to Pakistan.' = ['9', '2', ',', ' which', ' corresponds', ' to', ' Pakistan', '.'] [base]
  L23: '880. This corresponds to Pakistan' = ['8', '8', '0', '.', ' This', ' corresponds', ' to', ' Pakistan'] [other]
  L24: '880. This corresponds to Pakistan' = ['8', '8', '0', '.', ' This', ' corresponds', ' to', ' Pakistan'] [other]
  L25: '880. This corresponds to Pakistan' = ['8', '8', '0', '.', ' This', ' corresponds', ' to', ' Pakistan'] [other]
  L26: '880. This corresponds to Pakistan' = ['8', '8', '0', '.', ' This', ' corresponds', ' to', ' Pakistan'] [other]
  L27: '880. This corresponds to Pakistan' = ['8', '8', '0', '.', ' This', ' corresponds', ' to', ' Pakistan'] [other]
  L28: '880. This corresponds to Pakistan' = ['8', '8', '0', '.', ' This', ' corresponds', ' to', ' Pakistan'] [other]

row 335: base=QA -> source=RW  template=calling_code_prefill_v3
  question: 'What is the country calling code for the country in this image?'
  prefill : 'The country calling code is +'
  gold base   (expected unhooked) : '974' = ['9', '7', '4']
  gold source (expected if swap works): '250' = ['2', '5', '0']
  unhooked: '974. This corresponds to Qatar' = ['9', '7', '4', '.', ' This', ' corresponds', ' to', ' Qatar']
  L19: '974. This corresponds to Qatar' = ['9', '7', '4', '.', ' This', ' corresponds', ' to', ' Qatar'] [base]
  L20: '974. This corresponds to Qatar' = ['9', '7', '4', '.', ' This', ' corresponds', ' to', ' Qatar'] [base]
  L21: '974. This corresponds to Qatar' = ['9', '7', '4', '.', ' This', ' corresponds', ' to', ' Qatar'] [base]
  L22: '974. This corresponds to Qatar' = ['9', '7', '4', '.', ' This', ' corresponds', ' to', ' Qatar'] [base]
  L23: '230, which corresponds to Maurit' = ['2', '3', '0', ',', ' which', ' corresponds', ' to', ' Maurit'] [other]
  L24: '230. This corresponds to Maurit' = ['2', '3', '0', '.', ' This', ' corresponds', ' to', ' Maurit'] [other]
  L25: '230. This corresponds to Maurit' = ['2', '3', '0', '.', ' This', ' corresponds', ' to', ' Maurit'] [other]
  L26: '230. This corresponds to Maurit' = ['2', '3', '0', '.', ' This', ' corresponds', ' to', ' Maurit'] [other]
  L27: '230, which corresponds to Maurit' = ['2', '3', '0', ',', ' which', ' corresponds', ' to', ' Maurit'] [other]
  L28: '230, which corresponds to Maurit' = ['2', '3', '0', ',', ' which', ' corresponds', ' to', ' Maurit'] [other]

row 336: base=AU -> source=IT  template=calling_code_prefill_v4
  question: 'What is the phone country code for the country in this image?'
  prefill : 'The phone code is +'
  gold base   (expected unhooked) : '61' = ['6', '1']
  gold source (expected if swap works): '39' = ['3', '9']
  unhooked: '61. This is the country code' = ['6', '1', '.', ' This', ' is', ' the', ' country', ' code']
  L19: '61. This is the country code' = ['6', '1', '.', ' This', ' is', ' the', ' country', ' code'] [base]
  L20: '61. This is the country code' = ['6', '1', '.', ' This', ' is', ' the', ' country', ' code'] [base]
  L21: '61. This is the country code' = ['6', '1', '.', ' This', ' is', ' the', ' country', ' code'] [base]
  L22: '61. This is the country code' = ['6', '1', '.', ' This', ' is', ' the', ' country', ' code'] [base]
  L23: '359. This corresponds to Bulgaria' = ['3', '5', '9', '.', ' This', ' corresponds', ' to', ' Bulgaria'] [other]
  L24: '359. This corresponds to Bulgaria' = ['3', '5', '9', '.', ' This', ' corresponds', ' to', ' Bulgaria'] [other]
  L25: '359. This corresponds to Bulgaria' = ['3', '5', '9', '.', ' This', ' corresponds', ' to', ' Bulgaria'] [other]
  L26: '359. This corresponds to Bulgaria' = ['3', '5', '9', '.', ' This', ' corresponds', ' to', ' Bulgaria'] [other]
  L27: '359. This corresponds to Bulgaria' = ['3', '5', '9', '.', ' This', ' corresponds', ' to', ' Bulgaria'] [other]
  L28: '359. This corresponds to Bulgaria' = ['3', '5', '9', '.', ' This', ' corresponds', ' to', ' Bulgaria'] [other]

row 337: base=BD -> source=PK  template=calling_code_prefill_v4
  question: 'What is the phone country code for the country in this image?'
  prefill : 'The phone code is +'
  gold base   (expected unhooked) : '880' = ['8', '8', '0']
  gold source (expected if swap works): '92' = ['9', '2']
  unhooked: '880. This corresponds to Bangladesh' = ['8', '8', '0', '.', ' This', ' corresponds', ' to', ' Bangladesh']
  L19: '880. This is the country' = ['8', '8', '0', '.', ' This', ' is', ' the', ' country'] [base]
  L20: '880. This is the country' = ['8', '8', '0', '.', ' This', ' is', ' the', ' country'] [base]
  L21: '880. This is the country' = ['8', '8', '0', '.', ' This', ' is', ' the', ' country'] [base]
  L22: '880. This is the country' = ['8', '8', '0', '.', ' This', ' is', ' the', ' country'] [base]
  L23: '92. This corresponds to Bangladesh,' = ['9', '2', '.', ' This', ' corresponds', ' to', ' Bangladesh', ','] [HIT]
  L24: '92. This corresponds to Bangladesh,' = ['9', '2', '.', ' This', ' corresponds', ' to', ' Bangladesh', ','] [HIT]
  L25: '92. This corresponds to Bangladesh,' = ['9', '2', '.', ' This', ' corresponds', ' to', ' Bangladesh', ','] [HIT]
  L26: '92. This corresponds to Bangladesh,' = ['9', '2', '.', ' This', ' corresponds', ' to', ' Bangladesh', ','] [HIT]
  L27: '92. This corresponds to Bangladesh,' = ['9', '2', '.', ' This', ' corresponds', ' to', ' Bangladesh', ','] [HIT]
  L28: '92. This corresponds to Bangladesh,' = ['9', '2', '.', ' This', ' corresponds', ' to', ' Bangladesh', ','] [HIT]

row 338: base=PK -> source=AU  template=calling_code_prefill_v5
  question: 'Identify the international dialing code of the country shown in this flag.'
  prefill : 'The dialing code is +'
  gold base   (expected unhooked) : '92' = ['9', '2']
  gold source (expected if swap works): '61' = ['6', '1']
  unhooked: '92.<|im_end|><|endoftext|><|endoftext|><|endoftext|><|endoftext|>' = ['9', '2', '.', '<|im_end|>', '<|endoftext|>', '<|endoftext|>', '<|endoftext|>', '<|endoftext|>']
  L19: '92.<|im_end|><|endoftext|><|endoftext|><|endoftext|><|endoftext|>' = ['9', '2', '.', '<|im_end|>', '<|endoftext|>', '<|endoftext|>', '<|endoftext|>', '<|endoftext|>'] [base]
  L20: '92.<|im_end|><|endoftext|><|endoftext|><|endoftext|><|endoftext|>' = ['9', '2', '.', '<|im_end|>', '<|endoftext|>', '<|endoftext|>', '<|endoftext|>', '<|endoftext|>'] [base]
  L21: '92.<|im_end|><|endoftext|><|endoftext|><|endoftext|><|endoftext|>' = ['9', '2', '.', '<|im_end|>', '<|endoftext|>', '<|endoftext|>', '<|endoftext|>', '<|endoftext|>'] [base]
  L22: '92.<|im_end|><|endoftext|><|endoftext|><|endoftext|><|endoftext|>' = ['9', '2', '.', '<|im_end|>', '<|endoftext|>', '<|endoftext|>', '<|endoftext|>', '<|endoftext|>'] [base]
  L23: '62.<|im_end|><|endoftext|><|endoftext|><|endoftext|><|endoftext|>' = ['6', '2', '.', '<|im_end|>', '<|endoftext|>', '<|endoftext|>', '<|endoftext|>', '<|endoftext|>'] [other]
  L24: '62.<|im_end|><|endoftext|><|endoftext|><|endoftext|><|endoftext|>' = ['6', '2', '.', '<|im_end|>', '<|endoftext|>', '<|endoftext|>', '<|endoftext|>', '<|endoftext|>'] [other]
  L25: '62.<|im_end|><|endoftext|><|endoftext|><|endoftext|><|endoftext|>' = ['6', '2', '.', '<|im_end|>', '<|endoftext|>', '<|endoftext|>', '<|endoftext|>', '<|endoftext|>'] [other]
  L26: '62.<|im_end|><|endoftext|><|endoftext|><|endoftext|><|endoftext|>' = ['6', '2', '.', '<|im_end|>', '<|endoftext|>', '<|endoftext|>', '<|endoftext|>', '<|endoftext|>'] [other]
  L27: '62.<|im_end|><|endoftext|><|endoftext|><|endoftext|><|endoftext|>' = ['6', '2', '.', '<|im_end|>', '<|endoftext|>', '<|endoftext|>', '<|endoftext|>', '<|endoftext|>'] [other]
  L28: '62.<|im_end|><|endoftext|><|endoftext|><|endoftext|><|endoftext|>' = ['6', '2', '.', '<|im_end|>', '<|endoftext|>', '<|endoftext|>', '<|endoftext|>', '<|endoftext|>'] [other]

row 339: base=IT -> source=BH  template=calling_code_prefill_v5
  question: 'Identify the international dialing code of the country shown in this flag.'
  prefill : 'The dialing code is +'
  gold base   (expected unhooked) : '39' = ['3', '9']
  gold source (expected if swap works): '973' = ['9', '7', '3']
  unhooked: '39.<|im_end|><|endoftext|><|endoftext|><|endoftext|><|endoftext|>' = ['3', '9', '.', '<|im_end|>', '<|endoftext|>', '<|endoftext|>', '<|endoftext|>', '<|endoftext|>']
  L19: '39.<|im_end|><|endoftext|><|endoftext|><|endoftext|><|endoftext|>' = ['3', '9', '.', '<|im_end|>', '<|endoftext|>', '<|endoftext|>', '<|endoftext|>', '<|endoftext|>'] [base]
  L20: '39.<|im_end|><|endoftext|><|endoftext|><|endoftext|><|endoftext|>' = ['3', '9', '.', '<|im_end|>', '<|endoftext|>', '<|endoftext|>', '<|endoftext|>', '<|endoftext|>'] [base]
  L21: '39.<|im_end|><|endoftext|><|endoftext|><|endoftext|><|endoftext|>' = ['3', '9', '.', '<|im_end|>', '<|endoftext|>', '<|endoftext|>', '<|endoftext|>', '<|endoftext|>'] [base]
  L22: '39.<|im_end|><|endoftext|><|endoftext|><|endoftext|><|endoftext|>' = ['3', '9', '.', '<|im_end|>', '<|endoftext|>', '<|endoftext|>', '<|endoftext|>', '<|endoftext|>'] [base]
  L23: '90.<|im_end|><|endoftext|><|endoftext|><|endoftext|><|endoftext|>' = ['9', '0', '.', '<|im_end|>', '<|endoftext|>', '<|endoftext|>', '<|endoftext|>', '<|endoftext|>'] [other]
  L24: '90.<|im_end|><|endoftext|><|endoftext|><|endoftext|><|endoftext|>' = ['9', '0', '.', '<|im_end|>', '<|endoftext|>', '<|endoftext|>', '<|endoftext|>', '<|endoftext|>'] [other]
  L25: '90.<|im_end|><|endoftext|><|endoftext|><|endoftext|><|endoftext|>' = ['9', '0', '.', '<|im_end|>', '<|endoftext|>', '<|endoftext|>', '<|endoftext|>', '<|endoftext|>'] [other]
  L26: '90.<|im_end|><|endoftext|><|endoftext|><|endoftext|><|endoftext|>' = ['9', '0', '.', '<|im_end|>', '<|endoftext|>', '<|endoftext|>', '<|endoftext|>', '<|endoftext|>'] [other]
  L27: '90.<|im_end|><|endoftext|><|endoftext|><|endoftext|><|endoftext|>' = ['9', '0', '.', '<|im_end|>', '<|endoftext|>', '<|endoftext|>', '<|endoftext|>', '<|endoftext|>'] [other]
  L28: '90.<|im_end|><|endoftext|><|endoftext|><|endoftext|><|endoftext|>' = ['9', '0', '.', '<|im_end|>', '<|endoftext|>', '<|endoftext|>', '<|endoftext|>', '<|endoftext|>'] [other]

row 340: base=NA -> source=KE  template=calling_code_prefill_v5
  question: 'Identify the international dialing code of the country shown in this flag.'
  prefill : 'The dialing code is +'
  gold base   (expected unhooked) : '264' = ['2', '6', '4']
  gold source (expected if swap works): '254' = ['2', '5', '4']
  unhooked: '264.<|im_end|><|endoftext|><|endoftext|><|endoftext|>' = ['2', '6', '4', '.', '<|im_end|>', '<|endoftext|>', '<|endoftext|>', '<|endoftext|>']
  L19: '264.<|im_end|><|endoftext|><|endoftext|><|endoftext|>' = ['2', '6', '4', '.', '<|im_end|>', '<|endoftext|>', '<|endoftext|>', '<|endoftext|>'] [base]
  L20: '264.<|im_end|><|endoftext|><|endoftext|><|endoftext|>' = ['2', '6', '4', '.', '<|im_end|>', '<|endoftext|>', '<|endoftext|>', '<|endoftext|>'] [base]
  L21: '264.<|im_end|><|endoftext|><|endoftext|><|endoftext|>' = ['2', '6', '4', '.', '<|im_end|>', '<|endoftext|>', '<|endoftext|>', '<|endoftext|>'] [base]
  L22: '264.<|im_end|><|endoftext|><|endoftext|><|endoftext|>' = ['2', '6', '4', '.', '<|im_end|>', '<|endoftext|>', '<|endoftext|>', '<|endoftext|>'] [base]
  L23: '264.<|im_end|><|endoftext|><|endoftext|><|endoftext|>' = ['2', '6', '4', '.', '<|im_end|>', '<|endoftext|>', '<|endoftext|>', '<|endoftext|>'] [base]
  L24: '264.<|im_end|><|endoftext|><|endoftext|><|endoftext|>' = ['2', '6', '4', '.', '<|im_end|>', '<|endoftext|>', '<|endoftext|>', '<|endoftext|>'] [base]
  L25: '264.<|im_end|><|endoftext|><|endoftext|><|endoftext|>' = ['2', '6', '4', '.', '<|im_end|>', '<|endoftext|>', '<|endoftext|>', '<|endoftext|>'] [base]
  L26: '264.<|im_end|><|endoftext|><|endoftext|><|endoftext|>' = ['2', '6', '4', '.', '<|im_end|>', '<|endoftext|>', '<|endoftext|>', '<|endoftext|>'] [base]
  L27: '264.<|im_end|><|endoftext|><|endoftext|><|endoftext|>' = ['2', '6', '4', '.', '<|im_end|>', '<|endoftext|>', '<|endoftext|>', '<|endoftext|>'] [base]
  L28: '264.<|im_end|><|endoftext|><|endoftext|><|endoftext|>' = ['2', '6', '4', '.', '<|im_end|>', '<|endoftext|>', '<|endoftext|>', '<|endoftext|>'] [base]

row 341: base=RS -> source=QA  template=calling_code_prefill_v5
  question: 'Identify the international dialing code of the country shown in this flag.'
  prefill : 'The dialing code is +'
  gold base   (expected unhooked) : '381' = ['3', '8', '1']
  gold source (expected if swap works): '974' = ['9', '7', '4']
  unhooked: '381.<|im_end|><|endoftext|><|endoftext|><|endoftext|>' = ['3', '8', '1', '.', '<|im_end|>', '<|endoftext|>', '<|endoftext|>', '<|endoftext|>']
  L19: '381.<|im_end|><|endoftext|><|endoftext|><|endoftext|>' = ['3', '8', '1', '.', '<|im_end|>', '<|endoftext|>', '<|endoftext|>', '<|endoftext|>'] [base]
  L20: '381.<|im_end|><|endoftext|><|endoftext|><|endoftext|>' = ['3', '8', '1', '.', '<|im_end|>', '<|endoftext|>', '<|endoftext|>', '<|endoftext|>'] [base]
  L21: '381.<|im_end|><|endoftext|><|endoftext|><|endoftext|>' = ['3', '8', '1', '.', '<|im_end|>', '<|endoftext|>', '<|endoftext|>', '<|endoftext|>'] [base]
  L22: '381.<|im_end|><|endoftext|><|endoftext|><|endoftext|>' = ['3', '8', '1', '.', '<|im_end|>', '<|endoftext|>', '<|endoftext|>', '<|endoftext|>'] [base]
  L23: '90.<|im_end|><|endoftext|><|endoftext|><|endoftext|><|endoftext|>' = ['9', '0', '.', '<|im_end|>', '<|endoftext|>', '<|endoftext|>', '<|endoftext|>', '<|endoftext|>'] [other]
  L24: '90.<|im_end|><|endoftext|><|endoftext|><|endoftext|><|endoftext|>' = ['9', '0', '.', '<|im_end|>', '<|endoftext|>', '<|endoftext|>', '<|endoftext|>', '<|endoftext|>'] [other]
  L25: '90.<|im_end|><|endoftext|><|endoftext|><|endoftext|><|endoftext|>' = ['9', '0', '.', '<|im_end|>', '<|endoftext|>', '<|endoftext|>', '<|endoftext|>', '<|endoftext|>'] [other]
  L26: '90.<|im_end|><|endoftext|><|endoftext|><|endoftext|><|endoftext|>' = ['9', '0', '.', '<|im_end|>', '<|endoftext|>', '<|endoftext|>', '<|endoftext|>', '<|endoftext|>'] [other]
  L27: '972.<|im_end|><|endoftext|><|endoftext|><|endoftext|>' = ['9', '7', '2', '.', '<|im_end|>', '<|endoftext|>', '<|endoftext|>', '<|endoftext|>'] [other]
  L28: '972.<|im_end|><|endoftext|><|endoftext|><|endoftext|>' = ['9', '7', '2', '.', '<|im_end|>', '<|endoftext|>', '<|endoftext|>', '<|endoftext|>'] [other]

row 342: base=AM -> source=RW  template=calling_code_prefill_v2
  question: 'Give the international dialling code of the country shown in this flag.'
  prefill : 'The dialling code is +'
  gold base   (expected unhooked) : '374' = ['3', '7', '4']
  gold source (expected if swap works): '250' = ['2', '5', '0']
  unhooked: '374.<|im_end|><|endoftext|><|endoftext|><|endoftext|>' = ['3', '7', '4', '.', '<|im_end|>', '<|endoftext|>', '<|endoftext|>', '<|endoftext|>']
  L19: '374.<|im_end|><|endoftext|><|endoftext|><|endoftext|>' = ['3', '7', '4', '.', '<|im_end|>', '<|endoftext|>', '<|endoftext|>', '<|endoftext|>'] [base]
  L20: '374.<|im_end|><|endoftext|><|endoftext|><|endoftext|>' = ['3', '7', '4', '.', '<|im_end|>', '<|endoftext|>', '<|endoftext|>', '<|endoftext|>'] [base]
  L21: '374.<|im_end|><|endoftext|><|endoftext|><|endoftext|>' = ['3', '7', '4', '.', '<|im_end|>', '<|endoftext|>', '<|endoftext|>', '<|endoftext|>'] [base]
  L22: '297.<|im_end|><|endoftext|><|endoftext|><|endoftext|>' = ['2', '9', '7', '.', '<|im_end|>', '<|endoftext|>', '<|endoftext|>', '<|endoftext|>'] [other]
  L23: '297.<|im_end|><|endoftext|><|endoftext|><|endoftext|>' = ['2', '9', '7', '.', '<|im_end|>', '<|endoftext|>', '<|endoftext|>', '<|endoftext|>'] [other]
  L24: '297.<|im_end|><|endoftext|><|endoftext|><|endoftext|>' = ['2', '9', '7', '.', '<|im_end|>', '<|endoftext|>', '<|endoftext|>', '<|endoftext|>'] [other]
  L25: '297.<|im_end|><|endoftext|><|endoftext|><|endoftext|>' = ['2', '9', '7', '.', '<|im_end|>', '<|endoftext|>', '<|endoftext|>', '<|endoftext|>'] [other]
  L26: '297.<|im_end|><|endoftext|><|endoftext|><|endoftext|>' = ['2', '9', '7', '.', '<|im_end|>', '<|endoftext|>', '<|endoftext|>', '<|endoftext|>'] [other]
  L27: '297.<|im_end|><|endoftext|><|endoftext|><|endoftext|>' = ['2', '9', '7', '.', '<|im_end|>', '<|endoftext|>', '<|endoftext|>', '<|endoftext|>'] [other]
  L28: '297.<|im_end|><|endoftext|><|endoftext|><|endoftext|>' = ['2', '9', '7', '.', '<|im_end|>', '<|endoftext|>', '<|endoftext|>', '<|endoftext|>'] [other]

row 343: base=NA -> source=RS  template=calling_code_prefill_v5
  question: 'Identify the international dialing code of the country shown in this flag.'
  prefill : 'The dialing code is +'
  gold base   (expected unhooked) : '264' = ['2', '6', '4']
  gold source (expected if swap works): '381' = ['3', '8', '1']
  unhooked: '264.<|im_end|><|endoftext|><|endoftext|><|endoftext|>' = ['2', '6', '4', '.', '<|im_end|>', '<|endoftext|>', '<|endoftext|>', '<|endoftext|>']
  L19: '264.<|im_end|><|endoftext|><|endoftext|><|endoftext|>' = ['2', '6', '4', '.', '<|im_end|>', '<|endoftext|>', '<|endoftext|>', '<|endoftext|>'] [base]
  L20: '264.<|im_end|><|endoftext|><|endoftext|><|endoftext|>' = ['2', '6', '4', '.', '<|im_end|>', '<|endoftext|>', '<|endoftext|>', '<|endoftext|>'] [base]
  L21: '264.<|im_end|><|endoftext|><|endoftext|><|endoftext|>' = ['2', '6', '4', '.', '<|im_end|>', '<|endoftext|>', '<|endoftext|>', '<|endoftext|>'] [base]
  L22: '264.<|im_end|><|endoftext|><|endoftext|><|endoftext|>' = ['2', '6', '4', '.', '<|im_end|>', '<|endoftext|>', '<|endoftext|>', '<|endoftext|>'] [base]
  L23: '374.<|im_end|><|endoftext|><|endoftext|><|endoftext|>' = ['3', '7', '4', '.', '<|im_end|>', '<|endoftext|>', '<|endoftext|>', '<|endoftext|>'] [other]
  L24: '374.<|im_end|><|endoftext|><|endoftext|><|endoftext|>' = ['3', '7', '4', '.', '<|im_end|>', '<|endoftext|>', '<|endoftext|>', '<|endoftext|>'] [other]
  L25: '374.<|im_end|><|endoftext|><|endoftext|><|endoftext|>' = ['3', '7', '4', '.', '<|im_end|>', '<|endoftext|>', '<|endoftext|>', '<|endoftext|>'] [other]
  L26: '374.<|im_end|><|endoftext|><|endoftext|><|endoftext|>' = ['3', '7', '4', '.', '<|im_end|>', '<|endoftext|>', '<|endoftext|>', '<|endoftext|>'] [other]
  L27: '31.<|im_end|><|endoftext|><|endoftext|><|endoftext|><|endoftext|>' = ['3', '1', '.', '<|im_end|>', '<|endoftext|>', '<|endoftext|>', '<|endoftext|>', '<|endoftext|>'] [other]
  L28: '31.<|im_end|><|endoftext|><|endoftext|><|endoftext|><|endoftext|>' = ['3', '1', '.', '<|im_end|>', '<|endoftext|>', '<|endoftext|>', '<|endoftext|>', '<|endoftext|>'] [other]

row 344: base=AF -> source=SN  template=calling_code_prefill_v2
  question: 'Give the international dialling code of the country shown in this flag.'
  prefill : 'The dialling code is +'
  gold base   (expected unhooked) : '93' = ['9', '3']
  gold source (expected if swap works): '221' = ['2', '2', '1']
  unhooked: '93.<|im_end|><|endoftext|><|endoftext|><|endoftext|><|endoftext|>' = ['9', '3', '.', '<|im_end|>', '<|endoftext|>', '<|endoftext|>', '<|endoftext|>', '<|endoftext|>']
  L19: '93.<|im_end|><|endoftext|><|endoftext|><|endoftext|><|endoftext|>' = ['9', '3', '.', '<|im_end|>', '<|endoftext|>', '<|endoftext|>', '<|endoftext|>', '<|endoftext|>'] [base]
  L20: '93.<|im_end|><|endoftext|><|endoftext|><|endoftext|><|endoftext|>' = ['9', '3', '.', '<|im_end|>', '<|endoftext|>', '<|endoftext|>', '<|endoftext|>', '<|endoftext|>'] [base]
  L21: '93.<|im_end|><|endoftext|><|endoftext|><|endoftext|><|endoftext|>' = ['9', '3', '.', '<|im_end|>', '<|endoftext|>', '<|endoftext|>', '<|endoftext|>', '<|endoftext|>'] [base]
  L22: '93.<|im_end|><|endoftext|><|endoftext|><|endoftext|><|endoftext|>' = ['9', '3', '.', '<|im_end|>', '<|endoftext|>', '<|endoftext|>', '<|endoftext|>', '<|endoftext|>'] [base]
  L23: '20.<|im_end|><|endoftext|><|endoftext|><|endoftext|><|endoftext|>' = ['2', '0', '.', '<|im_end|>', '<|endoftext|>', '<|endoftext|>', '<|endoftext|>', '<|endoftext|>'] [other]
  L24: '20.<|im_end|><|endoftext|><|endoftext|><|endoftext|><|endoftext|>' = ['2', '0', '.', '<|im_end|>', '<|endoftext|>', '<|endoftext|>', '<|endoftext|>', '<|endoftext|>'] [other]
  L25: '20.<|im_end|><|endoftext|><|endoftext|><|endoftext|><|endoftext|>' = ['2', '0', '.', '<|im_end|>', '<|endoftext|>', '<|endoftext|>', '<|endoftext|>', '<|endoftext|>'] [other]
  L26: '20.<|im_end|><|endoftext|><|endoftext|><|endoftext|><|endoftext|>' = ['2', '0', '.', '<|im_end|>', '<|endoftext|>', '<|endoftext|>', '<|endoftext|>', '<|endoftext|>'] [other]
  L27: '20.<|im_end|><|endoftext|><|endoftext|><|endoftext|><|endoftext|>' = ['2', '0', '.', '<|im_end|>', '<|endoftext|>', '<|endoftext|>', '<|endoftext|>', '<|endoftext|>'] [other]
  L28: '20.<|im_end|><|endoftext|><|endoftext|><|endoftext|><|endoftext|>' = ['2', '0', '.', '<|im_end|>', '<|endoftext|>', '<|endoftext|>', '<|endoftext|>', '<|endoftext|>'] [other]

row 345: base=ET -> source=OM  template=calling_code_prefill_v3
  question: 'What is the country calling code for the country in this image?'
  prefill : 'The country calling code is +'
  gold base   (expected unhooked) : '251' = ['2', '5', '1']
  gold source (expected if swap works): '968' = ['9', '6', '8']
  unhooked: '251. This corresponds to Ethiopia' = ['2', '5', '1', '.', ' This', ' corresponds', ' to', ' Ethiopia']
  L19: '251. This corresponds to Ethiopia' = ['2', '5', '1', '.', ' This', ' corresponds', ' to', ' Ethiopia'] [base]
  L20: '251. This corresponds to Ethiopia' = ['2', '5', '1', '.', ' This', ' corresponds', ' to', ' Ethiopia'] [base]
  L21: '251. This corresponds to Ethiopia' = ['2', '5', '1', '.', ' This', ' corresponds', ' to', ' Ethiopia'] [base]
  L22: '251. This corresponds to Ethiopia' = ['2', '5', '1', '.', ' This', ' corresponds', ' to', ' Ethiopia'] [base]
  L23: '251. This corresponds to Ethiopia' = ['2', '5', '1', '.', ' This', ' corresponds', ' to', ' Ethiopia'] [base]
  L24: '966. This corresponds to Saudi' = ['9', '6', '6', '.', ' This', ' corresponds', ' to', ' Saudi'] [other]
  L25: '966. This corresponds to Saudi' = ['9', '6', '6', '.', ' This', ' corresponds', ' to', ' Saudi'] [other]
  L26: '961. This corresponds to Lebanon' = ['9', '6', '1', '.', ' This', ' corresponds', ' to', ' Lebanon'] [other]
  L27: '961. This corresponds to Lebanon' = ['9', '6', '1', '.', ' This', ' corresponds', ' to', ' Lebanon'] [other]
  L28: '966. This corresponds to Saudi' = ['9', '6', '6', '.', ' This', ' corresponds', ' to', ' Saudi'] [other]

row 346: base=NZ -> source=TN  template=calling_code_prefill_v5
  question: 'Identify the international dialing code of the country shown in this flag.'
  prefill : 'The dialing code is +'
  gold base   (expected unhooked) : '64' = ['6', '4']
  gold source (expected if swap works): '216' = ['2', '1', '6']
  unhooked: '64.<|im_end|><|endoftext|><|endoftext|><|endoftext|><|endoftext|>' = ['6', '4', '.', '<|im_end|>', '<|endoftext|>', '<|endoftext|>', '<|endoftext|>', '<|endoftext|>']
  L19: '64.<|im_end|><|endoftext|><|endoftext|><|endoftext|><|endoftext|>' = ['6', '4', '.', '<|im_end|>', '<|endoftext|>', '<|endoftext|>', '<|endoftext|>', '<|endoftext|>'] [base]
  L20: '64.<|im_end|><|endoftext|><|endoftext|><|endoftext|><|endoftext|>' = ['6', '4', '.', '<|im_end|>', '<|endoftext|>', '<|endoftext|>', '<|endoftext|>', '<|endoftext|>'] [base]
  L21: '64.<|im_end|><|endoftext|><|endoftext|><|endoftext|><|endoftext|>' = ['6', '4', '.', '<|im_end|>', '<|endoftext|>', '<|endoftext|>', '<|endoftext|>', '<|endoftext|>'] [base]
  L22: '64.<|im_end|><|endoftext|><|endoftext|><|endoftext|><|endoftext|>' = ['6', '4', '.', '<|im_end|>', '<|endoftext|>', '<|endoftext|>', '<|endoftext|>', '<|endoftext|>'] [base]
  L23: '27.<|im_end|><|endoftext|><|endoftext|><|endoftext|><|endoftext|>' = ['2', '7', '.', '<|im_end|>', '<|endoftext|>', '<|endoftext|>', '<|endoftext|>', '<|endoftext|>'] [other]
  L24: '27.<|im_end|><|endoftext|><|endoftext|><|endoftext|><|endoftext|>' = ['2', '7', '.', '<|im_end|>', '<|endoftext|>', '<|endoftext|>', '<|endoftext|>', '<|endoftext|>'] [other]
  L25: '27.<|im_end|><|endoftext|><|endoftext|><|endoftext|><|endoftext|>' = ['2', '7', '.', '<|im_end|>', '<|endoftext|>', '<|endoftext|>', '<|endoftext|>', '<|endoftext|>'] [other]
  L26: '27.<|im_end|><|endoftext|><|endoftext|><|endoftext|><|endoftext|>' = ['2', '7', '.', '<|im_end|>', '<|endoftext|>', '<|endoftext|>', '<|endoftext|>', '<|endoftext|>'] [other]
  L27: '27.<|im_end|><|endoftext|><|endoftext|><|endoftext|><|endoftext|>' = ['2', '7', '.', '<|im_end|>', '<|endoftext|>', '<|endoftext|>', '<|endoftext|>', '<|endoftext|>'] [other]
  L28: '27.<|im_end|><|endoftext|><|endoftext|><|endoftext|><|endoftext|>' = ['2', '7', '.', '<|im_end|>', '<|endoftext|>', '<|endoftext|>', '<|endoftext|>', '<|endoftext|>'] [other]

row 347: base=EG -> source=TZ  template=calling_code_prefill_v1
  question: 'What is the international calling code of the country in this image?'
  prefill : 'The calling code is +'
  gold base   (expected unhooked) : '20' = ['2', '0']
  gold source (expected if swap works): '255' = ['2', '5', '5']
  unhooked: '20. This is the international dial' = ['2', '0', '.', ' This', ' is', ' the', ' international', ' dial']
  L19: '20. This is the international direct' = ['2', '0', '.', ' This', ' is', ' the', ' international', ' direct'] [base]
  L20: '20. This is the international dial' = ['2', '0', '.', ' This', ' is', ' the', ' international', ' dial'] [base]
  L21: '20. This is the international dial' = ['2', '0', '.', ' This', ' is', ' the', ' international', ' dial'] [base]
  L22: '20. This is the international dial' = ['2', '0', '.', ' This', ' is', ' the', ' international', ' dial'] [base]
  L23: '20. This is the international dial' = ['2', '0', '.', ' This', ' is', ' the', ' international', ' dial'] [base]
  L24: '20. This is the international dial' = ['2', '0', '.', ' This', ' is', ' the', ' international', ' dial'] [base]
  L25: '20. This is the international dial' = ['2', '0', '.', ' This', ' is', ' the', ' international', ' dial'] [base]
  L26: '20. This is the international dial' = ['2', '0', '.', ' This', ' is', ' the', ' international', ' dial'] [base]
  L27: '20. This is the international dial' = ['2', '0', '.', ' This', ' is', ' the', ' international', ' dial'] [base]
  L28: '20. This is the international dial' = ['2', '0', '.', ' This', ' is', ' the', ' international', ' dial'] [base]

row 348: base=BD -> source=UZ  template=calling_code_prefill_v3
  question: 'What is the country calling code for the country in this image?'
  prefill : 'The country calling code is +'
  gold base   (expected unhooked) : '880' = ['8', '8', '0']
  gold source (expected if swap works): '998' = ['9', '9', '8']
  unhooked: '880. This is the country' = ['8', '8', '0', '.', ' This', ' is', ' the', ' country']
  L19: '880. This corresponds to Bangladesh' = ['8', '8', '0', '.', ' This', ' corresponds', ' to', ' Bangladesh'] [base]
  L20: '880. This is the country' = ['8', '8', '0', '.', ' This', ' is', ' the', ' country'] [base]
  L21: '880. This corresponds to Bangladesh' = ['8', '8', '0', '.', ' This', ' corresponds', ' to', ' Bangladesh'] [base]
  L22: '880. This corresponds to Bangladesh' = ['8', '8', '0', '.', ' This', ' corresponds', ' to', ' Bangladesh'] [base]
  L23: '92, which corresponds to Bangladesh.' = ['9', '2', ',', ' which', ' corresponds', ' to', ' Bangladesh', '.'] [other]
  L24: '92, which corresponds to Bangladesh.' = ['9', '2', ',', ' which', ' corresponds', ' to', ' Bangladesh', '.'] [other]
  L25: '92, which corresponds to Bangladesh.' = ['9', '2', ',', ' which', ' corresponds', ' to', ' Bangladesh', '.'] [other]
  L26: '92, which corresponds to Bangladesh.' = ['9', '2', ',', ' which', ' corresponds', ' to', ' Bangladesh', '.'] [other]
  L27: '92, which corresponds to Bangladesh.' = ['9', '2', ',', ' which', ' corresponds', ' to', ' Bangladesh', '.'] [other]
  L28: '92, which corresponds to Bangladesh.' = ['9', '2', ',', ' which', ' corresponds', ' to', ' Bangladesh', '.'] [other]

row 349: base=TZ -> source=GY  template=calling_code_prefill_v3
  question: 'What is the country calling code for the country in this image?'
  prefill : 'The country calling code is +'
  gold base   (expected unhooked) : '255' = ['2', '5', '5']
  gold source (expected if swap works): '592' = ['5', '9', '2']
  unhooked: '255. This corresponds to Tanzania' = ['2', '5', '5', '.', ' This', ' corresponds', ' to', ' Tanzania']
  L19: '255. This corresponds to Tanzania' = ['2', '5', '5', '.', ' This', ' corresponds', ' to', ' Tanzania'] [base]
  L20: '255. This corresponds to Tanzania' = ['2', '5', '5', '.', ' This', ' corresponds', ' to', ' Tanzania'] [base]
  L21: '255. This corresponds to Tanzania' = ['2', '5', '5', '.', ' This', ' corresponds', ' to', ' Tanzania'] [base]
  L22: '255. This corresponds to Tanzania' = ['2', '5', '5', '.', ' This', ' corresponds', ' to', ' Tanzania'] [base]
  L23: '255. This corresponds to Tanzania' = ['2', '5', '5', '.', ' This', ' corresponds', ' to', ' Tanzania'] [base]
  L24: '54. This corresponds to Argentina.' = ['5', '4', '.', ' This', ' corresponds', ' to', ' Argentina', '.'] [other]
  L25: '54, which corresponds to Argentina.' = ['5', '4', ',', ' which', ' corresponds', ' to', ' Argentina', '.'] [other]
  L26: '54, which corresponds to Argentina.' = ['5', '4', ',', ' which', ' corresponds', ' to', ' Argentina', '.'] [other]
  L27: '54, which corresponds to Argentina.' = ['5', '4', ',', ' which', ' corresponds', ' to', ' Argentina', '.'] [other]
  L28: '54, which corresponds to Argentina.' = ['5', '4', ',', ' which', ' corresponds', ' to', ' Argentina', '.'] [other]

row 350: base=EG -> source=IE  template=calling_code_prefill_v4
  question: 'What is the phone country code for the country in this image?'
  prefill : 'The phone code is +'
  gold base   (expected unhooked) : '20' = ['2', '0']
  gold source (expected if swap works): '353' = ['3', '5', '3']
  unhooked: '20. This is the country code' = ['2', '0', '.', ' This', ' is', ' the', ' country', ' code']
  L19: '20. This is the country code' = ['2', '0', '.', ' This', ' is', ' the', ' country', ' code'] [base]
  L20: '20. This is the country code' = ['2', '0', '.', ' This', ' is', ' the', ' country', ' code'] [base]
  L21: '20. This is the country code' = ['2', '0', '.', ' This', ' is', ' the', ' country', ' code'] [base]
  L22: '20. This is the country code' = ['2', '0', '.', ' This', ' is', ' the', ' country', ' code'] [base]
  L23: '39.<|im_end|><|endoftext|><|endoftext|><|endoftext|><|endoftext|>' = ['3', '9', '.', '<|im_end|>', '<|endoftext|>', '<|endoftext|>', '<|endoftext|>', '<|endoftext|>'] [other]
  L24: '39.<|im_end|><|endoftext|><|endoftext|><|endoftext|><|endoftext|>' = ['3', '9', '.', '<|im_end|>', '<|endoftext|>', '<|endoftext|>', '<|endoftext|>', '<|endoftext|>'] [other]
  L25: '39.<|im_end|><|endoftext|><|endoftext|><|endoftext|><|endoftext|>' = ['3', '9', '.', '<|im_end|>', '<|endoftext|>', '<|endoftext|>', '<|endoftext|>', '<|endoftext|>'] [other]
  L26: '39.<|im_end|><|endoftext|><|endoftext|><|endoftext|><|endoftext|>' = ['3', '9', '.', '<|im_end|>', '<|endoftext|>', '<|endoftext|>', '<|endoftext|>', '<|endoftext|>'] [other]
  L27: '39.<|im_end|><|endoftext|><|endoftext|><|endoftext|><|endoftext|>' = ['3', '9', '.', '<|im_end|>', '<|endoftext|>', '<|endoftext|>', '<|endoftext|>', '<|endoftext|>'] [other]
  L28: '39.<|im_end|><|endoftext|><|endoftext|><|endoftext|><|endoftext|>' = ['3', '9', '.', '<|im_end|>', '<|endoftext|>', '<|endoftext|>', '<|endoftext|>', '<|endoftext|>'] [other]

row 351: base=KE -> source=AL  template=calling_code_prefill_v4
  question: 'What is the phone country code for the country in this image?'
  prefill : 'The phone code is +'
  gold base   (expected unhooked) : '254' = ['2', '5', '4']
  gold source (expected if swap works): '355' = ['3', '5', '5']
  unhooked: '254. This corresponds to Kenya' = ['2', '5', '4', '.', ' This', ' corresponds', ' to', ' Kenya']
  L19: '254. This corresponds to Kenya' = ['2', '5', '4', '.', ' This', ' corresponds', ' to', ' Kenya'] [base]
  L20: '254. This corresponds to Kenya' = ['2', '5', '4', '.', ' This', ' corresponds', ' to', ' Kenya'] [base]
  L21: '254. This corresponds to Kenya' = ['2', '5', '4', '.', ' This', ' corresponds', ' to', ' Kenya'] [base]
  L22: '254. This corresponds to Kenya' = ['2', '5', '4', '.', ' This', ' corresponds', ' to', ' Kenya'] [base]
  L23: '254. This corresponds to Kenya' = ['2', '5', '4', '.', ' This', ' corresponds', ' to', ' Kenya'] [base]
  L24: '32.<|im_end|><|endoftext|><|endoftext|><|endoftext|><|endoftext|>' = ['3', '2', '.', '<|im_end|>', '<|endoftext|>', '<|endoftext|>', '<|endoftext|>', '<|endoftext|>'] [other]
  L25: '32.<|im_end|><|endoftext|><|endoftext|><|endoftext|><|endoftext|>' = ['3', '2', '.', '<|im_end|>', '<|endoftext|>', '<|endoftext|>', '<|endoftext|>', '<|endoftext|>'] [other]
  L26: '32.<|im_end|><|endoftext|><|endoftext|><|endoftext|><|endoftext|>' = ['3', '2', '.', '<|im_end|>', '<|endoftext|>', '<|endoftext|>', '<|endoftext|>', '<|endoftext|>'] [other]
  L27: '39.<|im_end|><|endoftext|><|endoftext|><|endoftext|><|endoftext|>' = ['3', '9', '.', '<|im_end|>', '<|endoftext|>', '<|endoftext|>', '<|endoftext|>', '<|endoftext|>'] [other]
  L28: '39.<|im_end|><|endoftext|><|endoftext|><|endoftext|><|endoftext|>' = ['3', '9', '.', '<|im_end|>', '<|endoftext|>', '<|endoftext|>', '<|endoftext|>', '<|endoftext|>'] [other]

row 352: base=ES -> source=PK  template=calling_code_prefill_v3
  question: 'What is the country calling code for the country in this image?'
  prefill : 'The country calling code is +'
  gold base   (expected unhooked) : '34' = ['3', '4']
  gold source (expected if swap works): '92' = ['9', '2']
  unhooked: '34. This is the country calling' = ['3', '4', '.', ' This', ' is', ' the', ' country', ' calling']
  L19: '34, which corresponds to Spain.' = ['3', '4', ',', ' which', ' corresponds', ' to', ' Spain', '.'] [base]
  L20: '34, which corresponds to Spain.' = ['3', '4', ',', ' which', ' corresponds', ' to', ' Spain', '.'] [base]
  L21: '34. This is the country calling' = ['3', '4', '.', ' This', ' is', ' the', ' country', ' calling'] [base]
  L22: '91, which corresponds to India.' = ['9', '1', ',', ' which', ' corresponds', ' to', ' India', '.'] [other]
  L23: '91, which corresponds to India.' = ['9', '1', ',', ' which', ' corresponds', ' to', ' India', '.'] [other]
  L24: '91, which corresponds to India.' = ['9', '1', ',', ' which', ' corresponds', ' to', ' India', '.'] [other]
  L25: '91, which corresponds to India.' = ['9', '1', ',', ' which', ' corresponds', ' to', ' India', '.'] [other]
  L26: '91, which corresponds to India.' = ['9', '1', ',', ' which', ' corresponds', ' to', ' India', '.'] [other]
  L27: '91, which corresponds to India.' = ['9', '1', ',', ' which', ' corresponds', ' to', ' India', '.'] [other]
  L28: '91, which corresponds to India.' = ['9', '1', ',', ' which', ' corresponds', ' to', ' India', '.'] [other]

row 353: base=AF -> source=NI  template=calling_code_prefill_v1
  question: 'What is the international calling code of the country in this image?'
  prefill : 'The calling code is +'
  gold base   (expected unhooked) : '93' = ['9', '3']
  gold source (expected if swap works): '505' = ['5', '0', '5']
  unhooked: '93.<|im_end|><|endoftext|><|endoftext|><|endoftext|><|endoftext|>' = ['9', '3', '.', '<|im_end|>', '<|endoftext|>', '<|endoftext|>', '<|endoftext|>', '<|endoftext|>']
  L19: '93.<|im_end|><|endoftext|><|endoftext|><|endoftext|><|endoftext|>' = ['9', '3', '.', '<|im_end|>', '<|endoftext|>', '<|endoftext|>', '<|endoftext|>', '<|endoftext|>'] [base]
  L20: '93.<|im_end|><|endoftext|><|endoftext|><|endoftext|><|endoftext|>' = ['9', '3', '.', '<|im_end|>', '<|endoftext|>', '<|endoftext|>', '<|endoftext|>', '<|endoftext|>'] [base]
  L21: '93.<|im_end|><|endoftext|><|endoftext|><|endoftext|><|endoftext|>' = ['9', '3', '.', '<|im_end|>', '<|endoftext|>', '<|endoftext|>', '<|endoftext|>', '<|endoftext|>'] [base]
  L22: '93.<|im_end|><|endoftext|><|endoftext|><|endoftext|><|endoftext|>' = ['9', '3', '.', '<|im_end|>', '<|endoftext|>', '<|endoftext|>', '<|endoftext|>', '<|endoftext|>'] [base]
  L23: '599.<|im_end|><|endoftext|><|endoftext|><|endoftext|>' = ['5', '9', '9', '.', '<|im_end|>', '<|endoftext|>', '<|endoftext|>', '<|endoftext|>'] [other]
  L24: '599.<|im_end|><|endoftext|><|endoftext|><|endoftext|>' = ['5', '9', '9', '.', '<|im_end|>', '<|endoftext|>', '<|endoftext|>', '<|endoftext|>'] [other]
  L25: '599.<|im_end|><|endoftext|><|endoftext|><|endoftext|>' = ['5', '9', '9', '.', '<|im_end|>', '<|endoftext|>', '<|endoftext|>', '<|endoftext|>'] [other]
  L26: '599.<|im_end|><|endoftext|><|endoftext|><|endoftext|>' = ['5', '9', '9', '.', '<|im_end|>', '<|endoftext|>', '<|endoftext|>', '<|endoftext|>'] [other]
  L27: '591.<|im_end|><|endoftext|><|endoftext|><|endoftext|>' = ['5', '9', '1', '.', '<|im_end|>', '<|endoftext|>', '<|endoftext|>', '<|endoftext|>'] [other]
  L28: '591.<|im_end|><|endoftext|><|endoftext|><|endoftext|>' = ['5', '9', '1', '.', '<|im_end|>', '<|endoftext|>', '<|endoftext|>', '<|endoftext|>'] [other]

row 354: base=YE -> source=ES  template=calling_code_prefill_v2
  question: 'Give the international dialling code of the country shown in this flag.'
  prefill : 'The dialling code is +'
  gold base   (expected unhooked) : '967' = ['9', '6', '7']
  gold source (expected if swap works): '34' = ['3', '4']
  unhooked: '967.<|im_end|><|endoftext|><|endoftext|><|endoftext|>' = ['9', '6', '7', '.', '<|im_end|>', '<|endoftext|>', '<|endoftext|>', '<|endoftext|>']
  L19: '967.<|im_end|><|endoftext|><|endoftext|><|endoftext|>' = ['9', '6', '7', '.', '<|im_end|>', '<|endoftext|>', '<|endoftext|>', '<|endoftext|>'] [base]
  L20: '967.<|im_end|><|endoftext|><|endoftext|><|endoftext|>' = ['9', '6', '7', '.', '<|im_end|>', '<|endoftext|>', '<|endoftext|>', '<|endoftext|>'] [base]
  L21: '967.<|im_end|><|endoftext|><|endoftext|><|endoftext|>' = ['9', '6', '7', '.', '<|im_end|>', '<|endoftext|>', '<|endoftext|>', '<|endoftext|>'] [base]
  L22: '967.<|im_end|><|endoftext|><|endoftext|><|endoftext|>' = ['9', '6', '7', '.', '<|im_end|>', '<|endoftext|>', '<|endoftext|>', '<|endoftext|>'] [base]
  L23: '39.<|im_end|><|endoftext|><|endoftext|><|endoftext|><|endoftext|>' = ['3', '9', '.', '<|im_end|>', '<|endoftext|>', '<|endoftext|>', '<|endoftext|>', '<|endoftext|>'] [other]
  L24: '39.<|im_end|><|endoftext|><|endoftext|><|endoftext|><|endoftext|>' = ['3', '9', '.', '<|im_end|>', '<|endoftext|>', '<|endoftext|>', '<|endoftext|>', '<|endoftext|>'] [other]
  L25: '39.<|im_end|><|endoftext|><|endoftext|><|endoftext|><|endoftext|>' = ['3', '9', '.', '<|im_end|>', '<|endoftext|>', '<|endoftext|>', '<|endoftext|>', '<|endoftext|>'] [other]
  L26: '39.<|im_end|><|endoftext|><|endoftext|><|endoftext|><|endoftext|>' = ['3', '9', '.', '<|im_end|>', '<|endoftext|>', '<|endoftext|>', '<|endoftext|>', '<|endoftext|>'] [other]
  L27: '350.<|im_end|><|endoftext|><|endoftext|><|endoftext|>' = ['3', '5', '0', '.', '<|im_end|>', '<|endoftext|>', '<|endoftext|>', '<|endoftext|>'] [other]
  L28: '350.<|im_end|><|endoftext|><|endoftext|><|endoftext|>' = ['3', '5', '0', '.', '<|im_end|>', '<|endoftext|>', '<|endoftext|>', '<|endoftext|>'] [other]

row 355: base=DZ -> source=BD  template=calling_code_prefill_v3
  question: 'What is the country calling code for the country in this image?'
  prefill : 'The country calling code is +'
  gold base   (expected unhooked) : '213' = ['2', '1', '3']
  gold source (expected if swap works): '880' = ['8', '8', '0']
  unhooked: '213. This is the country' = ['2', '1', '3', '.', ' This', ' is', ' the', ' country']
  L19: '213. This is the country' = ['2', '1', '3', '.', ' This', ' is', ' the', ' country'] [base]
  L20: '213. This is the country' = ['2', '1', '3', '.', ' This', ' is', ' the', ' country'] [base]
  L21: '213. This is the country' = ['2', '1', '3', '.', ' This', ' is', ' the', ' country'] [base]
  L22: '213. This is the country' = ['2', '1', '3', '.', ' This', ' is', ' the', ' country'] [base]
  L23: '213. This is the country' = ['2', '1', '3', '.', ' This', ' is', ' the', ' country'] [base]
  L24: '81.<|im_end|><|endoftext|><|endoftext|><|endoftext|><|endoftext|>' = ['8', '1', '.', '<|im_end|>', '<|endoftext|>', '<|endoftext|>', '<|endoftext|>', '<|endoftext|>'] [other]
  L25: '81.<|im_end|><|endoftext|><|endoftext|><|endoftext|><|endoftext|>' = ['8', '1', '.', '<|im_end|>', '<|endoftext|>', '<|endoftext|>', '<|endoftext|>', '<|endoftext|>'] [other]
  L26: '81.<|im_end|><|endoftext|><|endoftext|><|endoftext|><|endoftext|>' = ['8', '1', '.', '<|im_end|>', '<|endoftext|>', '<|endoftext|>', '<|endoftext|>', '<|endoftext|>'] [other]
  L27: '81.<|im_end|><|endoftext|><|endoftext|><|endoftext|><|endoftext|>' = ['8', '1', '.', '<|im_end|>', '<|endoftext|>', '<|endoftext|>', '<|endoftext|>', '<|endoftext|>'] [other]
  L28: '81.<|im_end|><|endoftext|><|endoftext|><|endoftext|><|endoftext|>' = ['8', '1', '.', '<|im_end|>', '<|endoftext|>', '<|endoftext|>', '<|endoftext|>', '<|endoftext|>'] [other]

row 356: base=CY -> source=PK  template=calling_code_prefill_v4
  question: 'What is the phone country code for the country in this image?'
  prefill : 'The phone code is +'
  gold base   (expected unhooked) : '357' = ['3', '5', '7']
  gold source (expected if swap works): '92' = ['9', '2']
  unhooked: '357.<|im_end|><|endoftext|><|endoftext|><|endoftext|>' = ['3', '5', '7', '.', '<|im_end|>', '<|endoftext|>', '<|endoftext|>', '<|endoftext|>']
  L19: '357.<|im_end|><|endoftext|><|endoftext|><|endoftext|>' = ['3', '5', '7', '.', '<|im_end|>', '<|endoftext|>', '<|endoftext|>', '<|endoftext|>'] [base]
  L20: '357.<|im_end|><|endoftext|><|endoftext|><|endoftext|>' = ['3', '5', '7', '.', '<|im_end|>', '<|endoftext|>', '<|endoftext|>', '<|endoftext|>'] [base]
  L21: '357.<|im_end|><|endoftext|><|endoftext|><|endoftext|>' = ['3', '5', '7', '.', '<|im_end|>', '<|endoftext|>', '<|endoftext|>', '<|endoftext|>'] [base]
  L22: '90.<|im_end|><|endoftext|><|endoftext|><|endoftext|><|endoftext|>' = ['9', '0', '.', '<|im_end|>', '<|endoftext|>', '<|endoftext|>', '<|endoftext|>', '<|endoftext|>'] [other]
  L23: '90.<|im_end|><|endoftext|><|endoftext|><|endoftext|><|endoftext|>' = ['9', '0', '.', '<|im_end|>', '<|endoftext|>', '<|endoftext|>', '<|endoftext|>', '<|endoftext|>'] [other]
  L24: '90.<|im_end|><|endoftext|><|endoftext|><|endoftext|><|endoftext|>' = ['9', '0', '.', '<|im_end|>', '<|endoftext|>', '<|endoftext|>', '<|endoftext|>', '<|endoftext|>'] [other]
  L25: '90.<|im_end|><|endoftext|><|endoftext|><|endoftext|><|endoftext|>' = ['9', '0', '.', '<|im_end|>', '<|endoftext|>', '<|endoftext|>', '<|endoftext|>', '<|endoftext|>'] [other]
  L26: '90.<|im_end|><|endoftext|><|endoftext|><|endoftext|><|endoftext|>' = ['9', '0', '.', '<|im_end|>', '<|endoftext|>', '<|endoftext|>', '<|endoftext|>', '<|endoftext|>'] [other]
  L27: '90.<|im_end|><|endoftext|><|endoftext|><|endoftext|><|endoftext|>' = ['9', '0', '.', '<|im_end|>', '<|endoftext|>', '<|endoftext|>', '<|endoftext|>', '<|endoftext|>'] [other]
  L28: '90.<|im_end|><|endoftext|><|endoftext|><|endoftext|><|endoftext|>' = ['9', '0', '.', '<|im_end|>', '<|endoftext|>', '<|endoftext|>', '<|endoftext|>', '<|endoftext|>'] [other]

row 357: base=HU -> source=RO  template=calling_code_prefill_v2
  question: 'Give the international dialling code of the country shown in this flag.'
  prefill : 'The dialling code is +'
  gold base   (expected unhooked) : '36' = ['3', '6']
  gold source (expected if swap works): '40' = ['4', '0']
  unhooked: '36.<|im_end|><|endoftext|><|endoftext|><|endoftext|><|endoftext|>' = ['3', '6', '.', '<|im_end|>', '<|endoftext|>', '<|endoftext|>', '<|endoftext|>', '<|endoftext|>']
  L19: '36.<|im_end|><|endoftext|><|endoftext|><|endoftext|><|endoftext|>' = ['3', '6', '.', '<|im_end|>', '<|endoftext|>', '<|endoftext|>', '<|endoftext|>', '<|endoftext|>'] [base]
  L20: '36.<|im_end|><|endoftext|><|endoftext|><|endoftext|><|endoftext|>' = ['3', '6', '.', '<|im_end|>', '<|endoftext|>', '<|endoftext|>', '<|endoftext|>', '<|endoftext|>'] [base]
  L21: '36.<|im_end|><|endoftext|><|endoftext|><|endoftext|><|endoftext|>' = ['3', '6', '.', '<|im_end|>', '<|endoftext|>', '<|endoftext|>', '<|endoftext|>', '<|endoftext|>'] [base]
  L22: '36.<|im_end|><|endoftext|><|endoftext|><|endoftext|><|endoftext|>' = ['3', '6', '.', '<|im_end|>', '<|endoftext|>', '<|endoftext|>', '<|endoftext|>', '<|endoftext|>'] [base]
  L23: '36.<|im_end|><|endoftext|><|endoftext|><|endoftext|><|endoftext|>' = ['3', '6', '.', '<|im_end|>', '<|endoftext|>', '<|endoftext|>', '<|endoftext|>', '<|endoftext|>'] [base]
  L24: '43.<|im_end|><|endoftext|><|endoftext|><|endoftext|><|endoftext|>' = ['4', '3', '.', '<|im_end|>', '<|endoftext|>', '<|endoftext|>', '<|endoftext|>', '<|endoftext|>'] [other]
  L25: '43.<|im_end|><|endoftext|><|endoftext|><|endoftext|><|endoftext|>' = ['4', '3', '.', '<|im_end|>', '<|endoftext|>', '<|endoftext|>', '<|endoftext|>', '<|endoftext|>'] [other]
  L26: '43.<|im_end|><|endoftext|><|endoftext|><|endoftext|><|endoftext|>' = ['4', '3', '.', '<|im_end|>', '<|endoftext|>', '<|endoftext|>', '<|endoftext|>', '<|endoftext|>'] [other]
  L27: '43.<|im_end|><|endoftext|><|endoftext|><|endoftext|><|endoftext|>' = ['4', '3', '.', '<|im_end|>', '<|endoftext|>', '<|endoftext|>', '<|endoftext|>', '<|endoftext|>'] [other]
  L28: '43.<|im_end|><|endoftext|><|endoftext|><|endoftext|><|endoftext|>' = ['4', '3', '.', '<|im_end|>', '<|endoftext|>', '<|endoftext|>', '<|endoftext|>', '<|endoftext|>'] [other]

row 358: base=CU -> source=UY  template=calling_code_prefill_v1
  question: 'What is the international calling code of the country in this image?'
  prefill : 'The calling code is +'
  gold base   (expected unhooked) : '53' = ['5', '3']
  gold source (expected if swap works): '598' = ['5', '9', '8']
  unhooked: '53. This is the international dial' = ['5', '3', '.', ' This', ' is', ' the', ' international', ' dial']
  L19: '53. This is the international dial' = ['5', '3', '.', ' This', ' is', ' the', ' international', ' dial'] [base]
  L20: '53. This is the international dial' = ['5', '3', '.', ' This', ' is', ' the', ' international', ' dial'] [base]
  L21: '53. This is the international direct' = ['5', '3', '.', ' This', ' is', ' the', ' international', ' direct'] [base]
  L22: '53. This is the international dial' = ['5', '3', '.', ' This', ' is', ' the', ' international', ' dial'] [base]
  L23: '53. This is the international dial' = ['5', '3', '.', ' This', ' is', ' the', ' international', ' dial'] [base]
  L24: '53. This is the international dial' = ['5', '3', '.', ' This', ' is', ' the', ' international', ' dial'] [base]
  L25: '53. This is the international dial' = ['5', '3', '.', ' This', ' is', ' the', ' international', ' dial'] [base]
  L26: '53. This is the international dial' = ['5', '3', '.', ' This', ' is', ' the', ' international', ' dial'] [base]
  L27: '53. This is the international dial' = ['5', '3', '.', ' This', ' is', ' the', ' international', ' dial'] [base]
  L28: '53. This is the international dial' = ['5', '3', '.', ' This', ' is', ' the', ' international', ' dial'] [base]

row 359: base=ES -> source=CU  template=calling_code_prefill_v1
  question: 'What is the international calling code of the country in this image?'
  prefill : 'The calling code is +'
  gold base   (expected unhooked) : '34' = ['3', '4']
  gold source (expected if swap works): '53' = ['5', '3']
  unhooked: '34.<|im_end|><|endoftext|><|endoftext|><|endoftext|><|endoftext|>' = ['3', '4', '.', '<|im_end|>', '<|endoftext|>', '<|endoftext|>', '<|endoftext|>', '<|endoftext|>']
  L19: '34.<|im_end|><|endoftext|><|endoftext|><|endoftext|><|endoftext|>' = ['3', '4', '.', '<|im_end|>', '<|endoftext|>', '<|endoftext|>', '<|endoftext|>', '<|endoftext|>'] [base]
  L20: '34.<|im_end|><|endoftext|><|endoftext|><|endoftext|><|endoftext|>' = ['3', '4', '.', '<|im_end|>', '<|endoftext|>', '<|endoftext|>', '<|endoftext|>', '<|endoftext|>'] [base]
  L21: '34.<|im_end|><|endoftext|><|endoftext|><|endoftext|><|endoftext|>' = ['3', '4', '.', '<|im_end|>', '<|endoftext|>', '<|endoftext|>', '<|endoftext|>', '<|endoftext|>'] [base]
  L22: '34.<|im_end|><|endoftext|><|endoftext|><|endoftext|><|endoftext|>' = ['3', '4', '.', '<|im_end|>', '<|endoftext|>', '<|endoftext|>', '<|endoftext|>', '<|endoftext|>'] [base]
  L23: '52.<|im_end|><|endoftext|><|endoftext|><|endoftext|><|endoftext|>' = ['5', '2', '.', '<|im_end|>', '<|endoftext|>', '<|endoftext|>', '<|endoftext|>', '<|endoftext|>'] [other]
  L24: '52. This corresponds to Mexico,' = ['5', '2', '.', ' This', ' corresponds', ' to', ' Mexico', ','] [other]
  L25: '52. This corresponds to Mexico,' = ['5', '2', '.', ' This', ' corresponds', ' to', ' Mexico', ','] [other]
  L26: '52. This corresponds to Mexico,' = ['5', '2', '.', ' This', ' corresponds', ' to', ' Mexico', ','] [other]
  L27: '52.<|im_end|><|endoftext|><|endoftext|><|endoftext|><|endoftext|>' = ['5', '2', '.', '<|im_end|>', '<|endoftext|>', '<|endoftext|>', '<|endoftext|>', '<|endoftext|>'] [other]
  L28: '52.<|im_end|><|endoftext|><|endoftext|><|endoftext|><|endoftext|>' = ['5', '2', '.', '<|im_end|>', '<|endoftext|>', '<|endoftext|>', '<|endoftext|>', '<|endoftext|>'] [other]

row 360: base=JP -> source=DK  template=calling_code_prefill_v4
  question: 'What is the phone country code for the country in this image?'
  prefill : 'The phone code is +'
  gold base   (expected unhooked) : '81' = ['8', '1']
  gold source (expected if swap works): '45' = ['4', '5']
  unhooked: '86, which corresponds to China.' = ['8', '6', ',', ' which', ' corresponds', ' to', ' China', '.']
  L19: '86, which corresponds to China.' = ['8', '6', ',', ' which', ' corresponds', ' to', ' China', '.'] [other]
  L20: '86, which corresponds to China.' = ['8', '6', ',', ' which', ' corresponds', ' to', ' China', '.'] [other]
  L21: '86, which corresponds to China.' = ['8', '6', ',', ' which', ' corresponds', ' to', ' China', '.'] [other]
  L22: '41. This is the country code' = ['4', '1', '.', ' This', ' is', ' the', ' country', ' code'] [other]
  L23: '41. This is the country code' = ['4', '1', '.', ' This', ' is', ' the', ' country', ' code'] [other]
  L24: '41. This is the country code' = ['4', '1', '.', ' This', ' is', ' the', ' country', ' code'] [other]
  L25: '49, which corresponds to Germany.' = ['4', '9', ',', ' which', ' corresponds', ' to', ' Germany', '.'] [other]
  L26: '41. This is the country code' = ['4', '1', '.', ' This', ' is', ' the', ' country', ' code'] [other]
  L27: '41. This is the country code' = ['4', '1', '.', ' This', ' is', ' the', ' country', ' code'] [other]
  L28: '41. This is the country code' = ['4', '1', '.', ' This', ' is', ' the', ' country', ' code'] [other]

row 361: base=SG -> source=AZ  template=calling_code_prefill_v4
  question: 'What is the phone country code for the country in this image?'
  prefill : 'The phone code is +'
  gold base   (expected unhooked) : '65' = ['6', '5']
  gold source (expected if swap works): '994' = ['9', '9', '4']
  unhooked: '65. This is the country code' = ['6', '5', '.', ' This', ' is', ' the', ' country', ' code']
  L19: '65.<|im_end|><|endoftext|><|endoftext|><|endoftext|><|endoftext|>' = ['6', '5', '.', '<|im_end|>', '<|endoftext|>', '<|endoftext|>', '<|endoftext|>', '<|endoftext|>'] [base]
  L20: '65. This is the country code' = ['6', '5', '.', ' This', ' is', ' the', ' country', ' code'] [base]
  L21: '65. This is the country code' = ['6', '5', '.', ' This', ' is', ' the', ' country', ' code'] [base]
  L22: '65. This is the country code' = ['6', '5', '.', ' This', ' is', ' the', ' country', ' code'] [base]
  L23: '963.<|im_end|><|endoftext|><|endoftext|><|endoftext|>' = ['9', '6', '3', '.', '<|im_end|>', '<|endoftext|>', '<|endoftext|>', '<|endoftext|>'] [other]
  L24: '963.<|im_end|><|endoftext|><|endoftext|><|endoftext|>' = ['9', '6', '3', '.', '<|im_end|>', '<|endoftext|>', '<|endoftext|>', '<|endoftext|>'] [other]
  L25: '963.<|im_end|><|endoftext|><|endoftext|><|endoftext|>' = ['9', '6', '3', '.', '<|im_end|>', '<|endoftext|>', '<|endoftext|>', '<|endoftext|>'] [other]
  L26: '963.<|im_end|><|endoftext|><|endoftext|><|endoftext|>' = ['9', '6', '3', '.', '<|im_end|>', '<|endoftext|>', '<|endoftext|>', '<|endoftext|>'] [other]
  L27: '91.<|im_end|><|endoftext|><|endoftext|><|endoftext|><|endoftext|>' = ['9', '1', '.', '<|im_end|>', '<|endoftext|>', '<|endoftext|>', '<|endoftext|>', '<|endoftext|>'] [other]
  L28: '91.<|im_end|><|endoftext|><|endoftext|><|endoftext|><|endoftext|>' = ['9', '1', '.', '<|im_end|>', '<|endoftext|>', '<|endoftext|>', '<|endoftext|>', '<|endoftext|>'] [other]

row 362: base=UY -> source=CO  template=calling_code_prefill_v2
  question: 'Give the international dialling code of the country shown in this flag.'
  prefill : 'The dialling code is +'
  gold base   (expected unhooked) : '598' = ['5', '9', '8']
  gold source (expected if swap works): '57' = ['5', '7']
  unhooked: '598.<|im_end|><|endoftext|><|endoftext|><|endoftext|>' = ['5', '9', '8', '.', '<|im_end|>', '<|endoftext|>', '<|endoftext|>', '<|endoftext|>']
  L19: '598.<|im_end|><|endoftext|><|endoftext|><|endoftext|>' = ['5', '9', '8', '.', '<|im_end|>', '<|endoftext|>', '<|endoftext|>', '<|endoftext|>'] [base]
  L20: '598.<|im_end|><|endoftext|><|endoftext|><|endoftext|>' = ['5', '9', '8', '.', '<|im_end|>', '<|endoftext|>', '<|endoftext|>', '<|endoftext|>'] [base]
  L21: '598.<|im_end|><|endoftext|><|endoftext|><|endoftext|>' = ['5', '9', '8', '.', '<|im_end|>', '<|endoftext|>', '<|endoftext|>', '<|endoftext|>'] [base]
  L22: '598.<|im_end|><|endoftext|><|endoftext|><|endoftext|>' = ['5', '9', '8', '.', '<|im_end|>', '<|endoftext|>', '<|endoftext|>', '<|endoftext|>'] [base]
  L23: '598.<|im_end|><|endoftext|><|endoftext|><|endoftext|>' = ['5', '9', '8', '.', '<|im_end|>', '<|endoftext|>', '<|endoftext|>', '<|endoftext|>'] [base]
  L24: '598.<|im_end|><|endoftext|><|endoftext|><|endoftext|>' = ['5', '9', '8', '.', '<|im_end|>', '<|endoftext|>', '<|endoftext|>', '<|endoftext|>'] [base]
  L25: '598.<|im_end|><|endoftext|><|endoftext|><|endoftext|>' = ['5', '9', '8', '.', '<|im_end|>', '<|endoftext|>', '<|endoftext|>', '<|endoftext|>'] [base]
  L26: '598.<|im_end|><|endoftext|><|endoftext|><|endoftext|>' = ['5', '9', '8', '.', '<|im_end|>', '<|endoftext|>', '<|endoftext|>', '<|endoftext|>'] [base]
  L27: '598.<|im_end|><|endoftext|><|endoftext|><|endoftext|>' = ['5', '9', '8', '.', '<|im_end|>', '<|endoftext|>', '<|endoftext|>', '<|endoftext|>'] [base]
  L28: '598.<|im_end|><|endoftext|><|endoftext|><|endoftext|>' = ['5', '9', '8', '.', '<|im_end|>', '<|endoftext|>', '<|endoftext|>', '<|endoftext|>'] [base]

row 363: base=YE -> source=RS  template=calling_code_prefill_v4
  question: 'What is the phone country code for the country in this image?'
  prefill : 'The phone code is +'
  gold base   (expected unhooked) : '967' = ['9', '6', '7']
  gold source (expected if swap works): '381' = ['3', '8', '1']
  unhooked: '967. This corresponds to Yemen' = ['9', '6', '7', '.', ' This', ' corresponds', ' to', ' Yemen']
  L19: '967. This corresponds to Yemen' = ['9', '6', '7', '.', ' This', ' corresponds', ' to', ' Yemen'] [base]
  L20: '967. This corresponds to Yemen' = ['9', '6', '7', '.', ' This', ' corresponds', ' to', ' Yemen'] [base]
  L21: '967. This corresponds to Yemen' = ['9', '6', '7', '.', ' This', ' corresponds', ' to', ' Yemen'] [base]
  L22: '967. This corresponds to Yemen' = ['9', '6', '7', '.', ' This', ' corresponds', ' to', ' Yemen'] [base]
  L23: '39.<|im_end|><|endoftext|><|endoftext|><|endoftext|><|endoftext|>' = ['3', '9', '.', '<|im_end|>', '<|endoftext|>', '<|endoftext|>', '<|endoftext|>', '<|endoftext|>'] [other]
  L24: '39.<|im_end|><|endoftext|><|endoftext|><|endoftext|><|endoftext|>' = ['3', '9', '.', '<|im_end|>', '<|endoftext|>', '<|endoftext|>', '<|endoftext|>', '<|endoftext|>'] [other]
  L25: '39.<|im_end|><|endoftext|><|endoftext|><|endoftext|><|endoftext|>' = ['3', '9', '.', '<|im_end|>', '<|endoftext|>', '<|endoftext|>', '<|endoftext|>', '<|endoftext|>'] [other]
  L26: '39.<|im_end|><|endoftext|><|endoftext|><|endoftext|><|endoftext|>' = ['3', '9', '.', '<|im_end|>', '<|endoftext|>', '<|endoftext|>', '<|endoftext|>', '<|endoftext|>'] [other]
  L27: '39.<|im_end|><|endoftext|><|endoftext|><|endoftext|><|endoftext|>' = ['3', '9', '.', '<|im_end|>', '<|endoftext|>', '<|endoftext|>', '<|endoftext|>', '<|endoftext|>'] [other]
  L28: '39.<|im_end|><|endoftext|><|endoftext|><|endoftext|><|endoftext|>' = ['3', '9', '.', '<|im_end|>', '<|endoftext|>', '<|endoftext|>', '<|endoftext|>', '<|endoftext|>'] [other]

row 364: base=DE -> source=UY  template=calling_code_prefill_v4
  question: 'What is the phone country code for the country in this image?'
  prefill : 'The phone code is +'
  gold base   (expected unhooked) : '49' = ['4', '9']
  gold source (expected if swap works): '598' = ['5', '9', '8']
  unhooked: '49.<|im_end|><|endoftext|><|endoftext|><|endoftext|><|endoftext|>' = ['4', '9', '.', '<|im_end|>', '<|endoftext|>', '<|endoftext|>', '<|endoftext|>', '<|endoftext|>']
  L19: '49.<|im_end|><|endoftext|><|endoftext|><|endoftext|><|endoftext|>' = ['4', '9', '.', '<|im_end|>', '<|endoftext|>', '<|endoftext|>', '<|endoftext|>', '<|endoftext|>'] [base]
  L20: '49.<|im_end|><|endoftext|><|endoftext|><|endoftext|><|endoftext|>' = ['4', '9', '.', '<|im_end|>', '<|endoftext|>', '<|endoftext|>', '<|endoftext|>', '<|endoftext|>'] [base]
  L21: '49.<|im_end|><|endoftext|><|endoftext|><|endoftext|><|endoftext|>' = ['4', '9', '.', '<|im_end|>', '<|endoftext|>', '<|endoftext|>', '<|endoftext|>', '<|endoftext|>'] [base]
  L22: '49.<|im_end|><|endoftext|><|endoftext|><|endoftext|><|endoftext|>' = ['4', '9', '.', '<|im_end|>', '<|endoftext|>', '<|endoftext|>', '<|endoftext|>', '<|endoftext|>'] [base]
  L23: '51. This corresponds to Peru.' = ['5', '1', '.', ' This', ' corresponds', ' to', ' Peru', '.'] [other]
  L24: '52.<|im_end|><|endoftext|><|endoftext|><|endoftext|><|endoftext|>' = ['5', '2', '.', '<|im_end|>', '<|endoftext|>', '<|endoftext|>', '<|endoftext|>', '<|endoftext|>'] [other]
  L25: '51. This corresponds to Peru,' = ['5', '1', '.', ' This', ' corresponds', ' to', ' Peru', ','] [other]
  L26: '51. This corresponds to Peru,' = ['5', '1', '.', ' This', ' corresponds', ' to', ' Peru', ','] [other]
  L27: '51.<|im_end|><|endoftext|><|endoftext|><|endoftext|><|endoftext|>' = ['5', '1', '.', '<|im_end|>', '<|endoftext|>', '<|endoftext|>', '<|endoftext|>', '<|endoftext|>'] [other]
  L28: '51.<|im_end|><|endoftext|><|endoftext|><|endoftext|><|endoftext|>' = ['5', '1', '.', '<|im_end|>', '<|endoftext|>', '<|endoftext|>', '<|endoftext|>', '<|endoftext|>'] [other]

row 365: base=LU -> source=NI  template=calling_code_prefill_v1
  question: 'What is the international calling code of the country in this image?'
  prefill : 'The calling code is +'
  gold base   (expected unhooked) : '352' = ['3', '5', '2']
  gold source (expected if swap works): '505' = ['5', '0', '5']
  unhooked: '352.<|im_end|><|endoftext|><|endoftext|><|endoftext|>' = ['3', '5', '2', '.', '<|im_end|>', '<|endoftext|>', '<|endoftext|>', '<|endoftext|>']
  L19: '352.<|im_end|><|endoftext|><|endoftext|><|endoftext|>' = ['3', '5', '2', '.', '<|im_end|>', '<|endoftext|>', '<|endoftext|>', '<|endoftext|>'] [base]
  L20: '352.<|im_end|><|endoftext|><|endoftext|><|endoftext|>' = ['3', '5', '2', '.', '<|im_end|>', '<|endoftext|>', '<|endoftext|>', '<|endoftext|>'] [base]
  L21: '352.<|im_end|><|endoftext|><|endoftext|><|endoftext|>' = ['3', '5', '2', '.', '<|im_end|>', '<|endoftext|>', '<|endoftext|>', '<|endoftext|>'] [base]
  L22: '352.<|im_end|><|endoftext|><|endoftext|><|endoftext|>' = ['3', '5', '2', '.', '<|im_end|>', '<|endoftext|>', '<|endoftext|>', '<|endoftext|>'] [base]
  L23: '590.<|im_end|><|endoftext|><|endoftext|><|endoftext|>' = ['5', '9', '0', '.', '<|im_end|>', '<|endoftext|>', '<|endoftext|>', '<|endoftext|>'] [other]
  L24: '590.<|im_end|><|endoftext|><|endoftext|><|endoftext|>' = ['5', '9', '0', '.', '<|im_end|>', '<|endoftext|>', '<|endoftext|>', '<|endoftext|>'] [other]
  L25: '590.<|im_end|><|endoftext|><|endoftext|><|endoftext|>' = ['5', '9', '0', '.', '<|im_end|>', '<|endoftext|>', '<|endoftext|>', '<|endoftext|>'] [other]
  L26: '590.<|im_end|><|endoftext|><|endoftext|><|endoftext|>' = ['5', '9', '0', '.', '<|im_end|>', '<|endoftext|>', '<|endoftext|>', '<|endoftext|>'] [other]
  L27: '590.<|im_end|><|endoftext|><|endoftext|><|endoftext|>' = ['5', '9', '0', '.', '<|im_end|>', '<|endoftext|>', '<|endoftext|>', '<|endoftext|>'] [other]
  L28: '590.<|im_end|><|endoftext|><|endoftext|><|endoftext|>' = ['5', '9', '0', '.', '<|im_end|>', '<|endoftext|>', '<|endoftext|>', '<|endoftext|>'] [other]

row 366: base=PA -> source=EG  template=calling_code_prefill_v3
  question: 'What is the country calling code for the country in this image?'
  prefill : 'The country calling code is +'
  gold base   (expected unhooked) : '507' = ['5', '0', '7']
  gold source (expected if swap works): '20' = ['2', '0']
  unhooked: '507. This corresponds to Panama' = ['5', '0', '7', '.', ' This', ' corresponds', ' to', ' Panama']
  L19: '507. This corresponds to Panama' = ['5', '0', '7', '.', ' This', ' corresponds', ' to', ' Panama'] [base]
  L20: '507. This corresponds to Panama' = ['5', '0', '7', '.', ' This', ' corresponds', ' to', ' Panama'] [base]
  L21: '507. This corresponds to Panama' = ['5', '0', '7', '.', ' This', ' corresponds', ' to', ' Panama'] [base]
  L22: '507. This corresponds to Panama' = ['5', '0', '7', '.', ' This', ' corresponds', ' to', ' Panama'] [base]
  L23: '20. This corresponds to Egypt,' = ['2', '0', '.', ' This', ' corresponds', ' to', ' Egypt', ','] [HIT]
  L24: '20. This corresponds to Egypt,' = ['2', '0', '.', ' This', ' corresponds', ' to', ' Egypt', ','] [HIT]
  L25: '20. This corresponds to Egypt,' = ['2', '0', '.', ' This', ' corresponds', ' to', ' Egypt', ','] [HIT]
  L26: '20. This corresponds to Egypt,' = ['2', '0', '.', ' This', ' corresponds', ' to', ' Egypt', ','] [HIT]
  L27: '20. This corresponds to Egypt,' = ['2', '0', '.', ' This', ' corresponds', ' to', ' Egypt', ','] [HIT]
  L28: '20. This corresponds to Egypt,' = ['2', '0', '.', ' This', ' corresponds', ' to', ' Egypt', ','] [HIT]

row 367: base=CY -> source=CU  template=calling_code_prefill_v1
  question: 'What is the international calling code of the country in this image?'
  prefill : 'The calling code is +'
  gold base   (expected unhooked) : '357' = ['3', '5', '7']
  gold source (expected if swap works): '53' = ['5', '3']
  unhooked: '357.<|im_end|><|endoftext|><|endoftext|><|endoftext|>' = ['3', '5', '7', '.', '<|im_end|>', '<|endoftext|>', '<|endoftext|>', '<|endoftext|>']
  L19: '357.<|im_end|><|endoftext|><|endoftext|><|endoftext|>' = ['3', '5', '7', '.', '<|im_end|>', '<|endoftext|>', '<|endoftext|>', '<|endoftext|>'] [base]
  L20: '357.<|im_end|><|endoftext|><|endoftext|><|endoftext|>' = ['3', '5', '7', '.', '<|im_end|>', '<|endoftext|>', '<|endoftext|>', '<|endoftext|>'] [base]
  L21: '357.<|im_end|><|endoftext|><|endoftext|><|endoftext|>' = ['3', '5', '7', '.', '<|im_end|>', '<|endoftext|>', '<|endoftext|>', '<|endoftext|>'] [base]
  L22: '357.<|im_end|><|endoftext|><|endoftext|><|endoftext|>' = ['3', '5', '7', '.', '<|im_end|>', '<|endoftext|>', '<|endoftext|>', '<|endoftext|>'] [base]
  L23: '597. This corresponds to Cyprus' = ['5', '9', '7', '.', ' This', ' corresponds', ' to', ' Cyprus'] [other]
  L24: '597. This corresponds to Cyprus' = ['5', '9', '7', '.', ' This', ' corresponds', ' to', ' Cyprus'] [other]
  L25: '597. This corresponds to Cyprus' = ['5', '9', '7', '.', ' This', ' corresponds', ' to', ' Cyprus'] [other]
  L26: '597. This corresponds to Cyprus' = ['5', '9', '7', '.', ' This', ' corresponds', ' to', ' Cyprus'] [other]
  L27: '597. This corresponds to Cyprus' = ['5', '9', '7', '.', ' This', ' corresponds', ' to', ' Cyprus'] [other]
  L28: '597. This corresponds to Cyprus' = ['5', '9', '7', '.', ' This', ' corresponds', ' to', ' Cyprus'] [other]

row 368: base=CU -> source=PK  template=calling_code_prefill_v1
  question: 'What is the international calling code of the country in this image?'
  prefill : 'The calling code is +'
  gold base   (expected unhooked) : '53' = ['5', '3']
  gold source (expected if swap works): '92' = ['9', '2']
  unhooked: '53. This is the international dial' = ['5', '3', '.', ' This', ' is', ' the', ' international', ' dial']
  L19: '53. This is the international dial' = ['5', '3', '.', ' This', ' is', ' the', ' international', ' dial'] [base]
  L20: '53. This is the international dial' = ['5', '3', '.', ' This', ' is', ' the', ' international', ' dial'] [base]
  L21: '53. This is the international dial' = ['5', '3', '.', ' This', ' is', ' the', ' international', ' dial'] [base]
  L22: '53. This is the international dial' = ['5', '3', '.', ' This', ' is', ' the', ' international', ' dial'] [base]
  L23: '95.<|im_end|><|endoftext|><|endoftext|><|endoftext|><|endoftext|>' = ['9', '5', '.', '<|im_end|>', '<|endoftext|>', '<|endoftext|>', '<|endoftext|>', '<|endoftext|>'] [other]
  L24: '95.<|im_end|><|endoftext|><|endoftext|><|endoftext|><|endoftext|>' = ['9', '5', '.', '<|im_end|>', '<|endoftext|>', '<|endoftext|>', '<|endoftext|>', '<|endoftext|>'] [other]
  L25: '95.<|im_end|><|endoftext|><|endoftext|><|endoftext|><|endoftext|>' = ['9', '5', '.', '<|im_end|>', '<|endoftext|>', '<|endoftext|>', '<|endoftext|>', '<|endoftext|>'] [other]
  L26: '95.<|im_end|><|endoftext|><|endoftext|><|endoftext|><|endoftext|>' = ['9', '5', '.', '<|im_end|>', '<|endoftext|>', '<|endoftext|>', '<|endoftext|>', '<|endoftext|>'] [other]
  L27: '95.<|im_end|><|endoftext|><|endoftext|><|endoftext|><|endoftext|>' = ['9', '5', '.', '<|im_end|>', '<|endoftext|>', '<|endoftext|>', '<|endoftext|>', '<|endoftext|>'] [other]
  L28: '95.<|im_end|><|endoftext|><|endoftext|><|endoftext|><|endoftext|>' = ['9', '5', '.', '<|im_end|>', '<|endoftext|>', '<|endoftext|>', '<|endoftext|>', '<|endoftext|>'] [other]

row 369: base=DK -> source=HT  template=calling_code_prefill_v2
  question: 'Give the international dialling code of the country shown in this flag.'
  prefill : 'The dialling code is +'
  gold base   (expected unhooked) : '45' = ['4', '5']
  gold source (expected if swap works): '509' = ['5', '0', '9']
  unhooked: '45.<|im_end|><|endoftext|><|endoftext|><|endoftext|><|endoftext|>' = ['4', '5', '.', '<|im_end|>', '<|endoftext|>', '<|endoftext|>', '<|endoftext|>', '<|endoftext|>']
  L19: '45.<|im_end|><|endoftext|><|endoftext|><|endoftext|><|endoftext|>' = ['4', '5', '.', '<|im_end|>', '<|endoftext|>', '<|endoftext|>', '<|endoftext|>', '<|endoftext|>'] [base]
  L20: '45.<|im_end|><|endoftext|><|endoftext|><|endoftext|><|endoftext|>' = ['4', '5', '.', '<|im_end|>', '<|endoftext|>', '<|endoftext|>', '<|endoftext|>', '<|endoftext|>'] [base]
  L21: '45.<|im_end|><|endoftext|><|endoftext|><|endoftext|><|endoftext|>' = ['4', '5', '.', '<|im_end|>', '<|endoftext|>', '<|endoftext|>', '<|endoftext|>', '<|endoftext|>'] [base]
  L22: '508.<|im_end|><|endoftext|><|endoftext|><|endoftext|>' = ['5', '0', '8', '.', '<|im_end|>', '<|endoftext|>', '<|endoftext|>', '<|endoftext|>'] [other]
  L23: '53.<|im_end|><|endoftext|><|endoftext|><|endoftext|><|endoftext|>' = ['5', '3', '.', '<|im_end|>', '<|endoftext|>', '<|endoftext|>', '<|endoftext|>', '<|endoftext|>'] [other]
  L24: '53.<|im_end|><|endoftext|><|endoftext|><|endoftext|><|endoftext|>' = ['5', '3', '.', '<|im_end|>', '<|endoftext|>', '<|endoftext|>', '<|endoftext|>', '<|endoftext|>'] [other]
  L25: '53.<|im_end|><|endoftext|><|endoftext|><|endoftext|><|endoftext|>' = ['5', '3', '.', '<|im_end|>', '<|endoftext|>', '<|endoftext|>', '<|endoftext|>', '<|endoftext|>'] [other]
  L26: '53.<|im_end|><|endoftext|><|endoftext|><|endoftext|><|endoftext|>' = ['5', '3', '.', '<|im_end|>', '<|endoftext|>', '<|endoftext|>', '<|endoftext|>', '<|endoftext|>'] [other]
  L27: '508.<|im_end|><|endoftext|><|endoftext|><|endoftext|>' = ['5', '0', '8', '.', '<|im_end|>', '<|endoftext|>', '<|endoftext|>', '<|endoftext|>'] [other]
  L28: '508.<|im_end|><|endoftext|><|endoftext|><|endoftext|>' = ['5', '0', '8', '.', '<|im_end|>', '<|endoftext|>', '<|endoftext|>', '<|endoftext|>'] [other]

row 370: base=ES -> source=EG  template=calling_code_prefill_v6
  question: 'What country code do you dial to call this country?'
  prefill : 'The country code is +'
  gold base   (expected unhooked) : '34' = ['3', '4']
  gold source (expected if swap works): '20' = ['2', '0']
  unhooked: '34.<|im_end|><|endoftext|><|endoftext|><|endoftext|><|endoftext|>' = ['3', '4', '.', '<|im_end|>', '<|endoftext|>', '<|endoftext|>', '<|endoftext|>', '<|endoftext|>']
  L19: '34.<|im_end|><|endoftext|><|endoftext|><|endoftext|><|endoftext|>' = ['3', '4', '.', '<|im_end|>', '<|endoftext|>', '<|endoftext|>', '<|endoftext|>', '<|endoftext|>'] [base]
  L20: '34.<|im_end|><|endoftext|><|endoftext|><|endoftext|><|endoftext|>' = ['3', '4', '.', '<|im_end|>', '<|endoftext|>', '<|endoftext|>', '<|endoftext|>', '<|endoftext|>'] [base]
  L21: '34.<|im_end|><|endoftext|><|endoftext|><|endoftext|><|endoftext|>' = ['3', '4', '.', '<|im_end|>', '<|endoftext|>', '<|endoftext|>', '<|endoftext|>', '<|endoftext|>'] [base]
  L22: '34.<|im_end|><|endoftext|><|endoftext|><|endoftext|><|endoftext|>' = ['3', '4', '.', '<|im_end|>', '<|endoftext|>', '<|endoftext|>', '<|endoftext|>', '<|endoftext|>'] [base]
  L23: '243.<|im_end|><|endoftext|><|endoftext|><|endoftext|>' = ['2', '4', '3', '.', '<|im_end|>', '<|endoftext|>', '<|endoftext|>', '<|endoftext|>'] [other]
  L24: '243.<|im_end|><|endoftext|><|endoftext|><|endoftext|>' = ['2', '4', '3', '.', '<|im_end|>', '<|endoftext|>', '<|endoftext|>', '<|endoftext|>'] [other]
  L25: '243.<|im_end|><|endoftext|><|endoftext|><|endoftext|>' = ['2', '4', '3', '.', '<|im_end|>', '<|endoftext|>', '<|endoftext|>', '<|endoftext|>'] [other]
  L26: '243.<|im_end|><|endoftext|><|endoftext|><|endoftext|>' = ['2', '4', '3', '.', '<|im_end|>', '<|endoftext|>', '<|endoftext|>', '<|endoftext|>'] [other]
  L27: '243.<|im_end|><|endoftext|><|endoftext|><|endoftext|>' = ['2', '4', '3', '.', '<|im_end|>', '<|endoftext|>', '<|endoftext|>', '<|endoftext|>'] [other]
  L28: '243.<|im_end|><|endoftext|><|endoftext|><|endoftext|>' = ['2', '4', '3', '.', '<|im_end|>', '<|endoftext|>', '<|endoftext|>', '<|endoftext|>'] [other]

row 371: base=NA -> source=DK  template=calling_code_prefill_v1
  question: 'What is the international calling code of the country in this image?'
  prefill : 'The calling code is +'
  gold base   (expected unhooked) : '264' = ['2', '6', '4']
  gold source (expected if swap works): '45' = ['4', '5']
  unhooked: '264. This corresponds to Nam' = ['2', '6', '4', '.', ' This', ' corresponds', ' to', ' Nam']
  L19: '264. This corresponds to Nam' = ['2', '6', '4', '.', ' This', ' corresponds', ' to', ' Nam'] [base]
  L20: '264. This corresponds to Nam' = ['2', '6', '4', '.', ' This', ' corresponds', ' to', ' Nam'] [base]
  L21: '264. This corresponds to Nam' = ['2', '6', '4', '.', ' This', ' corresponds', ' to', ' Nam'] [base]
  L22: '264. This corresponds to Nam' = ['2', '6', '4', '.', ' This', ' corresponds', ' to', ' Nam'] [base]
  L23: '264. This corresponds to Nam' = ['2', '6', '4', '.', ' This', ' corresponds', ' to', ' Nam'] [base]
  L24: '41. This is the international calling' = ['4', '1', '.', ' This', ' is', ' the', ' international', ' calling'] [other]
  L25: '41. This is the international calling' = ['4', '1', '.', ' This', ' is', ' the', ' international', ' calling'] [other]
  L26: '41. This is the international calling' = ['4', '1', '.', ' This', ' is', ' the', ' international', ' calling'] [other]
  L27: '41. This is the international calling' = ['4', '1', '.', ' This', ' is', ' the', ' international', ' calling'] [other]
  L28: '41. This is the international calling' = ['4', '1', '.', ' This', ' is', ' the', ' international', ' calling'] [other]

row 372: base=KH -> source=JO  template=calling_code_prefill_v2
  question: 'Give the international dialling code of the country shown in this flag.'
  prefill : 'The dialling code is +'
  gold base   (expected unhooked) : '855' = ['8', '5', '5']
  gold source (expected if swap works): '962' = ['9', '6', '2']
  unhooked: '855.<|im_end|><|endoftext|><|endoftext|><|endoftext|>' = ['8', '5', '5', '.', '<|im_end|>', '<|endoftext|>', '<|endoftext|>', '<|endoftext|>']
  L19: '855.<|im_end|><|endoftext|><|endoftext|><|endoftext|>' = ['8', '5', '5', '.', '<|im_end|>', '<|endoftext|>', '<|endoftext|>', '<|endoftext|>'] [base]
  L20: '855.<|im_end|><|endoftext|><|endoftext|><|endoftext|>' = ['8', '5', '5', '.', '<|im_end|>', '<|endoftext|>', '<|endoftext|>', '<|endoftext|>'] [base]
  L21: '855.<|im_end|><|endoftext|><|endoftext|><|endoftext|>' = ['8', '5', '5', '.', '<|im_end|>', '<|endoftext|>', '<|endoftext|>', '<|endoftext|>'] [base]
  L22: '235.<|im_end|><|endoftext|><|endoftext|><|endoftext|>' = ['2', '3', '5', '.', '<|im_end|>', '<|endoftext|>', '<|endoftext|>', '<|endoftext|>'] [other]
  L23: '968.<|im_end|><|endoftext|><|endoftext|><|endoftext|>' = ['9', '6', '8', '.', '<|im_end|>', '<|endoftext|>', '<|endoftext|>', '<|endoftext|>'] [other]
  L24: '968.<|im_end|><|endoftext|><|endoftext|><|endoftext|>' = ['9', '6', '8', '.', '<|im_end|>', '<|endoftext|>', '<|endoftext|>', '<|endoftext|>'] [other]
  L25: '968.<|im_end|><|endoftext|><|endoftext|><|endoftext|>' = ['9', '6', '8', '.', '<|im_end|>', '<|endoftext|>', '<|endoftext|>', '<|endoftext|>'] [other]
  L26: '968.<|im_end|><|endoftext|><|endoftext|><|endoftext|>' = ['9', '6', '8', '.', '<|im_end|>', '<|endoftext|>', '<|endoftext|>', '<|endoftext|>'] [other]
  L27: '968.<|im_end|><|endoftext|><|endoftext|><|endoftext|>' = ['9', '6', '8', '.', '<|im_end|>', '<|endoftext|>', '<|endoftext|>', '<|endoftext|>'] [other]
  L28: '968.<|im_end|><|endoftext|><|endoftext|><|endoftext|>' = ['9', '6', '8', '.', '<|im_end|>', '<|endoftext|>', '<|endoftext|>', '<|endoftext|>'] [other]

row 373: base=QA -> source=EG  template=calling_code_prefill_v6
  question: 'What country code do you dial to call this country?'
  prefill : 'The country code is +'
  gold base   (expected unhooked) : '974' = ['9', '7', '4']
  gold source (expected if swap works): '20' = ['2', '0']
  unhooked: '974.<|im_end|><|endoftext|><|endoftext|><|endoftext|>' = ['9', '7', '4', '.', '<|im_end|>', '<|endoftext|>', '<|endoftext|>', '<|endoftext|>']
  L19: '974.<|im_end|><|endoftext|><|endoftext|><|endoftext|>' = ['9', '7', '4', '.', '<|im_end|>', '<|endoftext|>', '<|endoftext|>', '<|endoftext|>'] [base]
  L20: '974.<|im_end|><|endoftext|><|endoftext|><|endoftext|>' = ['9', '7', '4', '.', '<|im_end|>', '<|endoftext|>', '<|endoftext|>', '<|endoftext|>'] [base]
  L21: '974.<|im_end|><|endoftext|><|endoftext|><|endoftext|>' = ['9', '7', '4', '.', '<|im_end|>', '<|endoftext|>', '<|endoftext|>', '<|endoftext|>'] [base]
  L22: '974.<|im_end|><|endoftext|><|endoftext|><|endoftext|>' = ['9', '7', '4', '.', '<|im_end|>', '<|endoftext|>', '<|endoftext|>', '<|endoftext|>'] [base]
  L23: '230.<|im_end|><|endoftext|><|endoftext|><|endoftext|>' = ['2', '3', '0', '.', '<|im_end|>', '<|endoftext|>', '<|endoftext|>', '<|endoftext|>'] [other]
  L24: '230.<|im_end|><|endoftext|><|endoftext|><|endoftext|>' = ['2', '3', '0', '.', '<|im_end|>', '<|endoftext|>', '<|endoftext|>', '<|endoftext|>'] [other]
  L25: '230.<|im_end|><|endoftext|><|endoftext|><|endoftext|>' = ['2', '3', '0', '.', '<|im_end|>', '<|endoftext|>', '<|endoftext|>', '<|endoftext|>'] [other]
  L26: '230.<|im_end|><|endoftext|><|endoftext|><|endoftext|>' = ['2', '3', '0', '.', '<|im_end|>', '<|endoftext|>', '<|endoftext|>', '<|endoftext|>'] [other]
  L27: '230.<|im_end|><|endoftext|><|endoftext|><|endoftext|>' = ['2', '3', '0', '.', '<|im_end|>', '<|endoftext|>', '<|endoftext|>', '<|endoftext|>'] [other]
  L28: '230.<|im_end|><|endoftext|><|endoftext|><|endoftext|>' = ['2', '3', '0', '.', '<|im_end|>', '<|endoftext|>', '<|endoftext|>', '<|endoftext|>'] [other]

row 374: base=OM -> source=RS  template=calling_code_prefill_v6
  question: 'What country code do you dial to call this country?'
  prefill : 'The country code is +'
  gold base   (expected unhooked) : '968' = ['9', '6', '8']
  gold source (expected if swap works): '381' = ['3', '8', '1']
  unhooked: '968.<|im_end|><|endoftext|><|endoftext|><|endoftext|>' = ['9', '6', '8', '.', '<|im_end|>', '<|endoftext|>', '<|endoftext|>', '<|endoftext|>']
  L19: '968.<|im_end|><|endoftext|><|endoftext|><|endoftext|>' = ['9', '6', '8', '.', '<|im_end|>', '<|endoftext|>', '<|endoftext|>', '<|endoftext|>'] [base]
  L20: '968.<|im_end|><|endoftext|><|endoftext|><|endoftext|>' = ['9', '6', '8', '.', '<|im_end|>', '<|endoftext|>', '<|endoftext|>', '<|endoftext|>'] [base]
  L21: '968.<|im_end|><|endoftext|><|endoftext|><|endoftext|>' = ['9', '6', '8', '.', '<|im_end|>', '<|endoftext|>', '<|endoftext|>', '<|endoftext|>'] [base]
  L22: '968.<|im_end|><|endoftext|><|endoftext|><|endoftext|>' = ['9', '6', '8', '.', '<|im_end|>', '<|endoftext|>', '<|endoftext|>', '<|endoftext|>'] [base]
  L23: '39.<|im_end|><|endoftext|><|endoftext|><|endoftext|><|endoftext|>' = ['3', '9', '.', '<|im_end|>', '<|endoftext|>', '<|endoftext|>', '<|endoftext|>', '<|endoftext|>'] [other]
  L24: '39.<|im_end|><|endoftext|><|endoftext|><|endoftext|><|endoftext|>' = ['3', '9', '.', '<|im_end|>', '<|endoftext|>', '<|endoftext|>', '<|endoftext|>', '<|endoftext|>'] [other]
  L25: '39.<|im_end|><|endoftext|><|endoftext|><|endoftext|><|endoftext|>' = ['3', '9', '.', '<|im_end|>', '<|endoftext|>', '<|endoftext|>', '<|endoftext|>', '<|endoftext|>'] [other]
  L26: '39.<|im_end|><|endoftext|><|endoftext|><|endoftext|><|endoftext|>' = ['3', '9', '.', '<|im_end|>', '<|endoftext|>', '<|endoftext|>', '<|endoftext|>', '<|endoftext|>'] [other]
  L27: '375.<|im_end|><|endoftext|><|endoftext|><|endoftext|>' = ['3', '7', '5', '.', '<|im_end|>', '<|endoftext|>', '<|endoftext|>', '<|endoftext|>'] [other]
  L28: '39.<|im_end|><|endoftext|><|endoftext|><|endoftext|><|endoftext|>' = ['3', '9', '.', '<|im_end|>', '<|endoftext|>', '<|endoftext|>', '<|endoftext|>', '<|endoftext|>'] [other]

row 375: base=AM -> source=YE  template=calling_code_prefill_v2
  question: 'Give the international dialling code of the country shown in this flag.'
  prefill : 'The dialling code is +'
  gold base   (expected unhooked) : '374' = ['3', '7', '4']
  gold source (expected if swap works): '967' = ['9', '6', '7']
  unhooked: '374.<|im_end|><|endoftext|><|endoftext|><|endoftext|>' = ['3', '7', '4', '.', '<|im_end|>', '<|endoftext|>', '<|endoftext|>', '<|endoftext|>']
  L19: '374.<|im_end|><|endoftext|><|endoftext|><|endoftext|>' = ['3', '7', '4', '.', '<|im_end|>', '<|endoftext|>', '<|endoftext|>', '<|endoftext|>'] [base]
  L20: '374.<|im_end|><|endoftext|><|endoftext|><|endoftext|>' = ['3', '7', '4', '.', '<|im_end|>', '<|endoftext|>', '<|endoftext|>', '<|endoftext|>'] [base]
  L21: '374.<|im_end|><|endoftext|><|endoftext|><|endoftext|>' = ['3', '7', '4', '.', '<|im_end|>', '<|endoftext|>', '<|endoftext|>', '<|endoftext|>'] [base]
  L22: '374.<|im_end|><|endoftext|><|endoftext|><|endoftext|>' = ['3', '7', '4', '.', '<|im_end|>', '<|endoftext|>', '<|endoftext|>', '<|endoftext|>'] [base]
  L23: '961.<|im_end|><|endoftext|><|endoftext|><|endoftext|>' = ['9', '6', '1', '.', '<|im_end|>', '<|endoftext|>', '<|endoftext|>', '<|endoftext|>'] [other]
  L24: '961.<|im_end|><|endoftext|><|endoftext|><|endoftext|>' = ['9', '6', '1', '.', '<|im_end|>', '<|endoftext|>', '<|endoftext|>', '<|endoftext|>'] [other]
  L25: '961.<|im_end|><|endoftext|><|endoftext|><|endoftext|>' = ['9', '6', '1', '.', '<|im_end|>', '<|endoftext|>', '<|endoftext|>', '<|endoftext|>'] [other]
  L26: '961.<|im_end|><|endoftext|><|endoftext|><|endoftext|>' = ['9', '6', '1', '.', '<|im_end|>', '<|endoftext|>', '<|endoftext|>', '<|endoftext|>'] [other]
  L27: '961.<|im_end|><|endoftext|><|endoftext|><|endoftext|>' = ['9', '6', '1', '.', '<|im_end|>', '<|endoftext|>', '<|endoftext|>', '<|endoftext|>'] [other]
  L28: '961.<|im_end|><|endoftext|><|endoftext|><|endoftext|>' = ['9', '6', '1', '.', '<|im_end|>', '<|endoftext|>', '<|endoftext|>', '<|endoftext|>'] [other]

row 376: base=KR -> source=JP  template=calling_code_prefill_v1
  question: 'What is the international calling code of the country in this image?'
  prefill : 'The calling code is +'
  gold base   (expected unhooked) : '82' = ['8', '2']
  gold source (expected if swap works): '81' = ['8', '1']
  unhooked: '82. This is the international direct' = ['8', '2', '.', ' This', ' is', ' the', ' international', ' direct']
  L19: '82. This is the international direct' = ['8', '2', '.', ' This', ' is', ' the', ' international', ' direct'] [base]
  L20: '82. This is the international direct' = ['8', '2', '.', ' This', ' is', ' the', ' international', ' direct'] [base]
  L21: '82. This is the international direct' = ['8', '2', '.', ' This', ' is', ' the', ' international', ' direct'] [base]
  L22: '82. This is the international direct' = ['8', '2', '.', ' This', ' is', ' the', ' international', ' direct'] [base]
  L23: '82. This is the international direct' = ['8', '2', '.', ' This', ' is', ' the', ' international', ' direct'] [base]
  L24: '82. This is the international direct' = ['8', '2', '.', ' This', ' is', ' the', ' international', ' direct'] [base]
  L25: '82. This is the international direct' = ['8', '2', '.', ' This', ' is', ' the', ' international', ' direct'] [base]
  L26: '82. This is the international direct' = ['8', '2', '.', ' This', ' is', ' the', ' international', ' direct'] [base]
  L27: '82. This is the international direct' = ['8', '2', '.', ' This', ' is', ' the', ' international', ' direct'] [base]
  L28: '82. This is the international direct' = ['8', '2', '.', ' This', ' is', ' the', ' international', ' direct'] [base]

row 377: base=YE -> source=AZ  template=calling_code_prefill_v3
  question: 'What is the country calling code for the country in this image?'
  prefill : 'The country calling code is +'
  gold base   (expected unhooked) : '967' = ['9', '6', '7']
  gold source (expected if swap works): '994' = ['9', '9', '4']
  unhooked: '967, which corresponds to Yemen' = ['9', '6', '7', ',', ' which', ' corresponds', ' to', ' Yemen']
  L19: '967, which corresponds to Yemen' = ['9', '6', '7', ',', ' which', ' corresponds', ' to', ' Yemen'] [base]
  L20: '967, which corresponds to Yemen' = ['9', '6', '7', ',', ' which', ' corresponds', ' to', ' Yemen'] [base]
  L21: '967, which corresponds to Yemen' = ['9', '6', '7', ',', ' which', ' corresponds', ' to', ' Yemen'] [base]
  L22: '967, which corresponds to Yemen' = ['9', '6', '7', ',', ' which', ' corresponds', ' to', ' Yemen'] [base]
  L23: '967, which corresponds to Yemen' = ['9', '6', '7', ',', ' which', ' corresponds', ' to', ' Yemen'] [base]
  L24: '967. This corresponds to Yemen' = ['9', '6', '7', '.', ' This', ' corresponds', ' to', ' Yemen'] [base]
  L25: '967. This corresponds to Yemen' = ['9', '6', '7', '.', ' This', ' corresponds', ' to', ' Yemen'] [base]
  L26: '967, which corresponds to Yemen' = ['9', '6', '7', ',', ' which', ' corresponds', ' to', ' Yemen'] [base]
  L27: '967, which corresponds to Yemen' = ['9', '6', '7', ',', ' which', ' corresponds', ' to', ' Yemen'] [base]
  L28: '967, which corresponds to Yemen' = ['9', '6', '7', ',', ' which', ' corresponds', ' to', ' Yemen'] [base]

row 378: base=TZ -> source=CO  template=calling_code_prefill_v3
  question: 'What is the country calling code for the country in this image?'
  prefill : 'The country calling code is +'
  gold base   (expected unhooked) : '255' = ['2', '5', '5']
  gold source (expected if swap works): '57' = ['5', '7']
  unhooked: '255. This corresponds to Tanzania' = ['2', '5', '5', '.', ' This', ' corresponds', ' to', ' Tanzania']
  L19: '255. This corresponds to Tanzania' = ['2', '5', '5', '.', ' This', ' corresponds', ' to', ' Tanzania'] [base]
  L20: '255. This corresponds to Tanzania' = ['2', '5', '5', '.', ' This', ' corresponds', ' to', ' Tanzania'] [base]
  L21: '255. This corresponds to Tanzania' = ['2', '5', '5', '.', ' This', ' corresponds', ' to', ' Tanzania'] [base]
  L22: '255. This corresponds to Tanzania' = ['2', '5', '5', '.', ' This', ' corresponds', ' to', ' Tanzania'] [base]
  L23: '54. This corresponds to Argentina.' = ['5', '4', '.', ' This', ' corresponds', ' to', ' Argentina', '.'] [other]
  L24: '54, which corresponds to Argentina.' = ['5', '4', ',', ' which', ' corresponds', ' to', ' Argentina', '.'] [other]
  L25: '54. This corresponds to Argentina.' = ['5', '4', '.', ' This', ' corresponds', ' to', ' Argentina', '.'] [other]
  L26: '54. This corresponds to Argentina.' = ['5', '4', '.', ' This', ' corresponds', ' to', ' Argentina', '.'] [other]
  L27: '54, which corresponds to Argentina.' = ['5', '4', ',', ' which', ' corresponds', ' to', ' Argentina', '.'] [other]
  L28: '54, which corresponds to Argentina.' = ['5', '4', ',', ' which', ' corresponds', ' to', ' Argentina', '.'] [other]

row 379: base=IQ -> source=NI  template=calling_code_prefill_v6
  question: 'What country code do you dial to call this country?'
  prefill : 'The country code is +'
  gold base   (expected unhooked) : '964' = ['9', '6', '4']
  gold source (expected if swap works): '505' = ['5', '0', '5']
  unhooked: '964. This is the international' = ['9', '6', '4', '.', ' This', ' is', ' the', ' international']
  L19: '964.<|im_end|><|endoftext|><|endoftext|><|endoftext|>' = ['9', '6', '4', '.', '<|im_end|>', '<|endoftext|>', '<|endoftext|>', '<|endoftext|>'] [base]
  L20: '964. This is the international' = ['9', '6', '4', '.', ' This', ' is', ' the', ' international'] [base]
  L21: '964. This is the international' = ['9', '6', '4', '.', ' This', ' is', ' the', ' international'] [base]
  L22: '964. This is the international' = ['9', '6', '4', '.', ' This', ' is', ' the', ' international'] [base]
  L23: '591. This is the country' = ['5', '9', '1', '.', ' This', ' is', ' the', ' country'] [other]
  L24: '591. This is the country' = ['5', '9', '1', '.', ' This', ' is', ' the', ' country'] [other]
  L25: '591. This is the country' = ['5', '9', '1', '.', ' This', ' is', ' the', ' country'] [other]
  L26: '591. This is the country' = ['5', '9', '1', '.', ' This', ' is', ' the', ' country'] [other]
  L27: '591. This is the country' = ['5', '9', '1', '.', ' This', ' is', ' the', ' country'] [other]
  L28: '591. This is the country' = ['5', '9', '1', '.', ' This', ' is', ' the', ' country'] [other]

row 380: base=NP -> source=SG  template=calling_code_prefill_v4
  question: 'What is the phone country code for the country in this image?'
  prefill : 'The phone code is +'
  gold base   (expected unhooked) : '977' = ['9', '7', '7']
  gold source (expected if swap works): '65' = ['6', '5']
  unhooked: '977. This is the country' = ['9', '7', '7', '.', ' This', ' is', ' the', ' country']
  L19: '977. This is the country' = ['9', '7', '7', '.', ' This', ' is', ' the', ' country'] [base]
  L20: '977. This is the country' = ['9', '7', '7', '.', ' This', ' is', ' the', ' country'] [base]
  L21: '977. This is the country' = ['9', '7', '7', '.', ' This', ' is', ' the', ' country'] [base]
  L22: '977. This is the country' = ['9', '7', '7', '.', ' This', ' is', ' the', ' country'] [base]
  L23: '672. This is the country' = ['6', '7', '2', '.', ' This', ' is', ' the', ' country'] [other]
  L24: '679. This corresponds to Nepal' = ['6', '7', '9', '.', ' This', ' corresponds', ' to', ' Nepal'] [other]
  L25: '672. This is the country' = ['6', '7', '2', '.', ' This', ' is', ' the', ' country'] [other]
  L26: '672. This is the country' = ['6', '7', '2', '.', ' This', ' is', ' the', ' country'] [other]
  L27: '65.<|im_end|><|endoftext|><|endoftext|><|endoftext|><|endoftext|>' = ['6', '5', '.', '<|im_end|>', '<|endoftext|>', '<|endoftext|>', '<|endoftext|>', '<|endoftext|>'] [HIT]
  L28: '65.<|im_end|><|endoftext|><|endoftext|><|endoftext|><|endoftext|>' = ['6', '5', '.', '<|im_end|>', '<|endoftext|>', '<|endoftext|>', '<|endoftext|>', '<|endoftext|>'] [HIT]

row 381: base=NP -> source=LU  template=calling_code_prefill_v5
  question: 'Identify the international dialing code of the country shown in this flag.'
  prefill : 'The dialing code is +'
  gold base   (expected unhooked) : '977' = ['9', '7', '7']
  gold source (expected if swap works): '352' = ['3', '5', '2']
  unhooked: '977.<|im_end|><|endoftext|><|endoftext|><|endoftext|>' = ['9', '7', '7', '.', '<|im_end|>', '<|endoftext|>', '<|endoftext|>', '<|endoftext|>']
  L19: '977.<|im_end|><|endoftext|><|endoftext|><|endoftext|>' = ['9', '7', '7', '.', '<|im_end|>', '<|endoftext|>', '<|endoftext|>', '<|endoftext|>'] [base]
  L20: '977.<|im_end|><|endoftext|><|endoftext|><|endoftext|>' = ['9', '7', '7', '.', '<|im_end|>', '<|endoftext|>', '<|endoftext|>', '<|endoftext|>'] [base]
  L21: '977.<|im_end|><|endoftext|><|endoftext|><|endoftext|>' = ['9', '7', '7', '.', '<|im_end|>', '<|endoftext|>', '<|endoftext|>', '<|endoftext|>'] [base]
  L22: '977.<|im_end|><|endoftext|><|endoftext|><|endoftext|>' = ['9', '7', '7', '.', '<|im_end|>', '<|endoftext|>', '<|endoftext|>', '<|endoftext|>'] [base]
  L23: '355.<|im_end|><|endoftext|><|endoftext|><|endoftext|>' = ['3', '5', '5', '.', '<|im_end|>', '<|endoftext|>', '<|endoftext|>', '<|endoftext|>'] [other]
  L24: '355.<|im_end|><|endoftext|><|endoftext|><|endoftext|>' = ['3', '5', '5', '.', '<|im_end|>', '<|endoftext|>', '<|endoftext|>', '<|endoftext|>'] [other]
  L25: '355.<|im_end|><|endoftext|><|endoftext|><|endoftext|>' = ['3', '5', '5', '.', '<|im_end|>', '<|endoftext|>', '<|endoftext|>', '<|endoftext|>'] [other]
  L26: '355.<|im_end|><|endoftext|><|endoftext|><|endoftext|>' = ['3', '5', '5', '.', '<|im_end|>', '<|endoftext|>', '<|endoftext|>', '<|endoftext|>'] [other]
  L27: '355.<|im_end|><|endoftext|><|endoftext|><|endoftext|>' = ['3', '5', '5', '.', '<|im_end|>', '<|endoftext|>', '<|endoftext|>', '<|endoftext|>'] [other]
  L28: '355.<|im_end|><|endoftext|><|endoftext|><|endoftext|>' = ['3', '5', '5', '.', '<|im_end|>', '<|endoftext|>', '<|endoftext|>', '<|endoftext|>'] [other]

row 382: base=PK -> source=TZ  template=calling_code_prefill_v5
  question: 'Identify the international dialing code of the country shown in this flag.'
  prefill : 'The dialing code is +'
  gold base   (expected unhooked) : '92' = ['9', '2']
  gold source (expected if swap works): '255' = ['2', '5', '5']
  unhooked: '92.<|im_end|><|endoftext|><|endoftext|><|endoftext|><|endoftext|>' = ['9', '2', '.', '<|im_end|>', '<|endoftext|>', '<|endoftext|>', '<|endoftext|>', '<|endoftext|>']
  L19: '92.<|im_end|><|endoftext|><|endoftext|><|endoftext|><|endoftext|>' = ['9', '2', '.', '<|im_end|>', '<|endoftext|>', '<|endoftext|>', '<|endoftext|>', '<|endoftext|>'] [base]
  L20: '92.<|im_end|><|endoftext|><|endoftext|><|endoftext|><|endoftext|>' = ['9', '2', '.', '<|im_end|>', '<|endoftext|>', '<|endoftext|>', '<|endoftext|>', '<|endoftext|>'] [base]
  L21: '92.<|im_end|><|endoftext|><|endoftext|><|endoftext|><|endoftext|>' = ['9', '2', '.', '<|im_end|>', '<|endoftext|>', '<|endoftext|>', '<|endoftext|>', '<|endoftext|>'] [base]
  L22: '92.<|im_end|><|endoftext|><|endoftext|><|endoftext|><|endoftext|>' = ['9', '2', '.', '<|im_end|>', '<|endoftext|>', '<|endoftext|>', '<|endoftext|>', '<|endoftext|>'] [base]
  L23: '254.<|im_end|><|endoftext|><|endoftext|><|endoftext|>' = ['2', '5', '4', '.', '<|im_end|>', '<|endoftext|>', '<|endoftext|>', '<|endoftext|>'] [other]
  L24: '254.<|im_end|><|endoftext|><|endoftext|><|endoftext|>' = ['2', '5', '4', '.', '<|im_end|>', '<|endoftext|>', '<|endoftext|>', '<|endoftext|>'] [other]
  L25: '254.<|im_end|><|endoftext|><|endoftext|><|endoftext|>' = ['2', '5', '4', '.', '<|im_end|>', '<|endoftext|>', '<|endoftext|>', '<|endoftext|>'] [other]
  L26: '254.<|im_end|><|endoftext|><|endoftext|><|endoftext|>' = ['2', '5', '4', '.', '<|im_end|>', '<|endoftext|>', '<|endoftext|>', '<|endoftext|>'] [other]
  L27: '254.<|im_end|><|endoftext|><|endoftext|><|endoftext|>' = ['2', '5', '4', '.', '<|im_end|>', '<|endoftext|>', '<|endoftext|>', '<|endoftext|>'] [other]
  L28: '254.<|im_end|><|endoftext|><|endoftext|><|endoftext|>' = ['2', '5', '4', '.', '<|im_end|>', '<|endoftext|>', '<|endoftext|>', '<|endoftext|>'] [other]

row 383: base=GY -> source=ET  template=calling_code_prefill_v4
  question: 'What is the phone country code for the country in this image?'
  prefill : 'The phone code is +'
  gold base   (expected unhooked) : '592' = ['5', '9', '2']
  gold source (expected if swap works): '251' = ['2', '5', '1']
  unhooked: '592. This corresponds to the' = ['5', '9', '2', '.', ' This', ' corresponds', ' to', ' the']
  L19: '592. This corresponds to the' = ['5', '9', '2', '.', ' This', ' corresponds', ' to', ' the'] [base]
  L20: '592. This corresponds to the' = ['5', '9', '2', '.', ' This', ' corresponds', ' to', ' the'] [base]
  L21: '592. This corresponds to the' = ['5', '9', '2', '.', ' This', ' corresponds', ' to', ' the'] [base]
  L22: '592. This corresponds to the' = ['5', '9', '2', '.', ' This', ' corresponds', ' to', ' the'] [base]
  L23: '246. This corresponds to the' = ['2', '4', '6', '.', ' This', ' corresponds', ' to', ' the'] [other]
  L24: '246. This corresponds to the' = ['2', '4', '6', '.', ' This', ' corresponds', ' to', ' the'] [other]
  L25: '246. This corresponds to the' = ['2', '4', '6', '.', ' This', ' corresponds', ' to', ' the'] [other]
  L26: '246. This corresponds to the' = ['2', '4', '6', '.', ' This', ' corresponds', ' to', ' the'] [other]
  L27: '246. This corresponds to the' = ['2', '4', '6', '.', ' This', ' corresponds', ' to', ' the'] [other]
  L28: '246. This corresponds to the' = ['2', '4', '6', '.', ' This', ' corresponds', ' to', ' the'] [other]

====================================================================================================

SUMMARY: per-layer cause_hit / base_kept / other, over 384 rows
====================================================================================================
 layer        cause_hit        base_kept        other
    19     3/384 (  0.8%)   366/384 ( 95.3%)    15(  3.9%)
    20     3/384 (  0.8%)   365/384 ( 95.1%)    16(  4.2%)
    21     3/384 (  0.8%)   364/384 ( 94.8%)    17(  4.4%)
    22     4/384 (  1.0%)   332/384 ( 86.5%)    48( 12.5%)
    23    11/384 (  2.9%)   110/384 ( 28.6%)   263( 68.5%)
    24    13/384 (  3.4%)    55/384 ( 14.3%)   316( 82.3%)
    25    12/384 (  3.1%)    55/384 ( 14.3%)   317( 82.6%)
    26    12/384 (  3.1%)    55/384 ( 14.3%)   317( 82.6%)
    27    14/384 (  3.6%)    54/384 ( 14.1%)   316( 82.3%)
    28    14/384 (  3.6%)    55/384 ( 14.3%)   315( 82.0%)
