flags/calling_code @ last_token, residual site, full source swap, layers 19-28
n_rows=384 (seed=0), batch_size=128, max_new_tokens=8
Generated 2026-09-11T11:41:13Z

FULL PER-ROW LOG: flags/calling_code @ last_token, residual, full source swap, n_rows=384, layers=[19, 20, 21, 22, 23, 24, 25, 26, 27, 28]
====================================================================================================

row 0: base=RW (gold='250') -> source=TN (gold='216')  template=calling_code_prefill_v5
  question: 'Identify the international dialing code of the country shown in this flag.'
  prefill : 'The dialing code is +'
  unhooked: '250.'
  L19: '250.'                                   [base]
  L20: '250.'                                   [base]
  L21: '250.'                                   [base]
  L22: '250.'                                   [base]
  L23: '250.'                                   [base]
  L24: '250.'                                   [base]
  L25: '250.'                                   [base]
  L26: '250.'                                   [base]
  L27: '250.'                                   [base]
  L28: '250.'                                   [base]

row 1: base=AM (gold='374') -> source=IT (gold='39')  template=calling_code_prefill_v6
  question: 'What country code do you dial to call this country?'
  prefill : 'The country code is +'
  unhooked: '374.'
  L19: '374.'                                   [base]
  L20: '374.'                                   [base]
  L21: '374.'                                   [base]
  L22: '374.'                                   [base]
  L23: '374.'                                   [base]
  L24: '374.'                                   [base]
  L25: '374.'                                   [base]
  L26: '374.'                                   [base]
  L27: '374.'                                   [base]
  L28: '374.'                                   [base]

row 2: base=NZ (gold='64') -> source=BZ (gold='501')  template=calling_code_prefill_v2
  question: 'Give the international dialling code of the country shown in this flag.'
  prefill : 'The dialling code is +'
  unhooked: '64.'
  L19: '64.'                                    [base]
  L20: '64.'                                    [base]
  L21: '64.'                                    [base]
  L22: '64.'                                    [base]
  L23: '508.'                                   [other]
  L24: '508.'                                   [other]
  L25: '508.'                                   [other]
  L26: '508.'                                   [other]
  L27: '508.'                                   [other]
  L28: '508.'                                   [other]

row 3: base=KE (gold='254') -> source=IT (gold='39')  template=calling_code_prefill_v4
  question: 'What is the phone country code for the country in this image?'
  prefill : 'The phone code is +'
  unhooked: '254. This corresponds to Kenya'
  L19: '254. This corresponds to Kenya'         [base]
  L20: '254. This corresponds to Kenya'         [base]
  L21: '254. This corresponds to Kenya'         [base]
  L22: '254. This corresponds to Kenya'         [base]
  L23: '39.'                                    [HIT]
  L24: '39.'                                    [HIT]
  L25: '32.'                                    [other]
  L26: '32.'                                    [other]
  L27: '39.'                                    [HIT]
  L28: '39.'                                    [HIT]

row 4: base=LA (gold='856') -> source=BD (gold='880')  template=calling_code_prefill_v5
  question: 'Identify the international dialing code of the country shown in this flag.'
  prefill : 'The dialing code is +'
  unhooked: '856.'
  L19: '856.'                                   [base]
  L20: '856.'                                   [base]
  L21: '856.'                                   [base]
  L22: '856.'                                   [base]
  L23: '856.'                                   [base]
  L24: '856.'                                   [base]
  L25: '856.'                                   [base]
  L26: '856.'                                   [base]
  L27: '856.'                                   [base]
  L28: '856.'                                   [base]

row 5: base=SD (gold='249') -> source=FJ (gold='679')  template=calling_code_prefill_v2
  question: 'Give the international dialling code of the country shown in this flag.'
  prefill : 'The dialling code is +'
  unhooked: '249.'
  L19: '249.'                                   [base]
  L20: '249.'                                   [base]
  L21: '249.'                                   [base]
  L22: '249.'                                   [base]
  L23: '249.'                                   [base]
  L24: '66.'                                    [other]
  L25: '66.'                                    [other]
  L26: '66.'                                    [other]
  L27: '66.'                                    [other]
  L28: '66.'                                    [other]

row 6: base=IE (gold='353') -> source=PE (gold='51')  template=calling_code_prefill_v4
  question: 'What is the phone country code for the country in this image?'
  prefill : 'The phone code is +'
  unhooked: '353. This corresponds to Ireland'
  L19: '353. This corresponds to Ireland'       [base]
  L20: '353. This corresponds to Ireland'       [base]
  L21: '353. This corresponds to Ireland'       [base]
  L22: '353. This corresponds to Ireland'       [base]
  L23: '353. This corresponds to Ireland'       [base]
  L24: '53. This corresponds to Cuba.'          [other]
  L25: '53. This corresponds to Cuba.'          [other]
  L26: '53. This corresponds to Cuba.'          [other]
  L27: '53. This corresponds to Cuba.'          [other]
  L28: '53. This corresponds to Cuba.'          [other]

row 7: base=LU (gold='352') -> source=DE (gold='49')  template=calling_code_prefill_v5
  question: 'Identify the international dialing code of the country shown in this flag.'
  prefill : 'The dialing code is +'
  unhooked: '352.'
  L19: '352.'                                   [base]
  L20: '352.'                                   [base]
  L21: '352.'                                   [base]
  L22: '352.'                                   [base]
  L23: '49.'                                    [HIT]
  L24: '49.'                                    [HIT]
  L25: '49.'                                    [HIT]
  L26: '49.'                                    [HIT]
  L27: '49.'                                    [HIT]
  L28: '49.'                                    [HIT]

row 8: base=CY (gold='357') -> source=DK (gold='45')  template=calling_code_prefill_v1
  question: 'What is the international calling code of the country in this image?'
  prefill : 'The calling code is +'
  unhooked: '357.'
  L19: '357.'                                   [base]
  L20: '357.'                                   [base]
  L21: '357.'                                   [base]
  L22: '357.'                                   [base]
  L23: '357.'                                   [base]
  L24: '47.'                                    [other]
  L25: '47.'                                    [other]
  L26: '47.'                                    [other]
  L27: '47.'                                    [other]
  L28: '423.'                                   [other]

row 9: base=OM (gold='968') -> source=NP (gold='977')  template=calling_code_prefill_v6
  question: 'What country code do you dial to call this country?'
  prefill : 'The country code is +'
  unhooked: '968.'
  L19: '968.'                                   [base]
  L20: '968.'                                   [base]
  L21: '968.'                                   [base]
  L22: '968.'                                   [base]
  L23: '968.'                                   [base]
  L24: '968.'                                   [base]
  L25: '968.'                                   [base]
  L26: '968.'                                   [base]
  L27: '968.'                                   [base]
  L28: '968.'                                   [base]

row 10: base=PA (gold='507') -> source=TN (gold='216')  template=calling_code_prefill_v6
  question: 'What country code do you dial to call this country?'
  prefill : 'The country code is +'
  unhooked: '507.'
  L19: '507. This is the country'               [base]
  L20: '507.'                                   [base]
  L21: '507.'                                   [base]
  L22: '507.'                                   [base]
  L23: '20.'                                    [other]
  L24: '20.'                                    [other]
  L25: '20.'                                    [other]
  L26: '20.'                                    [other]
  L27: '20.'                                    [other]
  L28: '20.'                                    [other]

row 11: base=PA (gold='507') -> source=NI (gold='505')  template=calling_code_prefill_v5
  question: 'Identify the international dialing code of the country shown in this flag.'
  prefill : 'The dialing code is +'
  unhooked: '507.'
  L19: '507.'                                   [base]
  L20: '507.'                                   [base]
  L21: '507.'                                   [base]
  L22: '507.'                                   [base]
  L23: '507.'                                   [base]
  L24: '507.'                                   [base]
  L25: '507.'                                   [base]
  L26: '507.'                                   [base]
  L27: '507.'                                   [base]
  L28: '507.'                                   [base]

row 12: base=LA (gold='856') -> source=RW (gold='250')  template=calling_code_prefill_v2
  question: 'Give the international dialling code of the country shown in this flag.'
  prefill : 'The dialling code is +'
  unhooked: '856.'
  L19: '856.'                                   [base]
  L20: '856.'                                   [base]
  L21: '66.'                                    [other]
  L22: '66.'                                    [other]
  L23: '226.'                                   [other]
  L24: '226.'                                   [other]
  L25: '226.'                                   [other]
  L26: '226.'                                   [other]
  L27: '226.'                                   [other]
  L28: '226.'                                   [other]

row 13: base=NA (gold='264') -> source=NZ (gold='64')  template=calling_code_prefill_v6
  question: 'What country code do you dial to call this country?'
  prefill : 'The country code is +'
  unhooked: '264.'
  L19: '264.'                                   [HIT]
  L20: '264.'                                   [HIT]
  L21: '264.'                                   [HIT]
  L22: '264.'                                   [HIT]
  L23: '61.'                                    [other]
  L24: '61.'                                    [other]
  L25: '61.'                                    [other]
  L26: '61.'                                    [other]
  L27: '61.'                                    [other]
  L28: '61.'                                    [other]

row 14: base=KW (gold='965') -> source=LA (gold='856')  template=calling_code_prefill_v6
  question: 'What country code do you dial to call this country?'
  prefill : 'The country code is +'
  unhooked: '965.'
  L19: '965.'                                   [base]
  L20: '965.'                                   [base]
  L21: '965.'                                   [base]
  L22: '965.'                                   [base]
  L23: '66.'                                    [other]
  L24: '86.'                                    [other]
  L25: '86.'                                    [other]
  L26: '86.'                                    [other]
  L27: '86.'                                    [other]
  L28: '86.'                                    [other]

row 15: base=BD (gold='880') -> source=DZ (gold='213')  template=calling_code_prefill_v6
  question: 'What country code do you dial to call this country?'
  prefill : 'The country code is +'
  unhooked: '880.'
  L19: '880.'                                   [base]
  L20: '880.'                                   [base]
  L21: '880.'                                   [base]
  L22: '880.'                                   [base]
  L23: '258.'                                   [other]
  L24: '258.'                                   [other]
  L25: '258.'                                   [other]
  L26: '258.'                                   [other]
  L27: '254.'                                   [other]
  L28: '254.'                                   [other]

row 16: base=UY (gold='598') -> source=IE (gold='353')  template=calling_code_prefill_v2
  question: 'Give the international dialling code of the country shown in this flag.'
  prefill : 'The dialling code is +'
  unhooked: '598.'
  L19: '598.'                                   [base]
  L20: '598.'                                   [base]
  L21: '598.'                                   [base]
  L22: '598.'                                   [base]
  L23: '351.'                                   [other]
  L24: '351.'                                   [other]
  L25: '351.'                                   [other]
  L26: '351.'                                   [other]
  L27: '352.'                                   [other]
  L28: '351.'                                   [other]

row 17: base=UY (gold='598') -> source=UZ (gold='998')  template=calling_code_prefill_v6
  question: 'What country code do you dial to call this country?'
  prefill : 'The country code is +'
  unhooked: '598.'
  L19: '598.'                                   [base]
  L20: '598.'                                   [base]
  L21: '598.'                                   [base]
  L22: '598.'                                   [base]
  L23: '90.'                                    [other]
  L24: '90.'                                    [other]
  L25: '90.'                                    [other]
  L26: '90.'                                    [other]
  L27: '90.'                                    [other]
  L28: '90.'                                    [other]

row 18: base=RS (gold='381') -> source=LU (gold='352')  template=calling_code_prefill_v1
  question: 'What is the international calling code of the country in this image?'
  prefill : 'The calling code is +'
  unhooked: '381.'
  L19: '381.'                                   [base]
  L20: '381.'                                   [base]
  L21: '381.'                                   [base]
  L22: '381.'                                   [base]
  L23: '381.'                                   [base]
  L24: '381.'                                   [base]
  L25: '381.'                                   [base]
  L26: '381.'                                   [base]
  L27: '381.'                                   [base]
  L28: '381.'                                   [base]

row 19: base=AF (gold='93') -> source=DK (gold='45')  template=calling_code_prefill_v5
  question: 'Identify the international dialing code of the country shown in this flag.'
  prefill : 'The dialing code is +'
  unhooked: '93.'
  L19: '93.'                                    [base]
  L20: '93.'                                    [base]
  L21: '93.'                                    [base]
  L22: '93.'                                    [base]
  L23: '49.'                                    [other]
  L24: '49.'                                    [other]
  L25: '49.'                                    [other]
  L26: '49.'                                    [other]
  L27: '44.'                                    [other]
  L28: '44.'                                    [other]

row 20: base=NZ (gold='64') -> source=LR (gold='231')  template=calling_code_prefill_v3
  question: 'What is the country calling code for the country in this image?'
  prefill : 'The country calling code is +'
  unhooked: '64. This is the country calling'
  L19: '64. This is the country calling'        [base]
  L20: '64. This is the country calling'        [base]
  L21: '64. This is the country calling'        [base]
  L22: '64. This is the country calling'        [base]
  L23: '27. This corresponds to South Africa'   [other]
  L24: '27. This corresponds to South Africa'   [other]
  L25: '27. This corresponds to South Africa'   [other]
  L26: '27. This corresponds to South Africa'   [other]
  L27: '27, which corresponds to South Africa'  [other]
  L28: '27, which corresponds to South Africa'  [other]

row 21: base=LA (gold='856') -> source=QA (gold='974')  template=calling_code_prefill_v3
  question: 'What is the country calling code for the country in this image?'
  prefill : 'The country calling code is +'
  unhooked: '856. This corresponds to Laos'
  L19: '856. This corresponds to Laos'          [base]
  L20: '856. This corresponds to Laos'          [base]
  L21: '856. This corresponds to Laos'          [base]
  L22: '66. This corresponds to Thailand,'      [other]
  L23: '961. This corresponds to Lebanon'       [other]
  L24: '961. This corresponds to Lebanon'       [other]
  L25: '961. This corresponds to Lebanon'       [other]
  L26: '961. This corresponds to Lebanon'       [other]
  L27: '961. This corresponds to Lebanon'       [other]
  L28: '961. This corresponds to Lebanon'       [other]

row 22: base=ET (gold='251') -> source=LA (gold='856')  template=calling_code_prefill_v5
  question: 'Identify the international dialing code of the country shown in this flag.'
  prefill : 'The dialing code is +'
  unhooked: '251.'
  L19: '251.'                                   [base]
  L20: '251.'                                   [base]
  L21: '251.'                                   [base]
  L22: '251.'                                   [base]
  L23: '251.'                                   [base]
  L24: '86.'                                    [other]
  L25: '86.'                                    [other]
  L26: '86.'                                    [other]
  L27: '86.'                                    [other]
  L28: '86.'                                    [other]

row 23: base=NA (gold='264') -> source=JO (gold='962')  template=calling_code_prefill_v2
  question: 'Give the international dialling code of the country shown in this flag.'
  prefill : 'The dialling code is +'
  unhooked: '264.'
  L19: '264.'                                   [base]
  L20: '264.'                                   [base]
  L21: '264.'                                   [base]
  L22: '264.'                                   [base]
  L23: '264.'                                   [base]
  L24: '961.'                                   [other]
  L25: '961.'                                   [other]
  L26: '961.'                                   [other]
  L27: '961.'                                   [other]
  L28: '961.'                                   [other]

row 24: base=ES (gold='34') -> source=GY (gold='592')  template=calling_code_prefill_v4
  question: 'What is the phone country code for the country in this image?'
  prefill : 'The phone code is +'
  unhooked: '34.'
  L19: '34.'                                    [base]
  L20: '34.'                                    [base]
  L21: '34.'                                    [base]
  L22: '34.'                                    [base]
  L23: '52.'                                    [other]
  L24: '52.'                                    [other]
  L25: '52.'                                    [other]
  L26: '52.'                                    [other]
  L27: '52.'                                    [other]
  L28: '52.'                                    [other]

row 25: base=NP (gold='977') -> source=LY (gold='218')  template=calling_code_prefill_v3
  question: 'What is the country calling code for the country in this image?'
  prefill : 'The country calling code is +'
  unhooked: '977. This corresponds to Nepal'
  L19: '977. This corresponds to Nepal'         [base]
  L20: '977. This is the country'               [base]
  L21: '977. This is the country'               [base]
  L22: '977. This is the country'               [base]
  L23: '256. This corresponds to Uganda'        [other]
  L24: '256, which corresponds to Uganda'       [other]
  L25: '256, which corresponds to Uganda'       [other]
  L26: '256, which corresponds to Uganda'       [other]
  L27: '256, which corresponds to Uganda'       [other]
  L28: '256, which corresponds to Uganda'       [other]

row 26: base=LA (gold='856') -> source=PE (gold='51')  template=calling_code_prefill_v3
  question: 'What is the country calling code for the country in this image?'
  prefill : 'The country calling code is +'
  unhooked: '856. This corresponds to Laos'
  L19: '856. This corresponds to Laos'          [base]
  L20: '856. This corresponds to Laos'          [base]
  L21: '856. This corresponds to Laos'          [base]
  L22: '66. This corresponds to Thailand,'      [other]
  L23: '539. This corresponds to Laos'          [other]
  L24: '539. This corresponds to Laos'          [other]
  L25: '539. This corresponds to Laos'          [other]
  L26: '539. This corresponds to Laos'          [other]
  L27: '539. This corresponds to Laos'          [other]
  L28: '539. This corresponds to Laos'          [other]

row 27: base=TN (gold='216') -> source=NZ (gold='64')  template=calling_code_prefill_v1
  question: 'What is the international calling code of the country in this image?'
  prefill : 'The calling code is +'
  unhooked: '216. This corresponds to Tunisia'
  L19: '216. This corresponds to Tunisia'       [base]
  L20: '216. This corresponds to Tunisia'       [base]
  L21: '216, which corresponds to Tunisia'      [base]
  L22: '216.'                                   [base]
  L23: '61.'                                    [other]
  L24: '61.'                                    [other]
  L25: '61.'                                    [other]
  L26: '61.'                                    [other]
  L27: '61.'                                    [other]
  L28: '61.'                                    [other]

row 28: base=RS (gold='381') -> source=NI (gold='505')  template=calling_code_prefill_v3
  question: 'What is the country calling code for the country in this image?'
  prefill : 'The country calling code is +'
  unhooked: '381. This corresponds to Serbia'
  L19: '381. This corresponds to Serbia'        [base]
  L20: '381. This corresponds to Serbia'        [base]
  L21: '381. This corresponds to Serbia'        [base]
  L22: '381. This corresponds to Serbia'        [base]
  L23: '54, which corresponds to Argentina.'    [other]
  L24: '54, which corresponds to Argentina.'    [other]
  L25: '54, which corresponds to Argentina.'    [other]
  L26: '54, which corresponds to Argentina.'    [other]
  L27: '54, which corresponds to Argentina.'    [other]
  L28: '54, which corresponds to Argentina.'    [other]

row 29: base=FJ (gold='679') -> source=BD (gold='880')  template=calling_code_prefill_v2
  question: 'Give the international dialling code of the country shown in this flag.'
  prefill : 'The dialling code is +'
  unhooked: '679.'
  L19: '679.'                                   [base]
  L20: '679.'                                   [base]
  L21: '679.'                                   [base]
  L22: '679.'                                   [base]
  L23: '976.'                                   [other]
  L24: '876.'                                   [other]
  L25: '876.'                                   [other]
  L26: '876.'                                   [other]
  L27: '876.'                                   [other]
  L28: '876.'                                   [other]

row 30: base=AF (gold='93') -> source=KR (gold='82')  template=calling_code_prefill_v1
  question: 'What is the international calling code of the country in this image?'
  prefill : 'The calling code is +'
  unhooked: '93.'
  L19: '93.'                                    [base]
  L20: '93.'                                    [base]
  L21: '93.'                                    [base]
  L22: '93.'                                    [base]
  L23: '880.'                                   [other]
  L24: '880.'                                   [other]
  L25: '880.'                                   [other]
  L26: '880.'                                   [other]
  L27: '880.'                                   [other]
  L28: '880.'                                   [other]

row 31: base=DE (gold='49') -> source=EG (gold='20')  template=calling_code_prefill_v4
  question: 'What is the phone country code for the country in this image?'
  prefill : 'The phone code is +'
  unhooked: '49.'
  L19: '49.'                                    [base]
  L20: '49.'                                    [base]
  L21: '49.'                                    [base]
  L22: '230.'                                   [other]
  L23: '230.'                                   [other]
  L24: '230.'                                   [other]
  L25: '230.'                                   [other]
  L26: '230.'                                   [other]
  L27: '230.'                                   [other]
  L28: '230.'                                   [other]

row 32: base=LU (gold='352') -> source=GY (gold='592')  template=calling_code_prefill_v3
  question: 'What is the country calling code for the country in this image?'
  prefill : 'The country calling code is +'
  unhooked: '352. This corresponds to Luxembourg'
  L19: '352. This corresponds to Luxembourg'    [base]
  L20: '352. This corresponds to Luxembourg'    [base]
  L21: '352. This corresponds to Luxembourg'    [base]
  L22: '352. This corresponds to Luxembourg'    [base]
  L23: '590. This corresponds to the'           [other]
  L24: '590. This corresponds to the'           [other]
  L25: '590. This corresponds to the'           [other]
  L26: '590. This corresponds to the'           [other]
  L27: '590. This corresponds to the'           [other]
  L28: '590. This corresponds to the'           [other]

row 33: base=TN (gold='216') -> source=IT (gold='39')  template=calling_code_prefill_v1
  question: 'What is the international calling code of the country in this image?'
  prefill : 'The calling code is +'
  unhooked: '216. This corresponds to Tunisia'
  L19: '216.'                                   [base]
  L20: '216. This corresponds to Tunisia'       [base]
  L21: '216, which corresponds to Tunisia'      [base]
  L22: '216, which corresponds to Tunisia'      [base]
  L23: '39.'                                    [HIT]
  L24: '39.'                                    [HIT]
  L25: '39.'                                    [HIT]
  L26: '39.'                                    [HIT]
  L27: '34.'                                    [other]
  L28: '31, which corresponds to the Netherlands' [other]

row 34: base=BR (gold='55') -> source=FJ (gold='679')  template=calling_code_prefill_v2
  question: 'Give the international dialling code of the country shown in this flag.'
  prefill : 'The dialling code is +'
  unhooked: '55.'
  L19: '55.'                                    [base]
  L20: '55.'                                    [base]
  L21: '55.'                                    [base]
  L22: '55.'                                    [base]
  L23: '673.'                                   [other]
  L24: '673.'                                   [other]
  L25: '673.'                                   [other]
  L26: '673.'                                   [other]
  L27: '673.'                                   [other]
  L28: '673.'                                   [other]

row 35: base=IT (gold='39') -> source=DE (gold='49')  template=calling_code_prefill_v4
  question: 'What is the phone country code for the country in this image?'
  prefill : 'The phone code is +'
  unhooked: '39.'
  L19: '39.'                                    [base]
  L20: '39.'                                    [base]
  L21: '39.'                                    [base]
  L22: '39.'                                    [base]
  L23: '49.'                                    [HIT]
  L24: '49.'                                    [HIT]
  L25: '49.'                                    [HIT]
  L26: '49.'                                    [HIT]
  L27: '49.'                                    [HIT]
  L28: '49.'                                    [HIT]

row 36: base=NI (gold='505') -> source=UY (gold='598')  template=calling_code_prefill_v2
  question: 'Give the international dialling code of the country shown in this flag.'
  prefill : 'The dialling code is +'
  unhooked: '505.'
  L19: '505.'                                   [base]
  L20: '505.'                                   [base]
  L21: '505.'                                   [base]
  L22: '505.'                                   [base]
  L23: '505.'                                   [base]
  L24: '505.'                                   [base]
  L25: '505.'                                   [base]
  L26: '505.'                                   [base]
  L27: '505.'                                   [base]
  L28: '505.'                                   [base]

row 37: base=AF (gold='93') -> source=SD (gold='249')  template=calling_code_prefill_v5
  question: 'Identify the international dialing code of the country shown in this flag.'
  prefill : 'The dialing code is +'
  unhooked: '93.'
  L19: '93.'                                    [base]
  L20: '93.'                                    [base]
  L21: '93.'                                    [base]
  L22: '93.'                                    [base]
  L23: '20.'                                    [other]
  L24: '20.'                                    [other]
  L25: '20.'                                    [other]
  L26: '20.'                                    [other]
  L27: '20.'                                    [other]
  L28: '20.'                                    [other]

row 38: base=HT (gold='509') -> source=NZ (gold='64')  template=calling_code_prefill_v6
  question: 'What country code do you dial to call this country?'
  prefill : 'The country code is +'
  unhooked: '509. This is the country'
  L19: '509. This is the country'               [base]
  L20: '509. This is the country'               [base]
  L21: '509. This is the country'               [base]
  L22: '509. This is the country'               [base]
  L23: '65.'                                    [other]
  L24: '65.'                                    [other]
  L25: '65.'                                    [other]
  L26: '65.'                                    [other]
  L27: '65.'                                    [other]
  L28: '65.'                                    [other]

row 39: base=PE (gold='51') -> source=PA (gold='507')  template=calling_code_prefill_v5
  question: 'Identify the international dialing code of the country shown in this flag.'
  prefill : 'The dialing code is +'
  unhooked: '51.'
  L19: '51.'                                    [base]
  L20: '51.'                                    [base]
  L21: '51.'                                    [base]
  L22: '51.'                                    [base]
  L23: '51.'                                    [base]
  L24: '51.'                                    [base]
  L25: '51.'                                    [base]
  L26: '51.'                                    [base]
  L27: '51.'                                    [base]
  L28: '51.'                                    [base]

row 40: base=NI (gold='505') -> source=MK (gold='389')  template=calling_code_prefill_v4
  question: 'What is the phone country code for the country in this image?'
  prefill : 'The phone code is +'
  unhooked: '505. This corresponds to Nicaragua'
  L19: '505. This corresponds to Nicaragua'     [base]
  L20: '505. This corresponds to Nicaragua'     [base]
  L21: '505. This corresponds to Nicaragua'     [base]
  L22: '505. This corresponds to Nicaragua'     [base]
  L23: '372.'                                   [other]
  L24: '372. This corresponds to Estonia'       [other]
  L25: '372.'                                   [other]
  L26: '372. This corresponds to Estonia'       [other]
  L27: '372.'                                   [other]
  L28: '372.'                                   [other]

row 41: base=FJ (gold='679') -> source=KW (gold='965')  template=calling_code_prefill_v2
  question: 'Give the international dialling code of the country shown in this flag.'
  prefill : 'The dialling code is +'
  unhooked: '679.'
  L19: '679.'                                   [base]
  L20: '679.'                                   [base]
  L21: '679.'                                   [base]
  L22: '679.'                                   [base]
  L23: '976.'                                   [other]
  L24: '92.'                                    [other]
  L25: '92.'                                    [other]
  L26: '92.'                                    [other]
  L27: '976.'                                   [other]
  L28: '976.'                                   [other]

row 42: base=FJ (gold='679') -> source=GY (gold='592')  template=calling_code_prefill_v3
  question: 'What is the country calling code for the country in this image?'
  prefill : 'The country calling code is +'
  unhooked: '679. This is the country'
  L19: '679. This corresponds to Fiji'          [base]
  L20: '679. This is the country'               [base]
  L21: '679. This corresponds to Fiji'          [base]
  L22: '679. This is the country'               [base]
  L23: '679. This is the country'               [base]
  L24: '54, which corresponds to Argentina.'    [other]
  L25: '506, which corresponds to Costa'        [other]
  L26: '506, which corresponds to Costa'        [other]
  L27: '54, which corresponds to Argentina.'    [other]
  L28: '54, which corresponds to Argentina.'    [other]

row 43: base=KW (gold='965') -> source=LB (gold='961')  template=calling_code_prefill_v2
  question: 'Give the international dialling code of the country shown in this flag.'
  prefill : 'The dialling code is +'
  unhooked: '965.'
  L19: '965.'                                   [base]
  L20: '965.'                                   [base]
  L21: '965.'                                   [base]
  L22: '965.'                                   [base]
  L23: '965.'                                   [base]
  L24: '965.'                                   [base]
  L25: '965.'                                   [base]
  L26: '965.'                                   [base]
  L27: '965.'                                   [base]
  L28: '965.'                                   [base]

row 44: base=RW (gold='250') -> source=CU (gold='53')  template=calling_code_prefill_v2
  question: 'Give the international dialling code of the country shown in this flag.'
  prefill : 'The dialling code is +'
  unhooked: '250.'
  L19: '250.'                                   [base]
  L20: '250.'                                   [base]
  L21: '250.'                                   [base]
  L22: '250.'                                   [base]
  L23: '509.'                                   [other]
  L24: '509.'                                   [other]
  L25: '509.'                                   [other]
  L26: '509.'                                   [other]
  L27: '509.'                                   [other]
  L28: '509.'                                   [other]

row 45: base=LA (gold='856') -> source=AM (gold='374')  template=calling_code_prefill_v1
  question: 'What is the international calling code of the country in this image?'
  prefill : 'The calling code is +'
  unhooked: '856. This corresponds to Laos'
  L19: '856. This corresponds to Laos'          [base]
  L20: '856. This corresponds to Laos'          [base]
  L21: '856. This corresponds to Laos'          [base]
  L22: '856. This corresponds to Laos'          [base]
  L23: '386.'                                   [other]
  L24: '386.'                                   [other]
  L25: '386.'                                   [other]
  L26: '386.'                                   [other]
  L27: '386.'                                   [other]
  L28: '386.'                                   [other]

row 46: base=LU (gold='352') -> source=CU (gold='53')  template=calling_code_prefill_v4
  question: 'What is the phone country code for the country in this image?'
  prefill : 'The phone code is +'
  unhooked: '352.'
  L19: '352.'                                   [base]
  L20: '352.'                                   [base]
  L21: '352.'                                   [base]
  L22: '352.'                                   [base]
  L23: '590.'                                   [other]
  L24: '590.'                                   [other]
  L25: '590.'                                   [other]
  L26: '590.'                                   [other]
  L27: '590.'                                   [other]
  L28: '590.'                                   [other]

row 47: base=TN (gold='216') -> source=BE (gold='32')  template=calling_code_prefill_v3
  question: 'What is the country calling code for the country in this image?'
  prefill : 'The country calling code is +'
  unhooked: '216, which corresponds to Tunisia'
  L19: '216, which corresponds to Tunisia'      [base]
  L20: '216, which corresponds to Tunisia'      [base]
  L21: '216, which corresponds to Tunisia'      [base]
  L22: '216, which corresponds to Tunisia'      [base]
  L23: '216, which corresponds to Tunisia'      [base]
  L24: '371, which corresponds to Latvia'       [other]
  L25: '371, which corresponds to Latvia'       [other]
  L26: '371, which corresponds to Latvia'       [other]
  L27: '34, which corresponds to Spain.'        [other]
  L28: '34, which corresponds to Spain.'        [other]

row 48: base=AZ (gold='994') -> source=LU (gold='352')  template=calling_code_prefill_v5
  question: 'Identify the international dialing code of the country shown in this flag.'
  prefill : 'The dialing code is +'
  unhooked: '994.'
  L19: '994.'                                   [base]
  L20: '994.'                                   [base]
  L21: '994.'                                   [base]
  L22: '994.'                                   [base]
  L23: '374.'                                   [other]
  L24: '374.'                                   [other]
  L25: '374.'                                   [other]
  L26: '374.'                                   [other]
  L27: '374.'                                   [other]
  L28: '374.'                                   [other]

row 49: base=FJ (gold='679') -> source=PE (gold='51')  template=calling_code_prefill_v1
  question: 'What is the international calling code of the country in this image?'
  prefill : 'The calling code is +'
  unhooked: '679. This corresponds to Fiji'
  L19: '679. This corresponds to Fiji'          [base]
  L20: '679. This corresponds to Fiji'          [base]
  L21: '679. This corresponds to Fiji'          [base]
  L22: '679. This corresponds to Fiji'          [base]
  L23: '679. This corresponds to Fiji'          [base]
  L24: '54, which corresponds to Argentina.'    [other]
  L25: '54, which corresponds to Argentina.'    [other]
  L26: '54, which corresponds to Argentina.'    [other]
  L27: '54, which corresponds to Argentina.'    [other]
  L28: '54, which corresponds to Argentina.'    [other]

row 50: base=MK (gold='389') -> source=TZ (gold='255')  template=calling_code_prefill_v6
  question: 'What country code do you dial to call this country?'
  prefill : 'The country code is +'
  unhooked: '389. This is the country'
  L19: '389. This is the country'               [base]
  L20: '389. This is the country'               [base]
  L21: '389. This is the country'               [base]
  L22: '389. This is the country'               [base]
  L23: '260.'                                   [other]
  L24: '230. This is the country'               [other]
  L25: '230. This is the country'               [other]
  L26: '230. This is the country'               [other]
  L27: '260.'                                   [other]
  L28: '260.'                                   [other]

row 51: base=UZ (gold='998') -> source=QA (gold='974')  template=calling_code_prefill_v1
  question: 'What is the international calling code of the country in this image?'
  prefill : 'The calling code is +'
  unhooked: '998.'
  L19: '998.'                                   [base]
  L20: '998.'                                   [base]
  L21: '998.'                                   [base]
  L22: '998.'                                   [base]
  L23: '998.'                                   [base]
  L24: '998.'                                   [base]
  L25: '998.'                                   [base]
  L26: '998.'                                   [base]
  L27: '998.'                                   [base]
  L28: '998.'                                   [base]

row 52: base=LY (gold='218') -> source=BH (gold='973')  template=calling_code_prefill_v1
  question: 'What is the international calling code of the country in this image?'
  prefill : 'The calling code is +'
  unhooked: '218. This corresponds to Libya'
  L19: '218. This corresponds to Libya'         [base]
  L20: '218. This corresponds to Libya'         [base]
  L21: '218. This corresponds to Libya'         [base]
  L22: '218. This corresponds to Libya'         [base]
  L23: '218. This corresponds to Libya'         [base]
  L24: '961.'                                   [other]
  L25: '961.'                                   [other]
  L26: '961.'                                   [other]
  L27: '961.'                                   [other]
  L28: '961.'                                   [other]

row 53: base=DZ (gold='213') -> source=KR (gold='82')  template=calling_code_prefill_v6
  question: 'What country code do you dial to call this country?'
  prefill : 'The country code is +'
  unhooked: '213.'
  L19: '213.'                                   [base]
  L20: '213.'                                   [base]
  L21: '213.'                                   [base]
  L22: '213.'                                   [base]
  L23: '81.'                                    [other]
  L24: '81.'                                    [other]
  L25: '81.'                                    [other]
  L26: '81.'                                    [other]
  L27: '81.'                                    [other]
  L28: '81.'                                    [other]

row 54: base=PE (gold='51') -> source=DK (gold='45')  template=calling_code_prefill_v4
  question: 'What is the phone country code for the country in this image?'
  prefill : 'The phone code is +'
  unhooked: '51. This corresponds to Peru,'
  L19: '51. This corresponds to Peru,'          [base]
  L20: '51. This corresponds to Peru.'          [base]
  L21: '51. This corresponds to Peru,'          [base]
  L22: '51. This corresponds to Peru.'          [base]
  L23: '41.'                                    [other]
  L24: '41.'                                    [other]
  L25: '41.'                                    [other]
  L26: '41.'                                    [other]
  L27: '41.'                                    [other]
  L28: '41.'                                    [other]

row 55: base=PA (gold='507') -> source=SD (gold='249')  template=calling_code_prefill_v4
  question: 'What is the phone country code for the country in this image?'
  prefill : 'The phone code is +'
  unhooked: '507. This corresponds to Panama'
  L19: '507. This corresponds to Panama'        [base]
  L20: '507. This is the country'               [base]
  L21: '507. This corresponds to Panama'        [base]
  L22: '507. This corresponds to Panama'        [base]
  L23: '20.'                                    [other]
  L24: '20.'                                    [other]
  L25: '20.'                                    [other]
  L26: '20.'                                    [other]
  L27: '20.'                                    [other]
  L28: '20.'                                    [other]

row 56: base=LY (gold='218') -> source=NA (gold='264')  template=calling_code_prefill_v5
  question: 'Identify the international dialing code of the country shown in this flag.'
  prefill : 'The dialing code is +'
  unhooked: '218.'
  L19: '218.'                                   [base]
  L20: '218.'                                   [base]
  L21: '218.'                                   [base]
  L22: '218.'                                   [base]
  L23: '218.'                                   [base]
  L24: '218.'                                   [base]
  L25: '218.'                                   [base]
  L26: '218.'                                   [base]
  L27: '218.'                                   [base]
  L28: '218.'                                   [base]

row 57: base=BE (gold='32') -> source=NP (gold='977')  template=calling_code_prefill_v2
  question: 'Give the international dialling code of the country shown in this flag.'
  prefill : 'The dialling code is +'
  unhooked: '32.'
  L19: '32.'                                    [base]
  L20: '32.'                                    [base]
  L21: '32.'                                    [base]
  L22: '32.'                                    [base]
  L23: '91.'                                    [other]
  L24: '91.'                                    [other]
  L25: '90.'                                    [other]
  L26: '90.'                                    [other]
  L27: '91.'                                    [other]
  L28: '91.'                                    [other]

row 58: base=OM (gold='968') -> source=CY (gold='357')  template=calling_code_prefill_v4
  question: 'What is the phone country code for the country in this image?'
  prefill : 'The phone code is +'
  unhooked: '968. This corresponds to Oman'
  L19: '968. This corresponds to Oman'          [base]
  L20: '968. This corresponds to Oman'          [base]
  L21: '968. This corresponds to Oman'          [base]
  L22: '968. This corresponds to Oman'          [base]
  L23: '968. This corresponds to Oman'          [base]
  L24: '375.'                                   [other]
  L25: '375.'                                   [other]
  L26: '375.'                                   [other]
  L27: '375.'                                   [other]
  L28: '375.'                                   [other]

row 59: base=LY (gold='218') -> source=BD (gold='880')  template=calling_code_prefill_v4
  question: 'What is the phone country code for the country in this image?'
  prefill : 'The phone code is +'
  unhooked: '218. This is the country'
  L19: '218. This is the country'               [base]
  L20: '218. This is the country'               [base]
  L21: '218. This corresponds to Libya'         [base]
  L22: '218. This is the country'               [base]
  L23: '218. This is the country'               [base]
  L24: '86.'                                    [other]
  L25: '86.'                                    [other]
  L26: '86.'                                    [other]
  L27: '86.'                                    [other]
  L28: '86.'                                    [other]

row 60: base=HU (gold='36') -> source=AU (gold='61')  template=calling_code_prefill_v5
  question: 'Identify the international dialing code of the country shown in this flag.'
  prefill : 'The dialing code is +'
  unhooked: '36.'
  L19: '36.'                                    [base]
  L20: '36.'                                    [base]
  L21: '36.'                                    [base]
  L22: '61.'                                    [HIT]
  L23: '61.'                                    [HIT]
  L24: '61.'                                    [HIT]
  L25: '61.'                                    [HIT]
  L26: '61.'                                    [HIT]
  L27: '61.'                                    [HIT]
  L28: '61.'                                    [HIT]

row 61: base=IE (gold='353') -> source=DK (gold='45')  template=calling_code_prefill_v1
  question: 'What is the international calling code of the country in this image?'
  prefill : 'The calling code is +'
  unhooked: '353.'
  L19: '353.'                                   [base]
  L20: '353.'                                   [base]
  L21: '353.'                                   [base]
  L22: '353.'                                   [base]
  L23: '353.'                                   [base]
  L24: '43.'                                    [other]
  L25: '43.'                                    [other]
  L26: '43.'                                    [other]
  L27: '44.'                                    [other]
  L28: '44.'                                    [other]

row 62: base=IT (gold='39') -> source=SG (gold='65')  template=calling_code_prefill_v4
  question: 'What is the phone country code for the country in this image?'
  prefill : 'The phone code is +'
  unhooked: '39.'
  L19: '39.'                                    [base]
  L20: '39.'                                    [base]
  L21: '39.'                                    [base]
  L22: '39.'                                    [base]
  L23: '63.'                                    [other]
  L24: '63.'                                    [other]
  L25: '63.'                                    [other]
  L26: '63.'                                    [other]
  L27: '61.'                                    [other]
  L28: '61.'                                    [other]

row 63: base=PE (gold='51') -> source=TZ (gold='255')  template=calling_code_prefill_v3
  question: 'What is the country calling code for the country in this image?'
  prefill : 'The country calling code is +'
  unhooked: '51, which corresponds to Peru.'
  L19: '51, which corresponds to Peru.'         [base]
  L20: '51, which corresponds to Peru.'         [base]
  L21: '51, which corresponds to Peru.'         [base]
  L22: '51, which corresponds to Peru.'         [base]
  L23: '214, which corresponds to Peru'         [other]
  L24: '214, which corresponds to Peru'         [other]
  L25: '214, which corresponds to Peru'         [other]
  L26: '214, which corresponds to Peru'         [other]
  L27: '214, which corresponds to Peru'         [other]
  L28: '214, which corresponds to Peru'         [other]

row 64: base=AL (gold='355') -> source=RO (gold='40')  template=calling_code_prefill_v4
  question: 'What is the phone country code for the country in this image?'
  prefill : 'The phone code is +'
  unhooked: '355. This corresponds to Albania'
  L19: '355. This corresponds to Albania'       [base]
  L20: '355. This corresponds to Albania'       [base]
  L21: '355. This corresponds to Albania'       [base]
  L22: '355. This corresponds to Albania'       [base]
  L23: '355. This corresponds to Albania'       [base]
  L24: '41.'                                    [other]
  L25: '41.'                                    [other]
  L26: '41.'                                    [other]
  L27: '41.'                                    [other]
  L28: '41.'                                    [other]

row 65: base=AL (gold='355') -> source=TN (gold='216')  template=calling_code_prefill_v6
  question: 'What country code do you dial to call this country?'
  prefill : 'The country code is +'
  unhooked: '355.'
  L19: '355.'                                   [base]
  L20: '355.'                                   [base]
  L21: '355.'                                   [base]
  L22: '355.'                                   [base]
  L23: '213.'                                   [other]
  L24: '213.'                                   [other]
  L25: '213.'                                   [other]
  L26: '213.'                                   [other]
  L27: '213.'                                   [other]
  L28: '213.'                                   [other]

row 66: base=IT (gold='39') -> source=IE (gold='353')  template=calling_code_prefill_v4
  question: 'What is the phone country code for the country in this image?'
  prefill : 'The phone code is +'
  unhooked: '39.'
  L19: '39.'                                    [base]
  L20: '39.'                                    [base]
  L21: '39.'                                    [base]
  L22: '39.'                                    [base]
  L23: '39.'                                    [base]
  L24: '39.'                                    [base]
  L25: '39.'                                    [base]
  L26: '39.'                                    [base]
  L27: '39.'                                    [base]
  L28: '39.'                                    [base]

row 67: base=BD (gold='880') -> source=AU (gold='61')  template=calling_code_prefill_v3
  question: 'What is the country calling code for the country in this image?'
  prefill : 'The country calling code is +'
  unhooked: '880. This is the country'
  L19: '880. This corresponds to Bangladesh'    [base]
  L20: '880. This is the country'               [base]
  L21: '880. This is the country'               [base]
  L22: '60. This corresponds to Malaysia.'      [other]
  L23: '60. This corresponds to Malaysia.'      [other]
  L24: '60. This corresponds to Malaysia.'      [other]
  L25: '60. This corresponds to Malaysia.'      [other]
  L26: '60. This corresponds to Malaysia.'      [other]
  L27: '60. This corresponds to Malaysia.'      [other]
  L28: '60. This corresponds to Malaysia.'      [other]

row 68: base=GY (gold='592') -> source=TZ (gold='255')  template=calling_code_prefill_v6
  question: 'What country code do you dial to call this country?'
  prefill : 'The country code is +'
  unhooked: '592.'
  L19: '592. This is the international'         [base]
  L20: '592. This is the country'               [base]
  L21: '592. This is the international'         [base]
  L22: '592. This is the international'         [base]
  L23: '246. This is the country'               [other]
  L24: '246. This is the country'               [other]
  L25: '246. This is the country'               [other]
  L26: '246.'                                   [other]
  L27: '246.'                                   [other]
  L28: '246.'                                   [other]

row 69: base=TZ (gold='255') -> source=OM (gold='968')  template=calling_code_prefill_v5
  question: 'Identify the international dialing code of the country shown in this flag.'
  prefill : 'The dialing code is +'
  unhooked: '255.'
  L19: '255.'                                   [base]
  L20: '255.'                                   [base]
  L21: '255.'                                   [base]
  L22: '255.'                                   [base]
  L23: '255.'                                   [base]
  L24: '971.'                                   [other]
  L25: '971.'                                   [other]
  L26: '971.'                                   [other]
  L27: '971.'                                   [other]
  L28: '971.'                                   [other]

row 70: base=KH (gold='855') -> source=PA (gold='507')  template=calling_code_prefill_v3
  question: 'What is the country calling code for the country in this image?'
  prefill : 'The country calling code is +'
  unhooked: '855. This corresponds to Cambodia'
  L19: '855. This corresponds to Cambodia'      [base]
  L20: '855. This corresponds to Cambodia'      [base]
  L21: '855. This corresponds to Cambodia'      [base]
  L22: '855. This corresponds to Cambodia'      [base]
  L23: '592, which corresponds to Cambodia'     [other]
  L24: '592, which corresponds to Cambodia'     [other]
  L25: '592, which corresponds to Cambodia'     [other]
  L26: '592, which corresponds to Cambodia'     [other]
  L27: '592, which corresponds to Cambodia'     [other]
  L28: '592, which corresponds to Cambodia'     [other]

row 71: base=RO (gold='40') -> source=AF (gold='93')  template=calling_code_prefill_v3
  question: 'What is the country calling code for the country in this image?'
  prefill : 'The country calling code is +'
  unhooked: '40. This corresponds to Romania,'
  L19: '40. This corresponds to Romania,'       [base]
  L20: '40. This corresponds to Romania,'       [base]
  L21: '40. This corresponds to Romania,'       [base]
  L22: '973. This corresponds to Bahrain'       [other]
  L23: '973. This corresponds to Bahrain'       [other]
  L24: '973. This corresponds to Bahrain'       [other]
  L25: '973. This corresponds to Bahrain'       [other]
  L26: '973. This corresponds to Bahrain'       [other]
  L27: '973. This corresponds to Bahrain'       [other]
  L28: '973. This corresponds to Bahrain'       [other]

row 72: base=EG (gold='20') -> source=UY (gold='598')  template=calling_code_prefill_v3
  question: 'What is the country calling code for the country in this image?'
  prefill : 'The country calling code is +'
  unhooked: '20. This is the country calling'
  L19: '20. This is the country calling'        [base]
  L20: '20. This is the country calling'        [base]
  L21: '20. This is the country calling'        [base]
  L22: '20. This is the country calling'        [base]
  L23: '52. This corresponds to Mexico,'        [other]
  L24: '52. This corresponds to Mexico,'        [other]
  L25: '52, which corresponds to Mexico.'       [other]
  L26: '52. This corresponds to Mexico,'        [other]
  L27: '52, which corresponds to Mexico.'       [other]
  L28: '52. This corresponds to Mexico,'        [other]

row 73: base=LU (gold='352') -> source=SN (gold='221')  template=calling_code_prefill_v3
  question: 'What is the country calling code for the country in this image?'
  prefill : 'The country calling code is +'
  unhooked: '352. This corresponds to Luxembourg'
  L19: '352. This corresponds to Luxembourg'    [base]
  L20: '352. This corresponds to Luxembourg'    [base]
  L21: '352. This corresponds to Luxembourg'    [base]
  L22: '250. This corresponds to the'           [other]
  L23: '250. This corresponds to the'           [other]
  L24: '250. This corresponds to the'           [other]
  L25: '250. This corresponds to the'           [other]
  L26: '250. This corresponds to the'           [other]
  L27: '250. This corresponds to the'           [other]
  L28: '250. This corresponds to the'           [other]

row 74: base=BZ (gold='501') -> source=FJ (gold='679')  template=calling_code_prefill_v2
  question: 'Give the international dialling code of the country shown in this flag.'
  prefill : 'The dialling code is +'
  unhooked: '501.'
  L19: '501.'                                   [base]
  L20: '501.'                                   [base]
  L21: '501.'                                   [base]
  L22: '501.'                                   [base]
  L23: '20.'                                    [other]
  L24: '61.'                                    [other]
  L25: '61.'                                    [other]
  L26: '61.'                                    [other]
  L27: '61.'                                    [other]
  L28: '61.'                                    [other]

row 75: base=OM (gold='968') -> source=JP (gold='81')  template=calling_code_prefill_v4
  question: 'What is the phone country code for the country in this image?'
  prefill : 'The phone code is +'
  unhooked: '968. This corresponds to Oman'
  L19: '968. This corresponds to Oman'          [base]
  L20: '968. This corresponds to Oman'          [base]
  L21: '968. This corresponds to Oman'          [base]
  L22: '968. This corresponds to Oman'          [base]
  L23: '968. This corresponds to Oman'          [base]
  L24: '86.'                                    [other]
  L25: '86.'                                    [other]
  L26: '86.'                                    [other]
  L27: '86.'                                    [other]
  L28: '49.'                                    [other]

row 76: base=IQ (gold='964') -> source=AZ (gold='994')  template=calling_code_prefill_v2
  question: 'Give the international dialling code of the country shown in this flag.'
  prefill : 'The dialling code is +'
  unhooked: '964.'
  L19: '964.'                                   [base]
  L20: '964.'                                   [base]
  L21: '964.'                                   [base]
  L22: '964.'                                   [base]
  L23: '964.'                                   [base]
  L24: '964.'                                   [base]
  L25: '964.'                                   [base]
  L26: '964.'                                   [base]
  L27: '964.'                                   [base]
  L28: '964.'                                   [base]

row 77: base=QA (gold='974') -> source=CY (gold='357')  template=calling_code_prefill_v6
  question: 'What country code do you dial to call this country?'
  prefill : 'The country code is +'
  unhooked: '974.'
  L19: '974.'                                   [base]
  L20: '974.'                                   [base]
  L21: '974.'                                   [base]
  L22: '974.'                                   [base]
  L23: '974.'                                   [base]
  L24: '374.'                                   [other]
  L25: '374.'                                   [other]
  L26: '374.'                                   [other]
  L27: '374.'                                   [other]
  L28: '374.'                                   [other]

row 78: base=PK (gold='92') -> source=BE (gold='32')  template=calling_code_prefill_v3
  question: 'What is the country calling code for the country in this image?'
  prefill : 'The country calling code is +'
  unhooked: '92, which corresponds to Pakistan.'
  L19: '92, which corresponds to Pakistan.'     [base]
  L20: '92, which corresponds to Pakistan.'     [base]
  L21: '92, which corresponds to Pakistan.'     [base]
  L22: '92, which corresponds to Pakistan.'     [base]
  L23: '350, which corresponds to the'          [other]
  L24: '350, which corresponds to the'          [other]
  L25: '350, which corresponds to the'          [other]
  L26: '350, which corresponds to the'          [other]
  L27: '350, which corresponds to the'          [other]
  L28: '350, which corresponds to the'          [other]

row 79: base=RO (gold='40') -> source=NZ (gold='64')  template=calling_code_prefill_v1
  question: 'What is the international calling code of the country in this image?'
  prefill : 'The calling code is +'
  unhooked: '40. This corresponds to Romania.'
  L19: '40. This corresponds to Romania.'       [base]
  L20: '40. This corresponds to Romania.'       [base]
  L21: '40. This corresponds to Romania.'       [base]
  L22: '686, which corresponds to Tong'         [other]
  L23: '686, which corresponds to Tong'         [other]
  L24: '686, which corresponds to Tong'         [other]
  L25: '686, which corresponds to Tong'         [other]
  L26: '686, which corresponds to Tong'         [other]
  L27: '686, which corresponds to Tong'         [other]
  L28: '686, which corresponds to Tong'         [other]

row 80: base=ET (gold='251') -> source=KP (gold='850')  template=calling_code_prefill_v4
  question: 'What is the phone country code for the country in this image?'
  prefill : 'The phone code is +'
  unhooked: '251. This corresponds to Ethiopia'
  L19: '251. This corresponds to Ethiopia'      [base]
  L20: '251. This corresponds to Ethiopia'      [base]
  L21: '251. This corresponds to Ethiopia'      [base]
  L22: '251. This corresponds to Ethiopia'      [base]
  L23: '86.'                                    [other]
  L24: '86.'                                    [other]
  L25: '86.'                                    [other]
  L26: '86.'                                    [other]
  L27: '86.'                                    [other]
  L28: '86.'                                    [other]

row 81: base=SN (gold='221') -> source=OM (gold='968')  template=calling_code_prefill_v6
  question: 'What country code do you dial to call this country?'
  prefill : 'The country code is +'
  unhooked: '241.'
  L19: '241.'                                   [other]
  L20: '241.'                                   [other]
  L21: '241.'                                   [other]
  L22: '241.'                                   [other]
  L23: '221.'                                   [base]
  L24: '92.'                                    [other]
  L25: '92.'                                    [other]
  L26: '92.'                                    [other]
  L27: '92.'                                    [other]
  L28: '966.'                                   [other]

row 82: base=GY (gold='592') -> source=KH (gold='855')  template=calling_code_prefill_v3
  question: 'What is the country calling code for the country in this image?'
  prefill : 'The country calling code is +'
  unhooked: '592. This corresponds to Guy'
  L19: '592. This corresponds to Guy'           [base]
  L20: '592. This corresponds to Guy'           [base]
  L21: '592. This corresponds to Guy'           [base]
  L22: '592. This corresponds to Guy'           [base]
  L23: '86. This corresponds to China,'         [other]
  L24: '82, which corresponds to South Korea'   [other]
  L25: '82, which corresponds to South Korea'   [other]
  L26: '82, which corresponds to South Korea'   [other]
  L27: '82, which corresponds to South Korea'   [other]
  L28: '82, which corresponds to South Korea'   [other]

row 83: base=BE (gold='32') -> source=RW (gold='250')  template=calling_code_prefill_v4
  question: 'What is the phone country code for the country in this image?'
  prefill : 'The phone code is +'
  unhooked: '32. This corresponds to Belgium,'
  L19: '32. This corresponds to Belgium,'       [base]
  L20: '20.'                                    [other]
  L21: '20.'                                    [other]
  L22: '20.'                                    [other]
  L23: '20.'                                    [other]
  L24: '20.'                                    [other]
  L25: '20.'                                    [other]
  L26: '20.'                                    [other]
  L27: '20.'                                    [other]
  L28: '20.'                                    [other]

row 84: base=TZ (gold='255') -> source=BR (gold='55')  template=calling_code_prefill_v1
  question: 'What is the international calling code of the country in this image?'
  prefill : 'The calling code is +'
  unhooked: '255. This corresponds to Tanzania'
  L19: '255. This corresponds to Tanzania'      [HIT]
  L20: '255. This corresponds to Tanzania'      [HIT]
  L21: '255. This corresponds to Tanzania'      [HIT]
  L22: '255. This corresponds to Tanzania'      [HIT]
  L23: '54. This corresponds to Argentina.'     [other]
  L24: '54. This corresponds to Argentina.'     [other]
  L25: '54. This corresponds to Argentina.'     [other]
  L26: '54. This corresponds to Argentina.'     [other]
  L27: '54. This corresponds to Argentina.'     [other]
  L28: '54. This corresponds to Argentina.'     [other]

row 85: base=AL (gold='355') -> source=AF (gold='93')  template=calling_code_prefill_v4
  question: 'What is the phone country code for the country in this image?'
  prefill : 'The phone code is +'
  unhooked: '355. This corresponds to Albania'
  L19: '355. This corresponds to Albania'       [base]
  L20: '355. This corresponds to Albania'       [base]
  L21: '355. This corresponds to Albania'       [base]
  L22: '355. This corresponds to Albania'       [base]
  L23: '90.'                                    [other]
  L24: '90.'                                    [other]
  L25: '90.'                                    [other]
  L26: '90.'                                    [other]
  L27: '90.'                                    [other]
  L28: '90.'                                    [other]

row 86: base=CO (gold='57') -> source=CY (gold='357')  template=calling_code_prefill_v4
  question: 'What is the phone country code for the country in this image?'
  prefill : 'The phone code is +'
  unhooked: '57. This corresponds to Colombia,'
  L19: '57. This corresponds to Colombia,'      [base]
  L20: '57. This corresponds to Colombia,'      [base]
  L21: '57. This corresponds to Colombia,'      [base]
  L22: '57. This corresponds to Colombia,'      [base]
  L23: '34. This corresponds to Spain.'         [other]
  L24: '34. This corresponds to Spain.'         [other]
  L25: '34. This corresponds to Spain.'         [other]
  L26: '34. This corresponds to Spain,'         [other]
  L27: '34. This corresponds to Spain,'         [other]
  L28: '34. This corresponds to Spain,'         [other]

row 87: base=MK (gold='389') -> source=TN (gold='216')  template=calling_code_prefill_v2
  question: 'Give the international dialling code of the country shown in this flag.'
  prefill : 'The dialling code is +'
  unhooked: '389.'
  L19: '389.'                                   [base]
  L20: '389.'                                   [base]
  L21: '389.'                                   [base]
  L22: '389.'                                   [base]
  L23: '260.'                                   [other]
  L24: '250.'                                   [other]
  L25: '250.'                                   [other]
  L26: '250.'                                   [other]
  L27: '260.'                                   [other]
  L28: '260.'                                   [other]

row 88: base=JO (gold='962') -> source=UZ (gold='998')  template=calling_code_prefill_v5
  question: 'Identify the international dialing code of the country shown in this flag.'
  prefill : 'The dialing code is +'
  unhooked: '962.'
  L19: '962.'                                   [base]
  L20: '962.'                                   [base]
  L21: '962.'                                   [base]
  L22: '962.'                                   [base]
  L23: '962.'                                   [base]
  L24: '962.'                                   [base]
  L25: '962.'                                   [base]
  L26: '962.'                                   [base]
  L27: '962.'                                   [base]
  L28: '962.'                                   [base]

row 89: base=TZ (gold='255') -> source=BH (gold='973')  template=calling_code_prefill_v3
  question: 'What is the country calling code for the country in this image?'
  prefill : 'The country calling code is +'
  unhooked: '255. This corresponds to Tanzania'
  L19: '255. This corresponds to Tanzania'      [base]
  L20: '255. This corresponds to Tanzania'      [base]
  L21: '255. This corresponds to Tanzania'      [base]
  L22: '255. This corresponds to Tanzania'      [base]
  L23: '971. This corresponds to the'           [other]
  L24: '971. This corresponds to the'           [other]
  L25: '971. This corresponds to the'           [other]
  L26: '971. This corresponds to the'           [other]
  L27: '971. This corresponds to the'           [other]
  L28: '971. This corresponds to the'           [other]

row 90: base=LA (gold='856') -> source=IT (gold='39')  template=calling_code_prefill_v4
  question: 'What is the phone country code for the country in this image?'
  prefill : 'The phone code is +'
  unhooked: '856. This corresponds to Laos'
  L19: '856. This corresponds to Laos'          [base]
  L20: '856. This corresponds to Laos'          [base]
  L21: '856. This corresponds to Laos'          [base]
  L22: '66.'                                    [other]
  L23: '386.'                                   [other]
  L24: '386.'                                   [other]
  L25: '386.'                                   [other]
  L26: '386.'                                   [other]
  L27: '386.'                                   [other]
  L28: '386.'                                   [other]

row 91: base=JP (gold='81') -> source=MK (gold='389')  template=calling_code_prefill_v2
  question: 'Give the international dialling code of the country shown in this flag.'
  prefill : 'The dialling code is +'
  unhooked: '86.'
  L19: '86.'                                    [other]
  L20: '374.'                                   [other]
  L21: '375.'                                   [other]
  L22: '375.'                                   [other]
  L23: '374.'                                   [other]
  L24: '375.'                                   [other]
  L25: '375.'                                   [other]
  L26: '375.'                                   [other]
  L27: '375.'                                   [other]
  L28: '375.'                                   [other]

row 92: base=KH (gold='855') -> source=ES (gold='34')  template=calling_code_prefill_v6
  question: 'What country code do you dial to call this country?'
  prefill : 'The country code is +'
  unhooked: '855.'
  L19: '855.'                                   [base]
  L20: '855.'                                   [base]
  L21: '855.'                                   [base]
  L22: '855.'                                   [base]
  L23: '386.'                                   [other]
  L24: '386.'                                   [other]
  L25: '386.'                                   [other]
  L26: '386.'                                   [other]
  L27: '375.'                                   [other]
  L28: '375.'                                   [other]

row 93: base=RS (gold='381') -> source=BR (gold='55')  template=calling_code_prefill_v6
  question: 'What country code do you dial to call this country?'
  prefill : 'The country code is +'
  unhooked: '381.'
  L19: '381.'                                   [base]
  L20: '381.'                                   [base]
  L21: '381.'                                   [base]
  L22: '381.'                                   [base]
  L23: '54. This is the country code'           [other]
  L24: '54. This is the country code'           [other]
  L25: '54.'                                    [other]
  L26: '54. This is the country code'           [other]
  L27: '54. This is the country code'           [other]
  L28: '54. This is the country code'           [other]

row 94: base=JO (gold='962') -> source=AM (gold='374')  template=calling_code_prefill_v5
  question: 'Identify the international dialing code of the country shown in this flag.'
  prefill : 'The dialing code is +'
  unhooked: '962.'
  L19: '962.'                                   [base]
  L20: '962.'                                   [base]
  L21: '962.'                                   [base]
  L22: '962.'                                   [base]
  L23: '962.'                                   [base]
  L24: '39.'                                    [other]
  L25: '39.'                                    [other]
  L26: '39.'                                    [other]
  L27: '352.'                                   [other]
  L28: '352.'                                   [other]

row 95: base=EG (gold='20') -> source=KR (gold='82')  template=calling_code_prefill_v3
  question: 'What is the country calling code for the country in this image?'
  prefill : 'The country calling code is +'
  unhooked: '20. This is the country calling'
  L19: '20. This is the country calling'        [base]
  L20: '20. This is the country calling'        [base]
  L21: '20. This is the country calling'        [base]
  L22: '20. This is the country calling'        [base]
  L23: '86. This is the country calling'        [other]
  L24: '86. This is the country calling'        [other]
  L25: '86, which corresponds to China.'        [other]
  L26: '86, which corresponds to China.'        [other]
  L27: '86. This is the country calling'        [other]
  L28: '86. This is the country calling'        [other]

row 96: base=EG (gold='20') -> source=YE (gold='967')  template=calling_code_prefill_v4
  question: 'What is the phone country code for the country in this image?'
  prefill : 'The phone code is +'
  unhooked: '20. This is the country code'
  L19: '20. This is the country code'           [base]
  L20: '20. This is the country code'           [base]
  L21: '20. This is the country code'           [base]
  L22: '20. This is the country code'           [base]
  L23: '20. This is the country code'           [base]
  L24: '966.'                                   [other]
  L25: '966.'                                   [other]
  L26: '966.'                                   [other]
  L27: '966.'                                   [other]
  L28: '20. This is the country code'           [base]

row 97: base=PE (gold='51') -> source=IE (gold='353')  template=calling_code_prefill_v4
  question: 'What is the phone country code for the country in this image?'
  prefill : 'The phone code is +'
  unhooked: '51. This corresponds to Peru,'
  L19: '51. This corresponds to Peru,'          [base]
  L20: '51. This corresponds to Peru,'          [base]
  L21: '51. This corresponds to Peru,'          [base]
  L22: '51. This corresponds to Peru.'          [base]
  L23: '357.'                                   [other]
  L24: '357.'                                   [other]
  L25: '357. This corresponds to the'           [other]
  L26: '357. This corresponds to the'           [other]
  L27: '357. This corresponds to the'           [other]
  L28: '357.'                                   [other]

row 98: base=AM (gold='374') -> source=CY (gold='357')  template=calling_code_prefill_v5
  question: 'Identify the international dialing code of the country shown in this flag.'
  prefill : 'The dialing code is +'
  unhooked: '374.'
  L19: '374.'                                   [base]
  L20: '374.'                                   [base]
  L21: '374.'                                   [base]
  L22: '374.'                                   [base]
  L23: '374.'                                   [base]
  L24: '374.'                                   [base]
  L25: '374.'                                   [base]
  L26: '374.'                                   [base]
  L27: '374.'                                   [base]
  L28: '374.'                                   [base]

row 99: base=AZ (gold='994') -> source=RO (gold='40')  template=calling_code_prefill_v4
  question: 'What is the phone country code for the country in this image?'
  prefill : 'The phone code is +'
  unhooked: '994. This corresponds to Azerbaijan'
  L19: '994. This corresponds to Azerbaijan'    [base]
  L20: '994. This corresponds to Azerbaijan'    [base]
  L21: '994. This corresponds to Azerbaijan'    [base]
  L22: '994. This corresponds to Azerbaijan'    [base]
  L23: '374.'                                   [other]
  L24: '44.'                                    [other]
  L25: '44.'                                    [other]
  L26: '44.'                                    [other]
  L27: '44.'                                    [other]
  L28: '44.'                                    [other]

row 100: base=KE (gold='254') -> source=EG (gold='20')  template=calling_code_prefill_v2
  question: 'Give the international dialling code of the country shown in this flag.'
  prefill : 'The dialling code is +'
  unhooked: '254.'
  L19: '254.'                                   [base]
  L20: '254.'                                   [base]
  L21: '254.'                                   [base]
  L22: '254.'                                   [base]
  L23: '254.'                                   [base]
  L24: '254.'                                   [base]
  L25: '254.'                                   [base]
  L26: '254.'                                   [base]
  L27: '254.'                                   [base]
  L28: '254.'                                   [base]

row 101: base=CU (gold='53') -> source=JO (gold='962')  template=calling_code_prefill_v2
  question: 'Give the international dialling code of the country shown in this flag.'
  prefill : 'The dialling code is +'
  unhooked: '53.'
  L19: '53.'                                    [base]
  L20: '53.'                                    [base]
  L21: '53.'                                    [base]
  L22: '53.'                                    [base]
  L23: '95.'                                    [other]
  L24: '95.'                                    [other]
  L25: '95.'                                    [other]
  L26: '95.'                                    [other]
  L27: '95.'                                    [other]
  L28: '95.'                                    [other]

row 102: base=BD (gold='880') -> source=OM (gold='968')  template=calling_code_prefill_v5
  question: 'Identify the international dialing code of the country shown in this flag.'
  prefill : 'The dialing code is +'
  unhooked: '880.'
  L19: '880.'                                   [base]
  L20: '880.'                                   [base]
  L21: '880.'                                   [base]
  L22: '880.'                                   [base]
  L23: '92.'                                    [other]
  L24: '92.'                                    [other]
  L25: '92.'                                    [other]
  L26: '92.'                                    [other]
  L27: '92.'                                    [other]
  L28: '92.'                                    [other]

row 103: base=UZ (gold='998') -> source=HT (gold='509')  template=calling_code_prefill_v4
  question: 'What is the phone country code for the country in this image?'
  prefill : 'The phone code is +'
  unhooked: '998. This is the country'
  L19: '998. This is the country'               [base]
  L20: '998. This is the country'               [base]
  L21: '998. This is the country'               [base]
  L22: '998. This is the country'               [base]
  L23: '593. This corresponds to Ecuador'       [other]
  L24: '593. This corresponds to Ecuador'       [other]
  L25: '593. This corresponds to Ecuador'       [other]
  L26: '593. This corresponds to Ecuador'       [other]
  L27: '593. This corresponds to Ecuador'       [other]
  L28: '593. This corresponds to Ecuador'       [other]

row 104: base=AU (gold='61') -> source=ET (gold='251')  template=calling_code_prefill_v5
  question: 'Identify the international dialing code of the country shown in this flag.'
  prefill : 'The dialing code is +'
  unhooked: '61.'
  L19: '61.'                                    [base]
  L20: '61.'                                    [base]
  L21: '61.'                                    [base]
  L22: '61.'                                    [base]
  L23: '260.'                                   [other]
  L24: '260.'                                   [other]
  L25: '260.'                                   [other]
  L26: '260.'                                   [other]
  L27: '260.'                                   [other]
  L28: '260.'                                   [other]

row 105: base=LA (gold='856') -> source=PA (gold='507')  template=calling_code_prefill_v5
  question: 'Identify the international dialing code of the country shown in this flag.'
  prefill : 'The dialing code is +'
  unhooked: '856.'
  L19: '856.'                                   [base]
  L20: '856.'                                   [base]
  L21: '856.'                                   [base]
  L22: '66.'                                    [other]
  L23: '539.'                                   [other]
  L24: '539.'                                   [other]
  L25: '539.'                                   [other]
  L26: '539.'                                   [other]
  L27: '539.'                                   [other]
  L28: '539.'                                   [other]

row 106: base=QA (gold='974') -> source=SG (gold='65')  template=calling_code_prefill_v6
  question: 'What country code do you dial to call this country?'
  prefill : 'The country code is +'
  unhooked: '974.'
  L19: '974.'                                   [base]
  L20: '974.'                                   [base]
  L21: '974.'                                   [base]
  L22: '974.'                                   [base]
  L23: '66.'                                    [other]
  L24: '66.'                                    [other]
  L25: '66.'                                    [other]
  L26: '66.'                                    [other]
  L27: '66.'                                    [other]
  L28: '66.'                                    [other]

row 107: base=AM (gold='374') -> source=GY (gold='592')  template=calling_code_prefill_v2
  question: 'Give the international dialling code of the country shown in this flag.'
  prefill : 'The dialling code is +'
  unhooked: '374.'
  L19: '374.'                                   [base]
  L20: '374.'                                   [base]
  L21: '374.'                                   [base]
  L22: '598.'                                   [other]
  L23: '598.'                                   [other]
  L24: '598.'                                   [other]
  L25: '598.'                                   [other]
  L26: '598.'                                   [other]
  L27: '598.'                                   [other]
  L28: '598.'                                   [other]

row 108: base=QA (gold='974') -> source=PA (gold='507')  template=calling_code_prefill_v6
  question: 'What country code do you dial to call this country?'
  prefill : 'The country code is +'
  unhooked: '974.'
  L19: '974.'                                   [base]
  L20: '974.'                                   [base]
  L21: '974.'                                   [base]
  L22: '974.'                                   [base]
  L23: '593.'                                   [other]
  L24: '593.'                                   [other]
  L25: '593.'                                   [other]
  L26: '593.'                                   [other]
  L27: '598.'                                   [other]
  L28: '598.'                                   [other]

row 109: base=KP (gold='850') -> source=YE (gold='967')  template=calling_code_prefill_v4
  question: 'What is the phone country code for the country in this image?'
  prefill : 'The phone code is +'
  unhooked: '850.'
  L19: '850.'                                   [base]
  L20: '850.'                                   [base]
  L21: '850.'                                   [base]
  L22: '850.'                                   [base]
  L23: '998. This corresponds to the'           [other]
  L24: '998.'                                   [other]
  L25: '998.'                                   [other]
  L26: '998. This corresponds to the'           [other]
  L27: '998.'                                   [other]
  L28: '246. This corresponds to the'           [other]

row 110: base=IQ (gold='964') -> source=HU (gold='36')  template=calling_code_prefill_v6
  question: 'What country code do you dial to call this country?'
  prefill : 'The country code is +'
  unhooked: '964. This is the international'
  L19: '964.'                                   [base]
  L20: '964.'                                   [base]
  L21: '964. This is the international'         [base]
  L22: '964. This is the international'         [base]
  L23: '964. This is the international'         [base]
  L24: '964. This is the international'         [base]
  L25: '964.'                                   [base]
  L26: '964. This is the international'         [base]
  L27: '39.'                                    [other]
  L28: '39.'                                    [other]

row 111: base=NI (gold='505') -> source=KP (gold='850')  template=calling_code_prefill_v3
  question: 'What is the country calling code for the country in this image?'
  prefill : 'The country calling code is +'
  unhooked: '505. This corresponds to Nicaragua'
  L19: '505. This corresponds to Nicaragua'     [base]
  L20: '505. This corresponds to Nicaragua'     [base]
  L21: '505. This corresponds to Nicaragua'     [base]
  L22: '505. This corresponds to Nicaragua'     [base]
  L23: '852, which corresponds to Hong'         [other]
  L24: '852, which corresponds to Hong'         [other]
  L25: '852, which corresponds to Hong'         [other]
  L26: '852, which corresponds to Hong'         [other]
  L27: '852, which corresponds to Hong'         [other]
  L28: '852, which corresponds to Hong'         [other]

row 112: base=BD (gold='880') -> source=CU (gold='53')  template=calling_code_prefill_v3
  question: 'What is the country calling code for the country in this image?'
  prefill : 'The country calling code is +'
  unhooked: '880. This is the country'
  L19: '880. This corresponds to Bangladesh'    [base]
  L20: '880. This is the country'               [base]
  L21: '880. This is the country'               [base]
  L22: '880. This is the country'               [base]
  L23: '501, which corresponds to Guatemala'    [other]
  L24: '501, which corresponds to Guatemala'    [other]
  L25: '501, which corresponds to Guatemala'    [other]
  L26: '502. This corresponds to Guatemala'     [other]
  L27: '501, which corresponds to Guatemala'    [other]
  L28: '501, which corresponds to Guatemala'    [other]

row 113: base=LY (gold='218') -> source=CO (gold='57')  template=calling_code_prefill_v3
  question: 'What is the country calling code for the country in this image?'
  prefill : 'The country calling code is +'
  unhooked: '218. This is the country'
  L19: '218. This is the country'               [base]
  L20: '218. This is the country'               [base]
  L21: '218. This is the country'               [base]
  L22: '218. This is the country'               [base]
  L23: '218. This is the country'               [base]
  L24: '52. This corresponds to Mexico,'        [other]
  L25: '52, which corresponds to Mexico.'       [other]
  L26: '52, which corresponds to Mexico.'       [other]
  L27: '52, which corresponds to Mexico.'       [other]
  L28: '52, which corresponds to Mexico.'       [other]

row 114: base=BR (gold='55') -> source=SN (gold='221')  template=calling_code_prefill_v6
  question: 'What country code do you dial to call this country?'
  prefill : 'The country code is +'
  unhooked: '55. This is the international direct'
  L19: '55. This is the international direct'   [base]
  L20: '55. This is the international direct'   [base]
  L21: '55. This is the international direct'   [base]
  L22: '55. This is the international direct'   [base]
  L23: '256.'                                   [other]
  L24: '253.'                                   [other]
  L25: '253.'                                   [other]
  L26: '253.'                                   [other]
  L27: '256.'                                   [other]
  L28: '256.'                                   [other]

row 115: base=DE (gold='49') -> source=IT (gold='39')  template=calling_code_prefill_v5
  question: 'Identify the international dialing code of the country shown in this flag.'
  prefill : 'The dialing code is +'
  unhooked: '49.'
  L19: '49.'                                    [base]
  L20: '49.'                                    [base]
  L21: '49.'                                    [base]
  L22: '49.'                                    [base]
  L23: '31.'                                    [other]
  L24: '31.'                                    [other]
  L25: '31.'                                    [other]
  L26: '31.'                                    [other]
  L27: '31.'                                    [other]
  L28: '31.'                                    [other]

row 116: base=JO (gold='962') -> source=SN (gold='221')  template=calling_code_prefill_v2
  question: 'Give the international dialling code of the country shown in this flag.'
  prefill : 'The dialling code is +'
  unhooked: '962.'
  L19: '962.'                                   [base]
  L20: '962.'                                   [base]
  L21: '962.'                                   [base]
  L22: '962.'                                   [base]
  L23: '259.'                                   [other]
  L24: '259.'                                   [other]
  L25: '259.'                                   [other]
  L26: '259.'                                   [other]
  L27: '259.'                                   [other]
  L28: '259.'                                   [other]

row 117: base=CU (gold='53') -> source=RO (gold='40')  template=calling_code_prefill_v5
  question: 'Identify the international dialing code of the country shown in this flag.'
  prefill : 'The dialing code is +'
  unhooked: '53.'
  L19: '53.'                                    [base]
  L20: '53.'                                    [base]
  L21: '53.'                                    [base]
  L22: '53.'                                    [base]
  L23: '53.'                                    [base]
  L24: '43.'                                    [other]
  L25: '43.'                                    [other]
  L26: '43.'                                    [other]
  L27: '43.'                                    [other]
  L28: '423.'                                   [other]

row 118: base=TZ (gold='255') -> source=ES (gold='34')  template=calling_code_prefill_v4
  question: 'What is the phone country code for the country in this image?'
  prefill : 'The phone code is +'
  unhooked: '255. This corresponds to Tanzania'
  L19: '255. This corresponds to Tanzania'      [base]
  L20: '255. This corresponds to Tanzania'      [base]
  L21: '255. This corresponds to Tanzania'      [base]
  L22: '255. This corresponds to Tanzania'      [base]
  L23: '356. This corresponds to Malta'         [other]
  L24: '356. This corresponds to Malta'         [other]
  L25: '356. This corresponds to Malta'         [other]
  L26: '356. This corresponds to Malta'         [other]
  L27: '356. This corresponds to Malta'         [other]
  L28: '356. This corresponds to Malta'         [other]

row 119: base=BH (gold='973') -> source=HT (gold='509')  template=calling_code_prefill_v4
  question: 'What is the phone country code for the country in this image?'
  prefill : 'The phone code is +'
  unhooked: '973. This is the country'
  L19: '973. This is the country'               [base]
  L20: '973. This is the country'               [base]
  L21: '973. This is the country'               [base]
  L22: '973. This is the country'               [base]
  L23: '973. This is the country'               [base]
  L24: '591. This corresponds to Bolivia'       [other]
  L25: '591. This corresponds to Bolivia'       [other]
  L26: '591. This corresponds to Bolivia'       [other]
  L27: '591. This corresponds to Bolivia'       [other]
  L28: '591. This corresponds to Bolivia'       [other]

row 120: base=EG (gold='20') -> source=KW (gold='965')  template=calling_code_prefill_v3
  question: 'What is the country calling code for the country in this image?'
  prefill : 'The country calling code is +'
  unhooked: '20. This is the country calling'
  L19: '20. This is the country calling'        [base]
  L20: '20. This is the country calling'        [base]
  L21: '20. This is the country calling'        [base]
  L22: '20. This is the country calling'        [base]
  L23: '966. This corresponds to Saudi'         [other]
  L24: '966. This corresponds to Saudi'         [other]
  L25: '966. This corresponds to Saudi'         [other]
  L26: '966. This corresponds to Saudi'         [other]
  L27: '966. This corresponds to Saudi'         [other]
  L28: '966. This corresponds to Saudi'         [other]

row 121: base=IT (gold='39') -> source=LA (gold='856')  template=calling_code_prefill_v6
  question: 'What country code do you dial to call this country?'
  prefill : 'The country code is +'
  unhooked: '39.'
  L19: '39.'                                    [base]
  L20: '39.'                                    [base]
  L21: '39.'                                    [base]
  L22: '39.'                                    [base]
  L23: '86.'                                    [other]
  L24: '86.'                                    [other]
  L25: '86.'                                    [other]
  L26: '86.'                                    [other]
  L27: '86.'                                    [other]
  L28: '86.'                                    [other]

row 122: base=BR (gold='55') -> source=LA (gold='856')  template=calling_code_prefill_v6
  question: 'What country code do you dial to call this country?'
  prefill : 'The country code is +'
  unhooked: '55. This is the international direct'
  L19: '55. This is the international direct'   [base]
  L20: '55. This is the international direct'   [base]
  L21: '55. This is the international direct'   [base]
  L22: '55. This is the international direct'   [base]
  L23: '55. This is the international direct'   [base]
  L24: '852.'                                   [other]
  L25: '852.'                                   [other]
  L26: '852.'                                   [other]
  L27: '852.'                                   [other]
  L28: '852.'                                   [other]

row 123: base=LB (gold='961') -> source=HU (gold='36')  template=calling_code_prefill_v1
  question: 'What is the international calling code of the country in this image?'
  prefill : 'The calling code is +'
  unhooked: '961. This corresponds to Lebanon'
  L19: '961. This corresponds to Lebanon'       [base]
  L20: '961. This corresponds to Lebanon'       [base]
  L21: '961. This corresponds to Lebanon'       [base]
  L22: '961. This corresponds to Lebanon'       [base]
  L23: '961. This corresponds to Lebanon'       [base]
  L24: '352.'                                   [other]
  L25: '352.'                                   [other]
  L26: '352.'                                   [other]
  L27: '352.'                                   [other]
  L28: '352.'                                   [other]

row 124: base=UY (gold='598') -> source=NI (gold='505')  template=calling_code_prefill_v6
  question: 'What country code do you dial to call this country?'
  prefill : 'The country code is +'
  unhooked: '598.'
  L19: '598.'                                   [base]
  L20: '598.'                                   [base]
  L21: '598.'                                   [base]
  L22: '598.'                                   [base]
  L23: '598.'                                   [base]
  L24: '598.'                                   [base]
  L25: '598.'                                   [base]
  L26: '598.'                                   [base]
  L27: '598.'                                   [base]
  L28: '598.'                                   [base]

row 125: base=MK (gold='389') -> source=NA (gold='264')  template=calling_code_prefill_v2
  question: 'Give the international dialling code of the country shown in this flag.'
  prefill : 'The dialling code is +'
  unhooked: '389.'
  L19: '389.'                                   [base]
  L20: '389.'                                   [base]
  L21: '389.'                                   [base]
  L22: '389.'                                   [base]
  L23: '260.'                                   [other]
  L24: '250.'                                   [other]
  L25: '250.'                                   [other]
  L26: '260.'                                   [other]
  L27: '260.'                                   [other]
  L28: '260.'                                   [other]

row 126: base=DK (gold='45') -> source=LY (gold='218')  template=calling_code_prefill_v1
  question: 'What is the international calling code of the country in this image?'
  prefill : 'The calling code is +'
  unhooked: '45, which corresponds to Denmark.'
  L19: '45, which corresponds to Denmark.'      [base]
  L20: '45, which corresponds to Denmark.'      [base]
  L21: '45, which corresponds to Denmark.'      [base]
  L22: '246.'                                   [other]
  L23: '246.'                                   [other]
  L24: '246.'                                   [other]
  L25: '246.'                                   [other]
  L26: '246.'                                   [other]
  L27: '246.'                                   [other]
  L28: '246.'                                   [other]

row 127: base=RS (gold='381') -> source=QA (gold='974')  template=calling_code_prefill_v6
  question: 'What country code do you dial to call this country?'
  prefill : 'The country code is +'
  unhooked: '381.'
  L19: '381.'                                   [base]
  L20: '381.'                                   [base]
  L21: '381.'                                   [base]
  L22: '381.'                                   [base]
  L23: '972.'                                   [other]
  L24: '972.'                                   [other]
  L25: '972.'                                   [other]
  L26: '90.'                                    [other]
  L27: '972.'                                   [other]
  L28: '972.'                                   [other]

row 128: base=SG (gold='65') -> source=FJ (gold='679')  template=calling_code_prefill_v5
  question: 'Identify the international dialing code of the country shown in this flag.'
  prefill : 'The dialing code is +'
  unhooked: '65.'
  L19: '65.'                                    [base]
  L20: '65.'                                    [base]
  L21: '65.'                                    [base]
  L22: '65.'                                    [base]
  L23: '65.'                                    [base]
  L24: '65.'                                    [base]
  L25: '65.'                                    [base]
  L26: '65.'                                    [base]
  L27: '65.'                                    [base]
  L28: '65.'                                    [base]

row 129: base=FJ (gold='679') -> source=BH (gold='973')  template=calling_code_prefill_v6
  question: 'What country code do you dial to call this country?'
  prefill : 'The country code is +'
  unhooked: '679.'
  L19: '679.'                                   [base]
  L20: '679.'                                   [base]
  L21: '679.'                                   [base]
  L22: '679.'                                   [base]
  L23: '976.'                                   [other]
  L24: '976.'                                   [other]
  L25: '976.'                                   [other]
  L26: '976.'                                   [other]
  L27: '976.'                                   [other]
  L28: '976.'                                   [other]

row 130: base=ET (gold='251') -> source=IT (gold='39')  template=calling_code_prefill_v3
  question: 'What is the country calling code for the country in this image?'
  prefill : 'The country calling code is +'
  unhooked: '251. This corresponds to Ethiopia'
  L19: '251. This corresponds to Ethiopia'      [base]
  L20: '251. This corresponds to Ethiopia'      [base]
  L21: '251. This corresponds to Ethiopia'      [base]
  L22: '251. This corresponds to Ethiopia'      [base]
  L23: '39. This corresponds to Italy,'         [HIT]
  L24: '39. This corresponds to Italy,'         [HIT]
  L25: '39. This corresponds to Italy,'         [HIT]
  L26: '39. This corresponds to Italy,'         [HIT]
  L27: '39. This corresponds to Italy,'         [HIT]
  L28: '39. This corresponds to Italy,'         [HIT]

row 131: base=TN (gold='216') -> source=CU (gold='53')  template=calling_code_prefill_v4
  question: 'What is the phone country code for the country in this image?'
  prefill : 'The phone code is +'
  unhooked: '216. This corresponds to Tunisia'
  L19: '216. This corresponds to Tunisia'       [base]
  L20: '216. This corresponds to Tunisia'       [base]
  L21: '216. This corresponds to Tunisia'       [base]
  L22: '216. This corresponds to Tunisia'       [base]
  L23: '52.'                                    [other]
  L24: '52.'                                    [other]
  L25: '52.'                                    [other]
  L26: '52.'                                    [other]
  L27: '52.'                                    [other]
  L28: '52.'                                    [other]

row 132: base=UZ (gold='998') -> source=KP (gold='850')  template=calling_code_prefill_v3
  question: 'What is the country calling code for the country in this image?'
  prefill : 'The country calling code is +'
  unhooked: '998. This is the country'
  L19: '998. This is the country'               [base]
  L20: '998. This is the country'               [base]
  L21: '998. This is the country'               [base]
  L22: '998. This is the country'               [base]
  L23: '86, which corresponds to China.'        [other]
  L24: '86, which corresponds to China.'        [other]
  L25: '86, which corresponds to China.'        [other]
  L26: '86, which corresponds to China.'        [other]
  L27: '86, which corresponds to China.'        [other]
  L28: '86, which corresponds to China.'        [other]

row 133: base=TZ (gold='255') -> source=AZ (gold='994')  template=calling_code_prefill_v2
  question: 'Give the international dialling code of the country shown in this flag.'
  prefill : 'The dialling code is +'
  unhooked: '255.'
  L19: '255.'                                   [base]
  L20: '255.'                                   [base]
  L21: '255.'                                   [base]
  L22: '255.'                                   [base]
  L23: '971.'                                   [other]
  L24: '971.'                                   [other]
  L25: '971.'                                   [other]
  L26: '971.'                                   [other]
  L27: '971.'                                   [other]
  L28: '971.'                                   [other]

row 134: base=HU (gold='36') -> source=AM (gold='374')  template=calling_code_prefill_v6
  question: 'What country code do you dial to call this country?'
  prefill : 'The country code is +'
  unhooked: '36.'
  L19: '36.'                                    [base]
  L20: '36.'                                    [base]
  L21: '36.'                                    [base]
  L22: '36.'                                    [base]
  L23: '36.'                                    [base]
  L24: '36.'                                    [base]
  L25: '36.'                                    [base]
  L26: '36.'                                    [base]
  L27: '36.'                                    [base]
  L28: '36.'                                    [base]

row 135: base=IT (gold='39') -> source=KH (gold='855')  template=calling_code_prefill_v5
  question: 'Identify the international dialing code of the country shown in this flag.'
  prefill : 'The dialing code is +'
  unhooked: '39.'
  L19: '39.'                                    [base]
  L20: '39.'                                    [base]
  L21: '39.'                                    [base]
  L22: '39.'                                    [base]
  L23: '39.'                                    [base]
  L24: '86.'                                    [other]
  L25: '86.'                                    [other]
  L26: '86.'                                    [other]
  L27: '86.'                                    [other]
  L28: '86.'                                    [other]

row 136: base=DK (gold='45') -> source=BD (gold='880')  template=calling_code_prefill_v3
  question: 'What is the country calling code for the country in this image?'
  prefill : 'The country calling code is +'
  unhooked: '45, which corresponds to Denmark.'
  L19: '45, which corresponds to Denmark.'      [base]
  L20: '45, which corresponds to Denmark.'      [base]
  L21: '45, which corresponds to Denmark.'      [base]
  L22: '45, which corresponds to Denmark.'      [base]
  L23: '852, which corresponds to Hong'         [other]
  L24: '852, which corresponds to Hong'         [other]
  L25: '852, which corresponds to Hong'         [other]
  L26: '852, which corresponds to Hong'         [other]
  L27: '852, which corresponds to Hong'         [other]
  L28: '852, which corresponds to Hong'         [other]

row 137: base=DK (gold='45') -> source=FJ (gold='679')  template=calling_code_prefill_v3
  question: 'What is the country calling code for the country in this image?'
  prefill : 'The country calling code is +'
  unhooked: '45, which corresponds to Denmark.'
  L19: '45, which corresponds to Denmark.'      [base]
  L20: '45, which corresponds to Denmark.'      [base]
  L21: '45, which corresponds to Denmark.'      [base]
  L22: '45, which corresponds to Denmark.'      [base]
  L23: '65, which corresponds to Singapore.'    [other]
  L24: '65, which corresponds to Singapore.'    [other]
  L25: '65, which corresponds to Singapore.'    [other]
  L26: '65, which corresponds to Singapore.'    [other]
  L27: '65, which corresponds to Singapore.'    [other]
  L28: '65, which corresponds to Singapore.'    [other]

row 138: base=BR (gold='55') -> source=UY (gold='598')  template=calling_code_prefill_v6
  question: 'What country code do you dial to call this country?'
  prefill : 'The country code is +'
  unhooked: '55. This is the international direct'
  L19: '55. This is the international direct'   [base]
  L20: '55. This is the international direct'   [base]
  L21: '55. This is the international direct'   [base]
  L22: '55. This is the international direct'   [base]
  L23: '55. This is the international direct'   [base]
  L24: '55. This is the international direct'   [base]
  L25: '55. This is the international direct'   [base]
  L26: '55. This is the international direct'   [base]
  L27: '55. This is the international direct'   [base]
  L28: '55. This is the international direct'   [base]

row 139: base=QA (gold='974') -> source=DE (gold='49')  template=calling_code_prefill_v5
  question: 'Identify the international dialing code of the country shown in this flag.'
  prefill : 'The dialing code is +'
  unhooked: '974.'
  L19: '974.'                                   [base]
  L20: '974.'                                   [base]
  L21: '974.'                                   [base]
  L22: '974.'                                   [base]
  L23: '44.'                                    [other]
  L24: '44.'                                    [other]
  L25: '44.'                                    [other]
  L26: '44.'                                    [other]
  L27: '44.'                                    [other]
  L28: '44.'                                    [other]

row 140: base=BH (gold='973') -> source=CO (gold='57')  template=calling_code_prefill_v3
  question: 'What is the country calling code for the country in this image?'
  prefill : 'The country calling code is +'
  unhooked: '973. This corresponds to Bahrain'
  L19: '973. This corresponds to Bahrain'       [base]
  L20: '973. This is the country'               [base]
  L21: '973. This corresponds to Bahrain'       [base]
  L22: '973. This is the country'               [base]
  L23: '591. This corresponds to Bolivia'       [other]
  L24: '591. This corresponds to Bolivia'       [other]
  L25: '591. This corresponds to Bolivia'       [other]
  L26: '591. This corresponds to Bolivia'       [other]
  L27: '591. This corresponds to Bolivia'       [other]
  L28: '591. This corresponds to Bolivia'       [other]

row 141: base=PA (gold='507') -> source=LY (gold='218')  template=calling_code_prefill_v4
  question: 'What is the phone country code for the country in this image?'
  prefill : 'The phone code is +'
  unhooked: '507. This corresponds to Panama'
  L19: '507. This corresponds to Panama'        [base]
  L20: '507. This is the country'               [base]
  L21: '507. This corresponds to Panama'        [base]
  L22: '507. This corresponds to Panama'        [base]
  L23: '20.'                                    [other]
  L24: '20.'                                    [other]
  L25: '20.'                                    [other]
  L26: '20.'                                    [other]
  L27: '20.'                                    [other]
  L28: '20.'                                    [other]

row 142: base=LA (gold='856') -> source=UZ (gold='998')  template=calling_code_prefill_v5
  question: 'Identify the international dialing code of the country shown in this flag.'
  prefill : 'The dialing code is +'
  unhooked: '856.'
  L19: '856.'                                   [base]
  L20: '856.'                                   [base]
  L21: '856.'                                   [base]
  L22: '856.'                                   [base]
  L23: '961.'                                   [other]
  L24: '961.'                                   [other]
  L25: '961.'                                   [other]
  L26: '961.'                                   [other]
  L27: '961.'                                   [other]
  L28: '961.'                                   [other]

row 143: base=EG (gold='20') -> source=DZ (gold='213')  template=calling_code_prefill_v6
  question: 'What country code do you dial to call this country?'
  prefill : 'The country code is +'
  unhooked: '20.'
  L19: '20.'                                    [base]
  L20: '20.'                                    [base]
  L21: '20.'                                    [base]
  L22: '20.'                                    [base]
  L23: '20.'                                    [base]
  L24: '20.'                                    [base]
  L25: '20.'                                    [base]
  L26: '20.'                                    [base]
  L27: '20.'                                    [base]
  L28: '20.'                                    [base]

row 144: base=LY (gold='218') -> source=KE (gold='254')  template=calling_code_prefill_v6
  question: 'What country code do you dial to call this country?'
  prefill : 'The country code is +'
  unhooked: '218.'
  L19: '218.'                                   [base]
  L20: '218.'                                   [base]
  L21: '218.'                                   [base]
  L22: '218.'                                   [base]
  L23: '218.'                                   [base]
  L24: '218.'                                   [base]
  L25: '218.'                                   [base]
  L26: '218.'                                   [base]
  L27: '218.'                                   [base]
  L28: '218.'                                   [base]

row 145: base=CY (gold='357') -> source=HT (gold='509')  template=calling_code_prefill_v3
  question: 'What is the country calling code for the country in this image?'
  prefill : 'The country calling code is +'
  unhooked: '357. This corresponds to Cyprus'
  L19: '357. This corresponds to Cyprus'        [base]
  L20: '357. This corresponds to Cyprus'        [base]
  L21: '357. This corresponds to Cyprus'        [base]
  L22: '357. This corresponds to Cyprus'        [base]
  L23: '597. This corresponds to Cyprus'        [other]
  L24: '597. This corresponds to Cyprus'        [other]
  L25: '597. This corresponds to Cyprus'        [other]
  L26: '597. This corresponds to Cyprus'        [other]
  L27: '597. This corresponds to Cyprus'        [other]
  L28: '597. This corresponds to Cyprus'        [other]

row 146: base=LA (gold='856') -> source=RO (gold='40')  template=calling_code_prefill_v3
  question: 'What is the country calling code for the country in this image?'
  prefill : 'The country calling code is +'
  unhooked: '856. This corresponds to Laos'
  L19: '856. This corresponds to Laos'          [base]
  L20: '856. This corresponds to Laos'          [base]
  L21: '856. This corresponds to Laos'          [base]
  L22: '66. This corresponds to Thailand,'      [other]
  L23: '386, which corresponds to Slovenia'     [other]
  L24: '41. This is the country calling'        [other]
  L25: '41. This is the country calling'        [other]
  L26: '41. This is the country calling'        [other]
  L27: '41. This is the country calling'        [other]
  L28: '41. This is the country calling'        [other]

row 147: base=FJ (gold='679') -> source=PA (gold='507')  template=calling_code_prefill_v6
  question: 'What country code do you dial to call this country?'
  prefill : 'The country code is +'
  unhooked: '679.'
  L19: '679.'                                   [base]
  L20: '679.'                                   [base]
  L21: '679.'                                   [base]
  L22: '679.'                                   [base]
  L23: '54. This is the country code'           [other]
  L24: '506.'                                   [other]
  L25: '506. This is the country'               [other]
  L26: '506.'                                   [other]
  L27: '54. This is the country code'           [other]
  L28: '54. This is the country code'           [other]

row 148: base=IE (gold='353') -> source=CY (gold='357')  template=calling_code_prefill_v4
  question: 'What is the phone country code for the country in this image?'
  prefill : 'The phone code is +'
  unhooked: '353. This corresponds to Ireland'
  L19: '353. This corresponds to Ireland'       [base]
  L20: '353. This corresponds to Ireland'       [base]
  L21: '353. This corresponds to Ireland'       [base]
  L22: '353. This corresponds to Ireland'       [base]
  L23: '353. This corresponds to Ireland'       [base]
  L24: '353. This corresponds to Ireland'       [base]
  L25: '353. This corresponds to Ireland'       [base]
  L26: '353. This corresponds to Ireland'       [base]
  L27: '353. This corresponds to Ireland'       [base]
  L28: '353. This corresponds to Ireland'       [base]

row 149: base=BE (gold='32') -> source=AZ (gold='994')  template=calling_code_prefill_v4
  question: 'What is the phone country code for the country in this image?'
  prefill : 'The phone code is +'
  unhooked: '32. This corresponds to Belgium,'
  L19: '32. This corresponds to Belgium,'       [base]
  L20: '32. This corresponds to Belgium,'       [base]
  L21: '32. This corresponds to Belgium,'       [base]
  L22: '32. This corresponds to Belgium,'       [base]
  L23: '90.'                                    [other]
  L24: '90.'                                    [other]
  L25: '90.'                                    [other]
  L26: '90.'                                    [other]
  L27: '91.'                                    [other]
  L28: '91.'                                    [other]

row 150: base=AU (gold='61') -> source=RS (gold='381')  template=calling_code_prefill_v6
  question: 'What country code do you dial to call this country?'
  prefill : 'The country code is +'
  unhooked: '61.'
  L19: '61.'                                    [base]
  L20: '61.'                                    [base]
  L21: '61.'                                    [base]
  L22: '61.'                                    [base]
  L23: '375.'                                   [other]
  L24: '359. This is the country'               [other]
  L25: '359. This is the country'               [other]
  L26: '359. This is the country'               [other]
  L27: '375.'                                   [other]
  L28: '375.'                                   [other]

row 151: base=SD (gold='249') -> source=KW (gold='965')  template=calling_code_prefill_v2
  question: 'Give the international dialling code of the country shown in this flag.'
  prefill : 'The dialling code is +'
  unhooked: '249.'
  L19: '249.'                                   [base]
  L20: '249.'                                   [base]
  L21: '249.'                                   [base]
  L22: '249.'                                   [base]
  L23: '966.'                                   [other]
  L24: '966.'                                   [other]
  L25: '966.'                                   [other]
  L26: '966.'                                   [other]
  L27: '966.'                                   [other]
  L28: '966.'                                   [other]

row 152: base=CO (gold='57') -> source=IT (gold='39')  template=calling_code_prefill_v1
  question: 'What is the international calling code of the country in this image?'
  prefill : 'The calling code is +'
  unhooked: '57, which corresponds to Colombia.'
  L19: '57, which corresponds to Colombia.'     [base]
  L20: '57, which corresponds to Colombia.'     [base]
  L21: '57, which corresponds to Colombia.'     [base]
  L22: '57, which corresponds to Colombia.'     [base]
  L23: '374, which corresponds to Armenia'      [other]
  L24: '374, which corresponds to Armenia'      [other]
  L25: '374, which corresponds to Armenia'      [other]
  L26: '374, which corresponds to Armenia'      [other]
  L27: '374, which corresponds to Armenia'      [other]
  L28: '374, which corresponds to Armenia'      [other]

row 153: base=LA (gold='856') -> source=QA (gold='974')  template=calling_code_prefill_v1
  question: 'What is the international calling code of the country in this image?'
  prefill : 'The calling code is +'
  unhooked: '856. This corresponds to Laos'
  L19: '856. This corresponds to Laos'          [base]
  L20: '856. This corresponds to Laos'          [base]
  L21: '856. This corresponds to Laos'          [base]
  L22: '856. This corresponds to Laos'          [base]
  L23: '961.'                                   [other]
  L24: '961.'                                   [other]
  L25: '961.'                                   [other]
  L26: '961.'                                   [other]
  L27: '961.'                                   [other]
  L28: '961.'                                   [other]

row 154: base=PK (gold='92') -> source=UY (gold='598')  template=calling_code_prefill_v4
  question: 'What is the phone country code for the country in this image?'
  prefill : 'The phone code is +'
  unhooked: '92. This corresponds to Pakistan,'
  L19: '92. This corresponds to Pakistan,'      [base]
  L20: '92. This is the country code'           [base]
  L21: '92. This corresponds to Pakistan,'      [base]
  L22: '92. This corresponds to Pakistan,'      [base]
  L23: '54. This corresponds to Argentina,'     [other]
  L24: '54. This corresponds to Argentina,'     [other]
  L25: '54. This corresponds to Argentina,'     [other]
  L26: '54. This corresponds to Argentina,'     [other]
  L27: '54. This corresponds to Argentina,'     [other]
  L28: '54. This corresponds to Argentina,'     [other]

row 155: base=UZ (gold='998') -> source=TZ (gold='255')  template=calling_code_prefill_v5
  question: 'Identify the international dialing code of the country shown in this flag.'
  prefill : 'The dialing code is +'
  unhooked: '998.'
  L19: '998.'                                   [base]
  L20: '998.'                                   [base]
  L21: '998.'                                   [base]
  L22: '20.'                                    [other]
  L23: '20.'                                    [other]
  L24: '20.'                                    [other]
  L25: '20.'                                    [other]
  L26: '20.'                                    [other]
  L27: '258.'                                   [other]
  L28: '258.'                                   [other]

row 156: base=RS (gold='381') -> source=AL (gold='355')  template=calling_code_prefill_v3
  question: 'What is the country calling code for the country in this image?'
  prefill : 'The country calling code is +'
  unhooked: '381. This corresponds to Serbia'
  L19: '381. This corresponds to Serbia'        [base]
  L20: '381. This corresponds to Serbia'        [base]
  L21: '381. This corresponds to Serbia'        [base]
  L22: '381. This corresponds to Serbia'        [base]
  L23: '381. This corresponds to Serbia'        [base]
  L24: '381. This corresponds to Serbia'        [base]
  L25: '381. This corresponds to Serbia'        [base]
  L26: '381. This corresponds to Serbia'        [base]
  L27: '381. This corresponds to Serbia'        [base]
  L28: '381. This corresponds to Serbia'        [base]

row 157: base=DZ (gold='213') -> source=SD (gold='249')  template=calling_code_prefill_v1
  question: 'What is the international calling code of the country in this image?'
  prefill : 'The calling code is +'
  unhooked: '213. This corresponds to Algeria'
  L19: '213. This corresponds to Algeria'       [base]
  L20: '213. This corresponds to Algeria'       [base]
  L21: '213. This corresponds to Algeria'       [base]
  L22: '213. This corresponds to Algeria'       [base]
  L23: '213. This corresponds to Algeria'       [base]
  L24: '213. This corresponds to Algeria'       [base]
  L25: '213. This corresponds to Algeria'       [base]
  L26: '213. This corresponds to Algeria'       [base]
  L27: '213. This corresponds to Algeria'       [base]
  L28: '213. This corresponds to Algeria'       [base]

row 158: base=FJ (gold='679') -> source=AZ (gold='994')  template=calling_code_prefill_v5
  question: 'Identify the international dialing code of the country shown in this flag.'
  prefill : 'The dialing code is +'
  unhooked: '679.'
  L19: '679.'                                   [base]
  L20: '679.'                                   [base]
  L21: '679.'                                   [base]
  L22: '679.'                                   [base]
  L23: '976.'                                   [other]
  L24: '976.'                                   [other]
  L25: '976.'                                   [other]
  L26: '976.'                                   [other]
  L27: '976.'                                   [other]
  L28: '976.'                                   [other]

row 159: base=AF (gold='93') -> source=UZ (gold='998')  template=calling_code_prefill_v4
  question: 'What is the phone country code for the country in this image?'
  prefill : 'The phone code is +'
  unhooked: '93.'
  L19: '93.'                                    [base]
  L20: '93.'                                    [base]
  L21: '93.'                                    [base]
  L22: '93.'                                    [base]
  L23: '93.'                                    [base]
  L24: '93.'                                    [base]
  L25: '93.'                                    [base]
  L26: '93.'                                    [base]
  L27: '93.'                                    [base]
  L28: '93.'                                    [base]

row 160: base=KW (gold='965') -> source=AU (gold='61')  template=calling_code_prefill_v3
  question: 'What is the country calling code for the country in this image?'
  prefill : 'The country calling code is +'
  unhooked: '965. This corresponds to Kuwait'
  L19: '965. This corresponds to Kuwait'        [base]
  L20: '965. This corresponds to Kuwait'        [base]
  L21: '965. This corresponds to Kuwait'        [base]
  L22: '965. This corresponds to Kuwait'        [base]
  L23: '687. This corresponds to Kuwait'        [other]
  L24: '686, which corresponds to Kuwait'       [other]
  L25: '686, which corresponds to Kuwait'       [other]
  L26: '686, which corresponds to Kuwait'       [other]
  L27: '66.'                                    [other]
  L28: '66.'                                    [other]

row 161: base=SN (gold='221') -> source=BE (gold='32')  template=calling_code_prefill_v4
  question: 'What is the phone country code for the country in this image?'
  prefill : 'The phone code is +'
  unhooked: '241. This corresponds to Sen'
  L19: '241. This corresponds to Sen'           [other]
  L20: '241. This corresponds to Sen'           [other]
  L21: '241. This corresponds to Sen'           [other]
  L22: '241. This corresponds to Sen'           [other]
  L23: '241. This corresponds to Sen'           [other]
  L24: '32.'                                    [HIT]
  L25: '32.'                                    [HIT]
  L26: '32.'                                    [HIT]
  L27: '32.'                                    [HIT]
  L28: '32.'                                    [HIT]

row 162: base=BZ (gold='501') -> source=NP (gold='977')  template=calling_code_prefill_v4
  question: 'What is the phone country code for the country in this image?'
  prefill : 'The phone code is +'
  unhooked: '501. This corresponds to Belize'
  L19: '501. This corresponds to Belize'        [base]
  L20: '501. This corresponds to Belize'        [base]
  L21: '501. This corresponds to Belize'        [base]
  L22: '501. This corresponds to Belize'        [base]
  L23: '976. This corresponds to the'           [other]
  L24: '976. This corresponds to the'           [other]
  L25: '976. This corresponds to the'           [other]
  L26: '976. This corresponds to the'           [other]
  L27: '976. This corresponds to the'           [other]
  L28: '976. This corresponds to the'           [other]

row 163: base=QA (gold='974') -> source=TN (gold='216')  template=calling_code_prefill_v5
  question: 'Identify the international dialing code of the country shown in this flag.'
  prefill : 'The dialing code is +'
  unhooked: '974.'
  L19: '974.'                                   [base]
  L20: '974.'                                   [base]
  L21: '974.'                                   [base]
  L22: '974.'                                   [base]
  L23: '230.'                                   [other]
  L24: '230.'                                   [other]
  L25: '230.'                                   [other]
  L26: '230.'                                   [other]
  L27: '230.'                                   [other]
  L28: '230.'                                   [other]

row 164: base=UY (gold='598') -> source=PK (gold='92')  template=calling_code_prefill_v2
  question: 'Give the international dialling code of the country shown in this flag.'
  prefill : 'The dialling code is +'
  unhooked: '598.'
  L19: '598.'                                   [base]
  L20: '598.'                                   [base]
  L21: '598.'                                   [base]
  L22: '598.'                                   [base]
  L23: '90.'                                    [other]
  L24: '90.'                                    [other]
  L25: '90.'                                    [other]
  L26: '90.'                                    [other]
  L27: '90.'                                    [other]
  L28: '90.'                                    [other]

row 165: base=YE (gold='967') -> source=TN (gold='216')  template=calling_code_prefill_v1
  question: 'What is the international calling code of the country in this image?'
  prefill : 'The calling code is +'
  unhooked: '967, which corresponds to Yemen'
  L19: '967, which corresponds to Yemen'        [base]
  L20: '967, which corresponds to Yemen'        [base]
  L21: '967, which corresponds to Yemen'        [base]
  L22: '243. This corresponds to the'           [other]
  L23: '243. This corresponds to the'           [other]
  L24: '243. This corresponds to the'           [other]
  L25: '243. This corresponds to the'           [other]
  L26: '243. This corresponds to the'           [other]
  L27: '243. This corresponds to the'           [other]
  L28: '243. This corresponds to the'           [other]

row 166: base=IQ (gold='964') -> source=LA (gold='856')  template=calling_code_prefill_v1
  question: 'What is the international calling code of the country in this image?'
  prefill : 'The calling code is +'
  unhooked: '964. This corresponds to Iraq'
  L19: '964. This corresponds to Iraq'          [base]
  L20: '964. This corresponds to Iraq'          [base]
  L21: '964. This corresponds to Iraq'          [base]
  L22: '964. This corresponds to Iraq'          [base]
  L23: '86.'                                    [other]
  L24: '86.'                                    [other]
  L25: '86.'                                    [other]
  L26: '86.'                                    [other]
  L27: '86.'                                    [other]
  L28: '86.'                                    [other]

row 167: base=JP (gold='81') -> source=UY (gold='598')  template=calling_code_prefill_v1
  question: 'What is the international calling code of the country in this image?'
  prefill : 'The calling code is +'
  unhooked: '86, which corresponds to China.'
  L19: '86, which corresponds to China.'        [other]
  L20: '358, which corresponds to Finland'      [other]
  L21: '591, which corresponds to Bolivia'      [other]
  L22: '591, which corresponds to Bolivia'      [other]
  L23: '591, which corresponds to Bolivia'      [other]
  L24: '591, which corresponds to Bolivia'      [other]
  L25: '591, which corresponds to Par'          [other]
  L26: '591, which corresponds to Bolivia'      [other]
  L27: '591, which corresponds to Par'          [other]
  L28: '591, which corresponds to Bolivia'      [other]

row 168: base=IT (gold='39') -> source=BE (gold='32')  template=calling_code_prefill_v6
  question: 'What country code do you dial to call this country?'
  prefill : 'The country code is +'
  unhooked: '39.'
  L19: '39.'                                    [base]
  L20: '39.'                                    [base]
  L21: '39.'                                    [base]
  L22: '39.'                                    [base]
  L23: '39.'                                    [base]
  L24: '39.'                                    [base]
  L25: '39.'                                    [base]
  L26: '39.'                                    [base]
  L27: '39.'                                    [base]
  L28: '39.'                                    [base]

row 169: base=SD (gold='249') -> source=BD (gold='880')  template=calling_code_prefill_v6
  question: 'What country code do you dial to call this country?'
  prefill : 'The country code is +'
  unhooked: '249.'
  L19: '249.'                                   [base]
  L20: '249.'                                   [base]
  L21: '249.'                                   [base]
  L22: '249.'                                   [base]
  L23: '966.'                                   [other]
  L24: '86.'                                    [other]
  L25: '86.'                                    [other]
  L26: '86.'                                    [other]
  L27: '86.'                                    [other]
  L28: '86.'                                    [other]

row 170: base=HT (gold='509') -> source=TZ (gold='255')  template=calling_code_prefill_v2
  question: 'Give the international dialling code of the country shown in this flag.'
  prefill : 'The dialling code is +'
  unhooked: '509.'
  L19: '509.'                                   [base]
  L20: '509.'                                   [base]
  L21: '509.'                                   [base]
  L22: '509.'                                   [base]
  L23: '257.'                                   [other]
  L24: '257.'                                   [other]
  L25: '257.'                                   [other]
  L26: '257.'                                   [other]
  L27: '257.'                                   [other]
  L28: '257.'                                   [other]

row 171: base=RO (gold='40') -> source=CY (gold='357')  template=calling_code_prefill_v3
  question: 'What is the country calling code for the country in this image?'
  prefill : 'The country calling code is +'
  unhooked: '40. This corresponds to Romania,'
  L19: '40. This corresponds to Romania,'       [base]
  L20: '40. This corresponds to Romania,'       [base]
  L21: '40. This corresponds to Romania,'       [base]
  L22: '40. This corresponds to Romania,'       [base]
  L23: '373. This corresponds to Mold'          [other]
  L24: '373. This corresponds to Mold'          [other]
  L25: '373. This corresponds to Mold'          [other]
  L26: '373. This corresponds to Mold'          [other]
  L27: '373. This corresponds to Mold'          [other]
  L28: '373. This corresponds to Mold'          [other]

row 172: base=CU (gold='53') -> source=PA (gold='507')  template=calling_code_prefill_v4
  question: 'What is the phone country code for the country in this image?'
  prefill : 'The phone code is +'
  unhooked: '53. This is the country code'
  L19: '53. This is the country code'           [base]
  L20: '53. This is the country code'           [base]
  L21: '53. This is the country code'           [base]
  L22: '53. This is the country code'           [base]
  L23: '53. This is the country code'           [base]
  L24: '53. This is the country code'           [base]
  L25: '53. This is the country code'           [base]
  L26: '53. This is the country code'           [base]
  L27: '53. This is the country code'           [base]
  L28: '53. This is the country code'           [base]

row 173: base=RW (gold='250') -> source=BZ (gold='501')  template=calling_code_prefill_v3
  question: 'What is the country calling code for the country in this image?'
  prefill : 'The country calling code is +'
  unhooked: '250. This corresponds to Rwanda'
  L19: '250. This corresponds to Rwanda'        [base]
  L20: '250. This corresponds to Rwanda'        [base]
  L21: '250. This corresponds to Rwanda'        [base]
  L22: '250. This corresponds to Rwanda'        [base]
  L23: '509, which corresponds to the'          [other]
  L24: '509, which corresponds to the'          [other]
  L25: '509, which corresponds to the'          [other]
  L26: '509, which corresponds to the'          [other]
  L27: '509, which corresponds to the'          [other]
  L28: '509, which corresponds to the'          [other]

row 174: base=KH (gold='855') -> source=PK (gold='92')  template=calling_code_prefill_v3
  question: 'What is the country calling code for the country in this image?'
  prefill : 'The country calling code is +'
  unhooked: '855. This corresponds to Cambodia'
  L19: '855. This corresponds to Cambodia'      [base]
  L20: '855. This corresponds to Cambodia'      [base]
  L21: '855. This corresponds to Cambodia'      [base]
  L22: '855. This corresponds to Cambodia'      [base]
  L23: '968. This corresponds to the'           [other]
  L24: '968. This corresponds to the'           [other]
  L25: '968. This corresponds to the'           [other]
  L26: '968. This corresponds to the'           [other]
  L27: '968. This corresponds to the'           [other]
  L28: '968. This corresponds to the'           [other]

row 175: base=HT (gold='509') -> source=CO (gold='57')  template=calling_code_prefill_v2
  question: 'Give the international dialling code of the country shown in this flag.'
  prefill : 'The dialling code is +'
  unhooked: '509.'
  L19: '509.'                                   [base]
  L20: '509.'                                   [base]
  L21: '509.'                                   [base]
  L22: '509.'                                   [base]
  L23: '509.'                                   [base]
  L24: '509.'                                   [base]
  L25: '509.'                                   [base]
  L26: '509.'                                   [base]
  L27: '509.'                                   [base]
  L28: '509.'                                   [base]

row 176: base=IQ (gold='964') -> source=PA (gold='507')  template=calling_code_prefill_v1
  question: 'What is the international calling code of the country in this image?'
  prefill : 'The calling code is +'
  unhooked: '964. This corresponds to Iraq'
  L19: '964. This corresponds to Iraq'          [base]
  L20: '964. This corresponds to Iraq'          [base]
  L21: '964. This corresponds to Iraq'          [base]
  L22: '964. This corresponds to Iraq'          [base]
  L23: '597. This corresponds to Sur'           [other]
  L24: '597. This corresponds to Sur'           [other]
  L25: '597. This corresponds to Sur'           [other]
  L26: '52. This corresponds to Mexico.'        [other]
  L27: '52. This corresponds to Mexico,'        [other]
  L28: '52. This corresponds to Mexico,'        [other]

row 177: base=MK (gold='389') -> source=OM (gold='968')  template=calling_code_prefill_v5
  question: 'Identify the international dialing code of the country shown in this flag.'
  prefill : 'The dialing code is +'
  unhooked: '389.'
  L19: '389.'                                   [base]
  L20: '389.'                                   [base]
  L21: '389.'                                   [base]
  L22: '389.'                                   [base]
  L23: '90.'                                    [other]
  L24: '90.'                                    [other]
  L25: '90.'                                    [other]
  L26: '90.'                                    [other]
  L27: '90.'                                    [other]
  L28: '90.'                                    [other]

row 178: base=NZ (gold='64') -> source=BZ (gold='501')  template=calling_code_prefill_v1
  question: 'What is the international calling code of the country in this image?'
  prefill : 'The calling code is +'
  unhooked: '64. This corresponds to New Zealand'
  L19: '64. This is the international direct'   [base]
  L20: '64. This corresponds to New Zealand'    [base]
  L21: '64. This corresponds to New Zealand'    [base]
  L22: '64. This is the international direct'   [base]
  L23: '1 647 20'                               [base]
  L24: '508. This corresponds to New'           [other]
  L25: '508. This corresponds to New'           [other]
  L26: '508. This corresponds to New'           [other]
  L27: '508. This corresponds to New'           [other]
  L28: '508, which corresponds to New'          [other]

row 179: base=CY (gold='357') -> source=DK (gold='45')  template=calling_code_prefill_v4
  question: 'What is the phone country code for the country in this image?'
  prefill : 'The phone code is +'
  unhooked: '357.'
  L19: '357.'                                   [base]
  L20: '357.'                                   [base]
  L21: '357.'                                   [base]
  L22: '357.'                                   [base]
  L23: '357.'                                   [base]
  L24: '47.'                                    [other]
  L25: '47.'                                    [other]
  L26: '47.'                                    [other]
  L27: '47.'                                    [other]
  L28: '423.'                                   [other]

row 180: base=DE (gold='49') -> source=UZ (gold='998')  template=calling_code_prefill_v2
  question: 'Give the international dialling code of the country shown in this flag.'
  prefill : 'The dialling code is +'
  unhooked: '49.'
  L19: '49.'                                    [base]
  L20: '49.'                                    [base]
  L21: '49.'                                    [base]
  L22: '49.'                                    [base]
  L23: '90.'                                    [other]
  L24: '90.'                                    [other]
  L25: '90.'                                    [other]
  L26: '90.'                                    [other]
  L27: '90.'                                    [other]
  L28: '90.'                                    [other]

row 181: base=UY (gold='598') -> source=QA (gold='974')  template=calling_code_prefill_v5
  question: 'Identify the international dialing code of the country shown in this flag.'
  prefill : 'The dialing code is +'
  unhooked: '598.'
  L19: '598.'                                   [base]
  L20: '598.'                                   [base]
  L21: '598.'                                   [base]
  L22: '598.'                                   [base]
  L23: '90.'                                    [other]
  L24: '90.'                                    [other]
  L25: '90.'                                    [other]
  L26: '90.'                                    [other]
  L27: '90.'                                    [other]
  L28: '90.'                                    [other]

row 182: base=AZ (gold='994') -> source=KW (gold='965')  template=calling_code_prefill_v2
  question: 'Give the international dialling code of the country shown in this flag.'
  prefill : 'The dialling code is +'
  unhooked: '994.'
  L19: '994.'                                   [base]
  L20: '994.'                                   [base]
  L21: '994.'                                   [base]
  L22: '994.'                                   [base]
  L23: '994.'                                   [base]
  L24: '994.'                                   [base]
  L25: '994.'                                   [base]
  L26: '994.'                                   [base]
  L27: '994.'                                   [base]
  L28: '994.'                                   [base]

row 183: base=LY (gold='218') -> source=ET (gold='251')  template=calling_code_prefill_v2
  question: 'Give the international dialling code of the country shown in this flag.'
  prefill : 'The dialling code is +'
  unhooked: '218.'
  L19: '218.'                                   [base]
  L20: '218.'                                   [base]
  L21: '218.'                                   [base]
  L22: '218.'                                   [base]
  L23: '218.'                                   [base]
  L24: '218.'                                   [base]
  L25: '218.'                                   [base]
  L26: '218.'                                   [base]
  L27: '218.'                                   [base]
  L28: '218.'                                   [base]

row 184: base=OM (gold='968') -> source=MK (gold='389')  template=calling_code_prefill_v3
  question: 'What is the country calling code for the country in this image?'
  prefill : 'The country calling code is +'
  unhooked: '968. This corresponds to Oman'
  L19: '968. This corresponds to Oman'          [base]
  L20: '968. This corresponds to Oman'          [base]
  L21: '968. This corresponds to Oman'          [base]
  L22: '968. This corresponds to Oman'          [base]
  L23: '374. This corresponds to the'           [other]
  L24: '374. This corresponds to the'           [other]
  L25: '39. This corresponds to Italy.'         [other]
  L26: '374. This corresponds to the'           [other]
  L27: '374. This corresponds to the'           [other]
  L28: '374. This corresponds to the'           [other]

row 185: base=LU (gold='352') -> source=CY (gold='357')  template=calling_code_prefill_v2
  question: 'Give the international dialling code of the country shown in this flag.'
  prefill : 'The dialling code is +'
  unhooked: '352.'
  L19: '352.'                                   [base]
  L20: '352.'                                   [base]
  L21: '352.'                                   [base]
  L22: '352.'                                   [base]
  L23: '352.'                                   [base]
  L24: '352.'                                   [base]
  L25: '352.'                                   [base]
  L26: '352.'                                   [base]
  L27: '352.'                                   [base]
  L28: '352.'                                   [base]

row 186: base=NA (gold='264') -> source=TZ (gold='255')  template=calling_code_prefill_v6
  question: 'What country code do you dial to call this country?'
  prefill : 'The country code is +'
  unhooked: '264.'
  L19: '264.'                                   [base]
  L20: '264.'                                   [base]
  L21: '264.'                                   [base]
  L22: '264.'                                   [base]
  L23: '264.'                                   [base]
  L24: '264.'                                   [base]
  L25: '264.'                                   [base]
  L26: '264.'                                   [base]
  L27: '264.'                                   [base]
  L28: '264.'                                   [base]

row 187: base=IT (gold='39') -> source=AM (gold='374')  template=calling_code_prefill_v1
  question: 'What is the international calling code of the country in this image?'
  prefill : 'The calling code is +'
  unhooked: '39.'
  L19: '39.'                                    [base]
  L20: '39.'                                    [base]
  L21: '39.'                                    [base]
  L22: '39.'                                    [base]
  L23: '39.'                                    [base]
  L24: '39.'                                    [base]
  L25: '39.'                                    [base]
  L26: '39.'                                    [base]
  L27: '39.'                                    [base]
  L28: '39.'                                    [base]

row 188: base=TN (gold='216') -> source=LB (gold='961')  template=calling_code_prefill_v3
  question: 'What is the country calling code for the country in this image?'
  prefill : 'The country calling code is +'
  unhooked: '216, which corresponds to Tunisia'
  L19: '216, which corresponds to Tunisia'      [base]
  L20: '216, which corresponds to Tunisia'      [base]
  L21: '216, which corresponds to Tunisia'      [base]
  L22: '216, which corresponds to Tunisia'      [base]
  L23: '216, which corresponds to Tunisia'      [base]
  L24: '963. This corresponds to Tunisia'       [other]
  L25: '963. This corresponds to Tunisia'       [other]
  L26: '963. This corresponds to Tunisia'       [other]
  L27: '963. This corresponds to Tunisia'       [other]
  L28: '963. This corresponds to Tunisia'       [other]

row 189: base=GY (gold='592') -> source=BE (gold='32')  template=calling_code_prefill_v4
  question: 'What is the phone country code for the country in this image?'
  prefill : 'The phone code is +'
  unhooked: '592. This corresponds to the'
  L19: '592. This corresponds to the'           [base]
  L20: '592. This corresponds to the'           [base]
  L21: '592. This corresponds to the'           [base]
  L22: '592. This corresponds to the'           [base]
  L23: '370. This corresponds to Lithuania'     [other]
  L24: '370. This corresponds to Lithuania'     [other]
  L25: '370. This corresponds to Lithuania'     [other]
  L26: '370. This corresponds to Lithuania'     [other]
  L27: '370. This corresponds to Lithuania'     [other]
  L28: '370. This corresponds to Lithuania'     [other]

row 190: base=AZ (gold='994') -> source=DK (gold='45')  template=calling_code_prefill_v3
  question: 'What is the country calling code for the country in this image?'
  prefill : 'The country calling code is +'
  unhooked: '994. This corresponds to Azerbaijan'
  L19: '994. This corresponds to Azerbaijan'    [base]
  L20: '994. This corresponds to Azerbaijan'    [base]
  L21: '994. This corresponds to Azerbaijan'    [base]
  L22: '994. This corresponds to Azerbaijan'    [base]
  L23: '374. This corresponds to Armenia'       [other]
  L24: '49, which corresponds to Germany.'      [other]
  L25: '49, which corresponds to Germany.'      [other]
  L26: '49, which corresponds to Germany.'      [other]
  L27: '44.'                                    [other]
  L28: '44. This corresponds to the United'     [other]

row 191: base=NA (gold='264') -> source=MK (gold='389')  template=calling_code_prefill_v3
  question: 'What is the country calling code for the country in this image?'
  prefill : 'The country calling code is +'
  unhooked: '264. This corresponds to Nam'
  L19: '264. This corresponds to Nam'           [base]
  L20: '264. This corresponds to Nam'           [base]
  L21: '264. This corresponds to Nam'           [base]
  L22: '264. This corresponds to Nam'           [base]
  L23: '374. This corresponds to the'           [other]
  L24: '374. This corresponds to the'           [other]
  L25: '374. This corresponds to the'           [other]
  L26: '374. This corresponds to the'           [other]
  L27: '374, which corresponds to Armenia'      [other]
  L28: '31. This corresponds to the country'    [other]

row 192: base=BD (gold='880') -> source=AU (gold='61')  template=calling_code_prefill_v4
  question: 'What is the phone country code for the country in this image?'
  prefill : 'The phone code is +'
  unhooked: '880. This corresponds to Bangladesh'
  L19: '880. This is the country'               [base]
  L20: '880. This is the country'               [base]
  L21: '880. This is the country'               [base]
  L22: '60.'                                    [other]
  L23: '60.'                                    [other]
  L24: '60.'                                    [other]
  L25: '60.'                                    [other]
  L26: '60.'                                    [other]
  L27: '60.'                                    [other]
  L28: '60.'                                    [other]

row 193: base=CY (gold='357') -> source=DE (gold='49')  template=calling_code_prefill_v3
  question: 'What is the country calling code for the country in this image?'
  prefill : 'The country calling code is +'
  unhooked: '357. This corresponds to Cyprus'
  L19: '357. This corresponds to Cyprus'        [base]
  L20: '357. This corresponds to Cyprus'        [base]
  L21: '357. This corresponds to Cyprus'        [base]
  L22: '357. This corresponds to Cyprus'        [base]
  L23: '47. This corresponds to Norway.'        [other]
  L24: '47. This corresponds to Norway.'        [other]
  L25: '47. This corresponds to Norway.'        [other]
  L26: '47. This corresponds to Norway.'        [other]
  L27: '47. This corresponds to Norway.'        [other]
  L28: '47. This is the country calling'        [other]

row 194: base=BZ (gold='501') -> source=AF (gold='93')  template=calling_code_prefill_v6
  question: 'What country code do you dial to call this country?'
  prefill : 'The country code is +'
  unhooked: '501. This is the country'
  L19: '501. This is the country'               [base]
  L20: '501. This is the country'               [base]
  L21: '501. This is the country'               [base]
  L22: '501. This is the country'               [base]
  L23: '976.'                                   [other]
  L24: '976.'                                   [other]
  L25: '976.'                                   [other]
  L26: '976.'                                   [other]
  L27: '976.'                                   [other]
  L28: '976.'                                   [other]

row 195: base=FJ (gold='679') -> source=LB (gold='961')  template=calling_code_prefill_v4
  question: 'What is the phone country code for the country in this image?'
  prefill : 'The phone code is +'
  unhooked: '679. This is the country'
  L19: '679. This is the country'               [base]
  L20: '679. This is the country'               [base]
  L21: '679. This is the country'               [base]
  L22: '679. This is the country'               [base]
  L23: '976. This corresponds to Fiji'          [other]
  L24: '976. This corresponds to Fiji'          [other]
  L25: '976. This corresponds to Fiji'          [other]
  L26: '976. This corresponds to Fiji'          [other]
  L27: '976. This corresponds to Fiji'          [other]
  L28: '976. This corresponds to Fiji'          [other]

row 196: base=CU (gold='53') -> source=RW (gold='250')  template=calling_code_prefill_v5
  question: 'Identify the international dialing code of the country shown in this flag.'
  prefill : 'The dialing code is +'
  unhooked: '53.'
  L19: '53.'                                    [base]
  L20: '53.'                                    [base]
  L21: '53.'                                    [base]
  L22: '53.'                                    [base]
  L23: '245.'                                   [other]
  L24: '245.'                                   [other]
  L25: '245.'                                   [other]
  L26: '245.'                                   [other]
  L27: '245.'                                   [other]
  L28: '245.'                                   [other]

row 197: base=CO (gold='57') -> source=SD (gold='249')  template=calling_code_prefill_v6
  question: 'What country code do you dial to call this country?'
  prefill : 'The country code is +'
  unhooked: '57.'
  L19: '57.'                                    [base]
  L20: '57.'                                    [base]
  L21: '57.'                                    [base]
  L22: '57.'                                    [base]
  L23: '230.'                                   [other]
  L24: '230. This is the international'         [other]
  L25: '230.'                                   [other]
  L26: '230.'                                   [other]
  L27: '230. This is the international'         [other]
  L28: '230.'                                   [other]

row 198: base=IT (gold='39') -> source=LR (gold='231')  template=calling_code_prefill_v6
  question: 'What country code do you dial to call this country?'
  prefill : 'The country code is +'
  unhooked: '39.'
  L19: '39.'                                    [base]
  L20: '39.'                                    [base]
  L21: '39.'                                    [base]
  L22: '39.'                                    [base]
  L23: '297.'                                   [other]
  L24: '297.'                                   [other]
  L25: '297.'                                   [other]
  L26: '297.'                                   [other]
  L27: '297.'                                   [other]
  L28: '297.'                                   [other]

row 199: base=DK (gold='45') -> source=LB (gold='961')  template=calling_code_prefill_v3
  question: 'What is the country calling code for the country in this image?'
  prefill : 'The country calling code is +'
  unhooked: '45, which corresponds to Denmark.'
  L19: '45, which corresponds to Denmark.'      [base]
  L20: '45, which corresponds to Denmark.'      [base]
  L21: '45, which corresponds to Denmark.'      [base]
  L22: '45, which corresponds to Denmark.'      [base]
  L23: '975. This corresponds to Bh'            [other]
  L24: '975. This corresponds to Bh'            [other]
  L25: '975. This corresponds to Bh'            [other]
  L26: '975. This corresponds to Bh'            [other]
  L27: '975. This corresponds to Bh'            [other]
  L28: '975. This corresponds to Bh'            [other]

row 200: base=HT (gold='509') -> source=IE (gold='353')  template=calling_code_prefill_v3
  question: 'What is the country calling code for the country in this image?'
  prefill : 'The country calling code is +'
  unhooked: '509, which corresponds to Haiti'
  L19: '509, which corresponds to Haiti'        [base]
  L20: '509, which corresponds to Haiti'        [base]
  L21: '509, which corresponds to Haiti'        [base]
  L22: '509, which corresponds to Haiti'        [base]
  L23: '375. This corresponds to Belarus'       [other]
  L24: '375. This corresponds to Belarus'       [other]
  L25: '375. This corresponds to Belarus'       [other]
  L26: '375. This corresponds to Belarus'       [other]
  L27: '375. This corresponds to Belarus'       [other]
  L28: '375. This corresponds to Belarus'       [other]

row 201: base=UZ (gold='998') -> source=TZ (gold='255')  template=calling_code_prefill_v3
  question: 'What is the country calling code for the country in this image?'
  prefill : 'The country calling code is +'
  unhooked: '998. This is the country'
  L19: '998. This is the country'               [base]
  L20: '998. This is the country'               [base]
  L21: '998. This corresponds to Uzbek'         [base]
  L22: '258. This corresponds to the'           [other]
  L23: '258. This corresponds to the'           [other]
  L24: '20, which corresponds to Egypt.'        [other]
  L25: '20. This corresponds to Egypt,'         [other]
  L26: '20, which corresponds to Egypt.'        [other]
  L27: '258. This corresponds to the'           [other]
  L28: '258. This corresponds to the'           [other]

row 202: base=FJ (gold='679') -> source=MK (gold='389')  template=calling_code_prefill_v2
  question: 'Give the international dialling code of the country shown in this flag.'
  prefill : 'The dialling code is +'
  unhooked: '679.'
  L19: '679.'                                   [base]
  L20: '679.'                                   [base]
  L21: '679.'                                   [base]
  L22: '679.'                                   [base]
  L23: '36.'                                    [other]
  L24: '36.'                                    [other]
  L25: '36.'                                    [other]
  L26: '36.'                                    [other]
  L27: '36.'                                    [other]
  L28: '374.'                                   [other]

row 203: base=DZ (gold='213') -> source=LR (gold='231')  template=calling_code_prefill_v2
  question: 'Give the international dialling code of the country shown in this flag.'
  prefill : 'The dialling code is +'
  unhooked: '213.'
  L19: '213.'                                   [base]
  L20: '213.'                                   [base]
  L21: '213.'                                   [base]
  L22: '213.'                                   [base]
  L23: '213.'                                   [base]
  L24: '213.'                                   [base]
  L25: '213.'                                   [base]
  L26: '213.'                                   [base]
  L27: '213.'                                   [base]
  L28: '213.'                                   [base]

row 204: base=SD (gold='249') -> source=NZ (gold='64')  template=calling_code_prefill_v6
  question: 'What country code do you dial to call this country?'
  prefill : 'The country code is +'
  unhooked: '249.'
  L19: '249.'                                   [base]
  L20: '249.'                                   [base]
  L21: '249.'                                   [base]
  L22: '249.'                                   [base]
  L23: '66.'                                    [other]
  L24: '66.'                                    [other]
  L25: '66.'                                    [other]
  L26: '66.'                                    [other]
  L27: '66.'                                    [other]
  L28: '66.'                                    [other]

row 205: base=RW (gold='250') -> source=TZ (gold='255')  template=calling_code_prefill_v6
  question: 'What country code do you dial to call this country?'
  prefill : 'The country code is +'
  unhooked: '250.'
  L19: '250.'                                   [base]
  L20: '250.'                                   [base]
  L21: '250.'                                   [base]
  L22: '250.'                                   [base]
  L23: '250.'                                   [base]
  L24: '250.'                                   [base]
  L25: '250.'                                   [base]
  L26: '250.'                                   [base]
  L27: '250.'                                   [base]
  L28: '250.'                                   [base]

row 206: base=LR (gold='231') -> source=EG (gold='20')  template=calling_code_prefill_v4
  question: 'What is the phone country code for the country in this image?'
  prefill : 'The phone code is +'
  unhooked: '242. This is the country'
  L19: '242. This is the country'               [other]
  L20: '242. This corresponds to Liberia'       [other]
  L21: '242. This is the country'               [other]
  L22: '242. This is the country'               [other]
  L23: '242. This corresponds to Liberia'       [other]
  L24: '242. This corresponds to Liberia'       [other]
  L25: '242. This is the country'               [other]
  L26: '242. This corresponds to Liberia'       [other]
  L27: '242. This is the country'               [other]
  L28: '242. This is the country'               [other]

row 207: base=RS (gold='381') -> source=AZ (gold='994')  template=calling_code_prefill_v3
  question: 'What is the country calling code for the country in this image?'
  prefill : 'The country calling code is +'
  unhooked: '381. This corresponds to Serbia'
  L19: '381. This corresponds to Serbia'        [base]
  L20: '381. This corresponds to Serbia'        [base]
  L21: '381. This corresponds to Serbia'        [base]
  L22: '381. This corresponds to Serbia'        [base]
  L23: '381. This corresponds to Serbia'        [base]
  L24: '972. This corresponds to Israel'        [other]
  L25: '90. This corresponds to Turkey,'        [other]
  L26: '90. This corresponds to Turkey,'        [other]
  L27: '972. This corresponds to Israel'        [other]
  L28: '972. This corresponds to Israel'        [other]

row 208: base=GY (gold='592') -> source=LB (gold='961')  template=calling_code_prefill_v3
  question: 'What is the country calling code for the country in this image?'
  prefill : 'The country calling code is +'
  unhooked: '592. This corresponds to Guy'
  L19: '592. This corresponds to Guy'           [base]
  L20: '592. This corresponds to Guy'           [base]
  L21: '592. This corresponds to Guy'           [base]
  L22: '592. This corresponds to Guy'           [base]
  L23: '976, which corresponds to the'          [other]
  L24: '95, which corresponds to Myanmar ('     [other]
  L25: '95, which corresponds to Myanmar ('     [other]
  L26: '95, which corresponds to Myanmar ('     [other]
  L27: '976, which corresponds to the'          [other]
  L28: '976, which corresponds to the'          [other]

row 209: base=KH (gold='855') -> source=SG (gold='65')  template=calling_code_prefill_v3
  question: 'What is the country calling code for the country in this image?'
  prefill : 'The country calling code is +'
  unhooked: '855. This corresponds to Cambodia'
  L19: '855. This corresponds to Cambodia'      [base]
  L20: '855. This corresponds to Cambodia'      [base]
  L21: '855. This corresponds to Cambodia'      [base]
  L22: '61. This corresponds to Australia.'     [other]
  L23: '61. This corresponds to Australia.'     [other]
  L24: '61. This corresponds to Australia.'     [other]
  L25: '61. This corresponds to Australia.'     [other]
  L26: '61. This corresponds to Australia.'     [other]
  L27: '61. This corresponds to Australia.'     [other]
  L28: '61. This corresponds to Australia.'     [other]

row 210: base=KH (gold='855') -> source=BE (gold='32')  template=calling_code_prefill_v3
  question: 'What is the country calling code for the country in this image?'
  prefill : 'The country calling code is +'
  unhooked: '855. This corresponds to Cambodia'
  L19: '855. This corresponds to Cambodia'      [base]
  L20: '855. This corresponds to Cambodia'      [base]
  L21: '855. This corresponds to Cambodia'      [base]
  L22: '855. This corresponds to Cambodia'      [base]
  L23: '375. This corresponds to Belarus'       [other]
  L24: '386. This corresponds to Slovenia'      [other]
  L25: '386. This corresponds to Slovenia'      [other]
  L26: '386. This corresponds to Slovenia'      [other]
  L27: '378, which corresponds to Estonia'      [other]
  L28: '378, which corresponds to Estonia'      [other]

row 211: base=OM (gold='968') -> source=LY (gold='218')  template=calling_code_prefill_v4
  question: 'What is the phone country code for the country in this image?'
  prefill : 'The phone code is +'
  unhooked: '968. This corresponds to Oman'
  L19: '968. This corresponds to Oman'          [base]
  L20: '968. This corresponds to Oman'          [base]
  L21: '968. This corresponds to Oman'          [base]
  L22: '968. This corresponds to Oman'          [base]
  L23: '968. This corresponds to Oman'          [base]
  L24: '249. This corresponds to Oman'          [other]
  L25: '249. This corresponds to Oman'          [other]
  L26: '249. This corresponds to Oman'          [other]
  L27: '249. This corresponds to Oman'          [other]
  L28: '249. This corresponds to Oman'          [other]

row 212: base=NP (gold='977') -> source=KP (gold='850')  template=calling_code_prefill_v1
  question: 'What is the international calling code of the country in this image?'
  prefill : 'The calling code is +'
  unhooked: '977. This corresponds to Nepal'
  L19: '977. This corresponds to Nepal'         [base]
  L20: '977. This corresponds to Nepal'         [base]
  L21: '977. This corresponds to Nepal'         [base]
  L22: '977. This corresponds to Nepal'         [base]
  L23: '86.'                                    [other]
  L24: '86.'                                    [other]
  L25: '86.'                                    [other]
  L26: '86.'                                    [other]
  L27: '86.'                                    [other]
  L28: '86.'                                    [other]

row 213: base=RS (gold='381') -> source=TN (gold='216')  template=calling_code_prefill_v3
  question: 'What is the country calling code for the country in this image?'
  prefill : 'The country calling code is +'
  unhooked: '381. This corresponds to Serbia'
  L19: '381. This corresponds to Serbia'        [base]
  L20: '381. This corresponds to Serbia'        [base]
  L21: '381. This corresponds to Serbia'        [base]
  L22: '381. This corresponds to Serbia'        [base]
  L23: '381. This corresponds to Serbia'        [base]
  L24: '212, which corresponds to Morocco'      [other]
  L25: '212, which corresponds to Morocco'      [other]
  L26: '212, which corresponds to Morocco'      [other]
  L27: '212, which corresponds to Morocco'      [other]
  L28: '212, which corresponds to Morocco'      [other]

row 214: base=PK (gold='92') -> source=IE (gold='353')  template=calling_code_prefill_v5
  question: 'Identify the international dialing code of the country shown in this flag.'
  prefill : 'The dialing code is +'
  unhooked: '92.'
  L19: '92.'                                    [base]
  L20: '92.'                                    [base]
  L21: '92.'                                    [base]
  L22: '92.'                                    [base]
  L23: '350.'                                   [other]
  L24: '350.'                                   [other]
  L25: '350.'                                   [other]
  L26: '350.'                                   [other]
  L27: '350.'                                   [other]
  L28: '350.'                                   [other]

row 215: base=IQ (gold='964') -> source=DK (gold='45')  template=calling_code_prefill_v5
  question: 'Identify the international dialing code of the country shown in this flag.'
  prefill : 'The dialing code is +'
  unhooked: '964.'
  L19: '964.'                                   [base]
  L20: '964.'                                   [base]
  L21: '964.'                                   [base]
  L22: '964.'                                   [base]
  L23: '49.'                                    [other]
  L24: '49.'                                    [other]
  L25: '49.'                                    [other]
  L26: '49.'                                    [other]
  L27: '49.'                                    [other]
  L28: '49.'                                    [other]

row 216: base=BE (gold='32') -> source=KR (gold='82')  template=calling_code_prefill_v6
  question: 'What country code do you dial to call this country?'
  prefill : 'The country code is +'
  unhooked: '32. This is the country code'
  L19: '32. This is the country code'           [base]
  L20: '32. This is the country code'           [base]
  L21: '32. This is the country code'           [base]
  L22: '32. This is the country code'           [base]
  L23: '852. This is the country'               [other]
  L24: '852. This is the country'               [other]
  L25: '852. This is the country'               [other]
  L26: '852. This is the country'               [other]
  L27: '852. This is the country'               [other]
  L28: '852. This is the country'               [other]

row 217: base=SN (gold='221') -> source=BD (gold='880')  template=calling_code_prefill_v5
  question: 'Identify the international dialing code of the country shown in this flag.'
  prefill : 'The dialing code is +'
  unhooked: '221.'
  L19: '221.'                                   [base]
  L20: '221.'                                   [base]
  L21: '221.'                                   [base]
  L22: '221.'                                   [base]
  L23: '221.'                                   [base]
  L24: '86.'                                    [other]
  L25: '86.'                                    [other]
  L26: '86.'                                    [other]
  L27: '86.'                                    [other]
  L28: '86.'                                    [other]

row 218: base=SN (gold='221') -> source=RW (gold='250')  template=calling_code_prefill_v2
  question: 'Give the international dialling code of the country shown in this flag.'
  prefill : 'The dialling code is +'
  unhooked: '241.'
  L19: '241.'                                   [other]
  L20: '241.'                                   [other]
  L21: '241.'                                   [other]
  L22: '241.'                                   [other]
  L23: '241.'                                   [other]
  L24: '241.'                                   [other]
  L25: '241.'                                   [other]
  L26: '241.'                                   [other]
  L27: '241.'                                   [other]
  L28: '241.'                                   [other]

row 219: base=JP (gold='81') -> source=CU (gold='53')  template=calling_code_prefill_v3
  question: 'What is the country calling code for the country in this image?'
  prefill : 'The country calling code is +'
  unhooked: '358. This corresponds to Finland'
  L19: '86, which corresponds to China.'        [other]
  L20: '86, which corresponds to China.'        [other]
  L21: '86, which corresponds to China.'        [other]
  L22: '591, which corresponds to Bolivia'      [other]
  L23: '591, which corresponds to Bolivia'      [other]
  L24: '591, which corresponds to Bolivia'      [other]
  L25: '591, which corresponds to Bolivia'      [other]
  L26: '591, which corresponds to Bolivia'      [other]
  L27: '591, which corresponds to Bolivia'      [other]
  L28: '591, which corresponds to Bolivia'      [other]

row 220: base=SN (gold='221') -> source=NA (gold='264')  template=calling_code_prefill_v3
  question: 'What is the country calling code for the country in this image?'
  prefill : 'The country calling code is +'
  unhooked: '241, which corresponds to Sen'
  L19: '241, which corresponds to Sen'          [other]
  L20: '241, which corresponds to Sen'          [other]
  L21: '241, which corresponds to Sen'          [other]
  L22: '241, which corresponds to Sen'          [other]
  L23: '241, which corresponds to Sen'          [other]
  L24: '241, which corresponds to Sen'          [other]
  L25: '241, which corresponds to Sen'          [other]
  L26: '241, which corresponds to Sen'          [other]
  L27: '241, which corresponds to Sen'          [other]
  L28: '241, which corresponds to Sen'          [other]

row 221: base=MK (gold='389') -> source=NZ (gold='64')  template=calling_code_prefill_v1
  question: 'What is the international calling code of the country in this image?'
  prefill : 'The calling code is +'
  unhooked: '389. This corresponds to North'
  L19: '389. This corresponds to North'         [base]
  L20: '389. This corresponds to North'         [base]
  L21: '389. This corresponds to North'         [base]
  L22: '389. This corresponds to North'         [base]
  L23: '690. This corresponds to the'           [other]
  L24: '690. This corresponds to the'           [other]
  L25: '690. This corresponds to the'           [other]
  L26: '690. This corresponds to the'           [other]
  L27: '690. This corresponds to the'           [other]
  L28: '690. This corresponds to the'           [other]

row 222: base=OM (gold='968') -> source=RO (gold='40')  template=calling_code_prefill_v3
  question: 'What is the country calling code for the country in this image?'
  prefill : 'The country calling code is +'
  unhooked: '968. This corresponds to Oman'
  L19: '968. This corresponds to Oman'          [base]
  L20: '968. This corresponds to Oman'          [base]
  L21: '968. This corresponds to Oman'          [base]
  L22: '968. This corresponds to Oman'          [base]
  L23: '968. This corresponds to Oman'          [base]
  L24: '40. This corresponds to Oman,'          [HIT]
  L25: '40. This corresponds to Oman,'          [HIT]
  L26: '40. This corresponds to Oman,'          [HIT]
  L27: '40. This corresponds to Oman,'          [HIT]
  L28: '40. This corresponds to Oman,'          [HIT]

row 223: base=BR (gold='55') -> source=FJ (gold='679')  template=calling_code_prefill_v4
  question: 'What is the phone country code for the country in this image?'
  prefill : 'The phone code is +'
  unhooked: '55. This corresponds to Brazil,'
  L19: '55. This corresponds to Brazil,'        [base]
  L20: '55. This corresponds to Brazil,'        [base]
  L21: '55. This corresponds to Brazil,'        [base]
  L22: '55. This corresponds to Brazil,'        [base]
  L23: '65.'                                    [other]
  L24: '65.'                                    [other]
  L25: '65.'                                    [other]
  L26: '65.'                                    [other]
  L27: '61.'                                    [other]
  L28: '61.'                                    [other]

row 224: base=QA (gold='974') -> source=ET (gold='251')  template=calling_code_prefill_v4
  question: 'What is the phone country code for the country in this image?'
  prefill : 'The phone code is +'
  unhooked: '974. This corresponds to Qatar'
  L19: '974. This corresponds to Qatar'         [base]
  L20: '974. This corresponds to Qatar'         [base]
  L21: '974. This corresponds to Qatar'         [base]
  L22: '974. This corresponds to Qatar'         [base]
  L23: '230.'                                   [other]
  L24: '230.'                                   [other]
  L25: '230.'                                   [other]
  L26: '230.'                                   [other]
  L27: '230.'                                   [other]
  L28: '230.'                                   [other]

row 225: base=BD (gold='880') -> source=ES (gold='34')  template=calling_code_prefill_v5
  question: 'Identify the international dialing code of the country shown in this flag.'
  prefill : 'The dialing code is +'
  unhooked: '880.'
  L19: '880.'                                   [base]
  L20: '880.'                                   [base]
  L21: '880.'                                   [base]
  L22: '880.'                                   [base]
  L23: '350.'                                   [other]
  L24: '350.'                                   [other]
  L25: '350.'                                   [other]
  L26: '350.'                                   [other]
  L27: '350.'                                   [other]
  L28: '350.'                                   [other]

row 226: base=AU (gold='61') -> source=DE (gold='49')  template=calling_code_prefill_v5
  question: 'Identify the international dialing code of the country shown in this flag.'
  prefill : 'The dialing code is +'
  unhooked: '61.'
  L19: '61.'                                    [base]
  L20: '61.'                                    [base]
  L21: '61.'                                    [base]
  L22: '61.'                                    [base]
  L23: '44.'                                    [other]
  L24: '44.'                                    [other]
  L25: '44.'                                    [other]
  L26: '44.'                                    [other]
  L27: '44.'                                    [other]
  L28: '44.'                                    [other]

row 227: base=IT (gold='39') -> source=NI (gold='505')  template=calling_code_prefill_v5
  question: 'Identify the international dialing code of the country shown in this flag.'
  prefill : 'The dialing code is +'
  unhooked: '39.'
  L19: '39.'                                    [base]
  L20: '39.'                                    [base]
  L21: '39.'                                    [base]
  L22: '39.'                                    [base]
  L23: '590.'                                   [other]
  L24: '53.'                                    [other]
  L25: '53.'                                    [other]
  L26: '53.'                                    [other]
  L27: '590.'                                   [other]
  L28: '590.'                                   [other]

row 228: base=EG (gold='20') -> source=BE (gold='32')  template=calling_code_prefill_v1
  question: 'What is the international calling code of the country in this image?'
  prefill : 'The calling code is +'
  unhooked: '20. This is the international dial'
  L19: '20. This is the international dial'     [base]
  L20: '20. This is the international dial'     [base]
  L21: '20. This is the international dial'     [base]
  L22: '20. This is the international dial'     [base]
  L23: '20. This is the international dial'     [base]
  L24: '39.'                                    [other]
  L25: '39.'                                    [other]
  L26: '39.'                                    [other]
  L27: '39.'                                    [other]
  L28: '39.'                                    [other]

row 229: base=TN (gold='216') -> source=BH (gold='973')  template=calling_code_prefill_v3
  question: 'What is the country calling code for the country in this image?'
  prefill : 'The country calling code is +'
  unhooked: '216, which corresponds to Tunisia'
  L19: '216, which corresponds to Tunisia'      [base]
  L20: '216, which corresponds to Tunisia'      [base]
  L21: '216, which corresponds to Tunisia'      [base]
  L22: '216, which corresponds to Tunisia'      [base]
  L23: '963. This corresponds to Tunisia'       [other]
  L24: '963. This corresponds to Tunisia'       [other]
  L25: '963. This corresponds to Tunisia'       [other]
  L26: '963. This corresponds to Tunisia'       [other]
  L27: '963. This corresponds to Tunisia'       [other]
  L28: '963. This corresponds to Tunisia'       [other]

row 230: base=IQ (gold='964') -> source=AZ (gold='994')  template=calling_code_prefill_v1
  question: 'What is the international calling code of the country in this image?'
  prefill : 'The calling code is +'
  unhooked: '964. This corresponds to Iraq'
  L19: '964. This corresponds to Iraq'          [base]
  L20: '964. This corresponds to Iraq'          [base]
  L21: '964. This corresponds to Iraq'          [base]
  L22: '964. This corresponds to Iraq'          [base]
  L23: '964. This corresponds to Iraq'          [base]
  L24: '964. This corresponds to Iraq'          [base]
  L25: '964. This corresponds to Iraq'          [base]
  L26: '964. This corresponds to Iraq'          [base]
  L27: '964. This corresponds to Iraq'          [base]
  L28: '964. This corresponds to Iraq'          [base]

row 231: base=BD (gold='880') -> source=PE (gold='51')  template=calling_code_prefill_v3
  question: 'What is the country calling code for the country in this image?'
  prefill : 'The country calling code is +'
  unhooked: '880. This is the country'
  L19: '880. This is the country'               [base]
  L20: '880. This corresponds to Bangladesh'    [base]
  L21: '880. This is the country'               [base]
  L22: '880. This corresponds to Bangladesh'    [base]
  L23: '501, which corresponds to Guatemala'    [other]
  L24: '501, which corresponds to Guatemala'    [other]
  L25: '501, which corresponds to Guatemala'    [other]
  L26: '501, which corresponds to Guatemala'    [other]
  L27: '501, which corresponds to Guatemala'    [other]
  L28: '501, which corresponds to Guatemala'    [other]

row 232: base=AF (gold='93') -> source=RS (gold='381')  template=calling_code_prefill_v5
  question: 'Identify the international dialing code of the country shown in this flag.'
  prefill : 'The dialing code is +'
  unhooked: '93.'
  L19: '93.'                                    [base]
  L20: '93.'                                    [base]
  L21: '93.'                                    [base]
  L22: '93.'                                    [base]
  L23: '356.'                                   [other]
  L24: '356.'                                   [other]
  L25: '356.'                                   [other]
  L26: '356.'                                   [other]
  L27: '381.'                                   [HIT]
  L28: '381.'                                   [HIT]

row 233: base=AU (gold='61') -> source=BE (gold='32')  template=calling_code_prefill_v3
  question: 'What is the country calling code for the country in this image?'
  prefill : 'The country calling code is +'
  unhooked: '61. This is the country calling'
  L19: '61. This is the country calling'        [base]
  L20: '61. This is the country calling'        [base]
  L21: '61. This is the country calling'        [base]
  L22: '61. This is the country calling'        [base]
  L23: '61. This is the country calling'        [base]
  L24: '375. This corresponds to Belarus'       [other]
  L25: '375. This corresponds to Belarus'       [other]
  L26: '375. This corresponds to Belarus'       [other]
  L27: '375. This corresponds to Belarus'       [other]
  L28: '375. This corresponds to Belarus'       [other]

row 234: base=PA (gold='507') -> source=IQ (gold='964')  template=calling_code_prefill_v1
  question: 'What is the international calling code of the country in this image?'
  prefill : 'The calling code is +'
  unhooked: '507.'
  L19: '507.'                                   [base]
  L20: '507.'                                   [base]
  L21: '507.'                                   [base]
  L22: '507.'                                   [base]
  L23: '90.'                                    [other]
  L24: '90.'                                    [other]
  L25: '90.'                                    [other]
  L26: '90.'                                    [other]
  L27: '90.'                                    [other]
  L28: '996.'                                   [other]

row 235: base=LY (gold='218') -> source=DE (gold='49')  template=calling_code_prefill_v4
  question: 'What is the phone country code for the country in this image?'
  prefill : 'The phone code is +'
  unhooked: '218. This is the country'
  L19: '218. This is the country'               [base]
  L20: '218. This is the country'               [base]
  L21: '218. This is the country'               [base]
  L22: '218. This is the country'               [base]
  L23: '420.'                                   [other]
  L24: '420.'                                   [other]
  L25: '420.'                                   [other]
  L26: '420.'                                   [other]
  L27: '420.'                                   [other]
  L28: '420.'                                   [other]

row 236: base=KR (gold='82') -> source=RW (gold='250')  template=calling_code_prefill_v5
  question: 'Identify the international dialing code of the country shown in this flag.'
  prefill : 'The dialing code is +'
  unhooked: '82.'
  L19: '82.'                                    [base]
  L20: '82.'                                    [base]
  L21: '82.'                                    [base]
  L22: '82.'                                    [base]
  L23: '27.'                                    [other]
  L24: '27.'                                    [other]
  L25: '27.'                                    [other]
  L26: '27.'                                    [other]
  L27: '27.'                                    [other]
  L28: '27.'                                    [other]

row 237: base=KP (gold='850') -> source=BZ (gold='501')  template=calling_code_prefill_v6
  question: 'What country code do you dial to call this country?'
  prefill : 'The country code is +'
  unhooked: '850.'
  L19: '850.'                                   [base]
  L20: '850.'                                   [base]
  L21: '850.'                                   [base]
  L22: '850.'                                   [base]
  L23: '503.'                                   [other]
  L24: '503.'                                   [other]
  L25: '503.'                                   [other]
  L26: '503.'                                   [other]
  L27: '503.'                                   [other]
  L28: '503.'                                   [other]

row 238: base=OM (gold='968') -> source=TZ (gold='255')  template=calling_code_prefill_v2
  question: 'Give the international dialling code of the country shown in this flag.'
  prefill : 'The dialling code is +'
  unhooked: '968.'
  L19: '968.'                                   [base]
  L20: '968.'                                   [base]
  L21: '968.'                                   [base]
  L22: '968.'                                   [base]
  L23: '249.'                                   [other]
  L24: '249.'                                   [other]
  L25: '249.'                                   [other]
  L26: '249.'                                   [other]
  L27: '249.'                                   [other]
  L28: '249.'                                   [other]

row 239: base=TN (gold='216') -> source=BH (gold='973')  template=calling_code_prefill_v4
  question: 'What is the phone country code for the country in this image?'
  prefill : 'The phone code is +'
  unhooked: '216. This corresponds to Tunisia'
  L19: '216. This corresponds to Tunisia'       [base]
  L20: '216. This corresponds to Tunisia'       [base]
  L21: '216. This corresponds to Tunisia'       [base]
  L22: '216. This corresponds to Tunisia'       [base]
  L23: '963. This corresponds to Tunisia'       [other]
  L24: '963. This corresponds to Tunisia'       [other]
  L25: '963. This corresponds to Tunisia'       [other]
  L26: '963. This corresponds to Tunisia'       [other]
  L27: '963. This corresponds to Tunisia'       [other]
  L28: '963. This corresponds to Tunisia'       [other]

row 240: base=BD (gold='880') -> source=CO (gold='57')  template=calling_code_prefill_v5
  question: 'Identify the international dialing code of the country shown in this flag.'
  prefill : 'The dialing code is +'
  unhooked: '880.'
  L19: '880.'                                   [base]
  L20: '880.'                                   [base]
  L21: '880.'                                   [base]
  L22: '880.'                                   [base]
  L23: '502.'                                   [other]
  L24: '504.'                                   [other]
  L25: '502.'                                   [other]
  L26: '502.'                                   [other]
  L27: '504.'                                   [other]
  L28: '502.'                                   [other]

row 241: base=SG (gold='65') -> source=IE (gold='353')  template=calling_code_prefill_v2
  question: 'Give the international dialling code of the country shown in this flag.'
  prefill : 'The dialling code is +'
  unhooked: '65.'
  L19: '65.'                                    [base]
  L20: '65.'                                    [base]
  L21: '65.'                                    [base]
  L22: '65.'                                    [base]
  L23: '65.'                                    [base]
  L24: '356.'                                   [other]
  L25: '356.'                                   [other]
  L26: '356.'                                   [other]
  L27: '356.'                                   [other]
  L28: '356.'                                   [other]

row 242: base=FJ (gold='679') -> source=UZ (gold='998')  template=calling_code_prefill_v2
  question: 'Give the international dialling code of the country shown in this flag.'
  prefill : 'The dialling code is +'
  unhooked: '679.'
  L19: '679.'                                   [base]
  L20: '679.'                                   [base]
  L21: '679.'                                   [base]
  L22: '679.'                                   [base]
  L23: '976.'                                   [other]
  L24: '92.'                                    [other]
  L25: '92.'                                    [other]
  L26: '92.'                                    [other]
  L27: '976.'                                   [other]
  L28: '976.'                                   [other]

row 243: base=SN (gold='221') -> source=BD (gold='880')  template=calling_code_prefill_v1
  question: 'What is the international calling code of the country in this image?'
  prefill : 'The calling code is +'
  unhooked: '241. This corresponds to Sen'
  L19: '241. This corresponds to Sen'           [other]
  L20: '241. This corresponds to Sen'           [other]
  L21: '241. This corresponds to Sen'           [other]
  L22: '241. This corresponds to Sen'           [other]
  L23: '221. This corresponds to Sen'           [base]
  L24: '86.'                                    [other]
  L25: '86.'                                    [other]
  L26: '86.'                                    [other]
  L27: '86.'                                    [other]
  L28: '86.'                                    [other]

row 244: base=AM (gold='374') -> source=DK (gold='45')  template=calling_code_prefill_v2
  question: 'Give the international dialling code of the country shown in this flag.'
  prefill : 'The dialling code is +'
  unhooked: '374.'
  L19: '374.'                                   [base]
  L20: '374.'                                   [base]
  L21: '374.'                                   [base]
  L22: '374.'                                   [base]
  L23: '41.'                                    [other]
  L24: '41.'                                    [other]
  L25: '41.'                                    [other]
  L26: '41.'                                    [other]
  L27: '41.'                                    [other]
  L28: '41.'                                    [other]

row 245: base=NZ (gold='64') -> source=BH (gold='973')  template=calling_code_prefill_v3
  question: 'What is the country calling code for the country in this image?'
  prefill : 'The country calling code is +'
  unhooked: '64. This is the country calling'
  L19: '64. This is the country calling'        [base]
  L20: '64. This is the country calling'        [base]
  L21: '64. This is the country calling'        [base]
  L22: '64. This is the country calling'        [base]
  L23: '94, which corresponds to Sri Lanka'     [other]
  L24: '94, which corresponds to Sri Lanka'     [other]
  L25: '94, which corresponds to Sri Lanka'     [other]
  L26: '94, which corresponds to Sri Lanka'     [other]
  L27: '94, which corresponds to Sri Lanka'     [other]
  L28: '94, which corresponds to Sri Lanka'     [other]

row 246: base=ET (gold='251') -> source=DE (gold='49')  template=calling_code_prefill_v6
  question: 'What country code do you dial to call this country?'
  prefill : 'The country code is +'
  unhooked: '251.'
  L19: '251.'                                   [base]
  L20: '251.'                                   [base]
  L21: '251.'                                   [base]
  L22: '251.'                                   [base]
  L23: '251.'                                   [base]
  L24: '41.'                                    [other]
  L25: '41.'                                    [other]
  L26: '41.'                                    [other]
  L27: '41.'                                    [other]
  L28: '41.'                                    [other]

row 247: base=KP (gold='850') -> source=DK (gold='45')  template=calling_code_prefill_v5
  question: 'Identify the international dialing code of the country shown in this flag.'
  prefill : 'The dialing code is +'
  unhooked: '850.'
  L19: '850.'                                   [base]
  L20: '850.'                                   [base]
  L21: '850.'                                   [base]
  L22: '850.'                                   [base]
  L23: '44.'                                    [other]
  L24: '48.'                                    [other]
  L25: '48.'                                    [other]
  L26: '48.'                                    [other]
  L27: '41.'                                    [other]
  L28: '41.'                                    [other]

row 248: base=FJ (gold='679') -> source=IT (gold='39')  template=calling_code_prefill_v2
  question: 'Give the international dialling code of the country shown in this flag.'
  prefill : 'The dialling code is +'
  unhooked: '679.'
  L19: '679.'                                   [base]
  L20: '679.'                                   [base]
  L21: '679.'                                   [base]
  L22: '679.'                                   [base]
  L23: '36.'                                    [other]
  L24: '36.'                                    [other]
  L25: '36.'                                    [other]
  L26: '36.'                                    [other]
  L27: '36.'                                    [other]
  L28: '374.'                                   [other]

row 249: base=OM (gold='968') -> source=KH (gold='855')  template=calling_code_prefill_v3
  question: 'What is the country calling code for the country in this image?'
  prefill : 'The country calling code is +'
  unhooked: '968. This corresponds to Oman'
  L19: '968. This corresponds to Oman'          [base]
  L20: '968. This corresponds to Oman'          [base]
  L21: '968. This corresponds to Oman'          [base]
  L22: '968. This corresponds to Oman'          [base]
  L23: '86. This corresponds to China,'         [other]
  L24: '86. This corresponds to China,'         [other]
  L25: '86. This corresponds to China,'         [other]
  L26: '86.'                                    [other]
  L27: '86.'                                    [other]
  L28: '86.'                                    [other]

row 250: base=ET (gold='251') -> source=DK (gold='45')  template=calling_code_prefill_v2
  question: 'Give the international dialling code of the country shown in this flag.'
  prefill : 'The dialling code is +'
  unhooked: '251.'
  L19: '251.'                                   [base]
  L20: '251.'                                   [base]
  L21: '251.'                                   [base]
  L22: '251.'                                   [base]
  L23: '251.'                                   [base]
  L24: '49.'                                    [other]
  L25: '49.'                                    [other]
  L26: '49.'                                    [other]
  L27: '41.'                                    [other]
  L28: '41.'                                    [other]

row 251: base=AF (gold='93') -> source=CY (gold='357')  template=calling_code_prefill_v6
  question: 'What country code do you dial to call this country?'
  prefill : 'The country code is +'
  unhooked: '93.'
  L19: '93.'                                    [base]
  L20: '93.'                                    [base]
  L21: '93.'                                    [base]
  L22: '93.'                                    [base]
  L23: '356.'                                   [other]
  L24: '356.'                                   [other]
  L25: '356.'                                   [other]
  L26: '356.'                                   [other]
  L27: '356.'                                   [other]
  L28: '356.'                                   [other]

row 252: base=PE (gold='51') -> source=IT (gold='39')  template=calling_code_prefill_v3
  question: 'What is the country calling code for the country in this image?'
  prefill : 'The country calling code is +'
  unhooked: '51, which corresponds to Peru.'
  L19: '51, which corresponds to Peru.'         [base]
  L20: '51, which corresponds to Peru.'         [base]
  L21: '51, which corresponds to Peru.'         [base]
  L22: '51, which corresponds to Peru.'         [base]
  L23: '351, which corresponds to Portugal'     [base]
  L24: '351, which corresponds to Portugal'     [base]
  L25: '351, which corresponds to Portugal'     [base]
  L26: '351, which corresponds to Portugal'     [base]
  L27: '351, which corresponds to Portugal'     [base]
  L28: '351, which corresponds to Portugal'     [base]

row 253: base=LA (gold='856') -> source=NZ (gold='64')  template=calling_code_prefill_v4
  question: 'What is the phone country code for the country in this image?'
  prefill : 'The phone code is +'
  unhooked: '856. This corresponds to Laos'
  L19: '856. This corresponds to Laos'          [base]
  L20: '856. This corresponds to Laos'          [base]
  L21: '856. This corresponds to Laos'          [base]
  L22: '66.'                                    [other]
  L23: '66.'                                    [other]
  L24: '66.'                                    [other]
  L25: '66.'                                    [other]
  L26: '66.'                                    [other]
  L27: '66.'                                    [other]
  L28: '66.'                                    [other]

row 254: base=KR (gold='82') -> source=RO (gold='40')  template=calling_code_prefill_v1
  question: 'What is the international calling code of the country in this image?'
  prefill : 'The calling code is +'
  unhooked: '82. This is the international direct'
  L19: '82. This is the international direct'   [base]
  L20: '82. This is the international direct'   [base]
  L21: '82. This is the international direct'   [base]
  L22: '82. This is the international direct'   [base]
  L23: '41.'                                    [other]
  L24: '41.'                                    [other]
  L25: '41.'                                    [other]
  L26: '41.'                                    [other]
  L27: '41.'                                    [other]
  L28: '41.'                                    [other]

row 255: base=TZ (gold='255') -> source=CO (gold='57')  template=calling_code_prefill_v6
  question: 'What country code do you dial to call this country?'
  prefill : 'The country code is +'
  unhooked: '255. This is the country'
  L19: '255. This is the country'               [base]
  L20: '255. This is the country'               [base]
  L21: '255. This is the country'               [base]
  L22: '255. This is the country'               [base]
  L23: '54. This is the country code'           [other]
  L24: '54. This is the country code'           [other]
  L25: '54. This is the country code'           [other]
  L26: '54. This is the country code'           [other]
  L27: '54. This is the country code'           [other]
  L28: '54. This is the country code'           [other]

row 256: base=UZ (gold='998') -> source=SN (gold='221')  template=calling_code_prefill_v1
  question: 'What is the international calling code of the country in this image?'
  prefill : 'The calling code is +'
  unhooked: '998.'
  L19: '998.'                                   [base]
  L20: '998.'                                   [base]
  L21: '998.'                                   [base]
  L22: '258.'                                   [other]
  L23: '258.'                                   [other]
  L24: '258.'                                   [other]
  L25: '20. This corresponds to Egypt.'         [other]
  L26: '20. This corresponds to Egypt.'         [other]
  L27: '258.'                                   [other]
  L28: '258.'                                   [other]

row 257: base=GY (gold='592') -> source=AU (gold='61')  template=calling_code_prefill_v1
  question: 'What is the international calling code of the country in this image?'
  prefill : 'The calling code is +'
  unhooked: '592. This corresponds to the'
  L19: '592. This corresponds to Guy'           [base]
  L20: '592. This corresponds to the'           [base]
  L21: '592. This corresponds to the'           [base]
  L22: '592. This corresponds to Guy'           [base]
  L23: '680, which corresponds to Guy'          [other]
  L24: '680, which corresponds to Guy'          [other]
  L25: '680, which corresponds to Guy'          [other]
  L26: '680, which corresponds to Guy'          [other]
  L27: '680, which corresponds to Guy'          [other]
  L28: '672. This corresponds to Guy'           [other]

row 258: base=UZ (gold='998') -> source=BR (gold='55')  template=calling_code_prefill_v5
  question: 'Identify the international dialing code of the country shown in this flag.'
  prefill : 'The dialing code is +'
  unhooked: '998.'
  L19: '998.'                                   [base]
  L20: '998.'                                   [base]
  L21: '998.'                                   [base]
  L22: '998.'                                   [base]
  L23: '593.'                                   [other]
  L24: '593.'                                   [other]
  L25: '593.'                                   [other]
  L26: '593.'                                   [other]
  L27: '593.'                                   [other]
  L28: '593.'                                   [other]

row 259: base=PE (gold='51') -> source=RO (gold='40')  template=calling_code_prefill_v2
  question: 'Give the international dialling code of the country shown in this flag.'
  prefill : 'The dialling code is +'
  unhooked: '51.'
  L19: '51.'                                    [base]
  L20: '51.'                                    [base]
  L21: '51.'                                    [base]
  L22: '51.'                                    [base]
  L23: '51.'                                    [base]
  L24: '41.'                                    [other]
  L25: '41.'                                    [other]
  L26: '41.'                                    [other]
  L27: '41.'                                    [other]
  L28: '41.'                                    [other]

row 260: base=AL (gold='355') -> source=BZ (gold='501')  template=calling_code_prefill_v5
  question: 'Identify the international dialing code of the country shown in this flag.'
  prefill : 'The dialing code is +'
  unhooked: '355.'
  L19: '355.'                                   [base]
  L20: '355.'                                   [base]
  L21: '355.'                                   [base]
  L22: '355.'                                   [base]
  L23: '503.'                                   [other]
  L24: '55.'                                    [other]
  L25: '55.'                                    [other]
  L26: '55.'                                    [other]
  L27: '55.'                                    [other]
  L28: '503.'                                   [other]

row 261: base=DE (gold='49') -> source=FJ (gold='679')  template=calling_code_prefill_v4
  question: 'What is the phone country code for the country in this image?'
  prefill : 'The phone code is +'
  unhooked: '49.'
  L19: '49.'                                    [base]
  L20: '49.'                                    [base]
  L21: '49.'                                    [base]
  L22: '49.'                                    [base]
  L23: '61.'                                    [other]
  L24: '61.'                                    [other]
  L25: '61.'                                    [other]
  L26: '61.'                                    [other]
  L27: '61.'                                    [other]
  L28: '61.'                                    [other]

row 262: base=HT (gold='509') -> source=KH (gold='855')  template=calling_code_prefill_v6
  question: 'What country code do you dial to call this country?'
  prefill : 'The country code is +'
  unhooked: '509. This is the country'
  L19: '509. This is the country'               [base]
  L20: '509. This is the country'               [base]
  L21: '509. This is the country'               [base]
  L22: '509. This is the country'               [base]
  L23: '852.'                                   [other]
  L24: '852.'                                   [other]
  L25: '852.'                                   [other]
  L26: '852.'                                   [other]
  L27: '852.'                                   [other]
  L28: '852.'                                   [other]

row 263: base=NA (gold='264') -> source=OM (gold='968')  template=calling_code_prefill_v5
  question: 'Identify the international dialing code of the country shown in this flag.'
  prefill : 'The dialing code is +'
  unhooked: '264.'
  L19: '264.'                                   [base]
  L20: '264.'                                   [base]
  L21: '264.'                                   [base]
  L22: '264.'                                   [base]
  L23: '264.'                                   [base]
  L24: '961.'                                   [other]
  L25: '961.'                                   [other]
  L26: '961.'                                   [other]
  L27: '961.'                                   [other]
  L28: '961.'                                   [other]

row 264: base=RW (gold='250') -> source=ET (gold='251')  template=calling_code_prefill_v4
  question: 'What is the phone country code for the country in this image?'
  prefill : 'The phone code is +'
  unhooked: '250. This corresponds to Rwanda'
  L19: '250.'                                   [base]
  L20: '250. This corresponds to Rwanda'        [base]
  L21: '250.'                                   [base]
  L22: '250. This corresponds to Rwanda'        [base]
  L23: '250. This corresponds to Rwanda'        [base]
  L24: '250. This corresponds to Rwanda'        [base]
  L25: '250. This corresponds to Rwanda'        [base]
  L26: '250. This corresponds to Rwanda'        [base]
  L27: '250. This corresponds to Rwanda'        [base]
  L28: '250. This corresponds to Rwanda'        [base]

row 265: base=IQ (gold='964') -> source=BH (gold='973')  template=calling_code_prefill_v6
  question: 'What country code do you dial to call this country?'
  prefill : 'The country code is +'
  unhooked: '964. This is the international'
  L19: '964.'                                   [base]
  L20: '964. This is the international'         [base]
  L21: '964. This is the international'         [base]
  L22: '964.'                                   [base]
  L23: '964. This is the international'         [base]
  L24: '964. This is the international'         [base]
  L25: '964. This is the international'         [base]
  L26: '964.'                                   [base]
  L27: '964. This is the international'         [base]
  L28: '964. This is the international'         [base]

row 266: base=IT (gold='39') -> source=RW (gold='250')  template=calling_code_prefill_v6
  question: 'What country code do you dial to call this country?'
  prefill : 'The country code is +'
  unhooked: '39.'
  L19: '39.'                                    [base]
  L20: '39.'                                    [base]
  L21: '39.'                                    [base]
  L22: '39.'                                    [base]
  L23: '297.'                                   [other]
  L24: '297.'                                   [other]
  L25: '297.'                                   [other]
  L26: '297.'                                   [other]
  L27: '297.'                                   [other]
  L28: '297.'                                   [other]

row 267: base=KE (gold='254') -> source=RS (gold='381')  template=calling_code_prefill_v5
  question: 'Identify the international dialing code of the country shown in this flag.'
  prefill : 'The dialing code is +'
  unhooked: '254.'
  L19: '254.'                                   [base]
  L20: '254.'                                   [base]
  L21: '254.'                                   [base]
  L22: '254.'                                   [base]
  L23: '39.'                                    [other]
  L24: '39.'                                    [other]
  L25: '39.'                                    [other]
  L26: '39.'                                    [other]
  L27: '39.'                                    [other]
  L28: '39.'                                    [other]

row 268: base=CY (gold='357') -> source=BZ (gold='501')  template=calling_code_prefill_v1
  question: 'What is the international calling code of the country in this image?'
  prefill : 'The calling code is +'
  unhooked: '357.'
  L19: '357.'                                   [base]
  L20: '357.'                                   [base]
  L21: '357.'                                   [base]
  L22: '27.'                                    [other]
  L23: '597. This corresponds to Cyprus'        [other]
  L24: '597. This corresponds to Cyprus'        [other]
  L25: '597. This corresponds to Cyprus'        [other]
  L26: '597. This corresponds to Cyprus'        [other]
  L27: '597. This corresponds to Cyprus'        [other]
  L28: '597. This corresponds to Cyprus'        [other]

row 269: base=LA (gold='856') -> source=AF (gold='93')  template=calling_code_prefill_v4
  question: 'What is the phone country code for the country in this image?'
  prefill : 'The phone code is +'
  unhooked: '856. This corresponds to Laos'
  L19: '856. This corresponds to Laos'          [base]
  L20: '856. This corresponds to Laos'          [base]
  L21: '856. This corresponds to Laos'          [base]
  L22: '856. This corresponds to Laos'          [base]
  L23: '961.'                                   [other]
  L24: '961.'                                   [other]
  L25: '961.'                                   [other]
  L26: '961.'                                   [other]
  L27: '961.'                                   [other]
  L28: '961.'                                   [other]

row 270: base=PA (gold='507') -> source=AF (gold='93')  template=calling_code_prefill_v5
  question: 'Identify the international dialing code of the country shown in this flag.'
  prefill : 'The dialing code is +'
  unhooked: '507.'
  L19: '507.'                                   [base]
  L20: '507.'                                   [base]
  L21: '507.'                                   [base]
  L22: '507.'                                   [base]
  L23: '90.'                                    [other]
  L24: '90.'                                    [other]
  L25: '90.'                                    [other]
  L26: '90.'                                    [other]
  L27: '90.'                                    [other]
  L28: '996.'                                   [other]

row 271: base=UY (gold='598') -> source=ET (gold='251')  template=calling_code_prefill_v4
  question: 'What is the phone country code for the country in this image?'
  prefill : 'The phone code is +'
  unhooked: '598. This corresponds to Uruguay'
  L19: '598. This corresponds to Uruguay'       [base]
  L20: '598. This corresponds to Uruguay'       [base]
  L21: '598. This corresponds to Uruguay'       [base]
  L22: '598. This corresponds to Uruguay'       [base]
  L23: '250. This corresponds to the'           [other]
  L24: '250. This corresponds to the'           [other]
  L25: '250. This corresponds to the'           [other]
  L26: '250. This corresponds to the'           [other]
  L27: '290. This corresponds to Uruguay'       [other]
  L28: '290. This corresponds to Uruguay'       [other]

row 272: base=NI (gold='505') -> source=ES (gold='34')  template=calling_code_prefill_v6
  question: 'What country code do you dial to call this country?'
  prefill : 'The country code is +'
  unhooked: '505.'
  L19: '505.'                                   [base]
  L20: '505.'                                   [base]
  L21: '505.'                                   [base]
  L22: '505.'                                   [base]
  L23: '505.'                                   [base]
  L24: '372.'                                   [other]
  L25: '372.'                                   [other]
  L26: '372.'                                   [other]
  L27: '372.'                                   [other]
  L28: '372.'                                   [other]

row 273: base=ET (gold='251') -> source=HU (gold='36')  template=calling_code_prefill_v2
  question: 'Give the international dialling code of the country shown in this flag.'
  prefill : 'The dialling code is +'
  unhooked: '251.'
  L19: '251.'                                   [base]
  L20: '251.'                                   [base]
  L21: '251.'                                   [base]
  L22: '251.'                                   [base]
  L23: '251.'                                   [base]
  L24: '39.'                                    [other]
  L25: '39.'                                    [other]
  L26: '39.'                                    [other]
  L27: '39.'                                    [other]
  L28: '39.'                                    [other]

row 274: base=LB (gold='961') -> source=AF (gold='93')  template=calling_code_prefill_v2
  question: 'Give the international dialling code of the country shown in this flag.'
  prefill : 'The dialling code is +'
  unhooked: '961.'
  L19: '961.'                                   [base]
  L20: '961.'                                   [base]
  L21: '961.'                                   [base]
  L22: '961.'                                   [base]
  L23: '961.'                                   [base]
  L24: '961.'                                   [base]
  L25: '961.'                                   [base]
  L26: '961.'                                   [base]
  L27: '961.'                                   [base]
  L28: '961.'                                   [base]

row 275: base=ET (gold='251') -> source=YE (gold='967')  template=calling_code_prefill_v1
  question: 'What is the international calling code of the country in this image?'
  prefill : 'The calling code is +'
  unhooked: '251. This corresponds to Ethiopia'
  L19: '251. This corresponds to Ethiopia'      [base]
  L20: '251. This corresponds to Ethiopia'      [base]
  L21: '251. This corresponds to Ethiopia'      [base]
  L22: '251. This corresponds to Ethiopia'      [base]
  L23: '251. This corresponds to Ethiopia'      [base]
  L24: '966. This corresponds to Saudi'         [other]
  L25: '966. This corresponds to Saudi'         [other]
  L26: '966.'                                   [other]
  L27: '966. This corresponds to Saudi'         [other]
  L28: '966.'                                   [other]

row 276: base=MK (gold='389') -> source=ES (gold='34')  template=calling_code_prefill_v3
  question: 'What is the country calling code for the country in this image?'
  prefill : 'The country calling code is +'
  unhooked: '389. This corresponds to North'
  L19: '389. This corresponds to North'         [base]
  L20: '389. This corresponds to North'         [base]
  L21: '389. This corresponds to North'         [base]
  L22: '389. This corresponds to North'         [base]
  L23: '389. This corresponds to North'         [base]
  L24: '389. This corresponds to North'         [base]
  L25: '389. This corresponds to North'         [base]
  L26: '389. This corresponds to North'         [base]
  L27: '389. This corresponds to North'         [base]
  L28: '389. This corresponds to North'         [base]

row 277: base=LY (gold='218') -> source=KH (gold='855')  template=calling_code_prefill_v1
  question: 'What is the international calling code of the country in this image?'
  prefill : 'The calling code is +'
  unhooked: '218. This corresponds to Libya'
  L19: '218. This corresponds to Libya'         [base]
  L20: '218. This corresponds to Libya'         [base]
  L21: '218. This corresponds to Libya'         [base]
  L22: '218. This corresponds to Libya'         [base]
  L23: '218. This corresponds to Libya'         [base]
  L24: '86.'                                    [other]
  L25: '86.'                                    [other]
  L26: '86.'                                    [other]
  L27: '86.'                                    [other]
  L28: '86.'                                    [other]

row 278: base=OM (gold='968') -> source=SD (gold='249')  template=calling_code_prefill_v5
  question: 'Identify the international dialing code of the country shown in this flag.'
  prefill : 'The dialing code is +'
  unhooked: '968.'
  L19: '968.'                                   [base]
  L20: '968.'                                   [base]
  L21: '968.'                                   [base]
  L22: '968.'                                   [base]
  L23: '249.'                                   [HIT]
  L24: '249.'                                   [HIT]
  L25: '249.'                                   [HIT]
  L26: '249.'                                   [HIT]
  L27: '249.'                                   [HIT]
  L28: '249.'                                   [HIT]

row 279: base=IQ (gold='964') -> source=DE (gold='49')  template=calling_code_prefill_v6
  question: 'What country code do you dial to call this country?'
  prefill : 'The country code is +'
  unhooked: '964. This is the international'
  L19: '964.'                                   [base]
  L20: '964.'                                   [base]
  L21: '964. This is the international'         [base]
  L22: '964. This is the international'         [base]
  L23: '49.'                                    [HIT]
  L24: '49.'                                    [HIT]
  L25: '49.'                                    [HIT]
  L26: '49.'                                    [HIT]
  L27: '49.'                                    [HIT]
  L28: '49.'                                    [HIT]

row 280: base=GY (gold='592') -> source=CU (gold='53')  template=calling_code_prefill_v5
  question: 'Identify the international dialing code of the country shown in this flag.'
  prefill : 'The dialing code is +'
  unhooked: '592.'
  L19: '592.'                                   [base]
  L20: '592.'                                   [base]
  L21: '592.'                                   [base]
  L22: '592.'                                   [base]
  L23: '592.'                                   [base]
  L24: '592.'                                   [base]
  L25: '592.'                                   [base]
  L26: '592.'                                   [base]
  L27: '592.'                                   [base]
  L28: '592.'                                   [base]

row 281: base=MK (gold='389') -> source=PK (gold='92')  template=calling_code_prefill_v6
  question: 'What country code do you dial to call this country?'
  prefill : 'The country code is +'
  unhooked: '389. This is the country'
  L19: '389. This is the country'               [base]
  L20: '389. This is the country'               [base]
  L21: '389. This is the country'               [base]
  L22: '389. This is the country'               [base]
  L23: '90.'                                    [other]
  L24: '90. This is the country code'           [other]
  L25: '90.'                                    [other]
  L26: '90. This is the country code'           [other]
  L27: '90.'                                    [other]
  L28: '90. This is the country code'           [other]

row 282: base=CY (gold='357') -> source=KE (gold='254')  template=calling_code_prefill_v2
  question: 'Give the international dialling code of the country shown in this flag.'
  prefill : 'The dialling code is +'
  unhooked: '357.'
  L19: '357.'                                   [base]
  L20: '357.'                                   [base]
  L21: '357.'                                   [base]
  L22: '27.'                                    [other]
  L23: '235.'                                   [other]
  L24: '235.'                                   [other]
  L25: '235.'                                   [other]
  L26: '235.'                                   [other]
  L27: '27.'                                    [other]
  L28: '27.'                                    [other]

row 283: base=DK (gold='45') -> source=AF (gold='93')  template=calling_code_prefill_v2
  question: 'Give the international dialling code of the country shown in this flag.'
  prefill : 'The dialling code is +'
  unhooked: '45.'
  L19: '45.'                                    [base]
  L20: '45.'                                    [base]
  L21: '45.'                                    [base]
  L22: '45.'                                    [base]
  L23: '975.'                                   [other]
  L24: '975.'                                   [other]
  L25: '975.'                                   [other]
  L26: '975.'                                   [other]
  L27: '975.'                                   [other]
  L28: '975.'                                   [other]

row 284: base=AL (gold='355') -> source=NI (gold='505')  template=calling_code_prefill_v3
  question: 'What is the country calling code for the country in this image?'
  prefill : 'The country calling code is +'
  unhooked: '355. This corresponds to Albania'
  L19: '355. This corresponds to Albania'       [base]
  L20: '355. This corresponds to Albania'       [base]
  L21: '355. This corresponds to Albania'       [base]
  L22: '355. This corresponds to Albania'       [base]
  L23: '503, which corresponds to El'           [other]
  L24: '51. This corresponds to Peru,'          [other]
  L25: '51. This corresponds to Peru,'          [other]
  L26: '51. This corresponds to Peru,'          [other]
  L27: '503, which corresponds to El'           [other]
  L28: '503, which corresponds to El'           [other]

row 285: base=GY (gold='592') -> source=AZ (gold='994')  template=calling_code_prefill_v1
  question: 'What is the international calling code of the country in this image?'
  prefill : 'The calling code is +'
  unhooked: '592. This corresponds to the'
  L19: '592. This corresponds to the'           [base]
  L20: '592. This corresponds to the'           [base]
  L21: '592. This corresponds to Guy'           [base]
  L22: '592. This corresponds to the'           [base]
  L23: '976. This corresponds to the'           [other]
  L24: '95.'                                    [other]
  L25: '95.'                                    [other]
  L26: '95.'                                    [other]
  L27: '976. This corresponds to the'           [other]
  L28: '976. This corresponds to the'           [other]

row 286: base=AU (gold='61') -> source=BE (gold='32')  template=calling_code_prefill_v2
  question: 'Give the international dialling code of the country shown in this flag.'
  prefill : 'The dialling code is +'
  unhooked: '61.'
  L19: '61.'                                    [base]
  L20: '61.'                                    [base]
  L21: '61.'                                    [base]
  L22: '61.'                                    [base]
  L23: '61.'                                    [base]
  L24: '375.'                                   [other]
  L25: '375.'                                   [other]
  L26: '375.'                                   [other]
  L27: '375.'                                   [other]
  L28: '375.'                                   [other]

row 287: base=IQ (gold='964') -> source=NP (gold='977')  template=calling_code_prefill_v5
  question: 'Identify the international dialing code of the country shown in this flag.'
  prefill : 'The dialing code is +'
  unhooked: '964.'
  L19: '964.'                                   [base]
  L20: '964.'                                   [base]
  L21: '964.'                                   [base]
  L22: '964.'                                   [base]
  L23: '964.'                                   [base]
  L24: '964.'                                   [base]
  L25: '964.'                                   [base]
  L26: '964.'                                   [base]
  L27: '964.'                                   [base]
  L28: '964.'                                   [base]

row 288: base=LY (gold='218') -> source=HT (gold='509')  template=calling_code_prefill_v4
  question: 'What is the phone country code for the country in this image?'
  prefill : 'The phone code is +'
  unhooked: '218. This is the country'
  L19: '218. This is the country'               [base]
  L20: '218. This is the country'               [base]
  L21: '218. This is the country'               [base]
  L22: '218. This is the country'               [base]
  L23: '218. This is the country'               [base]
  L24: '52.'                                    [other]
  L25: '52.'                                    [other]
  L26: '52.'                                    [other]
  L27: '52.'                                    [other]
  L28: '52.'                                    [other]

row 289: base=LY (gold='218') -> source=PA (gold='507')  template=calling_code_prefill_v2
  question: 'Give the international dialling code of the country shown in this flag.'
  prefill : 'The dialling code is +'
  unhooked: '218.'
  L19: '218.'                                   [base]
  L20: '218.'                                   [base]
  L21: '218.'                                   [base]
  L22: '218.'                                   [base]
  L23: '52.'                                    [other]
  L24: '52.'                                    [other]
  L25: '52.'                                    [other]
  L26: '52.'                                    [other]
  L27: '52.'                                    [other]
  L28: '52.'                                    [other]

row 290: base=KW (gold='965') -> source=TN (gold='216')  template=calling_code_prefill_v3
  question: 'What is the country calling code for the country in this image?'
  prefill : 'The country calling code is +'
  unhooked: '965. This corresponds to Kuwait'
  L19: '965. This corresponds to Kuwait'        [base]
  L20: '965. This corresponds to Kuwait'        [base]
  L21: '965. This corresponds to Kuwait'        [base]
  L22: '965. This corresponds to Kuwait'        [base]
  L23: '260. This corresponds to the'           [other]
  L24: '260. This corresponds to the'           [other]
  L25: '260. This corresponds to the'           [other]
  L26: '260. This corresponds to the'           [other]
  L27: '264. This corresponds to Nam'           [other]
  L28: '264. This corresponds to Nam'           [other]

row 291: base=IQ (gold='964') -> source=BR (gold='55')  template=calling_code_prefill_v4
  question: 'What is the phone country code for the country in this image?'
  prefill : 'The phone code is +'
  unhooked: '964. This corresponds to Iraq'
  L19: '964. This corresponds to Iraq'          [base]
  L20: '964. This corresponds to Iraq'          [base]
  L21: '964. This corresponds to Iraq'          [base]
  L22: '964. This corresponds to Iraq'          [base]
  L23: '591. This corresponds to Par'           [other]
  L24: '591. This corresponds to Bolivia'       [other]
  L25: '591. This corresponds to Bolivia'       [other]
  L26: '591. This corresponds to Bolivia'       [other]
  L27: '52.'                                    [other]
  L28: '52.'                                    [other]

row 292: base=ES (gold='34') -> source=LY (gold='218')  template=calling_code_prefill_v2
  question: 'Give the international dialling code of the country shown in this flag.'
  prefill : 'The dialling code is +'
  unhooked: '34.'
  L19: '34.'                                    [base]
  L20: '34.'                                    [base]
  L21: '34.'                                    [base]
  L22: '34.'                                    [base]
  L23: '243.'                                   [other]
  L24: '243.'                                   [other]
  L25: '243.'                                   [other]
  L26: '243.'                                   [other]
  L27: '243.'                                   [other]
  L28: '243.'                                   [other]

row 293: base=BR (gold='55') -> source=SN (gold='221')  template=calling_code_prefill_v3
  question: 'What is the country calling code for the country in this image?'
  prefill : 'The country calling code is +'
  unhooked: '55. This is the country calling'
  L19: '55. This is the country calling'        [base]
  L20: '55. This is the country calling'        [base]
  L21: '55. This is the country calling'        [base]
  L22: '55. This is the country calling'        [base]
  L23: '253. This corresponds to the'           [other]
  L24: '253. This corresponds to the'           [other]
  L25: '253. This corresponds to the'           [other]
  L26: '253. This corresponds to the'           [other]
  L27: '256. This corresponds to Uganda'        [other]
  L28: '256, which corresponds to Uganda'       [other]

row 294: base=BD (gold='880') -> source=PA (gold='507')  template=calling_code_prefill_v2
  question: 'Give the international dialling code of the country shown in this flag.'
  prefill : 'The dialling code is +'
  unhooked: '880.'
  L19: '880.'                                   [base]
  L20: '880.'                                   [base]
  L21: '880.'                                   [base]
  L22: '880.'                                   [base]
  L23: '504.'                                   [other]
  L24: '504.'                                   [other]
  L25: '504.'                                   [other]
  L26: '504.'                                   [other]
  L27: '501.'                                   [other]
  L28: '501.'                                   [other]

row 295: base=BR (gold='55') -> source=GY (gold='592')  template=calling_code_prefill_v1
  question: 'What is the international calling code of the country in this image?'
  prefill : 'The calling code is +'
  unhooked: '55. This corresponds to Brazil,'
  L19: '55. This corresponds to Brazil,'        [base]
  L20: '55. This corresponds to Brazil,'        [base]
  L21: '55. This corresponds to Brazil,'        [base]
  L22: '55. This is the international direct'   [base]
  L23: '55. This corresponds to Brazil,'        [base]
  L24: '55. This corresponds to Brazil,'        [base]
  L25: '55. This corresponds to Brazil,'        [base]
  L26: '55. This corresponds to Brazil,'        [base]
  L27: '55. This corresponds to Brazil,'        [base]
  L28: '55. This corresponds to Brazil,'        [base]

row 296: base=HU (gold='36') -> source=IE (gold='353')  template=calling_code_prefill_v1
  question: 'What is the international calling code of the country in this image?'
  prefill : 'The calling code is +'
  unhooked: '36, which corresponds to Hungary.'
  L19: '36, which corresponds to Hungary.'      [base]
  L20: '36, which corresponds to Hungary.'      [base]
  L21: '36, which corresponds to Hungary.'      [base]
  L22: '36, which corresponds to Hungary.'      [base]
  L23: '36, which corresponds to Hungary.'      [base]
  L24: '36, which corresponds to Hungary.'      [base]
  L25: '36, which corresponds to Hungary.'      [base]
  L26: '36, which corresponds to Hungary.'      [base]
  L27: '36, which corresponds to Hungary.'      [base]
  L28: '36, which corresponds to Hungary.'      [base]

row 297: base=KH (gold='855') -> source=TZ (gold='255')  template=calling_code_prefill_v1
  question: 'What is the international calling code of the country in this image?'
  prefill : 'The calling code is +'
  unhooked: '855. This corresponds to Cambodia'
  L19: '855. This corresponds to Cambodia'      [base]
  L20: '855. This corresponds to Cambodia'      [base]
  L21: '855. This corresponds to Cambodia'      [base]
  L22: '235.'                                   [other]
  L23: '235.'                                   [other]
  L24: '235.'                                   [other]
  L25: '235.'                                   [other]
  L26: '235.'                                   [other]
  L27: '235.'                                   [other]
  L28: '235.'                                   [other]

row 298: base=HT (gold='509') -> source=BR (gold='55')  template=calling_code_prefill_v1
  question: 'What is the international calling code of the country in this image?'
  prefill : 'The calling code is +'
  unhooked: '509, which corresponds to Haiti'
  L19: '509, which corresponds to Haiti'        [base]
  L20: '509. This corresponds to the'           [base]
  L21: '509. This corresponds to the'           [base]
  L22: '509, which corresponds to Haiti'        [base]
  L23: '509, which corresponds to Haiti'        [base]
  L24: '509. This corresponds to Haiti'         [base]
  L25: '509, which corresponds to Haiti'        [base]
  L26: '509, which corresponds to Haiti'        [base]
  L27: '509, which corresponds to Haiti'        [base]
  L28: '509, which corresponds to Haiti'        [base]

row 299: base=KW (gold='965') -> source=SG (gold='65')  template=calling_code_prefill_v4
  question: 'What is the phone country code for the country in this image?'
  prefill : 'The phone code is +'
  unhooked: '965. This corresponds to Kuwait'
  L19: '965. This corresponds to Kuwait'        [HIT]
  L20: '965.'                                   [HIT]
  L21: '965. This corresponds to Kuwait'        [HIT]
  L22: '965. This corresponds to Kuwait'        [HIT]
  L23: '687. This corresponds to Kuwait'        [other]
  L24: '687. This corresponds to Kuwait'        [other]
  L25: '687. This corresponds to Kuwait'        [other]
  L26: '687. This corresponds to Kuwait'        [other]
  L27: '66.'                                    [other]
  L28: '66.'                                    [other]

row 300: base=RS (gold='381') -> source=CO (gold='57')  template=calling_code_prefill_v1
  question: 'What is the international calling code of the country in this image?'
  prefill : 'The calling code is +'
  unhooked: '381.'
  L19: '381.'                                   [base]
  L20: '381.'                                   [base]
  L21: '381.'                                   [base]
  L22: '381.'                                   [base]
  L23: '381.'                                   [base]
  L24: '54. This corresponds to Argentina.'     [other]
  L25: '54. This corresponds to Argentina.'     [other]
  L26: '54, which corresponds to Argentina.'    [other]
  L27: '54, which corresponds to Argentina.'    [other]
  L28: '54, which corresponds to Argentina.'    [other]

row 301: base=GY (gold='592') -> source=AU (gold='61')  template=calling_code_prefill_v6
  question: 'What country code do you dial to call this country?'
  prefill : 'The country code is +'
  unhooked: '592.'
  L19: '592.'                                   [base]
  L20: '592.'                                   [base]
  L21: '592. This is the international'         [base]
  L22: '592. This is the international'         [base]
  L23: '680, which corresponds to the'          [other]
  L24: '680, which corresponds to the'          [other]
  L25: '680, which corresponds to the'          [other]
  L26: '680. This is the country'               [other]
  L27: '680. This is the country'               [other]
  L28: '66.'                                    [other]

row 302: base=ET (gold='251') -> source=NI (gold='505')  template=calling_code_prefill_v6
  question: 'What country code do you dial to call this country?'
  prefill : 'The country code is +'
  unhooked: '251.'
  L19: '251.'                                   [base]
  L20: '251.'                                   [base]
  L21: '251.'                                   [base]
  L22: '251.'                                   [base]
  L23: '591. This is the country'               [other]
  L24: '591. This is the country'               [other]
  L25: '591. This is the country'               [other]
  L26: '591. This is the country'               [other]
  L27: '591.'                                   [other]
  L28: '591. This is the country'               [other]

row 303: base=MK (gold='389') -> source=DZ (gold='213')  template=calling_code_prefill_v6
  question: 'What country code do you dial to call this country?'
  prefill : 'The country code is +'
  unhooked: '389. This is the country'
  L19: '389. This is the country'               [base]
  L20: '389. This is the country'               [base]
  L21: '389. This is the country'               [base]
  L22: '389. This is the country'               [base]
  L23: '260.'                                   [other]
  L24: '260.'                                   [other]
  L25: '260.'                                   [other]
  L26: '260.'                                   [other]
  L27: '260.'                                   [other]
  L28: '260.'                                   [other]

row 304: base=KR (gold='82') -> source=DK (gold='45')  template=calling_code_prefill_v1
  question: 'What is the international calling code of the country in this image?'
  prefill : 'The calling code is +'
  unhooked: '82. This is the international direct'
  L19: '82. This is the international direct'   [base]
  L20: '82. This is the international direct'   [base]
  L21: '82. This is the international direct'   [base]
  L22: '82. This is the international direct'   [base]
  L23: '41.'                                    [other]
  L24: '41.'                                    [other]
  L25: '41.'                                    [other]
  L26: '41.'                                    [other]
  L27: '41.'                                    [other]
  L28: '41.'                                    [other]

row 305: base=JP (gold='81') -> source=AF (gold='93')  template=calling_code_prefill_v4
  question: 'What is the phone country code for the country in this image?'
  prefill : 'The phone code is +'
  unhooked: '86, which corresponds to China.'
  L19: '86, which corresponds to China.'        [other]
  L20: '91, which corresponds to India.'        [other]
  L21: '91, which corresponds to India.'        [other]
  L22: '91, which corresponds to India.'        [other]
  L23: '91, which corresponds to India.'        [other]
  L24: '91, which corresponds to India.'        [other]
  L25: '91, which corresponds to India.'        [other]
  L26: '91, which corresponds to India.'        [other]
  L27: '91, which corresponds to India.'        [other]
  L28: '91, which corresponds to India.'        [other]

row 306: base=AF (gold='93') -> source=GY (gold='592')  template=calling_code_prefill_v3
  question: 'What is the country calling code for the country in this image?'
  prefill : 'The country calling code is +'
  unhooked: '93, which corresponds to Afghanistan.'
  L19: '93, which corresponds to Afghanistan.'  [base]
  L20: '93, which corresponds to Afghanistan.'  [base]
  L21: '93, which corresponds to Afghanistan.'  [base]
  L22: '93, which corresponds to Afghanistan.'  [base]
  L23: '591. This corresponds to Bolivia'       [other]
  L24: '599. This corresponds to the'           [other]
  L25: '599. This corresponds to the'           [other]
  L26: '599. This corresponds to the'           [other]
  L27: '591. This corresponds to Bolivia'       [other]
  L28: '591. This corresponds to Bolivia'       [other]

row 307: base=LU (gold='352') -> source=SD (gold='249')  template=calling_code_prefill_v3
  question: 'What is the country calling code for the country in this image?'
  prefill : 'The country calling code is +'
  unhooked: '352. This corresponds to Luxembourg'
  L19: '352. This corresponds to Luxembourg'    [base]
  L20: '352. This corresponds to Luxembourg'    [base]
  L21: '352. This corresponds to Luxembourg'    [base]
  L22: '250. This corresponds to the'           [other]
  L23: '250. This corresponds to the'           [other]
  L24: '250. This corresponds to the'           [other]
  L25: '250. This corresponds to the'           [other]
  L26: '250. This corresponds to the'           [other]
  L27: '250. This corresponds to the'           [other]
  L28: '250. This corresponds to the'           [other]

row 308: base=PE (gold='51') -> source=AF (gold='93')  template=calling_code_prefill_v4
  question: 'What is the phone country code for the country in this image?'
  prefill : 'The phone code is +'
  unhooked: '51. This corresponds to Peru,'
  L19: '51. This corresponds to Peru,'          [base]
  L20: '51. This corresponds to Peru,'          [base]
  L21: '51. This corresponds to Peru,'          [base]
  L22: '51. This corresponds to Peru.'          [base]
  L23: '965. This corresponds to Kuwait'        [other]
  L24: '965. This corresponds to Kuwait'        [other]
  L25: '965. This corresponds to Kuwait'        [other]
  L26: '965. This corresponds to Kuwait'        [other]
  L27: '965. This corresponds to Kuwait'        [other]
  L28: '965. This corresponds to Kuwait'        [other]

row 309: base=LY (gold='218') -> source=AU (gold='61')  template=calling_code_prefill_v2
  question: 'Give the international dialling code of the country shown in this flag.'
  prefill : 'The dialling code is +'
  unhooked: '218.'
  L19: '218.'                                   [base]
  L20: '218.'                                   [base]
  L21: '218.'                                   [base]
  L22: '218.'                                   [base]
  L23: '674.'                                   [other]
  L24: '674.'                                   [other]
  L25: '674.'                                   [other]
  L26: '674.'                                   [other]
  L27: '674.'                                   [other]
  L28: '674.'                                   [other]

row 310: base=LR (gold='231') -> source=AL (gold='355')  template=calling_code_prefill_v1
  question: 'What is the international calling code of the country in this image?'
  prefill : 'The calling code is +'
  unhooked: '242. This corresponds to Liberia'
  L19: '242. This corresponds to Liberia'       [other]
  L20: '242. This corresponds to Liberia'       [other]
  L21: '242. This corresponds to Liberia'       [other]
  L22: '242. This corresponds to Liberia'       [other]
  L23: '385.'                                   [other]
  L24: '385.'                                   [other]
  L25: '385.'                                   [other]
  L26: '385.'                                   [other]
  L27: '385.'                                   [other]
  L28: '385.'                                   [other]

row 311: base=BZ (gold='501') -> source=SN (gold='221')  template=calling_code_prefill_v3
  question: 'What is the country calling code for the country in this image?'
  prefill : 'The country calling code is +'
  unhooked: '501. This corresponds to Belize'
  L19: '501. This corresponds to Belize'        [base]
  L20: '501. This corresponds to Belize'        [base]
  L21: '501. This corresponds to Belize'        [base]
  L22: '501. This corresponds to Belize'        [base]
  L23: '20. This corresponds to Egypt,'         [other]
  L24: '20. This corresponds to Egypt.'         [other]
  L25: '20. This corresponds to Egypt.'         [other]
  L26: '20. This corresponds to Egypt.'         [other]
  L27: '249. This corresponds to Belize'        [other]
  L28: '20. This corresponds to Egypt,'         [other]

row 312: base=KH (gold='855') -> source=NZ (gold='64')  template=calling_code_prefill_v4
  question: 'What is the phone country code for the country in this image?'
  prefill : 'The phone code is +'
  unhooked: '855. This corresponds to Cambodia'
  L19: '855. This corresponds to Cambodia'      [base]
  L20: '855. This corresponds to Cambodia'      [base]
  L21: '855. This corresponds to Cambodia'      [base]
  L22: '61.'                                    [other]
  L23: '61.'                                    [other]
  L24: '61.'                                    [other]
  L25: '61.'                                    [other]
  L26: '61.'                                    [other]
  L27: '61.'                                    [other]
  L28: '61.'                                    [other]

row 313: base=CU (gold='53') -> source=NZ (gold='64')  template=calling_code_prefill_v3
  question: 'What is the country calling code for the country in this image?'
  prefill : 'The country calling code is +'
  unhooked: '53, which corresponds to Cuba.'
  L19: '53, which corresponds to Cuba.'         [base]
  L20: '53, which corresponds to Cuba.'         [base]
  L21: '53, which corresponds to Cuba.'         [base]
  L22: '53, which corresponds to Cuba.'         [base]
  L23: '63. This corresponds to the country'    [other]
  L24: '63. This corresponds to the country'    [other]
  L25: '63. This corresponds to the country'    [other]
  L26: '63. This corresponds to the country'    [other]
  L27: '63. This corresponds to the country'    [other]
  L28: '63. This corresponds to the country'    [other]

row 314: base=BH (gold='973') -> source=IE (gold='353')  template=calling_code_prefill_v4
  question: 'What is the phone country code for the country in this image?'
  prefill : 'The phone code is +'
  unhooked: '973. This is the country'
  L19: '973. This is the country'               [base]
  L20: '973. This is the country'               [base]
  L21: '973. This is the country'               [base]
  L22: '973. This is the country'               [base]
  L23: '373. This corresponds to the'           [other]
  L24: '373. This corresponds to the'           [other]
  L25: '373. This corresponds to the'           [other]
  L26: '373. This corresponds to the'           [other]
  L27: '373. This corresponds to the'           [other]
  L28: '373. This corresponds to the'           [other]

row 315: base=IT (gold='39') -> source=BR (gold='55')  template=calling_code_prefill_v3
  question: 'What is the country calling code for the country in this image?'
  prefill : 'The country calling code is +'
  unhooked: '39, which corresponds to Italy.'
  L19: '39, which corresponds to Italy.'        [base]
  L20: '39, which corresponds to Italy.'        [base]
  L21: '39, which corresponds to Italy.'        [base]
  L22: '39, which corresponds to Italy.'        [base]
  L23: '590, which corresponds to Saint'        [other]
  L24: '590, which corresponds to Saint'        [other]
  L25: '590, which corresponds to Saint'        [other]
  L26: '590, which corresponds to Saint'        [other]
  L27: '590, which corresponds to Saint'        [other]
  L28: '590, which corresponds to Saint'        [other]

row 316: base=BZ (gold='501') -> source=PK (gold='92')  template=calling_code_prefill_v2
  question: 'Give the international dialling code of the country shown in this flag.'
  prefill : 'The dialling code is +'
  unhooked: '501.'
  L19: '501.'                                   [base]
  L20: '501.'                                   [base]
  L21: '501.'                                   [base]
  L22: '501.'                                   [base]
  L23: '91.'                                    [other]
  L24: '91.'                                    [other]
  L25: '91.'                                    [other]
  L26: '91.'                                    [other]
  L27: '91.'                                    [other]
  L28: '976.'                                   [other]

row 317: base=BD (gold='880') -> source=BZ (gold='501')  template=calling_code_prefill_v4
  question: 'What is the phone country code for the country in this image?'
  prefill : 'The phone code is +'
  unhooked: '880. This corresponds to Bangladesh'
  L19: '880. This is the country'               [base]
  L20: '880. This is the country'               [base]
  L21: '880. This is the country'               [base]
  L22: '880. This is the country'               [base]
  L23: '501. This corresponds to Guatemala'     [HIT]
  L24: '501. This corresponds to Guatemala'     [HIT]
  L25: '501. This corresponds to Guatemala'     [HIT]
  L26: '501. This corresponds to Guatemala'     [HIT]
  L27: '501. This corresponds to Guatemala'     [HIT]
  L28: '501. This corresponds to Guatemala'     [HIT]

row 318: base=TN (gold='216') -> source=NZ (gold='64')  template=calling_code_prefill_v4
  question: 'What is the phone country code for the country in this image?'
  prefill : 'The phone code is +'
  unhooked: '216. This corresponds to Tunisia'
  L19: '216. This corresponds to Tunisia'       [base]
  L20: '216. This corresponds to Tunisia'       [base]
  L21: '216. This corresponds to Tunisia'       [base]
  L22: '216. This corresponds to Tunisia'       [base]
  L23: '61.'                                    [other]
  L24: '61.'                                    [other]
  L25: '61.'                                    [other]
  L26: '61.'                                    [other]
  L27: '61.'                                    [other]
  L28: '61.'                                    [other]

row 319: base=JP (gold='81') -> source=HU (gold='36')  template=calling_code_prefill_v6
  question: 'What country code do you dial to call this country?'
  prefill : 'The country code is +'
  unhooked: '91.'
  L19: '91.'                                    [other]
  L20: '91.'                                    [other]
  L21: '91.'                                    [other]
  L22: '91.'                                    [other]
  L23: '91.'                                    [other]
  L24: '358.'                                   [other]
  L25: '358.'                                   [other]
  L26: '358.'                                   [other]
  L27: '358.'                                   [other]
  L28: '358.'                                   [other]

row 320: base=DE (gold='49') -> source=PA (gold='507')  template=calling_code_prefill_v6
  question: 'What country code do you dial to call this country?'
  prefill : 'The country code is +'
  unhooked: '49.'
  L19: '49.'                                    [base]
  L20: '49.'                                    [base]
  L21: '49.'                                    [base]
  L22: '49.'                                    [base]
  L23: '591.'                                   [other]
  L24: '52.'                                    [other]
  L25: '52.'                                    [other]
  L26: '591.'                                   [other]
  L27: '51.'                                    [other]
  L28: '51.'                                    [other]

row 321: base=ES (gold='34') -> source=GY (gold='592')  template=calling_code_prefill_v2
  question: 'Give the international dialling code of the country shown in this flag.'
  prefill : 'The dialling code is +'
  unhooked: '34.'
  L19: '34.'                                    [base]
  L20: '34.'                                    [base]
  L21: '34.'                                    [base]
  L22: '34.'                                    [base]
  L23: '52.'                                    [other]
  L24: '52.'                                    [other]
  L25: '52.'                                    [other]
  L26: '52.'                                    [other]
  L27: '52.'                                    [other]
  L28: '52.'                                    [other]

row 322: base=PA (gold='507') -> source=KR (gold='82')  template=calling_code_prefill_v5
  question: 'Identify the international dialing code of the country shown in this flag.'
  prefill : 'The dialing code is +'
  unhooked: '507.'
  L19: '507.'                                   [base]
  L20: '507.'                                   [base]
  L21: '507.'                                   [base]
  L22: '507.'                                   [base]
  L23: '855.'                                   [other]
  L24: '855.'                                   [other]
  L25: '855.'                                   [other]
  L26: '855.'                                   [other]
  L27: '86.'                                    [other]
  L28: '800 for Panama.'                        [other]

row 323: base=AU (gold='61') -> source=SD (gold='249')  template=calling_code_prefill_v4
  question: 'What is the phone country code for the country in this image?'
  prefill : 'The phone code is +'
  unhooked: '61. This is the country code'
  L19: '61. This is the country code'           [base]
  L20: '61. This is the country code'           [base]
  L21: '61. This is the country code'           [base]
  L22: '61. This is the country code'           [base]
  L23: '260.'                                   [other]
  L24: '260.'                                   [other]
  L25: '260.'                                   [other]
  L26: '260.'                                   [other]
  L27: '260.'                                   [other]
  L28: '260.'                                   [other]

row 324: base=AZ (gold='994') -> source=LR (gold='231')  template=calling_code_prefill_v6
  question: 'What country code do you dial to call this country?'
  prefill : 'The country code is +'
  unhooked: '994.'
  L19: '994.'                                   [base]
  L20: '994.'                                   [base]
  L21: '994.'                                   [base]
  L22: '994.'                                   [base]
  L23: '297.'                                   [other]
  L24: '294.'                                   [other]
  L25: '294.'                                   [other]
  L26: '294.'                                   [other]
  L27: '251.'                                   [other]
  L28: '251.'                                   [other]

row 325: base=JP (gold='81') -> source=EG (gold='20')  template=calling_code_prefill_v5
  question: 'Identify the international dialing code of the country shown in this flag.'
  prefill : 'The dialing code is +'
  unhooked: '86.'
  L19: '86.'                                    [other]
  L20: '90.'                                    [other]
  L21: '90.'                                    [other]
  L22: '250.'                                   [other]
  L23: '250.'                                   [other]
  L24: '250.'                                   [other]
  L25: '250.'                                   [other]
  L26: '234.'                                   [other]
  L27: '250.'                                   [other]
  L28: '250.'                                   [other]

row 326: base=KR (gold='82') -> source=PA (gold='507')  template=calling_code_prefill_v6
  question: 'What country code do you dial to call this country?'
  prefill : 'The country code is +'
  unhooked: '82. This is the country code'
  L19: '82. This is the country code'           [base]
  L20: '82. This is the country code'           [base]
  L21: '82. This is the country code'           [base]
  L22: '82. This is the country code'           [base]
  L23: '52.'                                    [other]
  L24: '52.'                                    [other]
  L25: '52.'                                    [other]
  L26: '52.'                                    [other]
  L27: '52.'                                    [other]
  L28: '52.'                                    [other]

row 327: base=JP (gold='81') -> source=UY (gold='598')  template=calling_code_prefill_v4
  question: 'What is the phone country code for the country in this image?'
  prefill : 'The phone code is +'
  unhooked: '86, which corresponds to China.'
  L19: '86, which corresponds to China.'        [other]
  L20: '86, which corresponds to China.'        [other]
  L21: '358. This corresponds to Finland'       [other]
  L22: '591, which corresponds to Bolivia'      [other]
  L23: '591, which corresponds to Bolivia'      [other]
  L24: '591, which corresponds to Bolivia'      [other]
  L25: '52, which corresponds to Mexico.'       [other]
  L26: '52, which corresponds to Mexico.'       [other]
  L27: '591, which corresponds to Bolivia'      [other]
  L28: '591, which corresponds to Par'          [other]

row 328: base=NZ (gold='64') -> source=DE (gold='49')  template=calling_code_prefill_v4
  question: 'What is the phone country code for the country in this image?'
  prefill : 'The phone code is +'
  unhooked: '64. This is the country code'
  L19: '64. This is the country code'           [base]
  L20: '64. This is the country code'           [base]
  L21: '64. This is the country code'           [base]
  L22: '64. This is the country code'           [base]
  L23: '47.'                                    [other]
  L24: '47.'                                    [other]
  L25: '47.'                                    [other]
  L26: '47.'                                    [other]
  L27: '47.'                                    [other]
  L28: '47.'                                    [other]

row 329: base=UZ (gold='998') -> source=DK (gold='45')  template=calling_code_prefill_v4
  question: 'What is the phone country code for the country in this image?'
  prefill : 'The phone code is +'
  unhooked: '998. This is the country'
  L19: '998. This is the country'               [base]
  L20: '998. This is the country'               [base]
  L21: '998. This is the country'               [base]
  L22: '998. This is the country'               [base]
  L23: '998.'                                   [base]
  L24: '49.'                                    [other]
  L25: '49.'                                    [other]
  L26: '49.'                                    [other]
  L27: '49, which corresponds to Germany.'      [other]
  L28: '49, which corresponds to Germany.'      [other]

row 330: base=BE (gold='32') -> source=DZ (gold='213')  template=calling_code_prefill_v6
  question: 'What country code do you dial to call this country?'
  prefill : 'The country code is +'
  unhooked: '32. This is the country code'
  L19: '32. This is the country code'           [base]
  L20: '32. This is the country code'           [base]
  L21: '32. This is the country code'           [base]
  L22: '250. This is the country'               [other]
  L23: '250. This is the country'               [other]
  L24: '250. This is the country'               [other]
  L25: '250. This is the country'               [other]
  L26: '250. This is the country'               [other]
  L27: '20. This is the country code'           [other]
  L28: '20. This is the country code'           [other]

row 331: base=HU (gold='36') -> source=AM (gold='374')  template=calling_code_prefill_v4
  question: 'What is the phone country code for the country in this image?'
  prefill : 'The phone code is +'
  unhooked: '36.'
  L19: '36.'                                    [base]
  L20: '36.'                                    [base]
  L21: '36.'                                    [base]
  L22: '36.'                                    [base]
  L23: '36.'                                    [base]
  L24: '36.'                                    [base]
  L25: '36.'                                    [base]
  L26: '36.'                                    [base]
  L27: '36.'                                    [base]
  L28: '36.'                                    [base]

row 332: base=DK (gold='45') -> source=PK (gold='92')  template=calling_code_prefill_v2
  question: 'Give the international dialling code of the country shown in this flag.'
  prefill : 'The dialling code is +'
  unhooked: '45.'
  L19: '45.'                                    [base]
  L20: '45.'                                    [base]
  L21: '45.'                                    [base]
  L22: '975.'                                   [other]
  L23: '975.'                                   [other]
  L24: '975.'                                   [other]
  L25: '975.'                                   [other]
  L26: '975.'                                   [other]
  L27: '975.'                                   [other]
  L28: '975.'                                   [other]

row 333: base=CY (gold='357') -> source=KH (gold='855')  template=calling_code_prefill_v2
  question: 'Give the international dialling code of the country shown in this flag.'
  prefill : 'The dialling code is +'
  unhooked: '357.'
  L19: '357.'                                   [base]
  L20: '357.'                                   [base]
  L21: '357.'                                   [base]
  L22: '357.'                                   [base]
  L23: '235.'                                   [other]
  L24: '852.'                                   [other]
  L25: '852.'                                   [other]
  L26: '852.'                                   [other]
  L27: '852.'                                   [other]
  L28: '852.'                                   [other]

row 334: base=PK (gold='92') -> source=KH (gold='855')  template=calling_code_prefill_v1
  question: 'What is the international calling code of the country in this image?'
  prefill : 'The calling code is +'
  unhooked: '92, which corresponds to Pakistan.'
  L19: '92, which corresponds to Pakistan.'     [base]
  L20: '92, which corresponds to Pakistan.'     [base]
  L21: '92, which corresponds to Pakistan.'     [base]
  L22: '92, which corresponds to Pakistan.'     [base]
  L23: '880. This corresponds to Pakistan'      [other]
  L24: '880. This corresponds to Pakistan'      [other]
  L25: '880. This corresponds to Pakistan'      [other]
  L26: '880. This corresponds to Pakistan'      [other]
  L27: '880. This corresponds to Pakistan'      [other]
  L28: '880. This corresponds to Pakistan'      [other]

row 335: base=QA (gold='974') -> source=RW (gold='250')  template=calling_code_prefill_v3
  question: 'What is the country calling code for the country in this image?'
  prefill : 'The country calling code is +'
  unhooked: '974. This corresponds to Qatar'
  L19: '974. This corresponds to Qatar'         [base]
  L20: '974. This corresponds to Qatar'         [base]
  L21: '974. This corresponds to Qatar'         [base]
  L22: '974. This corresponds to Qatar'         [base]
  L23: '230, which corresponds to Maurit'       [other]
  L24: '230. This corresponds to Maurit'        [other]
  L25: '230. This corresponds to Maurit'        [other]
  L26: '230. This corresponds to Maurit'        [other]
  L27: '230, which corresponds to Maurit'       [other]
  L28: '230, which corresponds to Maurit'       [other]

row 336: base=AU (gold='61') -> source=IT (gold='39')  template=calling_code_prefill_v4
  question: 'What is the phone country code for the country in this image?'
  prefill : 'The phone code is +'
  unhooked: '61. This is the country code'
  L19: '61. This is the country code'           [base]
  L20: '61. This is the country code'           [base]
  L21: '61. This is the country code'           [base]
  L22: '61. This is the country code'           [base]
  L23: '359. This corresponds to Bulgaria'      [other]
  L24: '359. This corresponds to Bulgaria'      [other]
  L25: '359. This corresponds to Bulgaria'      [other]
  L26: '359. This corresponds to Bulgaria'      [other]
  L27: '359. This corresponds to Bulgaria'      [other]
  L28: '359. This corresponds to Bulgaria'      [other]

row 337: base=BD (gold='880') -> source=PK (gold='92')  template=calling_code_prefill_v4
  question: 'What is the phone country code for the country in this image?'
  prefill : 'The phone code is +'
  unhooked: '880. This corresponds to Bangladesh'
  L19: '880. This is the country'               [base]
  L20: '880. This is the country'               [base]
  L21: '880. This is the country'               [base]
  L22: '880. This is the country'               [base]
  L23: '92. This corresponds to Bangladesh,'    [HIT]
  L24: '92. This corresponds to Bangladesh,'    [HIT]
  L25: '92. This corresponds to Bangladesh,'    [HIT]
  L26: '92. This corresponds to Bangladesh,'    [HIT]
  L27: '92. This corresponds to Bangladesh,'    [HIT]
  L28: '92. This corresponds to Bangladesh,'    [HIT]

row 338: base=PK (gold='92') -> source=AU (gold='61')  template=calling_code_prefill_v5
  question: 'Identify the international dialing code of the country shown in this flag.'
  prefill : 'The dialing code is +'
  unhooked: '92.'
  L19: '92.'                                    [base]
  L20: '92.'                                    [base]
  L21: '92.'                                    [base]
  L22: '92.'                                    [base]
  L23: '62.'                                    [other]
  L24: '62.'                                    [other]
  L25: '62.'                                    [other]
  L26: '62.'                                    [other]
  L27: '62.'                                    [other]
  L28: '62.'                                    [other]

row 339: base=IT (gold='39') -> source=BH (gold='973')  template=calling_code_prefill_v5
  question: 'Identify the international dialing code of the country shown in this flag.'
  prefill : 'The dialing code is +'
  unhooked: '39.'
  L19: '39.'                                    [base]
  L20: '39.'                                    [base]
  L21: '39.'                                    [base]
  L22: '39.'                                    [base]
  L23: '90.'                                    [other]
  L24: '90.'                                    [other]
  L25: '90.'                                    [other]
  L26: '90.'                                    [other]
  L27: '90.'                                    [other]
  L28: '90.'                                    [other]

row 340: base=NA (gold='264') -> source=KE (gold='254')  template=calling_code_prefill_v5
  question: 'Identify the international dialing code of the country shown in this flag.'
  prefill : 'The dialing code is +'
  unhooked: '264.'
  L19: '264.'                                   [base]
  L20: '264.'                                   [base]
  L21: '264.'                                   [base]
  L22: '264.'                                   [base]
  L23: '264.'                                   [base]
  L24: '264.'                                   [base]
  L25: '264.'                                   [base]
  L26: '264.'                                   [base]
  L27: '264.'                                   [base]
  L28: '264.'                                   [base]

row 341: base=RS (gold='381') -> source=QA (gold='974')  template=calling_code_prefill_v5
  question: 'Identify the international dialing code of the country shown in this flag.'
  prefill : 'The dialing code is +'
  unhooked: '381.'
  L19: '381.'                                   [base]
  L20: '381.'                                   [base]
  L21: '381.'                                   [base]
  L22: '381.'                                   [base]
  L23: '90.'                                    [other]
  L24: '90.'                                    [other]
  L25: '90.'                                    [other]
  L26: '90.'                                    [other]
  L27: '972.'                                   [other]
  L28: '972.'                                   [other]

row 342: base=AM (gold='374') -> source=RW (gold='250')  template=calling_code_prefill_v2
  question: 'Give the international dialling code of the country shown in this flag.'
  prefill : 'The dialling code is +'
  unhooked: '374.'
  L19: '374.'                                   [base]
  L20: '374.'                                   [base]
  L21: '374.'                                   [base]
  L22: '297.'                                   [other]
  L23: '297.'                                   [other]
  L24: '297.'                                   [other]
  L25: '297.'                                   [other]
  L26: '297.'                                   [other]
  L27: '297.'                                   [other]
  L28: '297.'                                   [other]

row 343: base=NA (gold='264') -> source=RS (gold='381')  template=calling_code_prefill_v5
  question: 'Identify the international dialing code of the country shown in this flag.'
  prefill : 'The dialing code is +'
  unhooked: '264.'
  L19: '264.'                                   [base]
  L20: '264.'                                   [base]
  L21: '264.'                                   [base]
  L22: '264.'                                   [base]
  L23: '374.'                                   [other]
  L24: '374.'                                   [other]
  L25: '374.'                                   [other]
  L26: '374.'                                   [other]
  L27: '31.'                                    [other]
  L28: '31.'                                    [other]

row 344: base=AF (gold='93') -> source=SN (gold='221')  template=calling_code_prefill_v2
  question: 'Give the international dialling code of the country shown in this flag.'
  prefill : 'The dialling code is +'
  unhooked: '93.'
  L19: '93.'                                    [base]
  L20: '93.'                                    [base]
  L21: '93.'                                    [base]
  L22: '93.'                                    [base]
  L23: '20.'                                    [other]
  L24: '20.'                                    [other]
  L25: '20.'                                    [other]
  L26: '20.'                                    [other]
  L27: '20.'                                    [other]
  L28: '20.'                                    [other]

row 345: base=ET (gold='251') -> source=OM (gold='968')  template=calling_code_prefill_v3
  question: 'What is the country calling code for the country in this image?'
  prefill : 'The country calling code is +'
  unhooked: '251. This corresponds to Ethiopia'
  L19: '251. This corresponds to Ethiopia'      [base]
  L20: '251. This corresponds to Ethiopia'      [base]
  L21: '251. This corresponds to Ethiopia'      [base]
  L22: '251. This corresponds to Ethiopia'      [base]
  L23: '251. This corresponds to Ethiopia'      [base]
  L24: '966. This corresponds to Saudi'         [other]
  L25: '966. This corresponds to Saudi'         [other]
  L26: '961. This corresponds to Lebanon'       [other]
  L27: '961. This corresponds to Lebanon'       [other]
  L28: '966. This corresponds to Saudi'         [other]

row 346: base=NZ (gold='64') -> source=TN (gold='216')  template=calling_code_prefill_v5
  question: 'Identify the international dialing code of the country shown in this flag.'
  prefill : 'The dialing code is +'
  unhooked: '64.'
  L19: '64.'                                    [base]
  L20: '64.'                                    [base]
  L21: '64.'                                    [base]
  L22: '64.'                                    [base]
  L23: '27.'                                    [other]
  L24: '27.'                                    [other]
  L25: '27.'                                    [other]
  L26: '27.'                                    [other]
  L27: '27.'                                    [other]
  L28: '27.'                                    [other]

row 347: base=EG (gold='20') -> source=TZ (gold='255')  template=calling_code_prefill_v1
  question: 'What is the international calling code of the country in this image?'
  prefill : 'The calling code is +'
  unhooked: '20. This is the international dial'
  L19: '20. This is the international direct'   [base]
  L20: '20. This is the international dial'     [base]
  L21: '20. This is the international dial'     [base]
  L22: '20. This is the international dial'     [base]
  L23: '20. This is the international dial'     [base]
  L24: '20. This is the international dial'     [base]
  L25: '20. This is the international dial'     [base]
  L26: '20. This is the international dial'     [base]
  L27: '20. This is the international dial'     [base]
  L28: '20. This is the international dial'     [base]

row 348: base=BD (gold='880') -> source=UZ (gold='998')  template=calling_code_prefill_v3
  question: 'What is the country calling code for the country in this image?'
  prefill : 'The country calling code is +'
  unhooked: '880. This is the country'
  L19: '880. This corresponds to Bangladesh'    [base]
  L20: '880. This is the country'               [base]
  L21: '880. This corresponds to Bangladesh'    [base]
  L22: '880. This corresponds to Bangladesh'    [base]
  L23: '92, which corresponds to Bangladesh.'   [other]
  L24: '92, which corresponds to Bangladesh.'   [other]
  L25: '92, which corresponds to Bangladesh.'   [other]
  L26: '92, which corresponds to Bangladesh.'   [other]
  L27: '92, which corresponds to Bangladesh.'   [other]
  L28: '92, which corresponds to Bangladesh.'   [other]

row 349: base=TZ (gold='255') -> source=GY (gold='592')  template=calling_code_prefill_v3
  question: 'What is the country calling code for the country in this image?'
  prefill : 'The country calling code is +'
  unhooked: '255. This corresponds to Tanzania'
  L19: '255. This corresponds to Tanzania'      [base]
  L20: '255. This corresponds to Tanzania'      [base]
  L21: '255. This corresponds to Tanzania'      [base]
  L22: '255. This corresponds to Tanzania'      [base]
  L23: '255. This corresponds to Tanzania'      [base]
  L24: '54. This corresponds to Argentina.'     [other]
  L25: '54, which corresponds to Argentina.'    [other]
  L26: '54, which corresponds to Argentina.'    [other]
  L27: '54, which corresponds to Argentina.'    [other]
  L28: '54, which corresponds to Argentina.'    [other]

row 350: base=EG (gold='20') -> source=IE (gold='353')  template=calling_code_prefill_v4
  question: 'What is the phone country code for the country in this image?'
  prefill : 'The phone code is +'
  unhooked: '20. This is the country code'
  L19: '20. This is the country code'           [base]
  L20: '20. This is the country code'           [base]
  L21: '20. This is the country code'           [base]
  L22: '20. This is the country code'           [base]
  L23: '39.'                                    [other]
  L24: '39.'                                    [other]
  L25: '39.'                                    [other]
  L26: '39.'                                    [other]
  L27: '39.'                                    [other]
  L28: '39.'                                    [other]

row 351: base=KE (gold='254') -> source=AL (gold='355')  template=calling_code_prefill_v4
  question: 'What is the phone country code for the country in this image?'
  prefill : 'The phone code is +'
  unhooked: '254. This corresponds to Kenya'
  L19: '254. This corresponds to Kenya'         [base]
  L20: '254. This corresponds to Kenya'         [base]
  L21: '254. This corresponds to Kenya'         [base]
  L22: '254. This corresponds to Kenya'         [base]
  L23: '254. This corresponds to Kenya'         [base]
  L24: '32.'                                    [other]
  L25: '32.'                                    [other]
  L26: '32.'                                    [other]
  L27: '39.'                                    [other]
  L28: '39.'                                    [other]

row 352: base=ES (gold='34') -> source=PK (gold='92')  template=calling_code_prefill_v3
  question: 'What is the country calling code for the country in this image?'
  prefill : 'The country calling code is +'
  unhooked: '34. This is the country calling'
  L19: '34, which corresponds to Spain.'        [base]
  L20: '34, which corresponds to Spain.'        [base]
  L21: '34. This is the country calling'        [base]
  L22: '91, which corresponds to India.'        [other]
  L23: '91, which corresponds to India.'        [other]
  L24: '91, which corresponds to India.'        [other]
  L25: '91, which corresponds to India.'        [other]
  L26: '91, which corresponds to India.'        [other]
  L27: '91, which corresponds to India.'        [other]
  L28: '91, which corresponds to India.'        [other]

row 353: base=AF (gold='93') -> source=NI (gold='505')  template=calling_code_prefill_v1
  question: 'What is the international calling code of the country in this image?'
  prefill : 'The calling code is +'
  unhooked: '93.'
  L19: '93.'                                    [base]
  L20: '93.'                                    [base]
  L21: '93.'                                    [base]
  L22: '93.'                                    [base]
  L23: '599.'                                   [other]
  L24: '599.'                                   [other]
  L25: '599.'                                   [other]
  L26: '599.'                                   [other]
  L27: '591.'                                   [other]
  L28: '591.'                                   [other]

row 354: base=YE (gold='967') -> source=ES (gold='34')  template=calling_code_prefill_v2
  question: 'Give the international dialling code of the country shown in this flag.'
  prefill : 'The dialling code is +'
  unhooked: '967.'
  L19: '967.'                                   [base]
  L20: '967.'                                   [base]
  L21: '967.'                                   [base]
  L22: '967.'                                   [base]
  L23: '39.'                                    [other]
  L24: '39.'                                    [other]
  L25: '39.'                                    [other]
  L26: '39.'                                    [other]
  L27: '350.'                                   [other]
  L28: '350.'                                   [other]

row 355: base=DZ (gold='213') -> source=BD (gold='880')  template=calling_code_prefill_v3
  question: 'What is the country calling code for the country in this image?'
  prefill : 'The country calling code is +'
  unhooked: '213. This is the country'
  L19: '213. This is the country'               [base]
  L20: '213. This is the country'               [base]
  L21: '213. This is the country'               [base]
  L22: '213. This is the country'               [base]
  L23: '213. This is the country'               [base]
  L24: '81.'                                    [other]
  L25: '81.'                                    [other]
  L26: '81.'                                    [other]
  L27: '81.'                                    [other]
  L28: '81.'                                    [other]

row 356: base=CY (gold='357') -> source=PK (gold='92')  template=calling_code_prefill_v4
  question: 'What is the phone country code for the country in this image?'
  prefill : 'The phone code is +'
  unhooked: '357.'
  L19: '357.'                                   [base]
  L20: '357.'                                   [base]
  L21: '357.'                                   [base]
  L22: '90.'                                    [other]
  L23: '90.'                                    [other]
  L24: '90.'                                    [other]
  L25: '90.'                                    [other]
  L26: '90.'                                    [other]
  L27: '90.'                                    [other]
  L28: '90.'                                    [other]

row 357: base=HU (gold='36') -> source=RO (gold='40')  template=calling_code_prefill_v2
  question: 'Give the international dialling code of the country shown in this flag.'
  prefill : 'The dialling code is +'
  unhooked: '36.'
  L19: '36.'                                    [base]
  L20: '36.'                                    [base]
  L21: '36.'                                    [base]
  L22: '36.'                                    [base]
  L23: '36.'                                    [base]
  L24: '43.'                                    [other]
  L25: '43.'                                    [other]
  L26: '43.'                                    [other]
  L27: '43.'                                    [other]
  L28: '43.'                                    [other]

row 358: base=CU (gold='53') -> source=UY (gold='598')  template=calling_code_prefill_v1
  question: 'What is the international calling code of the country in this image?'
  prefill : 'The calling code is +'
  unhooked: '53. This is the international dial'
  L19: '53. This is the international dial'     [base]
  L20: '53. This is the international dial'     [base]
  L21: '53. This is the international direct'   [base]
  L22: '53. This is the international dial'     [base]
  L23: '53. This is the international dial'     [base]
  L24: '53. This is the international dial'     [base]
  L25: '53. This is the international dial'     [base]
  L26: '53. This is the international dial'     [base]
  L27: '53. This is the international dial'     [base]
  L28: '53. This is the international dial'     [base]

row 359: base=ES (gold='34') -> source=CU (gold='53')  template=calling_code_prefill_v1
  question: 'What is the international calling code of the country in this image?'
  prefill : 'The calling code is +'
  unhooked: '34.'
  L19: '34.'                                    [base]
  L20: '34.'                                    [base]
  L21: '34.'                                    [base]
  L22: '34.'                                    [base]
  L23: '52.'                                    [other]
  L24: '52. This corresponds to Mexico,'        [other]
  L25: '52. This corresponds to Mexico,'        [other]
  L26: '52. This corresponds to Mexico,'        [other]
  L27: '52.'                                    [other]
  L28: '52.'                                    [other]

row 360: base=JP (gold='81') -> source=DK (gold='45')  template=calling_code_prefill_v4
  question: 'What is the phone country code for the country in this image?'
  prefill : 'The phone code is +'
  unhooked: '86, which corresponds to China.'
  L19: '86, which corresponds to China.'        [other]
  L20: '86, which corresponds to China.'        [other]
  L21: '86, which corresponds to China.'        [other]
  L22: '41. This is the country code'           [other]
  L23: '41. This is the country code'           [other]
  L24: '41. This is the country code'           [other]
  L25: '49, which corresponds to Germany.'      [other]
  L26: '41. This is the country code'           [other]
  L27: '41. This is the country code'           [other]
  L28: '41. This is the country code'           [other]

row 361: base=SG (gold='65') -> source=AZ (gold='994')  template=calling_code_prefill_v4
  question: 'What is the phone country code for the country in this image?'
  prefill : 'The phone code is +'
  unhooked: '65. This is the country code'
  L19: '65.'                                    [base]
  L20: '65. This is the country code'           [base]
  L21: '65. This is the country code'           [base]
  L22: '65. This is the country code'           [base]
  L23: '963.'                                   [other]
  L24: '963.'                                   [other]
  L25: '963.'                                   [other]
  L26: '963.'                                   [other]
  L27: '91.'                                    [other]
  L28: '91.'                                    [other]

row 362: base=UY (gold='598') -> source=CO (gold='57')  template=calling_code_prefill_v2
  question: 'Give the international dialling code of the country shown in this flag.'
  prefill : 'The dialling code is +'
  unhooked: '598.'
  L19: '598.'                                   [base]
  L20: '598.'                                   [base]
  L21: '598.'                                   [base]
  L22: '598.'                                   [base]
  L23: '598.'                                   [base]
  L24: '598.'                                   [base]
  L25: '598.'                                   [base]
  L26: '598.'                                   [base]
  L27: '598.'                                   [base]
  L28: '598.'                                   [base]

row 363: base=YE (gold='967') -> source=RS (gold='381')  template=calling_code_prefill_v4
  question: 'What is the phone country code for the country in this image?'
  prefill : 'The phone code is +'
  unhooked: '967. This corresponds to Yemen'
  L19: '967. This corresponds to Yemen'         [base]
  L20: '967. This corresponds to Yemen'         [base]
  L21: '967. This corresponds to Yemen'         [base]
  L22: '967. This corresponds to Yemen'         [base]
  L23: '39.'                                    [other]
  L24: '39.'                                    [other]
  L25: '39.'                                    [other]
  L26: '39.'                                    [other]
  L27: '39.'                                    [other]
  L28: '39.'                                    [other]

row 364: base=DE (gold='49') -> source=UY (gold='598')  template=calling_code_prefill_v4
  question: 'What is the phone country code for the country in this image?'
  prefill : 'The phone code is +'
  unhooked: '49.'
  L19: '49.'                                    [base]
  L20: '49.'                                    [base]
  L21: '49.'                                    [base]
  L22: '49.'                                    [base]
  L23: '51. This corresponds to Peru.'          [other]
  L24: '52.'                                    [other]
  L25: '51. This corresponds to Peru,'          [other]
  L26: '51. This corresponds to Peru,'          [other]
  L27: '51.'                                    [other]
  L28: '51.'                                    [other]

row 365: base=LU (gold='352') -> source=NI (gold='505')  template=calling_code_prefill_v1
  question: 'What is the international calling code of the country in this image?'
  prefill : 'The calling code is +'
  unhooked: '352.'
  L19: '352.'                                   [base]
  L20: '352.'                                   [base]
  L21: '352.'                                   [base]
  L22: '352.'                                   [base]
  L23: '590.'                                   [other]
  L24: '590.'                                   [other]
  L25: '590.'                                   [other]
  L26: '590.'                                   [other]
  L27: '590.'                                   [other]
  L28: '590.'                                   [other]

row 366: base=PA (gold='507') -> source=EG (gold='20')  template=calling_code_prefill_v3
  question: 'What is the country calling code for the country in this image?'
  prefill : 'The country calling code is +'
  unhooked: '507. This corresponds to Panama'
  L19: '507. This corresponds to Panama'        [base]
  L20: '507. This corresponds to Panama'        [base]
  L21: '507. This corresponds to Panama'        [base]
  L22: '507. This corresponds to Panama'        [base]
  L23: '20. This corresponds to Egypt,'         [HIT]
  L24: '20. This corresponds to Egypt,'         [HIT]
  L25: '20. This corresponds to Egypt,'         [HIT]
  L26: '20. This corresponds to Egypt,'         [HIT]
  L27: '20. This corresponds to Egypt,'         [HIT]
  L28: '20. This corresponds to Egypt,'         [HIT]

row 367: base=CY (gold='357') -> source=CU (gold='53')  template=calling_code_prefill_v1
  question: 'What is the international calling code of the country in this image?'
  prefill : 'The calling code is +'
  unhooked: '357.'
  L19: '357.'                                   [base]
  L20: '357.'                                   [base]
  L21: '357.'                                   [base]
  L22: '357.'                                   [base]
  L23: '597. This corresponds to Cyprus'        [other]
  L24: '597. This corresponds to Cyprus'        [other]
  L25: '597. This corresponds to Cyprus'        [other]
  L26: '597. This corresponds to Cyprus'        [other]
  L27: '597. This corresponds to Cyprus'        [other]
  L28: '597. This corresponds to Cyprus'        [other]

row 368: base=CU (gold='53') -> source=PK (gold='92')  template=calling_code_prefill_v1
  question: 'What is the international calling code of the country in this image?'
  prefill : 'The calling code is +'
  unhooked: '53. This is the international dial'
  L19: '53. This is the international dial'     [base]
  L20: '53. This is the international dial'     [base]
  L21: '53. This is the international dial'     [base]
  L22: '53. This is the international dial'     [base]
  L23: '95.'                                    [other]
  L24: '95.'                                    [other]
  L25: '95.'                                    [other]
  L26: '95.'                                    [other]
  L27: '95.'                                    [other]
  L28: '95.'                                    [other]

row 369: base=DK (gold='45') -> source=HT (gold='509')  template=calling_code_prefill_v2
  question: 'Give the international dialling code of the country shown in this flag.'
  prefill : 'The dialling code is +'
  unhooked: '45.'
  L19: '45.'                                    [base]
  L20: '45.'                                    [base]
  L21: '45.'                                    [base]
  L22: '508.'                                   [other]
  L23: '53.'                                    [other]
  L24: '53.'                                    [other]
  L25: '53.'                                    [other]
  L26: '53.'                                    [other]
  L27: '508.'                                   [other]
  L28: '508.'                                   [other]

row 370: base=ES (gold='34') -> source=EG (gold='20')  template=calling_code_prefill_v6
  question: 'What country code do you dial to call this country?'
  prefill : 'The country code is +'
  unhooked: '34.'
  L19: '34.'                                    [base]
  L20: '34.'                                    [base]
  L21: '34.'                                    [base]
  L22: '34.'                                    [base]
  L23: '243.'                                   [other]
  L24: '243.'                                   [other]
  L25: '243.'                                   [other]
  L26: '243.'                                   [other]
  L27: '243.'                                   [other]
  L28: '243.'                                   [other]

row 371: base=NA (gold='264') -> source=DK (gold='45')  template=calling_code_prefill_v1
  question: 'What is the international calling code of the country in this image?'
  prefill : 'The calling code is +'
  unhooked: '264. This corresponds to Nam'
  L19: '264. This corresponds to Nam'           [base]
  L20: '264. This corresponds to Nam'           [base]
  L21: '264. This corresponds to Nam'           [base]
  L22: '264. This corresponds to Nam'           [base]
  L23: '264. This corresponds to Nam'           [base]
  L24: '41. This is the international calling'  [other]
  L25: '41. This is the international calling'  [other]
  L26: '41. This is the international calling'  [other]
  L27: '41. This is the international calling'  [other]
  L28: '41. This is the international calling'  [other]

row 372: base=KH (gold='855') -> source=JO (gold='962')  template=calling_code_prefill_v2
  question: 'Give the international dialling code of the country shown in this flag.'
  prefill : 'The dialling code is +'
  unhooked: '855.'
  L19: '855.'                                   [base]
  L20: '855.'                                   [base]
  L21: '855.'                                   [base]
  L22: '235.'                                   [other]
  L23: '968.'                                   [other]
  L24: '968.'                                   [other]
  L25: '968.'                                   [other]
  L26: '968.'                                   [other]
  L27: '968.'                                   [other]
  L28: '968.'                                   [other]

row 373: base=QA (gold='974') -> source=EG (gold='20')  template=calling_code_prefill_v6
  question: 'What country code do you dial to call this country?'
  prefill : 'The country code is +'
  unhooked: '974.'
  L19: '974.'                                   [base]
  L20: '974.'                                   [base]
  L21: '974.'                                   [base]
  L22: '974.'                                   [base]
  L23: '230.'                                   [other]
  L24: '230.'                                   [other]
  L25: '230.'                                   [other]
  L26: '230.'                                   [other]
  L27: '230.'                                   [other]
  L28: '230.'                                   [other]

row 374: base=OM (gold='968') -> source=RS (gold='381')  template=calling_code_prefill_v6
  question: 'What country code do you dial to call this country?'
  prefill : 'The country code is +'
  unhooked: '968.'
  L19: '968.'                                   [base]
  L20: '968.'                                   [base]
  L21: '968.'                                   [base]
  L22: '968.'                                   [base]
  L23: '39.'                                    [other]
  L24: '39.'                                    [other]
  L25: '39.'                                    [other]
  L26: '39.'                                    [other]
  L27: '375.'                                   [other]
  L28: '39.'                                    [other]

row 375: base=AM (gold='374') -> source=YE (gold='967')  template=calling_code_prefill_v2
  question: 'Give the international dialling code of the country shown in this flag.'
  prefill : 'The dialling code is +'
  unhooked: '374.'
  L19: '374.'                                   [base]
  L20: '374.'                                   [base]
  L21: '374.'                                   [base]
  L22: '374.'                                   [base]
  L23: '961.'                                   [other]
  L24: '961.'                                   [other]
  L25: '961.'                                   [other]
  L26: '961.'                                   [other]
  L27: '961.'                                   [other]
  L28: '961.'                                   [other]

row 376: base=KR (gold='82') -> source=JP (gold='81')  template=calling_code_prefill_v1
  question: 'What is the international calling code of the country in this image?'
  prefill : 'The calling code is +'
  unhooked: '82. This is the international direct'
  L19: '82. This is the international direct'   [base]
  L20: '82. This is the international direct'   [base]
  L21: '82. This is the international direct'   [base]
  L22: '82. This is the international direct'   [base]
  L23: '82. This is the international direct'   [base]
  L24: '82. This is the international direct'   [base]
  L25: '82. This is the international direct'   [base]
  L26: '82. This is the international direct'   [base]
  L27: '82. This is the international direct'   [base]
  L28: '82. This is the international direct'   [base]

row 377: base=YE (gold='967') -> source=AZ (gold='994')  template=calling_code_prefill_v3
  question: 'What is the country calling code for the country in this image?'
  prefill : 'The country calling code is +'
  unhooked: '967, which corresponds to Yemen'
  L19: '967, which corresponds to Yemen'        [base]
  L20: '967, which corresponds to Yemen'        [base]
  L21: '967, which corresponds to Yemen'        [base]
  L22: '967, which corresponds to Yemen'        [base]
  L23: '967, which corresponds to Yemen'        [base]
  L24: '967. This corresponds to Yemen'         [base]
  L25: '967. This corresponds to Yemen'         [base]
  L26: '967, which corresponds to Yemen'        [base]
  L27: '967, which corresponds to Yemen'        [base]
  L28: '967, which corresponds to Yemen'        [base]

row 378: base=TZ (gold='255') -> source=CO (gold='57')  template=calling_code_prefill_v3
  question: 'What is the country calling code for the country in this image?'
  prefill : 'The country calling code is +'
  unhooked: '255. This corresponds to Tanzania'
  L19: '255. This corresponds to Tanzania'      [base]
  L20: '255. This corresponds to Tanzania'      [base]
  L21: '255. This corresponds to Tanzania'      [base]
  L22: '255. This corresponds to Tanzania'      [base]
  L23: '54. This corresponds to Argentina.'     [other]
  L24: '54, which corresponds to Argentina.'    [other]
  L25: '54. This corresponds to Argentina.'     [other]
  L26: '54. This corresponds to Argentina.'     [other]
  L27: '54, which corresponds to Argentina.'    [other]
  L28: '54, which corresponds to Argentina.'    [other]

row 379: base=IQ (gold='964') -> source=NI (gold='505')  template=calling_code_prefill_v6
  question: 'What country code do you dial to call this country?'
  prefill : 'The country code is +'
  unhooked: '964. This is the international'
  L19: '964.'                                   [base]
  L20: '964. This is the international'         [base]
  L21: '964. This is the international'         [base]
  L22: '964. This is the international'         [base]
  L23: '591. This is the country'               [other]
  L24: '591. This is the country'               [other]
  L25: '591. This is the country'               [other]
  L26: '591. This is the country'               [other]
  L27: '591. This is the country'               [other]
  L28: '591. This is the country'               [other]

row 380: base=NP (gold='977') -> source=SG (gold='65')  template=calling_code_prefill_v4
  question: 'What is the phone country code for the country in this image?'
  prefill : 'The phone code is +'
  unhooked: '977. This is the country'
  L19: '977. This is the country'               [base]
  L20: '977. This is the country'               [base]
  L21: '977. This is the country'               [base]
  L22: '977. This is the country'               [base]
  L23: '672. This is the country'               [other]
  L24: '679. This corresponds to Nepal'         [other]
  L25: '672. This is the country'               [other]
  L26: '672. This is the country'               [other]
  L27: '65.'                                    [HIT]
  L28: '65.'                                    [HIT]

row 381: base=NP (gold='977') -> source=LU (gold='352')  template=calling_code_prefill_v5
  question: 'Identify the international dialing code of the country shown in this flag.'
  prefill : 'The dialing code is +'
  unhooked: '977.'
  L19: '977.'                                   [base]
  L20: '977.'                                   [base]
  L21: '977.'                                   [base]
  L22: '977.'                                   [base]
  L23: '355.'                                   [other]
  L24: '355.'                                   [other]
  L25: '355.'                                   [other]
  L26: '355.'                                   [other]
  L27: '355.'                                   [other]
  L28: '355.'                                   [other]

row 382: base=PK (gold='92') -> source=TZ (gold='255')  template=calling_code_prefill_v5
  question: 'Identify the international dialing code of the country shown in this flag.'
  prefill : 'The dialing code is +'
  unhooked: '92.'
  L19: '92.'                                    [base]
  L20: '92.'                                    [base]
  L21: '92.'                                    [base]
  L22: '92.'                                    [base]
  L23: '254.'                                   [other]
  L24: '254.'                                   [other]
  L25: '254.'                                   [other]
  L26: '254.'                                   [other]
  L27: '254.'                                   [other]
  L28: '254.'                                   [other]

row 383: base=GY (gold='592') -> source=ET (gold='251')  template=calling_code_prefill_v4
  question: 'What is the phone country code for the country in this image?'
  prefill : 'The phone code is +'
  unhooked: '592. This corresponds to the'
  L19: '592. This corresponds to the'           [base]
  L20: '592. This corresponds to the'           [base]
  L21: '592. This corresponds to the'           [base]
  L22: '592. This corresponds to the'           [base]
  L23: '246. This corresponds to the'           [other]
  L24: '246. This corresponds to the'           [other]
  L25: '246. This corresponds to the'           [other]
  L26: '246. This corresponds to the'           [other]
  L27: '246. This corresponds to the'           [other]
  L28: '246. This corresponds to the'           [other]

====================================================================================================

SUMMARY: per-layer cause_hit / base_kept / other, over 384 rows
====================================================================================================
 layer        cause_hit        base_kept        other
    19     3/384 (  0.8%)   366/384 ( 95.3%)    15(  3.9%)
    20     3/384 (  0.8%)   365/384 ( 95.1%)    16(  4.2%)
    21     3/384 (  0.8%)   364/384 ( 94.8%)    17(  4.4%)
    22     4/384 (  1.0%)   332/384 ( 86.5%)    48( 12.5%)
    23    11/384 (  2.9%)   110/384 ( 28.6%)   263( 68.5%)
    24    13/384 (  3.4%)    55/384 ( 14.3%)   316( 82.3%)
    25    12/384 (  3.1%)    55/384 ( 14.3%)   317( 82.6%)
    26    12/384 (  3.1%)    55/384 ( 14.3%)   317( 82.6%)
    27    14/384 (  3.6%)    54/384 ( 14.1%)   316( 82.3%)
    28    14/384 (  3.6%)    55/384 ( 14.3%)   315( 82.0%)
