flags/language @ last_token, residual site, full source swap, layers 19-28
n_rows=384 (seed=0), batch_size=16, max_new_tokens=8
Token breakdown: every answer shown as its actual tokens (Qwen2.5-VL splits digits one-per-token)
Generated 2026-09-13T09:45:48Z

FULL PER-ROW LOG (TOKEN BREAKDOWN): flags/language @ last_token, residual, full source swap, n_rows=384, layers=[19, 20, 21, 22, 23, 24, 25, 26, 27, 28]
====================================================================================================

row 0: base=MA -> source=BY  template=language_prefill_v6
  question: 'Name a language used in the country depicted in this image.'
  prefill : 'A language spoken there is'
  gold base   (expected unhooked) : ' Arabic' = [' Arabic']
  gold source (expected if swap works): ' Belarusian' = [' Belarus', 'ian']
  unhooked: ' Arabic.<|im_end|><|endoftext|><|endoftext|><|endoftext|><|endoftext|><|endoftext|>' = [' Arabic', '.', '<|im_end|>', '<|endoftext|>', '<|endoftext|>', '<|endoftext|>', '<|endoftext|>', '<|endoftext|>']
  L19: ' Arabic.<|im_end|><|endoftext|><|endoftext|><|endoftext|><|endoftext|><|endoftext|>' = [' Arabic', '.', '<|im_end|>', '<|endoftext|>', '<|endoftext|>', '<|endoftext|>', '<|endoftext|>', '<|endoftext|>'] [base]
  L20: ' Arabic.<|im_end|><|endoftext|><|endoftext|><|endoftext|><|endoftext|><|endoftext|>' = [' Arabic', '.', '<|im_end|>', '<|endoftext|>', '<|endoftext|>', '<|endoftext|>', '<|endoftext|>', '<|endoftext|>'] [base]
  L21: ' Arabic.<|im_end|><|endoftext|><|endoftext|><|endoftext|><|endoftext|><|endoftext|>' = [' Arabic', '.', '<|im_end|>', '<|endoftext|>', '<|endoftext|>', '<|endoftext|>', '<|endoftext|>', '<|endoftext|>'] [base]
  L22: ' Moroccan Arabic, also known as Dari' = [' Moroccan', ' Arabic', ',', ' also', ' known', ' as', ' D', 'ari'] [other]
  L23: ' Russian.<|im_end|>' = [' Russian', '.', '<|im_end|>'] [other]
  L24: ' Belarusian.<|im_end|>' = [' Belarus', 'ian', '.', '<|im_end|>'] [HIT]
  L25: ' Belarusian.<|im_end|>' = [' Belarus', 'ian', '.', '<|im_end|>'] [HIT]
  L26: ' Belarusian.<|im_end|>' = [' Belarus', 'ian', '.', '<|im_end|>'] [HIT]
  L27: ' Belarusian.<|im_end|>' = [' Belarus', 'ian', '.', '<|im_end|>'] [HIT]
  L28: ' Belarusian.<|im_end|><|endoftext|><|endoftext|><|endoftext|><|endoftext|>' = [' Belarus', 'ian', '.', '<|im_end|>', '<|endoftext|>', '<|endoftext|>', '<|endoftext|>', '<|endoftext|>'] [HIT]

row 1: base=MU -> source=GR  template=language_prefill_v1
  question: 'Name an official language of the country in this image.'
  prefill : 'One official language is'
  gold base   (expected unhooked) : ' French' = [' French']
  gold source (expected if swap works): ' Greek' = [' Greek']
  unhooked: ' French.<|im_end|><|endoftext|><|endoftext|><|endoftext|><|endoftext|><|endoftext|>' = [' French', '.', '<|im_end|>', '<|endoftext|>', '<|endoftext|>', '<|endoftext|>', '<|endoftext|>', '<|endoftext|>']
  L19: ' French.<|im_end|><|endoftext|><|endoftext|><|endoftext|><|endoftext|><|endoftext|>' = [' French', '.', '<|im_end|>', '<|endoftext|>', '<|endoftext|>', '<|endoftext|>', '<|endoftext|>', '<|endoftext|>'] [base]
  L20: ' French.<|im_end|><|endoftext|><|endoftext|><|endoftext|><|endoftext|><|endoftext|>' = [' French', '.', '<|im_end|>', '<|endoftext|>', '<|endoftext|>', '<|endoftext|>', '<|endoftext|>', '<|endoftext|>'] [base]
  L21: ' French.<|im_end|><|endoftext|><|endoftext|><|endoftext|><|endoftext|><|endoftext|>' = [' French', '.', '<|im_end|>', '<|endoftext|>', '<|endoftext|>', '<|endoftext|>', '<|endoftext|>', '<|endoftext|>'] [base]
  L22: ' French.<|im_end|><|endoftext|><|endoftext|><|endoftext|><|endoftext|><|endoftext|>' = [' French', '.', '<|im_end|>', '<|endoftext|>', '<|endoftext|>', '<|endoftext|>', '<|endoftext|>', '<|endoftext|>'] [base]
  L23: ' Greek.<|im_end|>' = [' Greek', '.', '<|im_end|>'] [HIT]
  L24: ' Greek.<|im_end|><|endoftext|>' = [' Greek', '.', '<|im_end|>', '<|endoftext|>'] [HIT]
  L25: ' Greek.<|im_end|><|endoftext|>' = [' Greek', '.', '<|im_end|>', '<|endoftext|>'] [HIT]
  L26: ' Greek.<|im_end|><|endoftext|>' = [' Greek', '.', '<|im_end|>', '<|endoftext|>'] [HIT]
  L27: ' Greek.<|im_end|><|endoftext|>' = [' Greek', '.', '<|im_end|>', '<|endoftext|>'] [HIT]
  L28: ' Greek.<|im_end|><|endoftext|><|endoftext|><|endoftext|><|endoftext|><|endoftext|>' = [' Greek', '.', '<|im_end|>', '<|endoftext|>', '<|endoftext|>', '<|endoftext|>', '<|endoftext|>', '<|endoftext|>'] [HIT]

row 2: base=AR -> source=GR  template=language_prefill_v6
  question: 'Name a language used in the country depicted in this image.'
  prefill : 'A language spoken there is'
  gold base   (expected unhooked) : ' Guaraní' = [' Gu', 'aran', 'í']
  gold source (expected if swap works): ' Greek' = [' Greek']
  unhooked: ' Spanish.<|im_end|><|endoftext|><|endoftext|><|endoftext|><|endoftext|><|endoftext|>' = [' Spanish', '.', '<|im_end|>', '<|endoftext|>', '<|endoftext|>', '<|endoftext|>', '<|endoftext|>', '<|endoftext|>']
  L19: ' Spanish.<|im_end|><|endoftext|><|endoftext|><|endoftext|><|endoftext|><|endoftext|>' = [' Spanish', '.', '<|im_end|>', '<|endoftext|>', '<|endoftext|>', '<|endoftext|>', '<|endoftext|>', '<|endoftext|>'] [other]
  L20: ' Spanish.<|im_end|><|endoftext|><|endoftext|><|endoftext|><|endoftext|><|endoftext|>' = [' Spanish', '.', '<|im_end|>', '<|endoftext|>', '<|endoftext|>', '<|endoftext|>', '<|endoftext|>', '<|endoftext|>'] [other]
  L21: ' Spanish.<|im_end|><|endoftext|><|endoftext|><|endoftext|><|endoftext|><|endoftext|>' = [' Spanish', '.', '<|im_end|>', '<|endoftext|>', '<|endoftext|>', '<|endoftext|>', '<|endoftext|>', '<|endoftext|>'] [other]
  L22: ' Spanish.<|im_end|><|endoftext|><|endoftext|><|endoftext|><|endoftext|><|endoftext|>' = [' Spanish', '.', '<|im_end|>', '<|endoftext|>', '<|endoftext|>', '<|endoftext|>', '<|endoftext|>', '<|endoftext|>'] [other]
  L23: ' Spanish.<|im_end|>' = [' Spanish', '.', '<|im_end|>'] [other]
  L24: ' Greek.<|im_end|><|endoftext|>' = [' Greek', '.', '<|im_end|>', '<|endoftext|>'] [HIT]
  L25: ' Greek.<|im_end|><|endoftext|>' = [' Greek', '.', '<|im_end|>', '<|endoftext|>'] [HIT]
  L26: ' Greek.<|im_end|><|endoftext|>' = [' Greek', '.', '<|im_end|>', '<|endoftext|>'] [HIT]
  L27: ' Greek.<|im_end|><|endoftext|>' = [' Greek', '.', '<|im_end|>', '<|endoftext|>'] [HIT]
  L28: ' Greek.<|im_end|><|endoftext|><|endoftext|><|endoftext|><|endoftext|><|endoftext|>' = [' Greek', '.', '<|im_end|>', '<|endoftext|>', '<|endoftext|>', '<|endoftext|>', '<|endoftext|>', '<|endoftext|>'] [HIT]

row 3: base=GR -> source=SA  template=language_prefill_v3
  question: 'Tell me a language spoken in the country in this image.'
  prefill : 'A language spoken there is'
  gold base   (expected unhooked) : ' Greek' = [' Greek']
  gold source (expected if swap works): ' Arabic' = [' Arabic']
  unhooked: ' Greek.<|im_end|><|endoftext|><|endoftext|><|endoftext|><|endoftext|><|endoftext|>' = [' Greek', '.', '<|im_end|>', '<|endoftext|>', '<|endoftext|>', '<|endoftext|>', '<|endoftext|>', '<|endoftext|>']
  L19: ' Greek.<|im_end|><|endoftext|><|endoftext|><|endoftext|><|endoftext|><|endoftext|>' = [' Greek', '.', '<|im_end|>', '<|endoftext|>', '<|endoftext|>', '<|endoftext|>', '<|endoftext|>', '<|endoftext|>'] [base]
  L20: ' Greek.<|im_end|><|endoftext|><|endoftext|><|endoftext|><|endoftext|><|endoftext|>' = [' Greek', '.', '<|im_end|>', '<|endoftext|>', '<|endoftext|>', '<|endoftext|>', '<|endoftext|>', '<|endoftext|>'] [base]
  L21: ' Greek.<|im_end|><|endoftext|><|endoftext|><|endoftext|><|endoftext|><|endoftext|>' = [' Greek', '.', '<|im_end|>', '<|endoftext|>', '<|endoftext|>', '<|endoftext|>', '<|endoftext|>', '<|endoftext|>'] [base]
  L22: ' Greek.<|im_end|><|endoftext|><|endoftext|><|endoftext|><|endoftext|><|endoftext|>' = [' Greek', '.', '<|im_end|>', '<|endoftext|>', '<|endoftext|>', '<|endoftext|>', '<|endoftext|>', '<|endoftext|>'] [base]
  L23: ' Arabic.<|im_end|>' = [' Arabic', '.', '<|im_end|>'] [HIT]
  L24: ' Arabic.<|im_end|><|endoftext|>' = [' Arabic', '.', '<|im_end|>', '<|endoftext|>'] [HIT]
  L25: ' Arabic.<|im_end|><|endoftext|>' = [' Arabic', '.', '<|im_end|>', '<|endoftext|>'] [HIT]
  L26: ' Arabic.<|im_end|><|endoftext|>' = [' Arabic', '.', '<|im_end|>', '<|endoftext|>'] [HIT]
  L27: ' Arabic.<|im_end|><|endoftext|>' = [' Arabic', '.', '<|im_end|>', '<|endoftext|>'] [HIT]
  L28: ' Arabic.<|im_end|><|endoftext|><|endoftext|><|endoftext|><|endoftext|><|endoftext|>' = [' Arabic', '.', '<|im_end|>', '<|endoftext|>', '<|endoftext|>', '<|endoftext|>', '<|endoftext|>', '<|endoftext|>'] [HIT]

row 4: base=PY -> source=IN  template=language_prefill_v3
  question: 'Tell me a language spoken in the country in this image.'
  prefill : 'A language spoken there is'
  gold base   (expected unhooked) : ' Spanish' = [' Spanish']
  gold source (expected if swap works): ' Hindi' = [' Hindi']
  unhooked: ' Spanish, which is the official language of' = [' Spanish', ',', ' which', ' is', ' the', ' official', ' language', ' of']
  L19: ' Spanish, which is the official language of' = [' Spanish', ',', ' which', ' is', ' the', ' official', ' language', ' of'] [base]
  L20: ' Spanish, which is the official language of' = [' Spanish', ',', ' which', ' is', ' the', ' official', ' language', ' of'] [base]
  L21: ' Spanish, which is the official language of' = [' Spanish', ',', ' which', ' is', ' the', ' official', ' language', ' of'] [base]
  L22: ' Spanish.<|im_end|><|endoftext|><|endoftext|><|endoftext|><|endoftext|><|endoftext|>' = [' Spanish', '.', '<|im_end|>', '<|endoftext|>', '<|endoftext|>', '<|endoftext|>', '<|endoftext|>', '<|endoftext|>'] [base]
  L23: ' Hindi.<|im_end|>' = [' Hindi', '.', '<|im_end|>'] [HIT]
  L24: ' Hindi.<|im_end|><|endoftext|>' = [' Hindi', '.', '<|im_end|>', '<|endoftext|>'] [HIT]
  L25: ' Hindi.<|im_end|><|endoftext|>' = [' Hindi', '.', '<|im_end|>', '<|endoftext|>'] [HIT]
  L26: ' Hindi.<|im_end|><|endoftext|>' = [' Hindi', '.', '<|im_end|>', '<|endoftext|>'] [HIT]
  L27: ' Hindi.<|im_end|><|endoftext|>' = [' Hindi', '.', '<|im_end|>', '<|endoftext|>'] [HIT]
  L28: ' Hindi.<|im_end|><|endoftext|><|endoftext|><|endoftext|><|endoftext|><|endoftext|>' = [' Hindi', '.', '<|im_end|>', '<|endoftext|>', '<|endoftext|>', '<|endoftext|>', '<|endoftext|>', '<|endoftext|>'] [HIT]

row 5: base=PT -> source=PY  template=language_prefill_v3
  question: 'Tell me a language spoken in the country in this image.'
  prefill : 'A language spoken there is'
  gold base   (expected unhooked) : ' Portuguese' = [' Portuguese']
  gold source (expected if swap works): ' Spanish' = [' Spanish']
  unhooked: ' Portuguese.<|im_end|><|endoftext|><|endoftext|><|endoftext|><|endoftext|><|endoftext|>' = [' Portuguese', '.', '<|im_end|>', '<|endoftext|>', '<|endoftext|>', '<|endoftext|>', '<|endoftext|>', '<|endoftext|>']
  L19: ' Portuguese.<|im_end|><|endoftext|><|endoftext|><|endoftext|><|endoftext|><|endoftext|>' = [' Portuguese', '.', '<|im_end|>', '<|endoftext|>', '<|endoftext|>', '<|endoftext|>', '<|endoftext|>', '<|endoftext|>'] [base]
  L20: ' Portuguese.<|im_end|><|endoftext|><|endoftext|><|endoftext|><|endoftext|><|endoftext|>' = [' Portuguese', '.', '<|im_end|>', '<|endoftext|>', '<|endoftext|>', '<|endoftext|>', '<|endoftext|>', '<|endoftext|>'] [base]
  L21: ' Portuguese.<|im_end|><|endoftext|><|endoftext|><|endoftext|><|endoftext|><|endoftext|>' = [' Portuguese', '.', '<|im_end|>', '<|endoftext|>', '<|endoftext|>', '<|endoftext|>', '<|endoftext|>', '<|endoftext|>'] [base]
  L22: ' Portuguese.<|im_end|><|endoftext|><|endoftext|><|endoftext|><|endoftext|><|endoftext|>' = [' Portuguese', '.', '<|im_end|>', '<|endoftext|>', '<|endoftext|>', '<|endoftext|>', '<|endoftext|>', '<|endoftext|>'] [base]
  L23: ' Portuguese.<|im_end|>' = [' Portuguese', '.', '<|im_end|>'] [base]
  L24: ' Spanish.<|im_end|><|endoftext|>' = [' Spanish', '.', '<|im_end|>', '<|endoftext|>'] [HIT]
  L25: ' Spanish.<|im_end|><|endoftext|>' = [' Spanish', '.', '<|im_end|>', '<|endoftext|>'] [HIT]
  L26: ' Spanish.<|im_end|><|endoftext|>' = [' Spanish', '.', '<|im_end|>', '<|endoftext|>'] [HIT]
  L27: ' Spanish.<|im_end|><|endoftext|>' = [' Spanish', '.', '<|im_end|>', '<|endoftext|>'] [HIT]
  L28: ' Tatar.<|im_end|><|endoftext|><|endoftext|><|endoftext|><|endoftext|>' = [' T', 'atar', '.', '<|im_end|>', '<|endoftext|>', '<|endoftext|>', '<|endoftext|>', '<|endoftext|>'] [other]

row 6: base=MA -> source=SE  template=language_prefill_v1
  question: 'Name an official language of the country in this image.'
  prefill : 'One official language is'
  gold base   (expected unhooked) : ' Arabic' = [' Arabic']
  gold source (expected if swap works): ' Swedish' = [' Swedish']
  unhooked: ' Arabic.<|im_end|><|endoftext|><|endoftext|><|endoftext|><|endoftext|><|endoftext|>' = [' Arabic', '.', '<|im_end|>', '<|endoftext|>', '<|endoftext|>', '<|endoftext|>', '<|endoftext|>', '<|endoftext|>']
  L19: ' Arabic.<|im_end|><|endoftext|><|endoftext|><|endoftext|><|endoftext|><|endoftext|>' = [' Arabic', '.', '<|im_end|>', '<|endoftext|>', '<|endoftext|>', '<|endoftext|>', '<|endoftext|>', '<|endoftext|>'] [base]
  L20: ' Arabic.<|im_end|><|endoftext|><|endoftext|><|endoftext|><|endoftext|><|endoftext|>' = [' Arabic', '.', '<|im_end|>', '<|endoftext|>', '<|endoftext|>', '<|endoftext|>', '<|endoftext|>', '<|endoftext|>'] [base]
  L21: ' Arabic.<|im_end|><|endoftext|><|endoftext|><|endoftext|><|endoftext|><|endoftext|>' = [' Arabic', '.', '<|im_end|>', '<|endoftext|>', '<|endoftext|>', '<|endoftext|>', '<|endoftext|>', '<|endoftext|>'] [base]
  L22: ' Arabic.<|im_end|><|endoftext|><|endoftext|><|endoftext|><|endoftext|><|endoftext|>' = [' Arabic', '.', '<|im_end|>', '<|endoftext|>', '<|endoftext|>', '<|endoftext|>', '<|endoftext|>', '<|endoftext|>'] [base]
  L23: ' Swedish.<|im_end|>' = [' Swedish', '.', '<|im_end|>'] [HIT]
  L24: ' Swedish.<|im_end|><|endoftext|>' = [' Swedish', '.', '<|im_end|>', '<|endoftext|>'] [HIT]
  L25: ' Swedish.<|im_end|><|endoftext|>' = [' Swedish', '.', '<|im_end|>', '<|endoftext|>'] [HIT]
  L26: ' Swedish.<|im_end|><|endoftext|>' = [' Swedish', '.', '<|im_end|>', '<|endoftext|>'] [HIT]
  L27: ' Swedish.<|im_end|><|endoftext|>' = [' Swedish', '.', '<|im_end|>', '<|endoftext|>'] [HIT]
  L28: ' Swedish.<|im_end|><|endoftext|><|endoftext|><|endoftext|><|endoftext|><|endoftext|>' = [' Swedish', '.', '<|im_end|>', '<|endoftext|>', '<|endoftext|>', '<|endoftext|>', '<|endoftext|>', '<|endoftext|>'] [HIT]

row 7: base=HN -> source=GH  template=language_prefill_v1
  question: 'Name an official language of the country in this image.'
  prefill : 'One official language is'
  gold base   (expected unhooked) : ' Spanish' = [' Spanish']
  gold source (expected if swap works): ' English' = [' English']
  unhooked: ' Spanish.<|im_end|><|endoftext|><|endoftext|><|endoftext|><|endoftext|><|endoftext|>' = [' Spanish', '.', '<|im_end|>', '<|endoftext|>', '<|endoftext|>', '<|endoftext|>', '<|endoftext|>', '<|endoftext|>']
  L19: ' Spanish.<|im_end|><|endoftext|><|endoftext|><|endoftext|><|endoftext|><|endoftext|>' = [' Spanish', '.', '<|im_end|>', '<|endoftext|>', '<|endoftext|>', '<|endoftext|>', '<|endoftext|>', '<|endoftext|>'] [base]
  L20: ' Spanish.<|im_end|><|endoftext|><|endoftext|><|endoftext|><|endoftext|><|endoftext|>' = [' Spanish', '.', '<|im_end|>', '<|endoftext|>', '<|endoftext|>', '<|endoftext|>', '<|endoftext|>', '<|endoftext|>'] [base]
  L21: ' Spanish.<|im_end|><|endoftext|><|endoftext|><|endoftext|><|endoftext|><|endoftext|>' = [' Spanish', '.', '<|im_end|>', '<|endoftext|>', '<|endoftext|>', '<|endoftext|>', '<|endoftext|>', '<|endoftext|>'] [base]
  L22: ' Spanish.<|im_end|><|endoftext|><|endoftext|><|endoftext|><|endoftext|><|endoftext|>' = [' Spanish', '.', '<|im_end|>', '<|endoftext|>', '<|endoftext|>', '<|endoftext|>', '<|endoftext|>', '<|endoftext|>'] [base]
  L23: ' English.<|im_end|>' = [' English', '.', '<|im_end|>'] [HIT]
  L24: ' English.<|im_end|><|endoftext|>' = [' English', '.', '<|im_end|>', '<|endoftext|>'] [HIT]
  L25: ' English.<|im_end|><|endoftext|>' = [' English', '.', '<|im_end|>', '<|endoftext|>'] [HIT]
  L26: ' English.<|im_end|><|endoftext|>' = [' English', '.', '<|im_end|>', '<|endoftext|>'] [HIT]
  L27: ' English.<|im_end|><|endoftext|>' = [' English', '.', '<|im_end|>', '<|endoftext|>'] [HIT]
  L28: ' English.<|im_end|><|endoftext|><|endoftext|><|endoftext|><|endoftext|><|endoftext|>' = [' English', '.', '<|im_end|>', '<|endoftext|>', '<|endoftext|>', '<|endoftext|>', '<|endoftext|>', '<|endoftext|>'] [HIT]

row 8: base=PT -> source=GT  template=language_prefill_v5
  question: 'What language is officially spoken in the country shown in this flag?'
  prefill : 'The official language is'
  gold base   (expected unhooked) : ' Portuguese' = [' Portuguese']
  gold source (expected if swap works): ' Spanish' = [' Spanish']
  unhooked: ' Portuguese.<|im_end|><|endoftext|><|endoftext|><|endoftext|><|endoftext|><|endoftext|>' = [' Portuguese', '.', '<|im_end|>', '<|endoftext|>', '<|endoftext|>', '<|endoftext|>', '<|endoftext|>', '<|endoftext|>']
  L19: ' Portuguese.<|im_end|><|endoftext|><|endoftext|><|endoftext|><|endoftext|><|endoftext|>' = [' Portuguese', '.', '<|im_end|>', '<|endoftext|>', '<|endoftext|>', '<|endoftext|>', '<|endoftext|>', '<|endoftext|>'] [base]
  L20: ' Portuguese. The flag in the image is' = [' Portuguese', '.', ' The', ' flag', ' in', ' the', ' image', ' is'] [base]
  L21: ' Portuguese. The flag in the image is' = [' Portuguese', '.', ' The', ' flag', ' in', ' the', ' image', ' is'] [base]
  L22: ' Portuguese. The flag in the image is' = [' Portuguese', '.', ' The', ' flag', ' in', ' the', ' image', ' is'] [base]
  L23: ' Portuguese.<|im_end|>' = [' Portuguese', '.', '<|im_end|>'] [base]
  L24: ' Spanish.<|im_end|><|endoftext|>' = [' Spanish', '.', '<|im_end|>', '<|endoftext|>'] [HIT]
  L25: ' Spanish.<|im_end|><|endoftext|>' = [' Spanish', '.', '<|im_end|>', '<|endoftext|>'] [HIT]
  L26: ' Spanish.<|im_end|><|endoftext|>' = [' Spanish', '.', '<|im_end|>', '<|endoftext|>'] [HIT]
  L27: ' Spanish.<|im_end|><|endoftext|>' = [' Spanish', '.', '<|im_end|>', '<|endoftext|>'] [HIT]
  L28: ' Spanish.<|im_end|><|endoftext|><|endoftext|><|endoftext|><|endoftext|><|endoftext|>' = [' Spanish', '.', '<|im_end|>', '<|endoftext|>', '<|endoftext|>', '<|endoftext|>', '<|endoftext|>', '<|endoftext|>'] [HIT]

row 9: base=IS -> source=FI  template=language_prefill_v3
  question: 'Tell me a language spoken in the country in this image.'
  prefill : 'A language spoken there is'
  gold base   (expected unhooked) : ' Icelandic' = [' Icelandic']
  gold source (expected if swap works): ' Finnish' = [' Finnish']
  unhooked: ' Icelandic.<|im_end|><|endoftext|><|endoftext|><|endoftext|><|endoftext|><|endoftext|>' = [' Icelandic', '.', '<|im_end|>', '<|endoftext|>', '<|endoftext|>', '<|endoftext|>', '<|endoftext|>', '<|endoftext|>']
  L19: ' Icelandic.<|im_end|><|endoftext|><|endoftext|><|endoftext|><|endoftext|><|endoftext|>' = [' Icelandic', '.', '<|im_end|>', '<|endoftext|>', '<|endoftext|>', '<|endoftext|>', '<|endoftext|>', '<|endoftext|>'] [base]
  L20: ' Icelandic.<|im_end|><|endoftext|><|endoftext|><|endoftext|><|endoftext|><|endoftext|>' = [' Icelandic', '.', '<|im_end|>', '<|endoftext|>', '<|endoftext|>', '<|endoftext|>', '<|endoftext|>', '<|endoftext|>'] [base]
  L21: ' Icelandic.<|im_end|><|endoftext|><|endoftext|><|endoftext|><|endoftext|><|endoftext|>' = [' Icelandic', '.', '<|im_end|>', '<|endoftext|>', '<|endoftext|>', '<|endoftext|>', '<|endoftext|>', '<|endoftext|>'] [base]
  L22: ' Icelandic.<|im_end|><|endoftext|><|endoftext|><|endoftext|><|endoftext|><|endoftext|>' = [' Icelandic', '.', '<|im_end|>', '<|endoftext|>', '<|endoftext|>', '<|endoftext|>', '<|endoftext|>', '<|endoftext|>'] [base]
  L23: ' Finnish.<|im_end|>' = [' Finnish', '.', '<|im_end|>'] [HIT]
  L24: ' Finnish.<|im_end|><|endoftext|>' = [' Finnish', '.', '<|im_end|>', '<|endoftext|>'] [HIT]
  L25: ' Finnish.<|im_end|><|endoftext|>' = [' Finnish', '.', '<|im_end|>', '<|endoftext|>'] [HIT]
  L26: ' Finnish.<|im_end|><|endoftext|>' = [' Finnish', '.', '<|im_end|>', '<|endoftext|>'] [HIT]
  L27: ' Finnish.<|im_end|><|endoftext|>' = [' Finnish', '.', '<|im_end|>', '<|endoftext|>'] [HIT]
  L28: ' Finnish.<|im_end|><|endoftext|><|endoftext|><|endoftext|><|endoftext|><|endoftext|>' = [' Finnish', '.', '<|im_end|>', '<|endoftext|>', '<|endoftext|>', '<|endoftext|>', '<|endoftext|>', '<|endoftext|>'] [HIT]

row 10: base=SE -> source=PY  template=language_prefill_v6
  question: 'Name a language used in the country depicted in this image.'
  prefill : 'A language spoken there is'
  gold base   (expected unhooked) : ' Swedish' = [' Swedish']
  gold source (expected if swap works): ' Spanish' = [' Spanish']
  unhooked: ' Swedish.<|im_end|><|endoftext|><|endoftext|><|endoftext|><|endoftext|><|endoftext|>' = [' Swedish', '.', '<|im_end|>', '<|endoftext|>', '<|endoftext|>', '<|endoftext|>', '<|endoftext|>', '<|endoftext|>']
  L19: ' Swedish.<|im_end|><|endoftext|><|endoftext|><|endoftext|><|endoftext|><|endoftext|>' = [' Swedish', '.', '<|im_end|>', '<|endoftext|>', '<|endoftext|>', '<|endoftext|>', '<|endoftext|>', '<|endoftext|>'] [base]
  L20: ' Swedish.<|im_end|><|endoftext|><|endoftext|><|endoftext|><|endoftext|><|endoftext|>' = [' Swedish', '.', '<|im_end|>', '<|endoftext|>', '<|endoftext|>', '<|endoftext|>', '<|endoftext|>', '<|endoftext|>'] [base]
  L21: ' Swedish.<|im_end|><|endoftext|><|endoftext|><|endoftext|><|endoftext|><|endoftext|>' = [' Swedish', '.', '<|im_end|>', '<|endoftext|>', '<|endoftext|>', '<|endoftext|>', '<|endoftext|>', '<|endoftext|>'] [base]
  L22: ' Swedish.<|im_end|><|endoftext|><|endoftext|><|endoftext|><|endoftext|><|endoftext|>' = [' Swedish', '.', '<|im_end|>', '<|endoftext|>', '<|endoftext|>', '<|endoftext|>', '<|endoftext|>', '<|endoftext|>'] [base]
  L23: ' Swedish.<|im_end|>' = [' Swedish', '.', '<|im_end|>'] [base]
  L24: ' Spanish.<|im_end|><|endoftext|>' = [' Spanish', '.', '<|im_end|>', '<|endoftext|>'] [HIT]
  L25: ' Spanish.<|im_end|><|endoftext|>' = [' Spanish', '.', '<|im_end|>', '<|endoftext|>'] [HIT]
  L26: ' Spanish.<|im_end|><|endoftext|>' = [' Spanish', '.', '<|im_end|>', '<|endoftext|>'] [HIT]
  L27: ' Spanish.<|im_end|><|endoftext|>' = [' Spanish', '.', '<|im_end|>', '<|endoftext|>'] [HIT]
  L28: ' Spanish.<|im_end|><|endoftext|><|endoftext|><|endoftext|><|endoftext|><|endoftext|>' = [' Spanish', '.', '<|im_end|>', '<|endoftext|>', '<|endoftext|>', '<|endoftext|>', '<|endoftext|>', '<|endoftext|>'] [HIT]

row 11: base=GH -> source=GT  template=language_prefill_v1
  question: 'Name an official language of the country in this image.'
  prefill : 'One official language is'
  gold base   (expected unhooked) : ' English' = [' English']
  gold source (expected if swap works): ' Spanish' = [' Spanish']
  unhooked: ' English.<|im_end|><|endoftext|><|endoftext|><|endoftext|><|endoftext|><|endoftext|>' = [' English', '.', '<|im_end|>', '<|endoftext|>', '<|endoftext|>', '<|endoftext|>', '<|endoftext|>', '<|endoftext|>']
  L19: ' English.<|im_end|><|endoftext|><|endoftext|><|endoftext|><|endoftext|><|endoftext|>' = [' English', '.', '<|im_end|>', '<|endoftext|>', '<|endoftext|>', '<|endoftext|>', '<|endoftext|>', '<|endoftext|>'] [base]
  L20: ' English.<|im_end|><|endoftext|><|endoftext|><|endoftext|><|endoftext|><|endoftext|>' = [' English', '.', '<|im_end|>', '<|endoftext|>', '<|endoftext|>', '<|endoftext|>', '<|endoftext|>', '<|endoftext|>'] [base]
  L21: ' English.<|im_end|><|endoftext|><|endoftext|><|endoftext|><|endoftext|><|endoftext|>' = [' English', '.', '<|im_end|>', '<|endoftext|>', '<|endoftext|>', '<|endoftext|>', '<|endoftext|>', '<|endoftext|>'] [base]
  L22: ' English.<|im_end|><|endoftext|><|endoftext|><|endoftext|><|endoftext|><|endoftext|>' = [' English', '.', '<|im_end|>', '<|endoftext|>', '<|endoftext|>', '<|endoftext|>', '<|endoftext|>', '<|endoftext|>'] [base]
  L23: ' Spanish.<|im_end|>' = [' Spanish', '.', '<|im_end|>'] [HIT]
  L24: ' Spanish.<|im_end|><|endoftext|>' = [' Spanish', '.', '<|im_end|>', '<|endoftext|>'] [HIT]
  L25: ' Spanish.<|im_end|><|endoftext|>' = [' Spanish', '.', '<|im_end|>', '<|endoftext|>'] [HIT]
  L26: ' Spanish.<|im_end|><|endoftext|>' = [' Spanish', '.', '<|im_end|>', '<|endoftext|>'] [HIT]
  L27: ' Spanish.<|im_end|><|endoftext|>' = [' Spanish', '.', '<|im_end|>', '<|endoftext|>'] [HIT]
  L28: ' Spanish.<|im_end|><|endoftext|><|endoftext|><|endoftext|><|endoftext|><|endoftext|>' = [' Spanish', '.', '<|im_end|>', '<|endoftext|>', '<|endoftext|>', '<|endoftext|>', '<|endoftext|>', '<|endoftext|>'] [HIT]

row 12: base=PY -> source=FI  template=language_prefill_v4
  question: 'Identify one of the official languages of the country in this image.'
  prefill : 'One official language is'
  gold base   (expected unhooked) : ' Spanish' = [' Spanish']
  gold source (expected if swap works): ' Finnish' = [' Finnish']
  unhooked: ' Spanish.<|im_end|><|endoftext|><|endoftext|><|endoftext|><|endoftext|><|endoftext|>' = [' Spanish', '.', '<|im_end|>', '<|endoftext|>', '<|endoftext|>', '<|endoftext|>', '<|endoftext|>', '<|endoftext|>']
  L19: ' Spanish.<|im_end|><|endoftext|><|endoftext|><|endoftext|><|endoftext|><|endoftext|>' = [' Spanish', '.', '<|im_end|>', '<|endoftext|>', '<|endoftext|>', '<|endoftext|>', '<|endoftext|>', '<|endoftext|>'] [base]
  L20: ' Spanish.<|im_end|><|endoftext|><|endoftext|><|endoftext|><|endoftext|><|endoftext|>' = [' Spanish', '.', '<|im_end|>', '<|endoftext|>', '<|endoftext|>', '<|endoftext|>', '<|endoftext|>', '<|endoftext|>'] [base]
  L21: ' Spanish.<|im_end|><|endoftext|><|endoftext|><|endoftext|><|endoftext|><|endoftext|>' = [' Spanish', '.', '<|im_end|>', '<|endoftext|>', '<|endoftext|>', '<|endoftext|>', '<|endoftext|>', '<|endoftext|>'] [base]
  L22: ' Spanish.<|im_end|><|endoftext|><|endoftext|><|endoftext|><|endoftext|><|endoftext|>' = [' Spanish', '.', '<|im_end|>', '<|endoftext|>', '<|endoftext|>', '<|endoftext|>', '<|endoftext|>', '<|endoftext|>'] [base]
  L23: ' Finnish.<|im_end|>' = [' Finnish', '.', '<|im_end|>'] [HIT]
  L24: ' Finnish.<|im_end|><|endoftext|>' = [' Finnish', '.', '<|im_end|>', '<|endoftext|>'] [HIT]
  L25: ' Finnish.<|im_end|><|endoftext|>' = [' Finnish', '.', '<|im_end|>', '<|endoftext|>'] [HIT]
  L26: ' Finnish.<|im_end|><|endoftext|>' = [' Finnish', '.', '<|im_end|>', '<|endoftext|>'] [HIT]
  L27: ' Finnish.<|im_end|><|endoftext|>' = [' Finnish', '.', '<|im_end|>', '<|endoftext|>'] [HIT]
  L28: ' Finnish.<|im_end|><|endoftext|><|endoftext|><|endoftext|><|endoftext|><|endoftext|>' = [' Finnish', '.', '<|im_end|>', '<|endoftext|>', '<|endoftext|>', '<|endoftext|>', '<|endoftext|>', '<|endoftext|>'] [HIT]

row 13: base=CM -> source=PY  template=language_prefill_v1
  question: 'Name an official language of the country in this image.'
  prefill : 'One official language is'
  gold base   (expected unhooked) : ' French' = [' French']
  gold source (expected if swap works): ' Spanish' = [' Spanish']
  unhooked: ' French.<|im_end|><|endoftext|><|endoftext|><|endoftext|><|endoftext|><|endoftext|>' = [' French', '.', '<|im_end|>', '<|endoftext|>', '<|endoftext|>', '<|endoftext|>', '<|endoftext|>', '<|endoftext|>']
  L19: ' French.<|im_end|><|endoftext|><|endoftext|><|endoftext|><|endoftext|><|endoftext|>' = [' French', '.', '<|im_end|>', '<|endoftext|>', '<|endoftext|>', '<|endoftext|>', '<|endoftext|>', '<|endoftext|>'] [base]
  L20: ' French.<|im_end|><|endoftext|><|endoftext|><|endoftext|><|endoftext|><|endoftext|>' = [' French', '.', '<|im_end|>', '<|endoftext|>', '<|endoftext|>', '<|endoftext|>', '<|endoftext|>', '<|endoftext|>'] [base]
  L21: ' French.<|im_end|><|endoftext|><|endoftext|><|endoftext|><|endoftext|><|endoftext|>' = [' French', '.', '<|im_end|>', '<|endoftext|>', '<|endoftext|>', '<|endoftext|>', '<|endoftext|>', '<|endoftext|>'] [base]
  L22: ' French.<|im_end|><|endoftext|><|endoftext|><|endoftext|><|endoftext|><|endoftext|>' = [' French', '.', '<|im_end|>', '<|endoftext|>', '<|endoftext|>', '<|endoftext|>', '<|endoftext|>', '<|endoftext|>'] [base]
  L23: ' Spanish.<|im_end|>' = [' Spanish', '.', '<|im_end|>'] [HIT]
  L24: ' Spanish.<|im_end|><|endoftext|>' = [' Spanish', '.', '<|im_end|>', '<|endoftext|>'] [HIT]
  L25: ' Spanish.<|im_end|><|endoftext|>' = [' Spanish', '.', '<|im_end|>', '<|endoftext|>'] [HIT]
  L26: ' Spanish.<|im_end|><|endoftext|>' = [' Spanish', '.', '<|im_end|>', '<|endoftext|>'] [HIT]
  L27: ' Spanish.<|im_end|><|endoftext|>' = [' Spanish', '.', '<|im_end|>', '<|endoftext|>'] [HIT]
  L28: ' Spanish.<|im_end|><|endoftext|><|endoftext|><|endoftext|><|endoftext|><|endoftext|>' = [' Spanish', '.', '<|im_end|>', '<|endoftext|>', '<|endoftext|>', '<|endoftext|>', '<|endoftext|>', '<|endoftext|>'] [HIT]

row 14: base=GT -> source=MA  template=language_prefill_v5
  question: 'What language is officially spoken in the country shown in this flag?'
  prefill : 'The official language is'
  gold base   (expected unhooked) : ' Spanish' = [' Spanish']
  gold source (expected if swap works): ' Arabic' = [' Arabic']
  unhooked: ' Spanish.<|im_end|><|endoftext|><|endoftext|><|endoftext|><|endoftext|><|endoftext|>' = [' Spanish', '.', '<|im_end|>', '<|endoftext|>', '<|endoftext|>', '<|endoftext|>', '<|endoftext|>', '<|endoftext|>']
  L19: ' Spanish.<|im_end|><|endoftext|><|endoftext|><|endoftext|><|endoftext|><|endoftext|>' = [' Spanish', '.', '<|im_end|>', '<|endoftext|>', '<|endoftext|>', '<|endoftext|>', '<|endoftext|>', '<|endoftext|>'] [base]
  L20: ' Spanish.<|im_end|><|endoftext|><|endoftext|><|endoftext|><|endoftext|><|endoftext|>' = [' Spanish', '.', '<|im_end|>', '<|endoftext|>', '<|endoftext|>', '<|endoftext|>', '<|endoftext|>', '<|endoftext|>'] [base]
  L21: ' Spanish.<|im_end|><|endoftext|><|endoftext|><|endoftext|><|endoftext|><|endoftext|>' = [' Spanish', '.', '<|im_end|>', '<|endoftext|>', '<|endoftext|>', '<|endoftext|>', '<|endoftext|>', '<|endoftext|>'] [base]
  L22: ' Spanish.<|im_end|><|endoftext|><|endoftext|><|endoftext|><|endoftext|><|endoftext|>' = [' Spanish', '.', '<|im_end|>', '<|endoftext|>', '<|endoftext|>', '<|endoftext|>', '<|endoftext|>', '<|endoftext|>'] [base]
  L23: ' Arabic.<|im_end|>' = [' Arabic', '.', '<|im_end|>'] [HIT]
  L24: ' Arabic.<|im_end|><|endoftext|>' = [' Arabic', '.', '<|im_end|>', '<|endoftext|>'] [HIT]
  L25: ' Arabic.<|im_end|><|endoftext|>' = [' Arabic', '.', '<|im_end|>', '<|endoftext|>'] [HIT]
  L26: ' Arabic.<|im_end|><|endoftext|>' = [' Arabic', '.', '<|im_end|>', '<|endoftext|>'] [HIT]
  L27: ' Arabic.<|im_end|><|endoftext|>' = [' Arabic', '.', '<|im_end|>', '<|endoftext|>'] [HIT]
  L28: ' Arabic.<|im_end|><|endoftext|><|endoftext|><|endoftext|><|endoftext|><|endoftext|>' = [' Arabic', '.', '<|im_end|>', '<|endoftext|>', '<|endoftext|>', '<|endoftext|>', '<|endoftext|>', '<|endoftext|>'] [HIT]

row 15: base=CM -> source=PY  template=language_prefill_v3
  question: 'Tell me a language spoken in the country in this image.'
  prefill : 'A language spoken there is'
  gold base   (expected unhooked) : ' French' = [' French']
  gold source (expected if swap works): ' Spanish' = [' Spanish']
  unhooked: ' French, as it is one of the' = [' French', ',', ' as', ' it', ' is', ' one', ' of', ' the']
  L19: ' French, as it is one of the' = [' French', ',', ' as', ' it', ' is', ' one', ' of', ' the'] [base]
  L20: ' French, as it is one of the' = [' French', ',', ' as', ' it', ' is', ' one', ' of', ' the'] [base]
  L21: ' French, as it is one of the' = [' French', ',', ' as', ' it', ' is', ' one', ' of', ' the'] [base]
  L22: ' French, as it is one of the' = [' French', ',', ' as', ' it', ' is', ' one', ' of', ' the'] [base]
  L23: ' Spanish.<|im_end|>' = [' Spanish', '.', '<|im_end|>'] [HIT]
  L24: ' Spanish.<|im_end|><|endoftext|>' = [' Spanish', '.', '<|im_end|>', '<|endoftext|>'] [HIT]
  L25: ' Spanish.<|im_end|><|endoftext|>' = [' Spanish', '.', '<|im_end|>', '<|endoftext|>'] [HIT]
  L26: ' Spanish.<|im_end|><|endoftext|>' = [' Spanish', '.', '<|im_end|>', '<|endoftext|>'] [HIT]
  L27: ' Spanish.<|im_end|><|endoftext|>' = [' Spanish', '.', '<|im_end|>', '<|endoftext|>'] [HIT]
  L28: ' Tshiluba, which is one' = [' T', 'sh', 'il', 'uba', ',', ' which', ' is', ' one'] [other]

row 16: base=CL -> source=AO  template=language_prefill_v5
  question: 'What language is officially spoken in the country shown in this flag?'
  prefill : 'The official language is'
  gold base   (expected unhooked) : ' Spanish' = [' Spanish']
  gold source (expected if swap works): ' Portuguese' = [' Portuguese']
  unhooked: ' Spanish. The flag in the image is' = [' Spanish', '.', ' The', ' flag', ' in', ' the', ' image', ' is']
  L19: ' Spanish. The flag in the image is' = [' Spanish', '.', ' The', ' flag', ' in', ' the', ' image', ' is'] [base]
  L20: ' Spanish. The flag in the image is' = [' Spanish', '.', ' The', ' flag', ' in', ' the', ' image', ' is'] [base]
  L21: ' Spanish. The flag in the image is' = [' Spanish', '.', ' The', ' flag', ' in', ' the', ' image', ' is'] [base]
  L22: ' Spanish. The flag in the image is' = [' Spanish', '.', ' The', ' flag', ' in', ' the', ' image', ' is'] [base]
  L23: ' Portuguese. The flag in the image is' = [' Portuguese', '.', ' The', ' flag', ' in', ' the', ' image', ' is'] [HIT]
  L24: ' Portuguese. The flag in the image is' = [' Portuguese', '.', ' The', ' flag', ' in', ' the', ' image', ' is'] [HIT]
  L25: ' Portuguese. The flag in the image is' = [' Portuguese', '.', ' The', ' flag', ' in', ' the', ' image', ' is'] [HIT]
  L26: ' Portuguese. The flag in the image is' = [' Portuguese', '.', ' The', ' flag', ' in', ' the', ' image', ' is'] [HIT]
  L27: ' Portuguese. The flag in the image is' = [' Portuguese', '.', ' The', ' flag', ' in', ' the', ' image', ' is'] [HIT]
  L28: ' Portuguese. The flag in the image is' = [' Portuguese', '.', ' The', ' flag', ' in', ' the', ' image', ' is'] [HIT]

row 17: base=TH -> source=SE  template=language_prefill_v5
  question: 'What language is officially spoken in the country shown in this flag?'
  prefill : 'The official language is'
  gold base   (expected unhooked) : ' Thai' = [' Thai']
  gold source (expected if swap works): ' Swedish' = [' Swedish']
  unhooked: ' Thai.<|im_end|><|endoftext|><|endoftext|><|endoftext|><|endoftext|><|endoftext|>' = [' Thai', '.', '<|im_end|>', '<|endoftext|>', '<|endoftext|>', '<|endoftext|>', '<|endoftext|>', '<|endoftext|>']
  L19: ' Thai.<|im_end|><|endoftext|><|endoftext|><|endoftext|><|endoftext|><|endoftext|>' = [' Thai', '.', '<|im_end|>', '<|endoftext|>', '<|endoftext|>', '<|endoftext|>', '<|endoftext|>', '<|endoftext|>'] [base]
  L20: ' Thai.<|im_end|><|endoftext|><|endoftext|><|endoftext|><|endoftext|><|endoftext|>' = [' Thai', '.', '<|im_end|>', '<|endoftext|>', '<|endoftext|>', '<|endoftext|>', '<|endoftext|>', '<|endoftext|>'] [base]
  L21: ' Thai.<|im_end|><|endoftext|><|endoftext|><|endoftext|><|endoftext|><|endoftext|>' = [' Thai', '.', '<|im_end|>', '<|endoftext|>', '<|endoftext|>', '<|endoftext|>', '<|endoftext|>', '<|endoftext|>'] [base]
  L22: ' Swedish.<|im_end|><|endoftext|><|endoftext|><|endoftext|><|endoftext|><|endoftext|>' = [' Swedish', '.', '<|im_end|>', '<|endoftext|>', '<|endoftext|>', '<|endoftext|>', '<|endoftext|>', '<|endoftext|>'] [HIT]
  L23: ' Swedish.<|im_end|><|endoftext|><|endoftext|><|endoftext|><|endoftext|><|endoftext|>' = [' Swedish', '.', '<|im_end|>', '<|endoftext|>', '<|endoftext|>', '<|endoftext|>', '<|endoftext|>', '<|endoftext|>'] [HIT]
  L24: ' Swedish.<|im_end|><|endoftext|><|endoftext|><|endoftext|><|endoftext|><|endoftext|>' = [' Swedish', '.', '<|im_end|>', '<|endoftext|>', '<|endoftext|>', '<|endoftext|>', '<|endoftext|>', '<|endoftext|>'] [HIT]
  L25: ' Swedish.<|im_end|><|endoftext|><|endoftext|><|endoftext|><|endoftext|><|endoftext|>' = [' Swedish', '.', '<|im_end|>', '<|endoftext|>', '<|endoftext|>', '<|endoftext|>', '<|endoftext|>', '<|endoftext|>'] [HIT]
  L26: ' Swedish.<|im_end|><|endoftext|><|endoftext|><|endoftext|><|endoftext|><|endoftext|>' = [' Swedish', '.', '<|im_end|>', '<|endoftext|>', '<|endoftext|>', '<|endoftext|>', '<|endoftext|>', '<|endoftext|>'] [HIT]
  L27: ' Swedish.<|im_end|><|endoftext|><|endoftext|><|endoftext|><|endoftext|><|endoftext|>' = [' Swedish', '.', '<|im_end|>', '<|endoftext|>', '<|endoftext|>', '<|endoftext|>', '<|endoftext|>', '<|endoftext|>'] [HIT]
  L28: ' Swedish.<|im_end|><|endoftext|><|endoftext|><|endoftext|><|endoftext|><|endoftext|>' = [' Swedish', '.', '<|im_end|>', '<|endoftext|>', '<|endoftext|>', '<|endoftext|>', '<|endoftext|>', '<|endoftext|>'] [HIT]

row 18: base=GR -> source=IS  template=language_prefill_v3
  question: 'Tell me a language spoken in the country in this image.'
  prefill : 'A language spoken there is'
  gold base   (expected unhooked) : ' Greek' = [' Greek']
  gold source (expected if swap works): ' Icelandic' = [' Icelandic']
  unhooked: ' Greek.<|im_end|><|endoftext|><|endoftext|><|endoftext|><|endoftext|><|endoftext|>' = [' Greek', '.', '<|im_end|>', '<|endoftext|>', '<|endoftext|>', '<|endoftext|>', '<|endoftext|>', '<|endoftext|>']
  L19: ' Greek.<|im_end|><|endoftext|><|endoftext|><|endoftext|><|endoftext|><|endoftext|>' = [' Greek', '.', '<|im_end|>', '<|endoftext|>', '<|endoftext|>', '<|endoftext|>', '<|endoftext|>', '<|endoftext|>'] [base]
  L20: ' Greek.<|im_end|><|endoftext|><|endoftext|><|endoftext|><|endoftext|><|endoftext|>' = [' Greek', '.', '<|im_end|>', '<|endoftext|>', '<|endoftext|>', '<|endoftext|>', '<|endoftext|>', '<|endoftext|>'] [base]
  L21: ' Greek.<|im_end|><|endoftext|><|endoftext|><|endoftext|><|endoftext|><|endoftext|>' = [' Greek', '.', '<|im_end|>', '<|endoftext|>', '<|endoftext|>', '<|endoftext|>', '<|endoftext|>', '<|endoftext|>'] [base]
  L22: ' Greek.<|im_end|><|endoftext|><|endoftext|><|endoftext|><|endoftext|><|endoftext|>' = [' Greek', '.', '<|im_end|>', '<|endoftext|>', '<|endoftext|>', '<|endoftext|>', '<|endoftext|>', '<|endoftext|>'] [base]
  L23: ' Greek.<|im_end|><|endoftext|><|endoftext|><|endoftext|><|endoftext|><|endoftext|>' = [' Greek', '.', '<|im_end|>', '<|endoftext|>', '<|endoftext|>', '<|endoftext|>', '<|endoftext|>', '<|endoftext|>'] [base]
  L24: ' Icelandic.<|im_end|><|endoftext|><|endoftext|><|endoftext|><|endoftext|><|endoftext|>' = [' Icelandic', '.', '<|im_end|>', '<|endoftext|>', '<|endoftext|>', '<|endoftext|>', '<|endoftext|>', '<|endoftext|>'] [HIT]
  L25: ' Icelandic.<|im_end|><|endoftext|><|endoftext|><|endoftext|><|endoftext|><|endoftext|>' = [' Icelandic', '.', '<|im_end|>', '<|endoftext|>', '<|endoftext|>', '<|endoftext|>', '<|endoftext|>', '<|endoftext|>'] [HIT]
  L26: ' Icelandic.<|im_end|><|endoftext|><|endoftext|><|endoftext|><|endoftext|><|endoftext|>' = [' Icelandic', '.', '<|im_end|>', '<|endoftext|>', '<|endoftext|>', '<|endoftext|>', '<|endoftext|>', '<|endoftext|>'] [HIT]
  L27: ' Icelandic.<|im_end|><|endoftext|><|endoftext|><|endoftext|><|endoftext|><|endoftext|>' = [' Icelandic', '.', '<|im_end|>', '<|endoftext|>', '<|endoftext|>', '<|endoftext|>', '<|endoftext|>', '<|endoftext|>'] [HIT]
  L28: ' Icelandic.<|im_end|><|endoftext|><|endoftext|><|endoftext|><|endoftext|><|endoftext|>' = [' Icelandic', '.', '<|im_end|>', '<|endoftext|>', '<|endoftext|>', '<|endoftext|>', '<|endoftext|>', '<|endoftext|>'] [HIT]

row 19: base=SA -> source=CL  template=language_prefill_v4
  question: 'Identify one of the official languages of the country in this image.'
  prefill : 'One official language is'
  gold base   (expected unhooked) : ' Arabic' = [' Arabic']
  gold source (expected if swap works): ' Spanish' = [' Spanish']
  unhooked: ' Arabic.<|im_end|><|endoftext|><|endoftext|><|endoftext|><|endoftext|><|endoftext|>' = [' Arabic', '.', '<|im_end|>', '<|endoftext|>', '<|endoftext|>', '<|endoftext|>', '<|endoftext|>', '<|endoftext|>']
  L19: ' Arabic.<|im_end|><|endoftext|><|endoftext|><|endoftext|><|endoftext|><|endoftext|>' = [' Arabic', '.', '<|im_end|>', '<|endoftext|>', '<|endoftext|>', '<|endoftext|>', '<|endoftext|>', '<|endoftext|>'] [base]
  L20: ' Arabic.<|im_end|><|endoftext|><|endoftext|><|endoftext|><|endoftext|><|endoftext|>' = [' Arabic', '.', '<|im_end|>', '<|endoftext|>', '<|endoftext|>', '<|endoftext|>', '<|endoftext|>', '<|endoftext|>'] [base]
  L21: ' Arabic.<|im_end|><|endoftext|><|endoftext|><|endoftext|><|endoftext|><|endoftext|>' = [' Arabic', '.', '<|im_end|>', '<|endoftext|>', '<|endoftext|>', '<|endoftext|>', '<|endoftext|>', '<|endoftext|>'] [base]
  L22: ' Arabic.<|im_end|><|endoftext|><|endoftext|><|endoftext|><|endoftext|><|endoftext|>' = [' Arabic', '.', '<|im_end|>', '<|endoftext|>', '<|endoftext|>', '<|endoftext|>', '<|endoftext|>', '<|endoftext|>'] [base]
  L23: ' Spanish.<|im_end|><|endoftext|><|endoftext|><|endoftext|><|endoftext|><|endoftext|>' = [' Spanish', '.', '<|im_end|>', '<|endoftext|>', '<|endoftext|>', '<|endoftext|>', '<|endoftext|>', '<|endoftext|>'] [HIT]
  L24: ' Spanish.<|im_end|><|endoftext|><|endoftext|><|endoftext|><|endoftext|><|endoftext|>' = [' Spanish', '.', '<|im_end|>', '<|endoftext|>', '<|endoftext|>', '<|endoftext|>', '<|endoftext|>', '<|endoftext|>'] [HIT]
  L25: ' Spanish.<|im_end|><|endoftext|><|endoftext|><|endoftext|><|endoftext|><|endoftext|>' = [' Spanish', '.', '<|im_end|>', '<|endoftext|>', '<|endoftext|>', '<|endoftext|>', '<|endoftext|>', '<|endoftext|>'] [HIT]
  L26: ' Spanish.<|im_end|><|endoftext|><|endoftext|><|endoftext|><|endoftext|><|endoftext|>' = [' Spanish', '.', '<|im_end|>', '<|endoftext|>', '<|endoftext|>', '<|endoftext|>', '<|endoftext|>', '<|endoftext|>'] [HIT]
  L27: ' Spanish.<|im_end|><|endoftext|><|endoftext|><|endoftext|><|endoftext|><|endoftext|>' = [' Spanish', '.', '<|im_end|>', '<|endoftext|>', '<|endoftext|>', '<|endoftext|>', '<|endoftext|>', '<|endoftext|>'] [HIT]
  L28: ' Spanish.<|im_end|><|endoftext|><|endoftext|><|endoftext|><|endoftext|><|endoftext|>' = [' Spanish', '.', '<|im_end|>', '<|endoftext|>', '<|endoftext|>', '<|endoftext|>', '<|endoftext|>', '<|endoftext|>'] [HIT]

row 20: base=VN -> source=PY  template=language_prefill_v1
  question: 'Name an official language of the country in this image.'
  prefill : 'One official language is'
  gold base   (expected unhooked) : ' Vietnamese' = [' Vietnamese']
  gold source (expected if swap works): ' Spanish' = [' Spanish']
  unhooked: ' Vietnamese.<|im_end|><|endoftext|><|endoftext|><|endoftext|><|endoftext|><|endoftext|>' = [' Vietnamese', '.', '<|im_end|>', '<|endoftext|>', '<|endoftext|>', '<|endoftext|>', '<|endoftext|>', '<|endoftext|>']
  L19: ' Vietnamese.<|im_end|><|endoftext|><|endoftext|><|endoftext|><|endoftext|><|endoftext|>' = [' Vietnamese', '.', '<|im_end|>', '<|endoftext|>', '<|endoftext|>', '<|endoftext|>', '<|endoftext|>', '<|endoftext|>'] [base]
  L20: ' Vietnamese.<|im_end|><|endoftext|><|endoftext|><|endoftext|><|endoftext|><|endoftext|>' = [' Vietnamese', '.', '<|im_end|>', '<|endoftext|>', '<|endoftext|>', '<|endoftext|>', '<|endoftext|>', '<|endoftext|>'] [base]
  L21: ' Vietnamese.<|im_end|><|endoftext|><|endoftext|><|endoftext|><|endoftext|><|endoftext|>' = [' Vietnamese', '.', '<|im_end|>', '<|endoftext|>', '<|endoftext|>', '<|endoftext|>', '<|endoftext|>', '<|endoftext|>'] [base]
  L22: ' Vietnamese.<|im_end|><|endoftext|><|endoftext|><|endoftext|><|endoftext|><|endoftext|>' = [' Vietnamese', '.', '<|im_end|>', '<|endoftext|>', '<|endoftext|>', '<|endoftext|>', '<|endoftext|>', '<|endoftext|>'] [base]
  L23: ' Vietnamese.<|im_end|><|endoftext|><|endoftext|><|endoftext|><|endoftext|><|endoftext|>' = [' Vietnamese', '.', '<|im_end|>', '<|endoftext|>', '<|endoftext|>', '<|endoftext|>', '<|endoftext|>', '<|endoftext|>'] [base]
  L24: ' Spanish.<|im_end|><|endoftext|><|endoftext|><|endoftext|><|endoftext|><|endoftext|>' = [' Spanish', '.', '<|im_end|>', '<|endoftext|>', '<|endoftext|>', '<|endoftext|>', '<|endoftext|>', '<|endoftext|>'] [HIT]
  L25: ' Spanish.<|im_end|><|endoftext|><|endoftext|><|endoftext|><|endoftext|><|endoftext|>' = [' Spanish', '.', '<|im_end|>', '<|endoftext|>', '<|endoftext|>', '<|endoftext|>', '<|endoftext|>', '<|endoftext|>'] [HIT]
  L26: ' Spanish.<|im_end|><|endoftext|><|endoftext|><|endoftext|><|endoftext|><|endoftext|>' = [' Spanish', '.', '<|im_end|>', '<|endoftext|>', '<|endoftext|>', '<|endoftext|>', '<|endoftext|>', '<|endoftext|>'] [HIT]
  L27: ' Spanish.<|im_end|><|endoftext|><|endoftext|><|endoftext|><|endoftext|><|endoftext|>' = [' Spanish', '.', '<|im_end|>', '<|endoftext|>', '<|endoftext|>', '<|endoftext|>', '<|endoftext|>', '<|endoftext|>'] [HIT]
  L28: ' Spanish.<|im_end|><|endoftext|><|endoftext|><|endoftext|><|endoftext|><|endoftext|>' = [' Spanish', '.', '<|im_end|>', '<|endoftext|>', '<|endoftext|>', '<|endoftext|>', '<|endoftext|>', '<|endoftext|>'] [HIT]

row 21: base=TH -> source=GR  template=language_prefill_v2
  question: 'What is the official language of the country shown in this flag?'
  prefill : 'The official language is'
  gold base   (expected unhooked) : ' Thai' = [' Thai']
  gold source (expected if swap works): ' Greek' = [' Greek']
  unhooked: ' Thai.<|im_end|><|endoftext|><|endoftext|><|endoftext|><|endoftext|><|endoftext|>' = [' Thai', '.', '<|im_end|>', '<|endoftext|>', '<|endoftext|>', '<|endoftext|>', '<|endoftext|>', '<|endoftext|>']
  L19: ' Thai.<|im_end|><|endoftext|><|endoftext|><|endoftext|><|endoftext|><|endoftext|>' = [' Thai', '.', '<|im_end|>', '<|endoftext|>', '<|endoftext|>', '<|endoftext|>', '<|endoftext|>', '<|endoftext|>'] [base]
  L20: ' Thai.<|im_end|><|endoftext|><|endoftext|><|endoftext|><|endoftext|><|endoftext|>' = [' Thai', '.', '<|im_end|>', '<|endoftext|>', '<|endoftext|>', '<|endoftext|>', '<|endoftext|>', '<|endoftext|>'] [base]
  L21: ' Thai.<|im_end|><|endoftext|><|endoftext|><|endoftext|><|endoftext|><|endoftext|>' = [' Thai', '.', '<|im_end|>', '<|endoftext|>', '<|endoftext|>', '<|endoftext|>', '<|endoftext|>', '<|endoftext|>'] [base]
  L22: ' Greek.<|im_end|><|endoftext|><|endoftext|><|endoftext|><|endoftext|><|endoftext|>' = [' Greek', '.', '<|im_end|>', '<|endoftext|>', '<|endoftext|>', '<|endoftext|>', '<|endoftext|>', '<|endoftext|>'] [HIT]
  L23: ' Greek.<|im_end|><|endoftext|><|endoftext|><|endoftext|><|endoftext|><|endoftext|>' = [' Greek', '.', '<|im_end|>', '<|endoftext|>', '<|endoftext|>', '<|endoftext|>', '<|endoftext|>', '<|endoftext|>'] [HIT]
  L24: ' Greek.<|im_end|><|endoftext|><|endoftext|><|endoftext|><|endoftext|><|endoftext|>' = [' Greek', '.', '<|im_end|>', '<|endoftext|>', '<|endoftext|>', '<|endoftext|>', '<|endoftext|>', '<|endoftext|>'] [HIT]
  L25: ' Greek.<|im_end|><|endoftext|><|endoftext|><|endoftext|><|endoftext|><|endoftext|>' = [' Greek', '.', '<|im_end|>', '<|endoftext|>', '<|endoftext|>', '<|endoftext|>', '<|endoftext|>', '<|endoftext|>'] [HIT]
  L26: ' Greek.<|im_end|><|endoftext|><|endoftext|><|endoftext|><|endoftext|><|endoftext|>' = [' Greek', '.', '<|im_end|>', '<|endoftext|>', '<|endoftext|>', '<|endoftext|>', '<|endoftext|>', '<|endoftext|>'] [HIT]
  L27: ' Greek.<|im_end|><|endoftext|><|endoftext|><|endoftext|><|endoftext|><|endoftext|>' = [' Greek', '.', '<|im_end|>', '<|endoftext|>', '<|endoftext|>', '<|endoftext|>', '<|endoftext|>', '<|endoftext|>'] [HIT]
  L28: ' Greek.<|im_end|><|endoftext|><|endoftext|><|endoftext|><|endoftext|><|endoftext|>' = [' Greek', '.', '<|im_end|>', '<|endoftext|>', '<|endoftext|>', '<|endoftext|>', '<|endoftext|>', '<|endoftext|>'] [HIT]

row 22: base=CM -> source=VN  template=language_prefill_v2
  question: 'What is the official language of the country shown in this flag?'
  prefill : 'The official language is'
  gold base   (expected unhooked) : ' French' = [' French']
  gold source (expected if swap works): ' Vietnamese' = [' Vietnamese']
  unhooked: ' French.<|im_end|><|endoftext|><|endoftext|><|endoftext|><|endoftext|><|endoftext|>' = [' French', '.', '<|im_end|>', '<|endoftext|>', '<|endoftext|>', '<|endoftext|>', '<|endoftext|>', '<|endoftext|>']
  L19: ' French.<|im_end|><|endoftext|><|endoftext|><|endoftext|><|endoftext|><|endoftext|>' = [' French', '.', '<|im_end|>', '<|endoftext|>', '<|endoftext|>', '<|endoftext|>', '<|endoftext|>', '<|endoftext|>'] [base]
  L20: ' French.<|im_end|><|endoftext|><|endoftext|><|endoftext|><|endoftext|><|endoftext|>' = [' French', '.', '<|im_end|>', '<|endoftext|>', '<|endoftext|>', '<|endoftext|>', '<|endoftext|>', '<|endoftext|>'] [base]
  L21: ' French.<|im_end|><|endoftext|><|endoftext|><|endoftext|><|endoftext|><|endoftext|>' = [' French', '.', '<|im_end|>', '<|endoftext|>', '<|endoftext|>', '<|endoftext|>', '<|endoftext|>', '<|endoftext|>'] [base]
  L22: ' French.<|im_end|><|endoftext|><|endoftext|><|endoftext|><|endoftext|><|endoftext|>' = [' French', '.', '<|im_end|>', '<|endoftext|>', '<|endoftext|>', '<|endoftext|>', '<|endoftext|>', '<|endoftext|>'] [base]
  L23: ' Vietnamese.<|im_end|><|endoftext|><|endoftext|><|endoftext|><|endoftext|><|endoftext|>' = [' Vietnamese', '.', '<|im_end|>', '<|endoftext|>', '<|endoftext|>', '<|endoftext|>', '<|endoftext|>', '<|endoftext|>'] [HIT]
  L24: ' Vietnamese.<|im_end|><|endoftext|><|endoftext|><|endoftext|><|endoftext|><|endoftext|>' = [' Vietnamese', '.', '<|im_end|>', '<|endoftext|>', '<|endoftext|>', '<|endoftext|>', '<|endoftext|>', '<|endoftext|>'] [HIT]
  L25: ' Vietnamese.<|im_end|><|endoftext|><|endoftext|><|endoftext|><|endoftext|><|endoftext|>' = [' Vietnamese', '.', '<|im_end|>', '<|endoftext|>', '<|endoftext|>', '<|endoftext|>', '<|endoftext|>', '<|endoftext|>'] [HIT]
  L26: ' Vietnamese.<|im_end|><|endoftext|><|endoftext|><|endoftext|><|endoftext|><|endoftext|>' = [' Vietnamese', '.', '<|im_end|>', '<|endoftext|>', '<|endoftext|>', '<|endoftext|>', '<|endoftext|>', '<|endoftext|>'] [HIT]
  L27: ' Vietnamese.<|im_end|><|endoftext|><|endoftext|><|endoftext|><|endoftext|><|endoftext|>' = [' Vietnamese', '.', '<|im_end|>', '<|endoftext|>', '<|endoftext|>', '<|endoftext|>', '<|endoftext|>', '<|endoftext|>'] [HIT]
  L28: ' Vietnamese.<|im_end|><|endoftext|><|endoftext|><|endoftext|><|endoftext|><|endoftext|>' = [' Vietnamese', '.', '<|im_end|>', '<|endoftext|>', '<|endoftext|>', '<|endoftext|>', '<|endoftext|>', '<|endoftext|>'] [HIT]

row 23: base=HN -> source=MU  template=language_prefill_v1
  question: 'Name an official language of the country in this image.'
  prefill : 'One official language is'
  gold base   (expected unhooked) : ' Spanish' = [' Spanish']
  gold source (expected if swap works): ' French' = [' French']
  unhooked: ' Spanish.<|im_end|><|endoftext|><|endoftext|><|endoftext|><|endoftext|><|endoftext|>' = [' Spanish', '.', '<|im_end|>', '<|endoftext|>', '<|endoftext|>', '<|endoftext|>', '<|endoftext|>', '<|endoftext|>']
  L19: ' Spanish.<|im_end|><|endoftext|><|endoftext|><|endoftext|><|endoftext|><|endoftext|>' = [' Spanish', '.', '<|im_end|>', '<|endoftext|>', '<|endoftext|>', '<|endoftext|>', '<|endoftext|>', '<|endoftext|>'] [base]
  L20: ' Spanish.<|im_end|><|endoftext|><|endoftext|><|endoftext|><|endoftext|><|endoftext|>' = [' Spanish', '.', '<|im_end|>', '<|endoftext|>', '<|endoftext|>', '<|endoftext|>', '<|endoftext|>', '<|endoftext|>'] [base]
  L21: ' Spanish.<|im_end|><|endoftext|><|endoftext|><|endoftext|><|endoftext|><|endoftext|>' = [' Spanish', '.', '<|im_end|>', '<|endoftext|>', '<|endoftext|>', '<|endoftext|>', '<|endoftext|>', '<|endoftext|>'] [base]
  L22: ' Spanish.<|im_end|><|endoftext|><|endoftext|><|endoftext|><|endoftext|><|endoftext|>' = [' Spanish', '.', '<|im_end|>', '<|endoftext|>', '<|endoftext|>', '<|endoftext|>', '<|endoftext|>', '<|endoftext|>'] [base]
  L23: ' Spanish.<|im_end|><|endoftext|><|endoftext|><|endoftext|><|endoftext|><|endoftext|>' = [' Spanish', '.', '<|im_end|>', '<|endoftext|>', '<|endoftext|>', '<|endoftext|>', '<|endoftext|>', '<|endoftext|>'] [base]
  L24: ' French.<|im_end|><|endoftext|><|endoftext|><|endoftext|><|endoftext|><|endoftext|>' = [' French', '.', '<|im_end|>', '<|endoftext|>', '<|endoftext|>', '<|endoftext|>', '<|endoftext|>', '<|endoftext|>'] [HIT]
  L25: ' French.<|im_end|><|endoftext|><|endoftext|><|endoftext|><|endoftext|><|endoftext|>' = [' French', '.', '<|im_end|>', '<|endoftext|>', '<|endoftext|>', '<|endoftext|>', '<|endoftext|>', '<|endoftext|>'] [HIT]
  L26: ' French.<|im_end|><|endoftext|><|endoftext|><|endoftext|><|endoftext|><|endoftext|>' = [' French', '.', '<|im_end|>', '<|endoftext|>', '<|endoftext|>', '<|endoftext|>', '<|endoftext|>', '<|endoftext|>'] [HIT]
  L27: ' French.<|im_end|><|endoftext|><|endoftext|><|endoftext|><|endoftext|><|endoftext|>' = [' French', '.', '<|im_end|>', '<|endoftext|>', '<|endoftext|>', '<|endoftext|>', '<|endoftext|>', '<|endoftext|>'] [HIT]
  L28: ' French.<|im_end|><|endoftext|><|endoftext|><|endoftext|><|endoftext|><|endoftext|>' = [' French', '.', '<|im_end|>', '<|endoftext|>', '<|endoftext|>', '<|endoftext|>', '<|endoftext|>', '<|endoftext|>'] [HIT]

row 24: base=CL -> source=CV  template=language_prefill_v3
  question: 'Tell me a language spoken in the country in this image.'
  prefill : 'A language spoken there is'
  gold base   (expected unhooked) : ' Spanish' = [' Spanish']
  gold source (expected if swap works): ' Portuguese' = [' Portuguese']
  unhooked: ' Spanish.<|im_end|><|endoftext|><|endoftext|><|endoftext|><|endoftext|><|endoftext|>' = [' Spanish', '.', '<|im_end|>', '<|endoftext|>', '<|endoftext|>', '<|endoftext|>', '<|endoftext|>', '<|endoftext|>']
  L19: ' Spanish.<|im_end|><|endoftext|><|endoftext|><|endoftext|><|endoftext|><|endoftext|>' = [' Spanish', '.', '<|im_end|>', '<|endoftext|>', '<|endoftext|>', '<|endoftext|>', '<|endoftext|>', '<|endoftext|>'] [base]
  L20: ' Spanish.<|im_end|><|endoftext|><|endoftext|><|endoftext|><|endoftext|><|endoftext|>' = [' Spanish', '.', '<|im_end|>', '<|endoftext|>', '<|endoftext|>', '<|endoftext|>', '<|endoftext|>', '<|endoftext|>'] [base]
  L21: ' Spanish.<|im_end|><|endoftext|><|endoftext|><|endoftext|><|endoftext|><|endoftext|>' = [' Spanish', '.', '<|im_end|>', '<|endoftext|>', '<|endoftext|>', '<|endoftext|>', '<|endoftext|>', '<|endoftext|>'] [base]
  L22: ' Spanish.<|im_end|><|endoftext|><|endoftext|><|endoftext|><|endoftext|><|endoftext|>' = [' Spanish', '.', '<|im_end|>', '<|endoftext|>', '<|endoftext|>', '<|endoftext|>', '<|endoftext|>', '<|endoftext|>'] [base]
  L23: ' Portuguese, as it is the official language' = [' Portuguese', ',', ' as', ' it', ' is', ' the', ' official', ' language'] [HIT]
  L24: ' Portuguese, as the flag depicted is that' = [' Portuguese', ',', ' as', ' the', ' flag', ' depicted', ' is', ' that'] [HIT]
  L25: ' Portuguese.<|im_end|><|endoftext|><|endoftext|><|endoftext|><|endoftext|><|endoftext|>' = [' Portuguese', '.', '<|im_end|>', '<|endoftext|>', '<|endoftext|>', '<|endoftext|>', '<|endoftext|>', '<|endoftext|>'] [HIT]
  L26: ' Portuguese, as it is the official language' = [' Portuguese', ',', ' as', ' it', ' is', ' the', ' official', ' language'] [HIT]
  L27: ' Portuguese, as the flag depicted is that' = [' Portuguese', ',', ' as', ' the', ' flag', ' depicted', ' is', ' that'] [HIT]
  L28: ' Bilingual Spanish and Aymara.' = [' B', 'ilingual', ' Spanish', ' and', ' A', 'ym', 'ara', '.'] [other]

row 25: base=ZM -> source=MX  template=language_prefill_v2
  question: 'What is the official language of the country shown in this flag?'
  prefill : 'The official language is'
  gold base   (expected unhooked) : ' English' = [' English']
  gold source (expected if swap works): ' Spanish' = [' Spanish']
  unhooked: ' English.<|im_end|><|endoftext|><|endoftext|><|endoftext|><|endoftext|><|endoftext|>' = [' English', '.', '<|im_end|>', '<|endoftext|>', '<|endoftext|>', '<|endoftext|>', '<|endoftext|>', '<|endoftext|>']
  L19: ' English.<|im_end|><|endoftext|><|endoftext|><|endoftext|><|endoftext|><|endoftext|>' = [' English', '.', '<|im_end|>', '<|endoftext|>', '<|endoftext|>', '<|endoftext|>', '<|endoftext|>', '<|endoftext|>'] [base]
  L20: ' English.<|im_end|><|endoftext|><|endoftext|><|endoftext|><|endoftext|><|endoftext|>' = [' English', '.', '<|im_end|>', '<|endoftext|>', '<|endoftext|>', '<|endoftext|>', '<|endoftext|>', '<|endoftext|>'] [base]
  L21: ' English.<|im_end|><|endoftext|><|endoftext|><|endoftext|><|endoftext|><|endoftext|>' = [' English', '.', '<|im_end|>', '<|endoftext|>', '<|endoftext|>', '<|endoftext|>', '<|endoftext|>', '<|endoftext|>'] [base]
  L22: ' Spanish.<|im_end|><|endoftext|><|endoftext|><|endoftext|><|endoftext|><|endoftext|>' = [' Spanish', '.', '<|im_end|>', '<|endoftext|>', '<|endoftext|>', '<|endoftext|>', '<|endoftext|>', '<|endoftext|>'] [HIT]
  L23: ' Spanish.<|im_end|><|endoftext|><|endoftext|><|endoftext|><|endoftext|><|endoftext|>' = [' Spanish', '.', '<|im_end|>', '<|endoftext|>', '<|endoftext|>', '<|endoftext|>', '<|endoftext|>', '<|endoftext|>'] [HIT]
  L24: ' Spanish.<|im_end|><|endoftext|><|endoftext|><|endoftext|><|endoftext|><|endoftext|>' = [' Spanish', '.', '<|im_end|>', '<|endoftext|>', '<|endoftext|>', '<|endoftext|>', '<|endoftext|>', '<|endoftext|>'] [HIT]
  L25: ' Spanish.<|im_end|><|endoftext|><|endoftext|><|endoftext|><|endoftext|><|endoftext|>' = [' Spanish', '.', '<|im_end|>', '<|endoftext|>', '<|endoftext|>', '<|endoftext|>', '<|endoftext|>', '<|endoftext|>'] [HIT]
  L26: ' Spanish.<|im_end|><|endoftext|><|endoftext|><|endoftext|><|endoftext|><|endoftext|>' = [' Spanish', '.', '<|im_end|>', '<|endoftext|>', '<|endoftext|>', '<|endoftext|>', '<|endoftext|>', '<|endoftext|>'] [HIT]
  L27: ' Spanish.<|im_end|><|endoftext|><|endoftext|><|endoftext|><|endoftext|><|endoftext|>' = [' Spanish', '.', '<|im_end|>', '<|endoftext|>', '<|endoftext|>', '<|endoftext|>', '<|endoftext|>', '<|endoftext|>'] [HIT]
  L28: ' Spanish.<|im_end|><|endoftext|><|endoftext|><|endoftext|><|endoftext|><|endoftext|>' = [' Spanish', '.', '<|im_end|>', '<|endoftext|>', '<|endoftext|>', '<|endoftext|>', '<|endoftext|>', '<|endoftext|>'] [HIT]

row 26: base=BY -> source=HN  template=language_prefill_v5
  question: 'What language is officially spoken in the country shown in this flag?'
  prefill : 'The official language is'
  gold base   (expected unhooked) : ' Belarusian' = [' Belarus', 'ian']
  gold source (expected if swap works): ' Spanish' = [' Spanish']
  unhooked: ' Belarusian.<|im_end|><|endoftext|><|endoftext|><|endoftext|><|endoftext|>' = [' Belarus', 'ian', '.', '<|im_end|>', '<|endoftext|>', '<|endoftext|>', '<|endoftext|>', '<|endoftext|>']
  L19: ' Belarusian.<|im_end|><|endoftext|><|endoftext|><|endoftext|><|endoftext|>' = [' Belarus', 'ian', '.', '<|im_end|>', '<|endoftext|>', '<|endoftext|>', '<|endoftext|>', '<|endoftext|>'] [base]
  L20: ' Belarusian.<|im_end|><|endoftext|><|endoftext|><|endoftext|><|endoftext|>' = [' Belarus', 'ian', '.', '<|im_end|>', '<|endoftext|>', '<|endoftext|>', '<|endoftext|>', '<|endoftext|>'] [base]
  L21: ' Belarusian.<|im_end|><|endoftext|><|endoftext|><|endoftext|><|endoftext|>' = [' Belarus', 'ian', '.', '<|im_end|>', '<|endoftext|>', '<|endoftext|>', '<|endoftext|>', '<|endoftext|>'] [base]
  L22: ' Belarusian.<|im_end|><|endoftext|><|endoftext|><|endoftext|><|endoftext|>' = [' Belarus', 'ian', '.', '<|im_end|>', '<|endoftext|>', '<|endoftext|>', '<|endoftext|>', '<|endoftext|>'] [base]
  L23: ' Spanish.<|im_end|><|endoftext|><|endoftext|><|endoftext|><|endoftext|><|endoftext|>' = [' Spanish', '.', '<|im_end|>', '<|endoftext|>', '<|endoftext|>', '<|endoftext|>', '<|endoftext|>', '<|endoftext|>'] [HIT]
  L24: ' Spanish.<|im_end|><|endoftext|><|endoftext|><|endoftext|><|endoftext|><|endoftext|>' = [' Spanish', '.', '<|im_end|>', '<|endoftext|>', '<|endoftext|>', '<|endoftext|>', '<|endoftext|>', '<|endoftext|>'] [HIT]
  L25: ' Spanish.<|im_end|><|endoftext|><|endoftext|><|endoftext|><|endoftext|><|endoftext|>' = [' Spanish', '.', '<|im_end|>', '<|endoftext|>', '<|endoftext|>', '<|endoftext|>', '<|endoftext|>', '<|endoftext|>'] [HIT]
  L26: ' Spanish.<|im_end|><|endoftext|><|endoftext|><|endoftext|><|endoftext|><|endoftext|>' = [' Spanish', '.', '<|im_end|>', '<|endoftext|>', '<|endoftext|>', '<|endoftext|>', '<|endoftext|>', '<|endoftext|>'] [HIT]
  L27: ' Spanish.<|im_end|><|endoftext|><|endoftext|><|endoftext|><|endoftext|><|endoftext|>' = [' Spanish', '.', '<|im_end|>', '<|endoftext|>', '<|endoftext|>', '<|endoftext|>', '<|endoftext|>', '<|endoftext|>'] [HIT]
  L28: ' Spanish.<|im_end|><|endoftext|><|endoftext|><|endoftext|><|endoftext|><|endoftext|>' = [' Spanish', '.', '<|im_end|>', '<|endoftext|>', '<|endoftext|>', '<|endoftext|>', '<|endoftext|>', '<|endoftext|>'] [HIT]

row 27: base=VN -> source=AO  template=language_prefill_v6
  question: 'Name a language used in the country depicted in this image.'
  prefill : 'A language spoken there is'
  gold base   (expected unhooked) : ' Vietnamese' = [' Vietnamese']
  gold source (expected if swap works): ' Portuguese' = [' Portuguese']
  unhooked: ' Vietnamese.<|im_end|><|endoftext|><|endoftext|><|endoftext|><|endoftext|><|endoftext|>' = [' Vietnamese', '.', '<|im_end|>', '<|endoftext|>', '<|endoftext|>', '<|endoftext|>', '<|endoftext|>', '<|endoftext|>']
  L19: ' Vietnamese.<|im_end|><|endoftext|><|endoftext|><|endoftext|><|endoftext|><|endoftext|>' = [' Vietnamese', '.', '<|im_end|>', '<|endoftext|>', '<|endoftext|>', '<|endoftext|>', '<|endoftext|>', '<|endoftext|>'] [base]
  L20: ' Vietnamese.<|im_end|><|endoftext|><|endoftext|><|endoftext|><|endoftext|><|endoftext|>' = [' Vietnamese', '.', '<|im_end|>', '<|endoftext|>', '<|endoftext|>', '<|endoftext|>', '<|endoftext|>', '<|endoftext|>'] [base]
  L21: ' Vietnamese.<|im_end|><|endoftext|><|endoftext|><|endoftext|><|endoftext|><|endoftext|>' = [' Vietnamese', '.', '<|im_end|>', '<|endoftext|>', '<|endoftext|>', '<|endoftext|>', '<|endoftext|>', '<|endoftext|>'] [base]
  L22: ' Vietnamese.<|im_end|><|endoftext|><|endoftext|><|endoftext|><|endoftext|><|endoftext|>' = [' Vietnamese', '.', '<|im_end|>', '<|endoftext|>', '<|endoftext|>', '<|endoftext|>', '<|endoftext|>', '<|endoftext|>'] [base]
  L23: ' Vietnamese.<|im_end|><|endoftext|><|endoftext|><|endoftext|><|endoftext|><|endoftext|>' = [' Vietnamese', '.', '<|im_end|>', '<|endoftext|>', '<|endoftext|>', '<|endoftext|>', '<|endoftext|>', '<|endoftext|>'] [base]
  L24: ' Portuguese.<|im_end|><|endoftext|><|endoftext|><|endoftext|><|endoftext|><|endoftext|>' = [' Portuguese', '.', '<|im_end|>', '<|endoftext|>', '<|endoftext|>', '<|endoftext|>', '<|endoftext|>', '<|endoftext|>'] [HIT]
  L25: ' Portuguese.<|im_end|><|endoftext|><|endoftext|><|endoftext|><|endoftext|><|endoftext|>' = [' Portuguese', '.', '<|im_end|>', '<|endoftext|>', '<|endoftext|>', '<|endoftext|>', '<|endoftext|>', '<|endoftext|>'] [HIT]
  L26: ' Portuguese, as the flag depicted is that' = [' Portuguese', ',', ' as', ' the', ' flag', ' depicted', ' is', ' that'] [HIT]
  L27: ' Portuguese.<|im_end|><|endoftext|><|endoftext|><|endoftext|><|endoftext|><|endoftext|>' = [' Portuguese', '.', '<|im_end|>', '<|endoftext|>', '<|endoftext|>', '<|endoftext|>', '<|endoftext|>', '<|endoftext|>'] [HIT]
  L28: ' Portuguese, as the flag depicted is that' = [' Portuguese', ',', ' as', ' the', ' flag', ' depicted', ' is', ' that'] [HIT]

row 28: base=IN -> source=FI  template=language_prefill_v3
  question: 'Tell me a language spoken in the country in this image.'
  prefill : 'A language spoken there is'
  gold base   (expected unhooked) : ' Hindi' = [' Hindi']
  gold source (expected if swap works): ' Finnish' = [' Finnish']
  unhooked: ' Hindi, which is one of the official' = [' Hindi', ',', ' which', ' is', ' one', ' of', ' the', ' official']
  L19: ' Hindi, which is one of the official' = [' Hindi', ',', ' which', ' is', ' one', ' of', ' the', ' official'] [base]
  L20: ' Hindi, which is one of the official' = [' Hindi', ',', ' which', ' is', ' one', ' of', ' the', ' official'] [base]
  L21: ' Hindi, which is one of the official' = [' Hindi', ',', ' which', ' is', ' one', ' of', ' the', ' official'] [base]
  L22: ' Hindi, which is one of the official' = [' Hindi', ',', ' which', ' is', ' one', ' of', ' the', ' official'] [base]
  L23: ' Finnish.<|im_end|><|endoftext|><|endoftext|><|endoftext|><|endoftext|><|endoftext|>' = [' Finnish', '.', '<|im_end|>', '<|endoftext|>', '<|endoftext|>', '<|endoftext|>', '<|endoftext|>', '<|endoftext|>'] [HIT]
  L24: ' Finnish.<|im_end|><|endoftext|><|endoftext|><|endoftext|><|endoftext|><|endoftext|>' = [' Finnish', '.', '<|im_end|>', '<|endoftext|>', '<|endoftext|>', '<|endoftext|>', '<|endoftext|>', '<|endoftext|>'] [HIT]
  L25: ' Finnish.<|im_end|><|endoftext|><|endoftext|><|endoftext|><|endoftext|><|endoftext|>' = [' Finnish', '.', '<|im_end|>', '<|endoftext|>', '<|endoftext|>', '<|endoftext|>', '<|endoftext|>', '<|endoftext|>'] [HIT]
  L26: ' Finnish.<|im_end|><|endoftext|><|endoftext|><|endoftext|><|endoftext|><|endoftext|>' = [' Finnish', '.', '<|im_end|>', '<|endoftext|>', '<|endoftext|>', '<|endoftext|>', '<|endoftext|>', '<|endoftext|>'] [HIT]
  L27: ' Finnish.<|im_end|><|endoftext|><|endoftext|><|endoftext|><|endoftext|><|endoftext|>' = [' Finnish', '.', '<|im_end|>', '<|endoftext|>', '<|endoftext|>', '<|endoftext|>', '<|endoftext|>', '<|endoftext|>'] [HIT]
  L28: ' Finnish.<|im_end|><|endoftext|><|endoftext|><|endoftext|><|endoftext|><|endoftext|>' = [' Finnish', '.', '<|im_end|>', '<|endoftext|>', '<|endoftext|>', '<|endoftext|>', '<|endoftext|>', '<|endoftext|>'] [HIT]

row 29: base=PT -> source=FI  template=language_prefill_v2
  question: 'What is the official language of the country shown in this flag?'
  prefill : 'The official language is'
  gold base   (expected unhooked) : ' Portuguese' = [' Portuguese']
  gold source (expected if swap works): ' Finnish' = [' Finnish']
  unhooked: ' Portuguese.<|im_end|><|endoftext|><|endoftext|><|endoftext|><|endoftext|><|endoftext|>' = [' Portuguese', '.', '<|im_end|>', '<|endoftext|>', '<|endoftext|>', '<|endoftext|>', '<|endoftext|>', '<|endoftext|>']
  L19: ' Portuguese.<|im_end|><|endoftext|><|endoftext|><|endoftext|><|endoftext|><|endoftext|>' = [' Portuguese', '.', '<|im_end|>', '<|endoftext|>', '<|endoftext|>', '<|endoftext|>', '<|endoftext|>', '<|endoftext|>'] [base]
  L20: ' Portuguese.<|im_end|><|endoftext|><|endoftext|><|endoftext|><|endoftext|><|endoftext|>' = [' Portuguese', '.', '<|im_end|>', '<|endoftext|>', '<|endoftext|>', '<|endoftext|>', '<|endoftext|>', '<|endoftext|>'] [base]
  L21: ' Portuguese.<|im_end|><|endoftext|><|endoftext|><|endoftext|><|endoftext|><|endoftext|>' = [' Portuguese', '.', '<|im_end|>', '<|endoftext|>', '<|endoftext|>', '<|endoftext|>', '<|endoftext|>', '<|endoftext|>'] [base]
  L22: ' Portuguese.<|im_end|><|endoftext|><|endoftext|><|endoftext|><|endoftext|><|endoftext|>' = [' Portuguese', '.', '<|im_end|>', '<|endoftext|>', '<|endoftext|>', '<|endoftext|>', '<|endoftext|>', '<|endoftext|>'] [base]
  L23: ' Portuguese.<|im_end|><|endoftext|><|endoftext|><|endoftext|><|endoftext|><|endoftext|>' = [' Portuguese', '.', '<|im_end|>', '<|endoftext|>', '<|endoftext|>', '<|endoftext|>', '<|endoftext|>', '<|endoftext|>'] [base]
  L24: ' Finnish.<|im_end|><|endoftext|><|endoftext|><|endoftext|><|endoftext|><|endoftext|>' = [' Finnish', '.', '<|im_end|>', '<|endoftext|>', '<|endoftext|>', '<|endoftext|>', '<|endoftext|>', '<|endoftext|>'] [HIT]
  L25: ' Finnish.<|im_end|><|endoftext|><|endoftext|><|endoftext|><|endoftext|><|endoftext|>' = [' Finnish', '.', '<|im_end|>', '<|endoftext|>', '<|endoftext|>', '<|endoftext|>', '<|endoftext|>', '<|endoftext|>'] [HIT]
  L26: ' Finnish.<|im_end|><|endoftext|><|endoftext|><|endoftext|><|endoftext|><|endoftext|>' = [' Finnish', '.', '<|im_end|>', '<|endoftext|>', '<|endoftext|>', '<|endoftext|>', '<|endoftext|>', '<|endoftext|>'] [HIT]
  L27: ' Finnish.<|im_end|><|endoftext|><|endoftext|><|endoftext|><|endoftext|><|endoftext|>' = [' Finnish', '.', '<|im_end|>', '<|endoftext|>', '<|endoftext|>', '<|endoftext|>', '<|endoftext|>', '<|endoftext|>'] [HIT]
  L28: ' Finnish.<|im_end|><|endoftext|><|endoftext|><|endoftext|><|endoftext|><|endoftext|>' = [' Finnish', '.', '<|im_end|>', '<|endoftext|>', '<|endoftext|>', '<|endoftext|>', '<|endoftext|>', '<|endoftext|>'] [HIT]

row 30: base=SE -> source=AO  template=language_prefill_v1
  question: 'Name an official language of the country in this image.'
  prefill : 'One official language is'
  gold base   (expected unhooked) : ' Swedish' = [' Swedish']
  gold source (expected if swap works): ' Portuguese' = [' Portuguese']
  unhooked: ' Swedish.<|im_end|><|endoftext|><|endoftext|><|endoftext|><|endoftext|><|endoftext|>' = [' Swedish', '.', '<|im_end|>', '<|endoftext|>', '<|endoftext|>', '<|endoftext|>', '<|endoftext|>', '<|endoftext|>']
  L19: ' Swedish.<|im_end|><|endoftext|><|endoftext|><|endoftext|><|endoftext|><|endoftext|>' = [' Swedish', '.', '<|im_end|>', '<|endoftext|>', '<|endoftext|>', '<|endoftext|>', '<|endoftext|>', '<|endoftext|>'] [base]
  L20: ' Swedish.<|im_end|><|endoftext|><|endoftext|><|endoftext|><|endoftext|><|endoftext|>' = [' Swedish', '.', '<|im_end|>', '<|endoftext|>', '<|endoftext|>', '<|endoftext|>', '<|endoftext|>', '<|endoftext|>'] [base]
  L21: ' Swedish.<|im_end|><|endoftext|><|endoftext|><|endoftext|><|endoftext|><|endoftext|>' = [' Swedish', '.', '<|im_end|>', '<|endoftext|>', '<|endoftext|>', '<|endoftext|>', '<|endoftext|>', '<|endoftext|>'] [base]
  L22: ' Swedish.<|im_end|><|endoftext|><|endoftext|><|endoftext|><|endoftext|><|endoftext|>' = [' Swedish', '.', '<|im_end|>', '<|endoftext|>', '<|endoftext|>', '<|endoftext|>', '<|endoftext|>', '<|endoftext|>'] [base]
  L23: ' Portuguese.<|im_end|><|endoftext|><|endoftext|><|endoftext|><|endoftext|><|endoftext|>' = [' Portuguese', '.', '<|im_end|>', '<|endoftext|>', '<|endoftext|>', '<|endoftext|>', '<|endoftext|>', '<|endoftext|>'] [HIT]
  L24: ' Portuguese.<|im_end|><|endoftext|><|endoftext|><|endoftext|><|endoftext|><|endoftext|>' = [' Portuguese', '.', '<|im_end|>', '<|endoftext|>', '<|endoftext|>', '<|endoftext|>', '<|endoftext|>', '<|endoftext|>'] [HIT]
  L25: ' Portuguese.<|im_end|><|endoftext|><|endoftext|><|endoftext|><|endoftext|><|endoftext|>' = [' Portuguese', '.', '<|im_end|>', '<|endoftext|>', '<|endoftext|>', '<|endoftext|>', '<|endoftext|>', '<|endoftext|>'] [HIT]
  L26: ' Portuguese.<|im_end|><|endoftext|><|endoftext|><|endoftext|><|endoftext|><|endoftext|>' = [' Portuguese', '.', '<|im_end|>', '<|endoftext|>', '<|endoftext|>', '<|endoftext|>', '<|endoftext|>', '<|endoftext|>'] [HIT]
  L27: ' Portuguese.<|im_end|><|endoftext|><|endoftext|><|endoftext|><|endoftext|><|endoftext|>' = [' Portuguese', '.', '<|im_end|>', '<|endoftext|>', '<|endoftext|>', '<|endoftext|>', '<|endoftext|>', '<|endoftext|>'] [HIT]
  L28: ' Portuguese.<|im_end|><|endoftext|><|endoftext|><|endoftext|><|endoftext|><|endoftext|>' = [' Portuguese', '.', '<|im_end|>', '<|endoftext|>', '<|endoftext|>', '<|endoftext|>', '<|endoftext|>', '<|endoftext|>'] [HIT]

row 31: base=CL -> source=FI  template=language_prefill_v5
  question: 'What language is officially spoken in the country shown in this flag?'
  prefill : 'The official language is'
  gold base   (expected unhooked) : ' Spanish' = [' Spanish']
  gold source (expected if swap works): ' Finnish' = [' Finnish']
  unhooked: ' Spanish. The flag in the image is' = [' Spanish', '.', ' The', ' flag', ' in', ' the', ' image', ' is']
  L19: ' Spanish. The flag in the image is' = [' Spanish', '.', ' The', ' flag', ' in', ' the', ' image', ' is'] [base]
  L20: ' Spanish. The flag in the image is' = [' Spanish', '.', ' The', ' flag', ' in', ' the', ' image', ' is'] [base]
  L21: ' Spanish. The flag in the image is' = [' Spanish', '.', ' The', ' flag', ' in', ' the', ' image', ' is'] [base]
  L22: ' Spanish. The flag in the image is' = [' Spanish', '.', ' The', ' flag', ' in', ' the', ' image', ' is'] [base]
  L23: ' Finnish.<|im_end|><|endoftext|><|endoftext|><|endoftext|><|endoftext|><|endoftext|>' = [' Finnish', '.', '<|im_end|>', '<|endoftext|>', '<|endoftext|>', '<|endoftext|>', '<|endoftext|>', '<|endoftext|>'] [HIT]
  L24: ' Finnish.<|im_end|><|endoftext|><|endoftext|><|endoftext|><|endoftext|><|endoftext|>' = [' Finnish', '.', '<|im_end|>', '<|endoftext|>', '<|endoftext|>', '<|endoftext|>', '<|endoftext|>', '<|endoftext|>'] [HIT]
  L25: ' Finnish.<|im_end|><|endoftext|><|endoftext|><|endoftext|><|endoftext|><|endoftext|>' = [' Finnish', '.', '<|im_end|>', '<|endoftext|>', '<|endoftext|>', '<|endoftext|>', '<|endoftext|>', '<|endoftext|>'] [HIT]
  L26: ' Finnish.<|im_end|><|endoftext|><|endoftext|><|endoftext|><|endoftext|><|endoftext|>' = [' Finnish', '.', '<|im_end|>', '<|endoftext|>', '<|endoftext|>', '<|endoftext|>', '<|endoftext|>', '<|endoftext|>'] [HIT]
  L27: ' Finnish.<|im_end|><|endoftext|><|endoftext|><|endoftext|><|endoftext|><|endoftext|>' = [' Finnish', '.', '<|im_end|>', '<|endoftext|>', '<|endoftext|>', '<|endoftext|>', '<|endoftext|>', '<|endoftext|>'] [HIT]
  L28: ' Finnish.<|im_end|><|endoftext|><|endoftext|><|endoftext|><|endoftext|><|endoftext|>' = [' Finnish', '.', '<|im_end|>', '<|endoftext|>', '<|endoftext|>', '<|endoftext|>', '<|endoftext|>', '<|endoftext|>'] [HIT]

row 32: base=IS -> source=CL  template=language_prefill_v4
  question: 'Identify one of the official languages of the country in this image.'
  prefill : 'One official language is'
  gold base   (expected unhooked) : ' Icelandic' = [' Icelandic']
  gold source (expected if swap works): ' Spanish' = [' Spanish']
  unhooked: ' Icelandic.<|im_end|><|endoftext|><|endoftext|><|endoftext|><|endoftext|><|endoftext|>' = [' Icelandic', '.', '<|im_end|>', '<|endoftext|>', '<|endoftext|>', '<|endoftext|>', '<|endoftext|>', '<|endoftext|>']
  L19: ' Icelandic.<|im_end|><|endoftext|><|endoftext|><|endoftext|><|endoftext|><|endoftext|>' = [' Icelandic', '.', '<|im_end|>', '<|endoftext|>', '<|endoftext|>', '<|endoftext|>', '<|endoftext|>', '<|endoftext|>'] [base]
  L20: ' Icelandic.<|im_end|><|endoftext|><|endoftext|><|endoftext|><|endoftext|><|endoftext|>' = [' Icelandic', '.', '<|im_end|>', '<|endoftext|>', '<|endoftext|>', '<|endoftext|>', '<|endoftext|>', '<|endoftext|>'] [base]
  L21: ' Icelandic.<|im_end|><|endoftext|><|endoftext|><|endoftext|><|endoftext|><|endoftext|>' = [' Icelandic', '.', '<|im_end|>', '<|endoftext|>', '<|endoftext|>', '<|endoftext|>', '<|endoftext|>', '<|endoftext|>'] [base]
  L22: ' Icelandic.<|im_end|><|endoftext|><|endoftext|><|endoftext|><|endoftext|><|endoftext|>' = [' Icelandic', '.', '<|im_end|>', '<|endoftext|>', '<|endoftext|>', '<|endoftext|>', '<|endoftext|>', '<|endoftext|>'] [base]
  L23: ' Spanish.<|im_end|>' = [' Spanish', '.', '<|im_end|>'] [HIT]
  L24: ' Spanish.<|im_end|>' = [' Spanish', '.', '<|im_end|>'] [HIT]
  L25: ' Spanish.<|im_end|>' = [' Spanish', '.', '<|im_end|>'] [HIT]
  L26: ' Spanish.<|im_end|>' = [' Spanish', '.', '<|im_end|>'] [HIT]
  L27: ' Spanish.<|im_end|>' = [' Spanish', '.', '<|im_end|>'] [HIT]
  L28: ' Spanish.<|im_end|>' = [' Spanish', '.', '<|im_end|>'] [HIT]

row 33: base=MU -> source=SE  template=language_prefill_v3
  question: 'Tell me a language spoken in the country in this image.'
  prefill : 'A language spoken there is'
  gold base   (expected unhooked) : ' French' = [' French']
  gold source (expected if swap works): ' Swedish' = [' Swedish']
  unhooked: ' Mauritian Creole, which is an' = [' Maur', 'itian', ' Cre', 'ole', ',', ' which', ' is', ' an']
  L19: ' Mauritian Creole, which is an' = [' Maur', 'itian', ' Cre', 'ole', ',', ' which', ' is', ' an'] [other]
  L20: ' Mauritian Creole, which is widely' = [' Maur', 'itian', ' Cre', 'ole', ',', ' which', ' is', ' widely'] [other]
  L21: ' French.<|im_end|><|endoftext|><|endoftext|><|endoftext|><|endoftext|><|endoftext|>' = [' French', '.', '<|im_end|>', '<|endoftext|>', '<|endoftext|>', '<|endoftext|>', '<|endoftext|>', '<|endoftext|>'] [base]
  L22: ' Swedish.<|im_end|><|endoftext|><|endoftext|><|endoftext|><|endoftext|><|endoftext|>' = [' Swedish', '.', '<|im_end|>', '<|endoftext|>', '<|endoftext|>', '<|endoftext|>', '<|endoftext|>', '<|endoftext|>'] [HIT]
  L23: ' Swedish.<|im_end|>' = [' Swedish', '.', '<|im_end|>'] [HIT]
  L24: ' Swedish.<|im_end|>' = [' Swedish', '.', '<|im_end|>'] [HIT]
  L25: ' Swedish.<|im_end|>' = [' Swedish', '.', '<|im_end|>'] [HIT]
  L26: ' Swedish.<|im_end|>' = [' Swedish', '.', '<|im_end|>'] [HIT]
  L27: ' Swedish.<|im_end|>' = [' Swedish', '.', '<|im_end|>'] [HIT]
  L28: ' Swedish.<|im_end|>' = [' Swedish', '.', '<|im_end|>'] [HIT]

row 34: base=HN -> source=SE  template=language_prefill_v4
  question: 'Identify one of the official languages of the country in this image.'
  prefill : 'One official language is'
  gold base   (expected unhooked) : ' Spanish' = [' Spanish']
  gold source (expected if swap works): ' Swedish' = [' Swedish']
  unhooked: ' Spanish.<|im_end|><|endoftext|><|endoftext|><|endoftext|><|endoftext|><|endoftext|>' = [' Spanish', '.', '<|im_end|>', '<|endoftext|>', '<|endoftext|>', '<|endoftext|>', '<|endoftext|>', '<|endoftext|>']
  L19: ' Spanish.<|im_end|><|endoftext|><|endoftext|><|endoftext|><|endoftext|><|endoftext|>' = [' Spanish', '.', '<|im_end|>', '<|endoftext|>', '<|endoftext|>', '<|endoftext|>', '<|endoftext|>', '<|endoftext|>'] [base]
  L20: ' Spanish.<|im_end|><|endoftext|><|endoftext|><|endoftext|><|endoftext|><|endoftext|>' = [' Spanish', '.', '<|im_end|>', '<|endoftext|>', '<|endoftext|>', '<|endoftext|>', '<|endoftext|>', '<|endoftext|>'] [base]
  L21: ' Spanish.<|im_end|><|endoftext|><|endoftext|><|endoftext|><|endoftext|><|endoftext|>' = [' Spanish', '.', '<|im_end|>', '<|endoftext|>', '<|endoftext|>', '<|endoftext|>', '<|endoftext|>', '<|endoftext|>'] [base]
  L22: ' Spanish.<|im_end|><|endoftext|><|endoftext|><|endoftext|><|endoftext|><|endoftext|>' = [' Spanish', '.', '<|im_end|>', '<|endoftext|>', '<|endoftext|>', '<|endoftext|>', '<|endoftext|>', '<|endoftext|>'] [base]
  L23: ' Swedish.<|im_end|>' = [' Swedish', '.', '<|im_end|>'] [HIT]
  L24: ' Swedish.<|im_end|>' = [' Swedish', '.', '<|im_end|>'] [HIT]
  L25: ' Swedish.<|im_end|>' = [' Swedish', '.', '<|im_end|>'] [HIT]
  L26: ' Swedish.<|im_end|>' = [' Swedish', '.', '<|im_end|>'] [HIT]
  L27: ' Swedish.<|im_end|>' = [' Swedish', '.', '<|im_end|>'] [HIT]
  L28: ' Swedish.<|im_end|>' = [' Swedish', '.', '<|im_end|>'] [HIT]

row 35: base=TH -> source=MU  template=language_prefill_v4
  question: 'Identify one of the official languages of the country in this image.'
  prefill : 'One official language is'
  gold base   (expected unhooked) : ' Thai' = [' Thai']
  gold source (expected if swap works): ' French' = [' French']
  unhooked: ' Thai.<|im_end|><|endoftext|><|endoftext|><|endoftext|><|endoftext|><|endoftext|>' = [' Thai', '.', '<|im_end|>', '<|endoftext|>', '<|endoftext|>', '<|endoftext|>', '<|endoftext|>', '<|endoftext|>']
  L19: ' Thai.<|im_end|><|endoftext|><|endoftext|><|endoftext|><|endoftext|><|endoftext|>' = [' Thai', '.', '<|im_end|>', '<|endoftext|>', '<|endoftext|>', '<|endoftext|>', '<|endoftext|>', '<|endoftext|>'] [base]
  L20: ' Thai.<|im_end|><|endoftext|><|endoftext|><|endoftext|><|endoftext|><|endoftext|>' = [' Thai', '.', '<|im_end|>', '<|endoftext|>', '<|endoftext|>', '<|endoftext|>', '<|endoftext|>', '<|endoftext|>'] [base]
  L21: ' Thai.<|im_end|><|endoftext|><|endoftext|><|endoftext|><|endoftext|><|endoftext|>' = [' Thai', '.', '<|im_end|>', '<|endoftext|>', '<|endoftext|>', '<|endoftext|>', '<|endoftext|>', '<|endoftext|>'] [base]
  L22: ' Thai.<|im_end|><|endoftext|><|endoftext|><|endoftext|><|endoftext|><|endoftext|>' = [' Thai', '.', '<|im_end|>', '<|endoftext|>', '<|endoftext|>', '<|endoftext|>', '<|endoftext|>', '<|endoftext|>'] [base]
  L23: ' French.<|im_end|>' = [' French', '.', '<|im_end|>'] [HIT]
  L24: ' French.<|im_end|>' = [' French', '.', '<|im_end|>'] [HIT]
  L25: ' French.<|im_end|>' = [' French', '.', '<|im_end|>'] [HIT]
  L26: ' French.<|im_end|>' = [' French', '.', '<|im_end|>'] [HIT]
  L27: ' French.<|im_end|>' = [' French', '.', '<|im_end|>'] [HIT]
  L28: ' French.<|im_end|>' = [' French', '.', '<|im_end|>'] [HIT]

row 36: base=UA -> source=IS  template=language_prefill_v4
  question: 'Identify one of the official languages of the country in this image.'
  prefill : 'One official language is'
  gold base   (expected unhooked) : ' Ukrainian' = [' Ukrainian']
  gold source (expected if swap works): ' Icelandic' = [' Icelandic']
  unhooked: ' Ukrainian.<|im_end|><|endoftext|><|endoftext|><|endoftext|><|endoftext|><|endoftext|>' = [' Ukrainian', '.', '<|im_end|>', '<|endoftext|>', '<|endoftext|>', '<|endoftext|>', '<|endoftext|>', '<|endoftext|>']
  L19: ' Ukrainian.<|im_end|><|endoftext|><|endoftext|><|endoftext|><|endoftext|><|endoftext|>' = [' Ukrainian', '.', '<|im_end|>', '<|endoftext|>', '<|endoftext|>', '<|endoftext|>', '<|endoftext|>', '<|endoftext|>'] [base]
  L20: ' Ukrainian.<|im_end|><|endoftext|><|endoftext|><|endoftext|><|endoftext|><|endoftext|>' = [' Ukrainian', '.', '<|im_end|>', '<|endoftext|>', '<|endoftext|>', '<|endoftext|>', '<|endoftext|>', '<|endoftext|>'] [base]
  L21: ' Ukrainian.<|im_end|><|endoftext|><|endoftext|><|endoftext|><|endoftext|><|endoftext|>' = [' Ukrainian', '.', '<|im_end|>', '<|endoftext|>', '<|endoftext|>', '<|endoftext|>', '<|endoftext|>', '<|endoftext|>'] [base]
  L22: ' Ukrainian.<|im_end|><|endoftext|><|endoftext|><|endoftext|><|endoftext|><|endoftext|>' = [' Ukrainian', '.', '<|im_end|>', '<|endoftext|>', '<|endoftext|>', '<|endoftext|>', '<|endoftext|>', '<|endoftext|>'] [base]
  L23: ' Icelandic.<|im_end|>' = [' Icelandic', '.', '<|im_end|>'] [HIT]
  L24: ' Icelandic.<|im_end|>' = [' Icelandic', '.', '<|im_end|>'] [HIT]
  L25: ' Icelandic.<|im_end|>' = [' Icelandic', '.', '<|im_end|>'] [HIT]
  L26: ' Icelandic.<|im_end|>' = [' Icelandic', '.', '<|im_end|>'] [HIT]
  L27: ' Icelandic.<|im_end|>' = [' Icelandic', '.', '<|im_end|>'] [HIT]
  L28: ' Icelandic.<|im_end|>' = [' Icelandic', '.', '<|im_end|>'] [HIT]

row 37: base=FI -> source=UA  template=language_prefill_v2
  question: 'What is the official language of the country shown in this flag?'
  prefill : 'The official language is'
  gold base   (expected unhooked) : ' Finnish' = [' Finnish']
  gold source (expected if swap works): ' Ukrainian' = [' Ukrainian']
  unhooked: ' Finnish.<|im_end|><|endoftext|><|endoftext|><|endoftext|><|endoftext|><|endoftext|>' = [' Finnish', '.', '<|im_end|>', '<|endoftext|>', '<|endoftext|>', '<|endoftext|>', '<|endoftext|>', '<|endoftext|>']
  L19: ' Finnish.<|im_end|><|endoftext|><|endoftext|><|endoftext|><|endoftext|><|endoftext|>' = [' Finnish', '.', '<|im_end|>', '<|endoftext|>', '<|endoftext|>', '<|endoftext|>', '<|endoftext|>', '<|endoftext|>'] [base]
  L20: ' Finnish.<|im_end|><|endoftext|><|endoftext|><|endoftext|><|endoftext|><|endoftext|>' = [' Finnish', '.', '<|im_end|>', '<|endoftext|>', '<|endoftext|>', '<|endoftext|>', '<|endoftext|>', '<|endoftext|>'] [base]
  L21: ' Finnish.<|im_end|><|endoftext|><|endoftext|><|endoftext|><|endoftext|><|endoftext|>' = [' Finnish', '.', '<|im_end|>', '<|endoftext|>', '<|endoftext|>', '<|endoftext|>', '<|endoftext|>', '<|endoftext|>'] [base]
  L22: ' Finnish.<|im_end|><|endoftext|><|endoftext|><|endoftext|><|endoftext|><|endoftext|>' = [' Finnish', '.', '<|im_end|>', '<|endoftext|>', '<|endoftext|>', '<|endoftext|>', '<|endoftext|>', '<|endoftext|>'] [base]
  L23: ' Finnish.<|im_end|>' = [' Finnish', '.', '<|im_end|>'] [base]
  L24: ' Ukrainian.<|im_end|>' = [' Ukrainian', '.', '<|im_end|>'] [HIT]
  L25: ' Ukrainian.<|im_end|>' = [' Ukrainian', '.', '<|im_end|>'] [HIT]
  L26: ' Ukrainian.<|im_end|>' = [' Ukrainian', '.', '<|im_end|>'] [HIT]
  L27: ' Ukrainian.<|im_end|>' = [' Ukrainian', '.', '<|im_end|>'] [HIT]
  L28: ' Ukrainian.<|im_end|>' = [' Ukrainian', '.', '<|im_end|>'] [HIT]

row 38: base=SA -> source=SE  template=language_prefill_v6
  question: 'Name a language used in the country depicted in this image.'
  prefill : 'A language spoken there is'
  gold base   (expected unhooked) : ' Arabic' = [' Arabic']
  gold source (expected if swap works): ' Swedish' = [' Swedish']
  unhooked: ' Arabic.<|im_end|><|endoftext|><|endoftext|><|endoftext|><|endoftext|><|endoftext|>' = [' Arabic', '.', '<|im_end|>', '<|endoftext|>', '<|endoftext|>', '<|endoftext|>', '<|endoftext|>', '<|endoftext|>']
  L19: ' Arabic.<|im_end|><|endoftext|><|endoftext|><|endoftext|><|endoftext|><|endoftext|>' = [' Arabic', '.', '<|im_end|>', '<|endoftext|>', '<|endoftext|>', '<|endoftext|>', '<|endoftext|>', '<|endoftext|>'] [base]
  L20: ' Arabic.<|im_end|><|endoftext|><|endoftext|><|endoftext|><|endoftext|><|endoftext|>' = [' Arabic', '.', '<|im_end|>', '<|endoftext|>', '<|endoftext|>', '<|endoftext|>', '<|endoftext|>', '<|endoftext|>'] [base]
  L21: ' Arabic.<|im_end|><|endoftext|><|endoftext|><|endoftext|><|endoftext|><|endoftext|>' = [' Arabic', '.', '<|im_end|>', '<|endoftext|>', '<|endoftext|>', '<|endoftext|>', '<|endoftext|>', '<|endoftext|>'] [base]
  L22: ' Arabic.<|im_end|><|endoftext|><|endoftext|><|endoftext|><|endoftext|><|endoftext|>' = [' Arabic', '.', '<|im_end|>', '<|endoftext|>', '<|endoftext|>', '<|endoftext|>', '<|endoftext|>', '<|endoftext|>'] [base]
  L23: ' Swedish.<|im_end|>' = [' Swedish', '.', '<|im_end|>'] [HIT]
  L24: ' Swedish.<|im_end|>' = [' Swedish', '.', '<|im_end|>'] [HIT]
  L25: ' Swedish.<|im_end|>' = [' Swedish', '.', '<|im_end|>'] [HIT]
  L26: ' Swedish.<|im_end|>' = [' Swedish', '.', '<|im_end|>'] [HIT]
  L27: ' Swedish.<|im_end|>' = [' Swedish', '.', '<|im_end|>'] [HIT]
  L28: ' Swedish.<|im_end|>' = [' Swedish', '.', '<|im_end|>'] [HIT]

row 39: base=PT -> source=GT  template=language_prefill_v6
  question: 'Name a language used in the country depicted in this image.'
  prefill : 'A language spoken there is'
  gold base   (expected unhooked) : ' Portuguese' = [' Portuguese']
  gold source (expected if swap works): ' Spanish' = [' Spanish']
  unhooked: ' Portuguese.<|im_end|><|endoftext|><|endoftext|><|endoftext|><|endoftext|><|endoftext|>' = [' Portuguese', '.', '<|im_end|>', '<|endoftext|>', '<|endoftext|>', '<|endoftext|>', '<|endoftext|>', '<|endoftext|>']
  L19: ' Portuguese.<|im_end|><|endoftext|><|endoftext|><|endoftext|><|endoftext|><|endoftext|>' = [' Portuguese', '.', '<|im_end|>', '<|endoftext|>', '<|endoftext|>', '<|endoftext|>', '<|endoftext|>', '<|endoftext|>'] [base]
  L20: ' Portuguese.<|im_end|><|endoftext|><|endoftext|><|endoftext|><|endoftext|><|endoftext|>' = [' Portuguese', '.', '<|im_end|>', '<|endoftext|>', '<|endoftext|>', '<|endoftext|>', '<|endoftext|>', '<|endoftext|>'] [base]
  L21: ' Portuguese.<|im_end|><|endoftext|><|endoftext|><|endoftext|><|endoftext|><|endoftext|>' = [' Portuguese', '.', '<|im_end|>', '<|endoftext|>', '<|endoftext|>', '<|endoftext|>', '<|endoftext|>', '<|endoftext|>'] [base]
  L22: ' Portuguese.<|im_end|><|endoftext|><|endoftext|><|endoftext|><|endoftext|><|endoftext|>' = [' Portuguese', '.', '<|im_end|>', '<|endoftext|>', '<|endoftext|>', '<|endoftext|>', '<|endoftext|>', '<|endoftext|>'] [base]
  L23: ' Portuguese.<|im_end|>' = [' Portuguese', '.', '<|im_end|>'] [base]
  L24: ' Spanish.<|im_end|>' = [' Spanish', '.', '<|im_end|>'] [HIT]
  L25: ' Spanish.<|im_end|>' = [' Spanish', '.', '<|im_end|>'] [HIT]
  L26: ' Spanish.<|im_end|>' = [' Spanish', '.', '<|im_end|>'] [HIT]
  L27: ' Spanish.<|im_end|>' = [' Spanish', '.', '<|im_end|>'] [HIT]
  L28: ' Spanish.<|im_end|>' = [' Spanish', '.', '<|im_end|>'] [HIT]

row 40: base=MX -> source=CM  template=language_prefill_v2
  question: 'What is the official language of the country shown in this flag?'
  prefill : 'The official language is'
  gold base   (expected unhooked) : ' Spanish' = [' Spanish']
  gold source (expected if swap works): ' French' = [' French']
  unhooked: ' Spanish.<|im_end|><|endoftext|><|endoftext|><|endoftext|><|endoftext|><|endoftext|>' = [' Spanish', '.', '<|im_end|>', '<|endoftext|>', '<|endoftext|>', '<|endoftext|>', '<|endoftext|>', '<|endoftext|>']
  L19: ' Spanish.<|im_end|><|endoftext|><|endoftext|><|endoftext|><|endoftext|><|endoftext|>' = [' Spanish', '.', '<|im_end|>', '<|endoftext|>', '<|endoftext|>', '<|endoftext|>', '<|endoftext|>', '<|endoftext|>'] [base]
  L20: ' Spanish.<|im_end|><|endoftext|><|endoftext|><|endoftext|><|endoftext|><|endoftext|>' = [' Spanish', '.', '<|im_end|>', '<|endoftext|>', '<|endoftext|>', '<|endoftext|>', '<|endoftext|>', '<|endoftext|>'] [base]
  L21: ' Spanish.<|im_end|><|endoftext|><|endoftext|><|endoftext|><|endoftext|><|endoftext|>' = [' Spanish', '.', '<|im_end|>', '<|endoftext|>', '<|endoftext|>', '<|endoftext|>', '<|endoftext|>', '<|endoftext|>'] [base]
  L22: ' Spanish.<|im_end|><|endoftext|><|endoftext|><|endoftext|><|endoftext|><|endoftext|>' = [' Spanish', '.', '<|im_end|>', '<|endoftext|>', '<|endoftext|>', '<|endoftext|>', '<|endoftext|>', '<|endoftext|>'] [base]
  L23: ' French.<|im_end|>' = [' French', '.', '<|im_end|>'] [HIT]
  L24: ' French.<|im_end|>' = [' French', '.', '<|im_end|>'] [HIT]
  L25: ' French.<|im_end|>' = [' French', '.', '<|im_end|>'] [HIT]
  L26: ' French.<|im_end|>' = [' French', '.', '<|im_end|>'] [HIT]
  L27: ' French.<|im_end|>' = [' French', '.', '<|im_end|>'] [HIT]
  L28: ' French.<|im_end|>' = [' French', '.', '<|im_end|>'] [HIT]

row 41: base=PY -> source=SE  template=language_prefill_v4
  question: 'Identify one of the official languages of the country in this image.'
  prefill : 'One official language is'
  gold base   (expected unhooked) : ' Spanish' = [' Spanish']
  gold source (expected if swap works): ' Swedish' = [' Swedish']
  unhooked: ' Spanish.<|im_end|><|endoftext|><|endoftext|><|endoftext|><|endoftext|><|endoftext|>' = [' Spanish', '.', '<|im_end|>', '<|endoftext|>', '<|endoftext|>', '<|endoftext|>', '<|endoftext|>', '<|endoftext|>']
  L19: ' Spanish.<|im_end|><|endoftext|><|endoftext|><|endoftext|><|endoftext|><|endoftext|>' = [' Spanish', '.', '<|im_end|>', '<|endoftext|>', '<|endoftext|>', '<|endoftext|>', '<|endoftext|>', '<|endoftext|>'] [base]
  L20: ' Spanish.<|im_end|><|endoftext|><|endoftext|><|endoftext|><|endoftext|><|endoftext|>' = [' Spanish', '.', '<|im_end|>', '<|endoftext|>', '<|endoftext|>', '<|endoftext|>', '<|endoftext|>', '<|endoftext|>'] [base]
  L21: ' Spanish.<|im_end|><|endoftext|><|endoftext|><|endoftext|><|endoftext|><|endoftext|>' = [' Spanish', '.', '<|im_end|>', '<|endoftext|>', '<|endoftext|>', '<|endoftext|>', '<|endoftext|>', '<|endoftext|>'] [base]
  L22: ' Spanish.<|im_end|><|endoftext|><|endoftext|><|endoftext|><|endoftext|><|endoftext|>' = [' Spanish', '.', '<|im_end|>', '<|endoftext|>', '<|endoftext|>', '<|endoftext|>', '<|endoftext|>', '<|endoftext|>'] [base]
  L23: ' Swedish.<|im_end|>' = [' Swedish', '.', '<|im_end|>'] [HIT]
  L24: ' Swedish.<|im_end|>' = [' Swedish', '.', '<|im_end|>'] [HIT]
  L25: ' Swedish.<|im_end|>' = [' Swedish', '.', '<|im_end|>'] [HIT]
  L26: ' Swedish.<|im_end|>' = [' Swedish', '.', '<|im_end|>'] [HIT]
  L27: ' Swedish.<|im_end|>' = [' Swedish', '.', '<|im_end|>'] [HIT]
  L28: ' Swedish.<|im_end|>' = [' Swedish', '.', '<|im_end|>'] [HIT]

row 42: base=GR -> source=SE  template=language_prefill_v3
  question: 'Tell me a language spoken in the country in this image.'
  prefill : 'A language spoken there is'
  gold base   (expected unhooked) : ' Greek' = [' Greek']
  gold source (expected if swap works): ' Swedish' = [' Swedish']
  unhooked: ' Greek.<|im_end|><|endoftext|><|endoftext|><|endoftext|><|endoftext|><|endoftext|>' = [' Greek', '.', '<|im_end|>', '<|endoftext|>', '<|endoftext|>', '<|endoftext|>', '<|endoftext|>', '<|endoftext|>']
  L19: ' Greek.<|im_end|><|endoftext|><|endoftext|><|endoftext|><|endoftext|><|endoftext|>' = [' Greek', '.', '<|im_end|>', '<|endoftext|>', '<|endoftext|>', '<|endoftext|>', '<|endoftext|>', '<|endoftext|>'] [base]
  L20: ' Greek.<|im_end|><|endoftext|><|endoftext|><|endoftext|><|endoftext|><|endoftext|>' = [' Greek', '.', '<|im_end|>', '<|endoftext|>', '<|endoftext|>', '<|endoftext|>', '<|endoftext|>', '<|endoftext|>'] [base]
  L21: ' Greek.<|im_end|><|endoftext|><|endoftext|><|endoftext|><|endoftext|><|endoftext|>' = [' Greek', '.', '<|im_end|>', '<|endoftext|>', '<|endoftext|>', '<|endoftext|>', '<|endoftext|>', '<|endoftext|>'] [base]
  L22: ' Greek.<|im_end|><|endoftext|><|endoftext|><|endoftext|><|endoftext|><|endoftext|>' = [' Greek', '.', '<|im_end|>', '<|endoftext|>', '<|endoftext|>', '<|endoftext|>', '<|endoftext|>', '<|endoftext|>'] [base]
  L23: ' Swedish.<|im_end|>' = [' Swedish', '.', '<|im_end|>'] [HIT]
  L24: ' Swedish.<|im_end|>' = [' Swedish', '.', '<|im_end|>'] [HIT]
  L25: ' Swedish.<|im_end|>' = [' Swedish', '.', '<|im_end|>'] [HIT]
  L26: ' Swedish.<|im_end|>' = [' Swedish', '.', '<|im_end|>'] [HIT]
  L27: ' Swedish.<|im_end|>' = [' Swedish', '.', '<|im_end|>'] [HIT]
  L28: ' Swedish.<|im_end|>' = [' Swedish', '.', '<|im_end|>'] [HIT]

row 43: base=BY -> source=AO  template=language_prefill_v4
  question: 'Identify one of the official languages of the country in this image.'
  prefill : 'One official language is'
  gold base   (expected unhooked) : ' Belarusian' = [' Belarus', 'ian']
  gold source (expected if swap works): ' Portuguese' = [' Portuguese']
  unhooked: ' Belarusian.<|im_end|><|endoftext|><|endoftext|><|endoftext|><|endoftext|>' = [' Belarus', 'ian', '.', '<|im_end|>', '<|endoftext|>', '<|endoftext|>', '<|endoftext|>', '<|endoftext|>']
  L19: ' Belarusian.<|im_end|><|endoftext|><|endoftext|><|endoftext|><|endoftext|>' = [' Belarus', 'ian', '.', '<|im_end|>', '<|endoftext|>', '<|endoftext|>', '<|endoftext|>', '<|endoftext|>'] [base]
  L20: ' Belarusian.<|im_end|><|endoftext|><|endoftext|><|endoftext|><|endoftext|>' = [' Belarus', 'ian', '.', '<|im_end|>', '<|endoftext|>', '<|endoftext|>', '<|endoftext|>', '<|endoftext|>'] [base]
  L21: ' Belarusian.<|im_end|><|endoftext|><|endoftext|><|endoftext|><|endoftext|>' = [' Belarus', 'ian', '.', '<|im_end|>', '<|endoftext|>', '<|endoftext|>', '<|endoftext|>', '<|endoftext|>'] [base]
  L22: ' Belarusian.<|im_end|><|endoftext|><|endoftext|><|endoftext|><|endoftext|>' = [' Belarus', 'ian', '.', '<|im_end|>', '<|endoftext|>', '<|endoftext|>', '<|endoftext|>', '<|endoftext|>'] [base]
  L23: ' Portuguese.<|im_end|>' = [' Portuguese', '.', '<|im_end|>'] [HIT]
  L24: ' Portuguese.<|im_end|>' = [' Portuguese', '.', '<|im_end|>'] [HIT]
  L25: ' Portuguese.<|im_end|>' = [' Portuguese', '.', '<|im_end|>'] [HIT]
  L26: ' Portuguese.<|im_end|>' = [' Portuguese', '.', '<|im_end|>'] [HIT]
  L27: ' Portuguese.<|im_end|>' = [' Portuguese', '.', '<|im_end|>'] [HIT]
  L28: ' Portuguese.<|im_end|>' = [' Portuguese', '.', '<|im_end|>'] [HIT]

row 44: base=SA -> source=PT  template=language_prefill_v2
  question: 'What is the official language of the country shown in this flag?'
  prefill : 'The official language is'
  gold base   (expected unhooked) : ' Arabic' = [' Arabic']
  gold source (expected if swap works): ' Portuguese' = [' Portuguese']
  unhooked: ' Arabic.<|im_end|><|endoftext|><|endoftext|><|endoftext|><|endoftext|><|endoftext|>' = [' Arabic', '.', '<|im_end|>', '<|endoftext|>', '<|endoftext|>', '<|endoftext|>', '<|endoftext|>', '<|endoftext|>']
  L19: ' Arabic.<|im_end|><|endoftext|><|endoftext|><|endoftext|><|endoftext|><|endoftext|>' = [' Arabic', '.', '<|im_end|>', '<|endoftext|>', '<|endoftext|>', '<|endoftext|>', '<|endoftext|>', '<|endoftext|>'] [base]
  L20: ' Arabic.<|im_end|><|endoftext|><|endoftext|><|endoftext|><|endoftext|><|endoftext|>' = [' Arabic', '.', '<|im_end|>', '<|endoftext|>', '<|endoftext|>', '<|endoftext|>', '<|endoftext|>', '<|endoftext|>'] [base]
  L21: ' Arabic.<|im_end|><|endoftext|><|endoftext|><|endoftext|><|endoftext|><|endoftext|>' = [' Arabic', '.', '<|im_end|>', '<|endoftext|>', '<|endoftext|>', '<|endoftext|>', '<|endoftext|>', '<|endoftext|>'] [base]
  L22: ' Arabic.<|im_end|><|endoftext|><|endoftext|><|endoftext|><|endoftext|><|endoftext|>' = [' Arabic', '.', '<|im_end|>', '<|endoftext|>', '<|endoftext|>', '<|endoftext|>', '<|endoftext|>', '<|endoftext|>'] [base]
  L23: ' Portuguese.<|im_end|>' = [' Portuguese', '.', '<|im_end|>'] [HIT]
  L24: ' Portuguese.<|im_end|>' = [' Portuguese', '.', '<|im_end|>'] [HIT]
  L25: ' Portuguese.<|im_end|>' = [' Portuguese', '.', '<|im_end|>'] [HIT]
  L26: ' Portuguese.<|im_end|>' = [' Portuguese', '.', '<|im_end|>'] [HIT]
  L27: ' Portuguese.<|im_end|>' = [' Portuguese', '.', '<|im_end|>'] [HIT]
  L28: ' Portuguese.<|im_end|>' = [' Portuguese', '.', '<|im_end|>'] [HIT]

row 45: base=AO -> source=IS  template=language_prefill_v6
  question: 'Name a language used in the country depicted in this image.'
  prefill : 'A language spoken there is'
  gold base   (expected unhooked) : ' Portuguese' = [' Portuguese']
  gold source (expected if swap works): ' Icelandic' = [' Icelandic']
  unhooked: ' Portuguese, as Angola was a Portuguese colony' = [' Portuguese', ',', ' as', ' Angola', ' was', ' a', ' Portuguese', ' colony']
  L19: ' Portuguese, as Angola was a Portuguese colony' = [' Portuguese', ',', ' as', ' Angola', ' was', ' a', ' Portuguese', ' colony'] [base]
  L20: ' Portuguese, as Angola was a Portuguese colony' = [' Portuguese', ',', ' as', ' Angola', ' was', ' a', ' Portuguese', ' colony'] [base]
  L21: ' Portuguese, as Angola was a Portuguese colony' = [' Portuguese', ',', ' as', ' Angola', ' was', ' a', ' Portuguese', ' colony'] [base]
  L22: ' Portuguese, as Angola was a Portuguese colony' = [' Portuguese', ',', ' as', ' Angola', ' was', ' a', ' Portuguese', ' colony'] [base]
  L23: ' Icelandic.<|im_end|>' = [' Icelandic', '.', '<|im_end|>'] [HIT]
  L24: ' Icelandic.<|im_end|>' = [' Icelandic', '.', '<|im_end|>'] [HIT]
  L25: ' Icelandic.<|im_end|>' = [' Icelandic', '.', '<|im_end|>'] [HIT]
  L26: ' Icelandic.<|im_end|>' = [' Icelandic', '.', '<|im_end|>'] [HIT]
  L27: ' Icelandic.<|im_end|>' = [' Icelandic', '.', '<|im_end|>'] [HIT]
  L28: ' Icelandic.<|im_end|>' = [' Icelandic', '.', '<|im_end|>'] [HIT]

row 46: base=BY -> source=ZM  template=language_prefill_v4
  question: 'Identify one of the official languages of the country in this image.'
  prefill : 'One official language is'
  gold base   (expected unhooked) : ' Belarusian' = [' Belarus', 'ian']
  gold source (expected if swap works): ' English' = [' English']
  unhooked: ' Belarusian.<|im_end|><|endoftext|><|endoftext|><|endoftext|><|endoftext|>' = [' Belarus', 'ian', '.', '<|im_end|>', '<|endoftext|>', '<|endoftext|>', '<|endoftext|>', '<|endoftext|>']
  L19: ' Belarusian.<|im_end|><|endoftext|><|endoftext|><|endoftext|><|endoftext|>' = [' Belarus', 'ian', '.', '<|im_end|>', '<|endoftext|>', '<|endoftext|>', '<|endoftext|>', '<|endoftext|>'] [base]
  L20: ' Belarusian.<|im_end|><|endoftext|><|endoftext|><|endoftext|><|endoftext|>' = [' Belarus', 'ian', '.', '<|im_end|>', '<|endoftext|>', '<|endoftext|>', '<|endoftext|>', '<|endoftext|>'] [base]
  L21: ' Belarusian.<|im_end|><|endoftext|><|endoftext|><|endoftext|><|endoftext|>' = [' Belarus', 'ian', '.', '<|im_end|>', '<|endoftext|>', '<|endoftext|>', '<|endoftext|>', '<|endoftext|>'] [base]
  L22: ' Belarusian.<|im_end|><|endoftext|><|endoftext|><|endoftext|><|endoftext|>' = [' Belarus', 'ian', '.', '<|im_end|>', '<|endoftext|>', '<|endoftext|>', '<|endoftext|>', '<|endoftext|>'] [base]
  L23: ' English.<|im_end|>' = [' English', '.', '<|im_end|>'] [HIT]
  L24: ' English.<|im_end|>' = [' English', '.', '<|im_end|>'] [HIT]
  L25: ' English.<|im_end|>' = [' English', '.', '<|im_end|>'] [HIT]
  L26: ' English.<|im_end|>' = [' English', '.', '<|im_end|>'] [HIT]
  L27: ' English.<|im_end|>' = [' English', '.', '<|im_end|>'] [HIT]
  L28: ' English.<|im_end|>' = [' English', '.', '<|im_end|>'] [HIT]

row 47: base=ZM -> source=CV  template=language_prefill_v2
  question: 'What is the official language of the country shown in this flag?'
  prefill : 'The official language is'
  gold base   (expected unhooked) : ' English' = [' English']
  gold source (expected if swap works): ' Portuguese' = [' Portuguese']
  unhooked: ' English.<|im_end|><|endoftext|><|endoftext|><|endoftext|><|endoftext|><|endoftext|>' = [' English', '.', '<|im_end|>', '<|endoftext|>', '<|endoftext|>', '<|endoftext|>', '<|endoftext|>', '<|endoftext|>']
  L19: ' English.<|im_end|><|endoftext|><|endoftext|><|endoftext|><|endoftext|><|endoftext|>' = [' English', '.', '<|im_end|>', '<|endoftext|>', '<|endoftext|>', '<|endoftext|>', '<|endoftext|>', '<|endoftext|>'] [base]
  L20: ' English.<|im_end|><|endoftext|><|endoftext|><|endoftext|><|endoftext|><|endoftext|>' = [' English', '.', '<|im_end|>', '<|endoftext|>', '<|endoftext|>', '<|endoftext|>', '<|endoftext|>', '<|endoftext|>'] [base]
  L21: ' English.<|im_end|><|endoftext|><|endoftext|><|endoftext|><|endoftext|><|endoftext|>' = [' English', '.', '<|im_end|>', '<|endoftext|>', '<|endoftext|>', '<|endoftext|>', '<|endoftext|>', '<|endoftext|>'] [base]
  L22: ' English.<|im_end|><|endoftext|><|endoftext|><|endoftext|><|endoftext|><|endoftext|>' = [' English', '.', '<|im_end|>', '<|endoftext|>', '<|endoftext|>', '<|endoftext|>', '<|endoftext|>', '<|endoftext|>'] [base]
  L23: ' Portuguese.<|im_end|>' = [' Portuguese', '.', '<|im_end|>'] [HIT]
  L24: ' Portuguese.<|im_end|>' = [' Portuguese', '.', '<|im_end|>'] [HIT]
  L25: ' Portuguese.<|im_end|>' = [' Portuguese', '.', '<|im_end|>'] [HIT]
  L26: ' Portuguese.<|im_end|>' = [' Portuguese', '.', '<|im_end|>'] [HIT]
  L27: ' Portuguese.<|im_end|>' = [' Portuguese', '.', '<|im_end|>'] [HIT]
  L28: ' Portuguese.<|im_end|>' = [' Portuguese', '.', '<|im_end|>'] [HIT]

row 48: base=MA -> source=IS  template=language_prefill_v4
  question: 'Identify one of the official languages of the country in this image.'
  prefill : 'One official language is'
  gold base   (expected unhooked) : ' Arabic' = [' Arabic']
  gold source (expected if swap works): ' Icelandic' = [' Icelandic']
  unhooked: ' Arabic.<|im_end|><|endoftext|><|endoftext|><|endoftext|><|endoftext|><|endoftext|>' = [' Arabic', '.', '<|im_end|>', '<|endoftext|>', '<|endoftext|>', '<|endoftext|>', '<|endoftext|>', '<|endoftext|>']
  L19: ' Arabic.<|im_end|><|endoftext|><|endoftext|><|endoftext|><|endoftext|><|endoftext|>' = [' Arabic', '.', '<|im_end|>', '<|endoftext|>', '<|endoftext|>', '<|endoftext|>', '<|endoftext|>', '<|endoftext|>'] [base]
  L20: ' Arabic.<|im_end|><|endoftext|><|endoftext|><|endoftext|><|endoftext|><|endoftext|>' = [' Arabic', '.', '<|im_end|>', '<|endoftext|>', '<|endoftext|>', '<|endoftext|>', '<|endoftext|>', '<|endoftext|>'] [base]
  L21: ' Arabic.<|im_end|><|endoftext|><|endoftext|><|endoftext|><|endoftext|><|endoftext|>' = [' Arabic', '.', '<|im_end|>', '<|endoftext|>', '<|endoftext|>', '<|endoftext|>', '<|endoftext|>', '<|endoftext|>'] [base]
  L22: ' Moroccan Arabic (Darija).<|im_end|>' = [' Moroccan', ' Arabic', ' (', 'D', 'ari', 'ja', ').', '<|im_end|>'] [other]
  L23: ' Icelandic.<|im_end|>' = [' Icelandic', '.', '<|im_end|>'] [HIT]
  L24: ' Icelandic.<|im_end|><|endoftext|>' = [' Icelandic', '.', '<|im_end|>', '<|endoftext|>'] [HIT]
  L25: ' Icelandic.<|im_end|><|endoftext|>' = [' Icelandic', '.', '<|im_end|>', '<|endoftext|>'] [HIT]
  L26: ' Icelandic.<|im_end|><|endoftext|>' = [' Icelandic', '.', '<|im_end|>', '<|endoftext|>'] [HIT]
  L27: ' Icelandic.<|im_end|><|endoftext|>' = [' Icelandic', '.', '<|im_end|>', '<|endoftext|>'] [HIT]
  L28: ' Icelandic.<|im_end|><|endoftext|>' = [' Icelandic', '.', '<|im_end|>', '<|endoftext|>'] [HIT]

row 49: base=VN -> source=TH  template=language_prefill_v4
  question: 'Identify one of the official languages of the country in this image.'
  prefill : 'One official language is'
  gold base   (expected unhooked) : ' Vietnamese' = [' Vietnamese']
  gold source (expected if swap works): ' Thai' = [' Thai']
  unhooked: ' Vietnamese.<|im_end|><|endoftext|><|endoftext|><|endoftext|><|endoftext|><|endoftext|>' = [' Vietnamese', '.', '<|im_end|>', '<|endoftext|>', '<|endoftext|>', '<|endoftext|>', '<|endoftext|>', '<|endoftext|>']
  L19: ' Vietnamese.<|im_end|><|endoftext|><|endoftext|><|endoftext|><|endoftext|><|endoftext|>' = [' Vietnamese', '.', '<|im_end|>', '<|endoftext|>', '<|endoftext|>', '<|endoftext|>', '<|endoftext|>', '<|endoftext|>'] [base]
  L20: ' Vietnamese.<|im_end|><|endoftext|><|endoftext|><|endoftext|><|endoftext|><|endoftext|>' = [' Vietnamese', '.', '<|im_end|>', '<|endoftext|>', '<|endoftext|>', '<|endoftext|>', '<|endoftext|>', '<|endoftext|>'] [base]
  L21: ' Vietnamese.<|im_end|><|endoftext|><|endoftext|><|endoftext|><|endoftext|><|endoftext|>' = [' Vietnamese', '.', '<|im_end|>', '<|endoftext|>', '<|endoftext|>', '<|endoftext|>', '<|endoftext|>', '<|endoftext|>'] [base]
  L22: ' Vietnamese.<|im_end|><|endoftext|><|endoftext|><|endoftext|><|endoftext|><|endoftext|>' = [' Vietnamese', '.', '<|im_end|>', '<|endoftext|>', '<|endoftext|>', '<|endoftext|>', '<|endoftext|>', '<|endoftext|>'] [base]
  L23: ' Vietnamese.<|im_end|>' = [' Vietnamese', '.', '<|im_end|>'] [base]
  L24: ' Thai.<|im_end|><|endoftext|>' = [' Thai', '.', '<|im_end|>', '<|endoftext|>'] [HIT]
  L25: ' Thai.<|im_end|><|endoftext|>' = [' Thai', '.', '<|im_end|>', '<|endoftext|>'] [HIT]
  L26: ' Thai.<|im_end|><|endoftext|>' = [' Thai', '.', '<|im_end|>', '<|endoftext|>'] [HIT]
  L27: ' Thai.<|im_end|><|endoftext|>' = [' Thai', '.', '<|im_end|>', '<|endoftext|>'] [HIT]
  L28: ' Thai.<|im_end|><|endoftext|>' = [' Thai', '.', '<|im_end|>', '<|endoftext|>'] [HIT]

row 50: base=UG -> source=IS  template=language_prefill_v1
  question: 'Name an official language of the country in this image.'
  prefill : 'One official language is'
  gold base   (expected unhooked) : ' English' = [' English']
  gold source (expected if swap works): ' Icelandic' = [' Icelandic']
  unhooked: ' English.<|im_end|><|endoftext|><|endoftext|><|endoftext|><|endoftext|><|endoftext|>' = [' English', '.', '<|im_end|>', '<|endoftext|>', '<|endoftext|>', '<|endoftext|>', '<|endoftext|>', '<|endoftext|>']
  L19: ' English.<|im_end|><|endoftext|><|endoftext|><|endoftext|><|endoftext|><|endoftext|>' = [' English', '.', '<|im_end|>', '<|endoftext|>', '<|endoftext|>', '<|endoftext|>', '<|endoftext|>', '<|endoftext|>'] [base]
  L20: ' English.<|im_end|><|endoftext|><|endoftext|><|endoftext|><|endoftext|><|endoftext|>' = [' English', '.', '<|im_end|>', '<|endoftext|>', '<|endoftext|>', '<|endoftext|>', '<|endoftext|>', '<|endoftext|>'] [base]
  L21: ' English.<|im_end|><|endoftext|><|endoftext|><|endoftext|><|endoftext|><|endoftext|>' = [' English', '.', '<|im_end|>', '<|endoftext|>', '<|endoftext|>', '<|endoftext|>', '<|endoftext|>', '<|endoftext|>'] [base]
  L22: ' English.<|im_end|><|endoftext|><|endoftext|><|endoftext|><|endoftext|><|endoftext|>' = [' English', '.', '<|im_end|>', '<|endoftext|>', '<|endoftext|>', '<|endoftext|>', '<|endoftext|>', '<|endoftext|>'] [base]
  L23: ' Icelandic.<|im_end|>' = [' Icelandic', '.', '<|im_end|>'] [HIT]
  L24: ' Icelandic.<|im_end|><|endoftext|>' = [' Icelandic', '.', '<|im_end|>', '<|endoftext|>'] [HIT]
  L25: ' Icelandic.<|im_end|><|endoftext|>' = [' Icelandic', '.', '<|im_end|>', '<|endoftext|>'] [HIT]
  L26: ' Icelandic.<|im_end|><|endoftext|>' = [' Icelandic', '.', '<|im_end|>', '<|endoftext|>'] [HIT]
  L27: ' Icelandic.<|im_end|><|endoftext|>' = [' Icelandic', '.', '<|im_end|>', '<|endoftext|>'] [HIT]
  L28: ' Icelandic.<|im_end|><|endoftext|>' = [' Icelandic', '.', '<|im_end|>', '<|endoftext|>'] [HIT]

row 51: base=UA -> source=AO  template=language_prefill_v6
  question: 'Name a language used in the country depicted in this image.'
  prefill : 'A language spoken there is'
  gold base   (expected unhooked) : ' Ukrainian' = [' Ukrainian']
  gold source (expected if swap works): ' Portuguese' = [' Portuguese']
  unhooked: ' Ukrainian.<|im_end|><|endoftext|><|endoftext|><|endoftext|><|endoftext|><|endoftext|>' = [' Ukrainian', '.', '<|im_end|>', '<|endoftext|>', '<|endoftext|>', '<|endoftext|>', '<|endoftext|>', '<|endoftext|>']
  L19: ' Ukrainian.<|im_end|><|endoftext|><|endoftext|><|endoftext|><|endoftext|><|endoftext|>' = [' Ukrainian', '.', '<|im_end|>', '<|endoftext|>', '<|endoftext|>', '<|endoftext|>', '<|endoftext|>', '<|endoftext|>'] [base]
  L20: ' Ukrainian.<|im_end|><|endoftext|><|endoftext|><|endoftext|><|endoftext|><|endoftext|>' = [' Ukrainian', '.', '<|im_end|>', '<|endoftext|>', '<|endoftext|>', '<|endoftext|>', '<|endoftext|>', '<|endoftext|>'] [base]
  L21: ' Ukrainian.<|im_end|><|endoftext|><|endoftext|><|endoftext|><|endoftext|><|endoftext|>' = [' Ukrainian', '.', '<|im_end|>', '<|endoftext|>', '<|endoftext|>', '<|endoftext|>', '<|endoftext|>', '<|endoftext|>'] [base]
  L22: ' Ukrainian.<|im_end|><|endoftext|><|endoftext|><|endoftext|><|endoftext|><|endoftext|>' = [' Ukrainian', '.', '<|im_end|>', '<|endoftext|>', '<|endoftext|>', '<|endoftext|>', '<|endoftext|>', '<|endoftext|>'] [base]
  L23: ' Portuguese.<|im_end|>' = [' Portuguese', '.', '<|im_end|>'] [HIT]
  L24: ' Portuguese.<|im_end|><|endoftext|>' = [' Portuguese', '.', '<|im_end|>', '<|endoftext|>'] [HIT]
  L25: ' Portuguese.<|im_end|><|endoftext|>' = [' Portuguese', '.', '<|im_end|>', '<|endoftext|>'] [HIT]
  L26: ' Portuguese.<|im_end|><|endoftext|>' = [' Portuguese', '.', '<|im_end|>', '<|endoftext|>'] [HIT]
  L27: ' Portuguese.<|im_end|><|endoftext|>' = [' Portuguese', '.', '<|im_end|>', '<|endoftext|>'] [HIT]
  L28: ' Portuguese.<|im_end|><|endoftext|>' = [' Portuguese', '.', '<|im_end|>', '<|endoftext|>'] [HIT]

row 52: base=AO -> source=BY  template=language_prefill_v5
  question: 'What language is officially spoken in the country shown in this flag?'
  prefill : 'The official language is'
  gold base   (expected unhooked) : ' Portuguese' = [' Portuguese']
  gold source (expected if swap works): ' Belarusian' = [' Belarus', 'ian']
  unhooked: ' Portuguese.<|im_end|><|endoftext|><|endoftext|><|endoftext|><|endoftext|><|endoftext|>' = [' Portuguese', '.', '<|im_end|>', '<|endoftext|>', '<|endoftext|>', '<|endoftext|>', '<|endoftext|>', '<|endoftext|>']
  L19: ' Portuguese.<|im_end|><|endoftext|><|endoftext|><|endoftext|><|endoftext|><|endoftext|>' = [' Portuguese', '.', '<|im_end|>', '<|endoftext|>', '<|endoftext|>', '<|endoftext|>', '<|endoftext|>', '<|endoftext|>'] [base]
  L20: ' Portuguese.<|im_end|><|endoftext|><|endoftext|><|endoftext|><|endoftext|><|endoftext|>' = [' Portuguese', '.', '<|im_end|>', '<|endoftext|>', '<|endoftext|>', '<|endoftext|>', '<|endoftext|>', '<|endoftext|>'] [base]
  L21: ' Portuguese.<|im_end|><|endoftext|><|endoftext|><|endoftext|><|endoftext|><|endoftext|>' = [' Portuguese', '.', '<|im_end|>', '<|endoftext|>', '<|endoftext|>', '<|endoftext|>', '<|endoftext|>', '<|endoftext|>'] [base]
  L22: ' Portuguese.<|im_end|><|endoftext|><|endoftext|><|endoftext|><|endoftext|><|endoftext|>' = [' Portuguese', '.', '<|im_end|>', '<|endoftext|>', '<|endoftext|>', '<|endoftext|>', '<|endoftext|>', '<|endoftext|>'] [base]
  L23: ' Russian.<|im_end|>' = [' Russian', '.', '<|im_end|>'] [other]
  L24: ' Belarusian.<|im_end|>' = [' Belarus', 'ian', '.', '<|im_end|>'] [HIT]
  L25: ' Belarusian.<|im_end|>' = [' Belarus', 'ian', '.', '<|im_end|>'] [HIT]
  L26: ' Belarusian.<|im_end|>' = [' Belarus', 'ian', '.', '<|im_end|>'] [HIT]
  L27: ' Belarusian.<|im_end|>' = [' Belarus', 'ian', '.', '<|im_end|>'] [HIT]
  L28: ' Belarusian.<|im_end|>' = [' Belarus', 'ian', '.', '<|im_end|>'] [HIT]

row 53: base=TH -> source=MX  template=language_prefill_v3
  question: 'Tell me a language spoken in the country in this image.'
  prefill : 'A language spoken there is'
  gold base   (expected unhooked) : ' Thai' = [' Thai']
  gold source (expected if swap works): ' Spanish' = [' Spanish']
  unhooked: ' Thai.<|im_end|><|endoftext|><|endoftext|><|endoftext|><|endoftext|><|endoftext|>' = [' Thai', '.', '<|im_end|>', '<|endoftext|>', '<|endoftext|>', '<|endoftext|>', '<|endoftext|>', '<|endoftext|>']
  L19: ' Thai.<|im_end|><|endoftext|><|endoftext|><|endoftext|><|endoftext|><|endoftext|>' = [' Thai', '.', '<|im_end|>', '<|endoftext|>', '<|endoftext|>', '<|endoftext|>', '<|endoftext|>', '<|endoftext|>'] [base]
  L20: ' Thai.<|im_end|><|endoftext|><|endoftext|><|endoftext|><|endoftext|><|endoftext|>' = [' Thai', '.', '<|im_end|>', '<|endoftext|>', '<|endoftext|>', '<|endoftext|>', '<|endoftext|>', '<|endoftext|>'] [base]
  L21: ' Thai.<|im_end|><|endoftext|><|endoftext|><|endoftext|><|endoftext|><|endoftext|>' = [' Thai', '.', '<|im_end|>', '<|endoftext|>', '<|endoftext|>', '<|endoftext|>', '<|endoftext|>', '<|endoftext|>'] [base]
  L22: ' Spanish.<|im_end|><|endoftext|><|endoftext|><|endoftext|><|endoftext|><|endoftext|>' = [' Spanish', '.', '<|im_end|>', '<|endoftext|>', '<|endoftext|>', '<|endoftext|>', '<|endoftext|>', '<|endoftext|>'] [HIT]
  L23: ' Spanish.<|im_end|>' = [' Spanish', '.', '<|im_end|>'] [HIT]
  L24: ' Spanish.<|im_end|><|endoftext|>' = [' Spanish', '.', '<|im_end|>', '<|endoftext|>'] [HIT]
  L25: ' Spanish.<|im_end|><|endoftext|>' = [' Spanish', '.', '<|im_end|>', '<|endoftext|>'] [HIT]
  L26: ' Spanish.<|im_end|><|endoftext|>' = [' Spanish', '.', '<|im_end|>', '<|endoftext|>'] [HIT]
  L27: ' Spanish.<|im_end|><|endoftext|>' = [' Spanish', '.', '<|im_end|>', '<|endoftext|>'] [HIT]
  L28: ' Spanish.<|im_end|><|endoftext|>' = [' Spanish', '.', '<|im_end|>', '<|endoftext|>'] [HIT]

row 54: base=PT -> source=UG  template=language_prefill_v4
  question: 'Identify one of the official languages of the country in this image.'
  prefill : 'One official language is'
  gold base   (expected unhooked) : ' Portuguese' = [' Portuguese']
  gold source (expected if swap works): ' English' = [' English']
  unhooked: ' Portuguese.<|im_end|><|endoftext|><|endoftext|><|endoftext|><|endoftext|><|endoftext|>' = [' Portuguese', '.', '<|im_end|>', '<|endoftext|>', '<|endoftext|>', '<|endoftext|>', '<|endoftext|>', '<|endoftext|>']
  L19: ' Portuguese.<|im_end|><|endoftext|><|endoftext|><|endoftext|><|endoftext|><|endoftext|>' = [' Portuguese', '.', '<|im_end|>', '<|endoftext|>', '<|endoftext|>', '<|endoftext|>', '<|endoftext|>', '<|endoftext|>'] [base]
  L20: ' Portuguese.<|im_end|><|endoftext|><|endoftext|><|endoftext|><|endoftext|><|endoftext|>' = [' Portuguese', '.', '<|im_end|>', '<|endoftext|>', '<|endoftext|>', '<|endoftext|>', '<|endoftext|>', '<|endoftext|>'] [base]
  L21: ' Portuguese.<|im_end|><|endoftext|><|endoftext|><|endoftext|><|endoftext|><|endoftext|>' = [' Portuguese', '.', '<|im_end|>', '<|endoftext|>', '<|endoftext|>', '<|endoftext|>', '<|endoftext|>', '<|endoftext|>'] [base]
  L22: ' Portuguese.<|im_end|><|endoftext|><|endoftext|><|endoftext|><|endoftext|><|endoftext|>' = [' Portuguese', '.', '<|im_end|>', '<|endoftext|>', '<|endoftext|>', '<|endoftext|>', '<|endoftext|>', '<|endoftext|>'] [base]
  L23: ' Portuguese.<|im_end|>' = [' Portuguese', '.', '<|im_end|>'] [base]
  L24: ' English.<|im_end|><|endoftext|>' = [' English', '.', '<|im_end|>', '<|endoftext|>'] [HIT]
  L25: ' English.<|im_end|><|endoftext|>' = [' English', '.', '<|im_end|>', '<|endoftext|>'] [HIT]
  L26: ' English.<|im_end|><|endoftext|>' = [' English', '.', '<|im_end|>', '<|endoftext|>'] [HIT]
  L27: ' English.<|im_end|><|endoftext|>' = [' English', '.', '<|im_end|>', '<|endoftext|>'] [HIT]
  L28: ' English.<|im_end|><|endoftext|>' = [' English', '.', '<|im_end|>', '<|endoftext|>'] [HIT]

row 55: base=IN -> source=GT  template=language_prefill_v3
  question: 'Tell me a language spoken in the country in this image.'
  prefill : 'A language spoken there is'
  gold base   (expected unhooked) : ' Hindi' = [' Hindi']
  gold source (expected if swap works): ' Spanish' = [' Spanish']
  unhooked: ' Hindi, which is one of the official' = [' Hindi', ',', ' which', ' is', ' one', ' of', ' the', ' official']
  L19: ' Hindi, which is one of the official' = [' Hindi', ',', ' which', ' is', ' one', ' of', ' the', ' official'] [base]
  L20: ' Hindi, which is one of the official' = [' Hindi', ',', ' which', ' is', ' one', ' of', ' the', ' official'] [base]
  L21: ' Hindi, which is one of the official' = [' Hindi', ',', ' which', ' is', ' one', ' of', ' the', ' official'] [base]
  L22: ' Hindi, which is one of the official' = [' Hindi', ',', ' which', ' is', ' one', ' of', ' the', ' official'] [base]
  L23: ' Spanish.<|im_end|>' = [' Spanish', '.', '<|im_end|>'] [HIT]
  L24: ' Spanish.<|im_end|><|endoftext|>' = [' Spanish', '.', '<|im_end|>', '<|endoftext|>'] [HIT]
  L25: ' Spanish.<|im_end|><|endoftext|>' = [' Spanish', '.', '<|im_end|>', '<|endoftext|>'] [HIT]
  L26: ' Spanish.<|im_end|><|endoftext|>' = [' Spanish', '.', '<|im_end|>', '<|endoftext|>'] [HIT]
  L27: ' Spanish.<|im_end|><|endoftext|>' = [' Spanish', '.', '<|im_end|>', '<|endoftext|>'] [HIT]
  L28: ' Spanish.<|im_end|><|endoftext|>' = [' Spanish', '.', '<|im_end|>', '<|endoftext|>'] [HIT]

row 56: base=GR -> source=FI  template=language_prefill_v4
  question: 'Identify one of the official languages of the country in this image.'
  prefill : 'One official language is'
  gold base   (expected unhooked) : ' Greek' = [' Greek']
  gold source (expected if swap works): ' Finnish' = [' Finnish']
  unhooked: ' Greek.<|im_end|><|endoftext|><|endoftext|><|endoftext|><|endoftext|><|endoftext|>' = [' Greek', '.', '<|im_end|>', '<|endoftext|>', '<|endoftext|>', '<|endoftext|>', '<|endoftext|>', '<|endoftext|>']
  L19: ' Greek.<|im_end|><|endoftext|><|endoftext|><|endoftext|><|endoftext|><|endoftext|>' = [' Greek', '.', '<|im_end|>', '<|endoftext|>', '<|endoftext|>', '<|endoftext|>', '<|endoftext|>', '<|endoftext|>'] [base]
  L20: ' Greek.<|im_end|><|endoftext|><|endoftext|><|endoftext|><|endoftext|><|endoftext|>' = [' Greek', '.', '<|im_end|>', '<|endoftext|>', '<|endoftext|>', '<|endoftext|>', '<|endoftext|>', '<|endoftext|>'] [base]
  L21: ' Greek.<|im_end|><|endoftext|><|endoftext|><|endoftext|><|endoftext|><|endoftext|>' = [' Greek', '.', '<|im_end|>', '<|endoftext|>', '<|endoftext|>', '<|endoftext|>', '<|endoftext|>', '<|endoftext|>'] [base]
  L22: ' Greek.<|im_end|><|endoftext|><|endoftext|><|endoftext|><|endoftext|><|endoftext|>' = [' Greek', '.', '<|im_end|>', '<|endoftext|>', '<|endoftext|>', '<|endoftext|>', '<|endoftext|>', '<|endoftext|>'] [base]
  L23: ' Greek.<|im_end|>' = [' Greek', '.', '<|im_end|>'] [base]
  L24: ' Finnish.<|im_end|><|endoftext|>' = [' Finnish', '.', '<|im_end|>', '<|endoftext|>'] [HIT]
  L25: ' Finnish.<|im_end|><|endoftext|>' = [' Finnish', '.', '<|im_end|>', '<|endoftext|>'] [HIT]
  L26: ' Finnish.<|im_end|><|endoftext|>' = [' Finnish', '.', '<|im_end|>', '<|endoftext|>'] [HIT]
  L27: ' Finnish.<|im_end|><|endoftext|>' = [' Finnish', '.', '<|im_end|>', '<|endoftext|>'] [HIT]
  L28: ' Finnish.<|im_end|><|endoftext|>' = [' Finnish', '.', '<|im_end|>', '<|endoftext|>'] [HIT]

row 57: base=IN -> source=BY  template=language_prefill_v1
  question: 'Name an official language of the country in this image.'
  prefill : 'One official language is'
  gold base   (expected unhooked) : ' Hindi' = [' Hindi']
  gold source (expected if swap works): ' Belarusian' = [' Belarus', 'ian']
  unhooked: ' Hindi.<|im_end|><|endoftext|><|endoftext|><|endoftext|><|endoftext|><|endoftext|>' = [' Hindi', '.', '<|im_end|>', '<|endoftext|>', '<|endoftext|>', '<|endoftext|>', '<|endoftext|>', '<|endoftext|>']
  L19: ' Hindi.<|im_end|><|endoftext|><|endoftext|><|endoftext|><|endoftext|><|endoftext|>' = [' Hindi', '.', '<|im_end|>', '<|endoftext|>', '<|endoftext|>', '<|endoftext|>', '<|endoftext|>', '<|endoftext|>'] [base]
  L20: ' Hindi.<|im_end|><|endoftext|><|endoftext|><|endoftext|><|endoftext|><|endoftext|>' = [' Hindi', '.', '<|im_end|>', '<|endoftext|>', '<|endoftext|>', '<|endoftext|>', '<|endoftext|>', '<|endoftext|>'] [base]
  L21: ' Hindi.<|im_end|><|endoftext|><|endoftext|><|endoftext|><|endoftext|><|endoftext|>' = [' Hindi', '.', '<|im_end|>', '<|endoftext|>', '<|endoftext|>', '<|endoftext|>', '<|endoftext|>', '<|endoftext|>'] [base]
  L22: ' Hindi.<|im_end|><|endoftext|><|endoftext|><|endoftext|><|endoftext|><|endoftext|>' = [' Hindi', '.', '<|im_end|>', '<|endoftext|>', '<|endoftext|>', '<|endoftext|>', '<|endoftext|>', '<|endoftext|>'] [base]
  L23: ' Russian.<|im_end|>' = [' Russian', '.', '<|im_end|>'] [other]
  L24: ' Belarusian.<|im_end|>' = [' Belarus', 'ian', '.', '<|im_end|>'] [HIT]
  L25: ' Belarusian.<|im_end|>' = [' Belarus', 'ian', '.', '<|im_end|>'] [HIT]
  L26: ' Belarusian.<|im_end|>' = [' Belarus', 'ian', '.', '<|im_end|>'] [HIT]
  L27: ' Belarusian.<|im_end|>' = [' Belarus', 'ian', '.', '<|im_end|>'] [HIT]
  L28: ' Belarusian.<|im_end|>' = [' Belarus', 'ian', '.', '<|im_end|>'] [HIT]

row 58: base=VN -> source=PT  template=language_prefill_v1
  question: 'Name an official language of the country in this image.'
  prefill : 'One official language is'
  gold base   (expected unhooked) : ' Vietnamese' = [' Vietnamese']
  gold source (expected if swap works): ' Portuguese' = [' Portuguese']
  unhooked: ' Vietnamese.<|im_end|><|endoftext|><|endoftext|><|endoftext|><|endoftext|><|endoftext|>' = [' Vietnamese', '.', '<|im_end|>', '<|endoftext|>', '<|endoftext|>', '<|endoftext|>', '<|endoftext|>', '<|endoftext|>']
  L19: ' Vietnamese.<|im_end|><|endoftext|><|endoftext|><|endoftext|><|endoftext|><|endoftext|>' = [' Vietnamese', '.', '<|im_end|>', '<|endoftext|>', '<|endoftext|>', '<|endoftext|>', '<|endoftext|>', '<|endoftext|>'] [base]
  L20: ' Vietnamese.<|im_end|><|endoftext|><|endoftext|><|endoftext|><|endoftext|><|endoftext|>' = [' Vietnamese', '.', '<|im_end|>', '<|endoftext|>', '<|endoftext|>', '<|endoftext|>', '<|endoftext|>', '<|endoftext|>'] [base]
  L21: ' Vietnamese.<|im_end|><|endoftext|><|endoftext|><|endoftext|><|endoftext|><|endoftext|>' = [' Vietnamese', '.', '<|im_end|>', '<|endoftext|>', '<|endoftext|>', '<|endoftext|>', '<|endoftext|>', '<|endoftext|>'] [base]
  L22: ' Vietnamese.<|im_end|><|endoftext|><|endoftext|><|endoftext|><|endoftext|><|endoftext|>' = [' Vietnamese', '.', '<|im_end|>', '<|endoftext|>', '<|endoftext|>', '<|endoftext|>', '<|endoftext|>', '<|endoftext|>'] [base]
  L23: ' Vietnamese.<|im_end|>' = [' Vietnamese', '.', '<|im_end|>'] [base]
  L24: ' Portuguese.<|im_end|><|endoftext|>' = [' Portuguese', '.', '<|im_end|>', '<|endoftext|>'] [HIT]
  L25: ' Portuguese.<|im_end|><|endoftext|>' = [' Portuguese', '.', '<|im_end|>', '<|endoftext|>'] [HIT]
  L26: ' Portuguese.<|im_end|><|endoftext|>' = [' Portuguese', '.', '<|im_end|>', '<|endoftext|>'] [HIT]
  L27: ' Portuguese.<|im_end|><|endoftext|>' = [' Portuguese', '.', '<|im_end|>', '<|endoftext|>'] [HIT]
  L28: ' Portuguese.<|im_end|><|endoftext|>' = [' Portuguese', '.', '<|im_end|>', '<|endoftext|>'] [HIT]

row 59: base=BY -> source=AO  template=language_prefill_v6
  question: 'Name a language used in the country depicted in this image.'
  prefill : 'A language spoken there is'
  gold base   (expected unhooked) : ' Belarusian' = [' Belarus', 'ian']
  gold source (expected if swap works): ' Portuguese' = [' Portuguese']
  unhooked: ' Belarusian.<|im_end|><|endoftext|><|endoftext|><|endoftext|><|endoftext|>' = [' Belarus', 'ian', '.', '<|im_end|>', '<|endoftext|>', '<|endoftext|>', '<|endoftext|>', '<|endoftext|>']
  L19: ' Belarusian.<|im_end|><|endoftext|><|endoftext|><|endoftext|><|endoftext|>' = [' Belarus', 'ian', '.', '<|im_end|>', '<|endoftext|>', '<|endoftext|>', '<|endoftext|>', '<|endoftext|>'] [base]
  L20: ' Belarusian.<|im_end|><|endoftext|><|endoftext|><|endoftext|><|endoftext|>' = [' Belarus', 'ian', '.', '<|im_end|>', '<|endoftext|>', '<|endoftext|>', '<|endoftext|>', '<|endoftext|>'] [base]
  L21: ' Belarusian.<|im_end|><|endoftext|><|endoftext|><|endoftext|><|endoftext|>' = [' Belarus', 'ian', '.', '<|im_end|>', '<|endoftext|>', '<|endoftext|>', '<|endoftext|>', '<|endoftext|>'] [base]
  L22: ' Belarusian.<|im_end|><|endoftext|><|endoftext|><|endoftext|><|endoftext|>' = [' Belarus', 'ian', '.', '<|im_end|>', '<|endoftext|>', '<|endoftext|>', '<|endoftext|>', '<|endoftext|>'] [base]
  L23: ' Portuguese.<|im_end|>' = [' Portuguese', '.', '<|im_end|>'] [HIT]
  L24: ' Portuguese.<|im_end|><|endoftext|>' = [' Portuguese', '.', '<|im_end|>', '<|endoftext|>'] [HIT]
  L25: ' Portuguese.<|im_end|><|endoftext|>' = [' Portuguese', '.', '<|im_end|>', '<|endoftext|>'] [HIT]
  L26: ' Portuguese.<|im_end|><|endoftext|>' = [' Portuguese', '.', '<|im_end|>', '<|endoftext|>'] [HIT]
  L27: ' Portuguese.<|im_end|><|endoftext|>' = [' Portuguese', '.', '<|im_end|>', '<|endoftext|>'] [HIT]
  L28: ' Portuguese.<|im_end|><|endoftext|>' = [' Portuguese', '.', '<|im_end|>', '<|endoftext|>'] [HIT]

row 60: base=FI -> source=IN  template=language_prefill_v5
  question: 'What language is officially spoken in the country shown in this flag?'
  prefill : 'The official language is'
  gold base   (expected unhooked) : ' Finnish' = [' Finnish']
  gold source (expected if swap works): ' Hindi' = [' Hindi']
  unhooked: ' Finnish.<|im_end|><|endoftext|><|endoftext|><|endoftext|><|endoftext|><|endoftext|>' = [' Finnish', '.', '<|im_end|>', '<|endoftext|>', '<|endoftext|>', '<|endoftext|>', '<|endoftext|>', '<|endoftext|>']
  L19: ' Finnish.<|im_end|><|endoftext|><|endoftext|><|endoftext|><|endoftext|><|endoftext|>' = [' Finnish', '.', '<|im_end|>', '<|endoftext|>', '<|endoftext|>', '<|endoftext|>', '<|endoftext|>', '<|endoftext|>'] [base]
  L20: ' Finnish.<|im_end|><|endoftext|><|endoftext|><|endoftext|><|endoftext|><|endoftext|>' = [' Finnish', '.', '<|im_end|>', '<|endoftext|>', '<|endoftext|>', '<|endoftext|>', '<|endoftext|>', '<|endoftext|>'] [base]
  L21: ' Finnish.<|im_end|><|endoftext|><|endoftext|><|endoftext|><|endoftext|><|endoftext|>' = [' Finnish', '.', '<|im_end|>', '<|endoftext|>', '<|endoftext|>', '<|endoftext|>', '<|endoftext|>', '<|endoftext|>'] [base]
  L22: ' Finnish.<|im_end|><|endoftext|><|endoftext|><|endoftext|><|endoftext|><|endoftext|>' = [' Finnish', '.', '<|im_end|>', '<|endoftext|>', '<|endoftext|>', '<|endoftext|>', '<|endoftext|>', '<|endoftext|>'] [base]
  L23: ' Hindi.<|im_end|>' = [' Hindi', '.', '<|im_end|>'] [HIT]
  L24: ' Hindi.<|im_end|><|endoftext|>' = [' Hindi', '.', '<|im_end|>', '<|endoftext|>'] [HIT]
  L25: ' Hindi.<|im_end|><|endoftext|>' = [' Hindi', '.', '<|im_end|>', '<|endoftext|>'] [HIT]
  L26: ' Hindi.<|im_end|><|endoftext|>' = [' Hindi', '.', '<|im_end|>', '<|endoftext|>'] [HIT]
  L27: ' Hindi.<|im_end|><|endoftext|>' = [' Hindi', '.', '<|im_end|>', '<|endoftext|>'] [HIT]
  L28: ' Hindi.<|im_end|><|endoftext|>' = [' Hindi', '.', '<|im_end|>', '<|endoftext|>'] [HIT]

row 61: base=SE -> source=FI  template=language_prefill_v3
  question: 'Tell me a language spoken in the country in this image.'
  prefill : 'A language spoken there is'
  gold base   (expected unhooked) : ' Swedish' = [' Swedish']
  gold source (expected if swap works): ' Finnish' = [' Finnish']
  unhooked: ' Swedish.<|im_end|><|endoftext|><|endoftext|><|endoftext|><|endoftext|><|endoftext|>' = [' Swedish', '.', '<|im_end|>', '<|endoftext|>', '<|endoftext|>', '<|endoftext|>', '<|endoftext|>', '<|endoftext|>']
  L19: ' Swedish.<|im_end|><|endoftext|><|endoftext|><|endoftext|><|endoftext|><|endoftext|>' = [' Swedish', '.', '<|im_end|>', '<|endoftext|>', '<|endoftext|>', '<|endoftext|>', '<|endoftext|>', '<|endoftext|>'] [base]
  L20: ' Swedish.<|im_end|><|endoftext|><|endoftext|><|endoftext|><|endoftext|><|endoftext|>' = [' Swedish', '.', '<|im_end|>', '<|endoftext|>', '<|endoftext|>', '<|endoftext|>', '<|endoftext|>', '<|endoftext|>'] [base]
  L21: ' Swedish.<|im_end|><|endoftext|><|endoftext|><|endoftext|><|endoftext|><|endoftext|>' = [' Swedish', '.', '<|im_end|>', '<|endoftext|>', '<|endoftext|>', '<|endoftext|>', '<|endoftext|>', '<|endoftext|>'] [base]
  L22: ' Swedish.<|im_end|><|endoftext|><|endoftext|><|endoftext|><|endoftext|><|endoftext|>' = [' Swedish', '.', '<|im_end|>', '<|endoftext|>', '<|endoftext|>', '<|endoftext|>', '<|endoftext|>', '<|endoftext|>'] [base]
  L23: ' Swedish.<|im_end|>' = [' Swedish', '.', '<|im_end|>'] [base]
  L24: ' Finnish.<|im_end|><|endoftext|>' = [' Finnish', '.', '<|im_end|>', '<|endoftext|>'] [HIT]
  L25: ' Finnish.<|im_end|><|endoftext|>' = [' Finnish', '.', '<|im_end|>', '<|endoftext|>'] [HIT]
  L26: ' Finnish.<|im_end|><|endoftext|>' = [' Finnish', '.', '<|im_end|>', '<|endoftext|>'] [HIT]
  L27: ' Finnish.<|im_end|><|endoftext|>' = [' Finnish', '.', '<|im_end|>', '<|endoftext|>'] [HIT]
  L28: ' Finnish.<|im_end|><|endoftext|>' = [' Finnish', '.', '<|im_end|>', '<|endoftext|>'] [HIT]

row 62: base=GH -> source=IS  template=language_prefill_v3
  question: 'Tell me a language spoken in the country in this image.'
  prefill : 'A language spoken there is'
  gold base   (expected unhooked) : ' English' = [' English']
  gold source (expected if swap works): ' Icelandic' = [' Icelandic']
  unhooked: ' Twi, which is the most widely' = [' Tw', 'i', ',', ' which', ' is', ' the', ' most', ' widely']
  L19: ' Twi, which is one of the' = [' Tw', 'i', ',', ' which', ' is', ' one', ' of', ' the'] [other]
  L20: ' Twi, which is the most widely' = [' Tw', 'i', ',', ' which', ' is', ' the', ' most', ' widely'] [other]
  L21: ' Twi, which is the most widely' = [' Tw', 'i', ',', ' which', ' is', ' the', ' most', ' widely'] [other]
  L22: ' Twi, which is the most widely' = [' Tw', 'i', ',', ' which', ' is', ' the', ' most', ' widely'] [other]
  L23: ' Danish.<|im_end|>' = [' Danish', '.', '<|im_end|>'] [other]
  L24: ' Icelandic.<|im_end|><|endoftext|>' = [' Icelandic', '.', '<|im_end|>', '<|endoftext|>'] [HIT]
  L25: ' Icelandic.<|im_end|><|endoftext|>' = [' Icelandic', '.', '<|im_end|>', '<|endoftext|>'] [HIT]
  L26: ' Icelandic.<|im_end|><|endoftext|>' = [' Icelandic', '.', '<|im_end|>', '<|endoftext|>'] [HIT]
  L27: ' Icelandic.<|im_end|><|endoftext|>' = [' Icelandic', '.', '<|im_end|>', '<|endoftext|>'] [HIT]
  L28: ' Icelandic.<|im_end|><|endoftext|>' = [' Icelandic', '.', '<|im_end|>', '<|endoftext|>'] [HIT]

row 63: base=GR -> source=BY  template=language_prefill_v6
  question: 'Name a language used in the country depicted in this image.'
  prefill : 'A language spoken there is'
  gold base   (expected unhooked) : ' Greek' = [' Greek']
  gold source (expected if swap works): ' Belarusian' = [' Belarus', 'ian']
  unhooked: ' Greek.<|im_end|><|endoftext|><|endoftext|><|endoftext|><|endoftext|><|endoftext|>' = [' Greek', '.', '<|im_end|>', '<|endoftext|>', '<|endoftext|>', '<|endoftext|>', '<|endoftext|>', '<|endoftext|>']
  L19: ' Greek.<|im_end|><|endoftext|><|endoftext|><|endoftext|><|endoftext|><|endoftext|>' = [' Greek', '.', '<|im_end|>', '<|endoftext|>', '<|endoftext|>', '<|endoftext|>', '<|endoftext|>', '<|endoftext|>'] [base]
  L20: ' Greek.<|im_end|><|endoftext|><|endoftext|><|endoftext|><|endoftext|><|endoftext|>' = [' Greek', '.', '<|im_end|>', '<|endoftext|>', '<|endoftext|>', '<|endoftext|>', '<|endoftext|>', '<|endoftext|>'] [base]
  L21: ' Greek.<|im_end|><|endoftext|><|endoftext|><|endoftext|><|endoftext|><|endoftext|>' = [' Greek', '.', '<|im_end|>', '<|endoftext|>', '<|endoftext|>', '<|endoftext|>', '<|endoftext|>', '<|endoftext|>'] [base]
  L22: ' Greek.<|im_end|><|endoftext|><|endoftext|><|endoftext|><|endoftext|><|endoftext|>' = [' Greek', '.', '<|im_end|>', '<|endoftext|>', '<|endoftext|>', '<|endoftext|>', '<|endoftext|>', '<|endoftext|>'] [base]
  L23: ' Russian.<|im_end|>' = [' Russian', '.', '<|im_end|>'] [other]
  L24: ' Belarusian.<|im_end|>' = [' Belarus', 'ian', '.', '<|im_end|>'] [HIT]
  L25: ' Belarusian.<|im_end|>' = [' Belarus', 'ian', '.', '<|im_end|>'] [HIT]
  L26: ' Belarusian.<|im_end|>' = [' Belarus', 'ian', '.', '<|im_end|>'] [HIT]
  L27: ' Belarusian.<|im_end|>' = [' Belarus', 'ian', '.', '<|im_end|>'] [HIT]
  L28: ' Belarusian.<|im_end|>' = [' Belarus', 'ian', '.', '<|im_end|>'] [HIT]

row 64: base=CM -> source=SE  template=language_prefill_v2
  question: 'What is the official language of the country shown in this flag?'
  prefill : 'The official language is'
  gold base   (expected unhooked) : ' French' = [' French']
  gold source (expected if swap works): ' Swedish' = [' Swedish']
  unhooked: ' French.<|im_end|><|endoftext|><|endoftext|><|endoftext|><|endoftext|><|endoftext|>' = [' French', '.', '<|im_end|>', '<|endoftext|>', '<|endoftext|>', '<|endoftext|>', '<|endoftext|>', '<|endoftext|>']
  L19: ' French.<|im_end|><|endoftext|><|endoftext|><|endoftext|><|endoftext|><|endoftext|>' = [' French', '.', '<|im_end|>', '<|endoftext|>', '<|endoftext|>', '<|endoftext|>', '<|endoftext|>', '<|endoftext|>'] [base]
  L20: ' French.<|im_end|><|endoftext|><|endoftext|><|endoftext|><|endoftext|><|endoftext|>' = [' French', '.', '<|im_end|>', '<|endoftext|>', '<|endoftext|>', '<|endoftext|>', '<|endoftext|>', '<|endoftext|>'] [base]
  L21: ' French.<|im_end|><|endoftext|><|endoftext|><|endoftext|><|endoftext|><|endoftext|>' = [' French', '.', '<|im_end|>', '<|endoftext|>', '<|endoftext|>', '<|endoftext|>', '<|endoftext|>', '<|endoftext|>'] [base]
  L22: ' French.<|im_end|><|endoftext|><|endoftext|><|endoftext|><|endoftext|><|endoftext|>' = [' French', '.', '<|im_end|>', '<|endoftext|>', '<|endoftext|>', '<|endoftext|>', '<|endoftext|>', '<|endoftext|>'] [base]
  L23: ' Swedish.<|im_end|><|endoftext|><|endoftext|><|endoftext|><|endoftext|><|endoftext|>' = [' Swedish', '.', '<|im_end|>', '<|endoftext|>', '<|endoftext|>', '<|endoftext|>', '<|endoftext|>', '<|endoftext|>'] [HIT]
  L24: ' Swedish.<|im_end|><|endoftext|><|endoftext|><|endoftext|><|endoftext|><|endoftext|>' = [' Swedish', '.', '<|im_end|>', '<|endoftext|>', '<|endoftext|>', '<|endoftext|>', '<|endoftext|>', '<|endoftext|>'] [HIT]
  L25: ' Swedish.<|im_end|><|endoftext|><|endoftext|><|endoftext|><|endoftext|><|endoftext|>' = [' Swedish', '.', '<|im_end|>', '<|endoftext|>', '<|endoftext|>', '<|endoftext|>', '<|endoftext|>', '<|endoftext|>'] [HIT]
  L26: ' Swedish.<|im_end|><|endoftext|><|endoftext|><|endoftext|><|endoftext|><|endoftext|>' = [' Swedish', '.', '<|im_end|>', '<|endoftext|>', '<|endoftext|>', '<|endoftext|>', '<|endoftext|>', '<|endoftext|>'] [HIT]
  L27: ' Swedish.<|im_end|><|endoftext|><|endoftext|><|endoftext|><|endoftext|><|endoftext|>' = [' Swedish', '.', '<|im_end|>', '<|endoftext|>', '<|endoftext|>', '<|endoftext|>', '<|endoftext|>', '<|endoftext|>'] [HIT]
  L28: ' Swedish.<|im_end|><|endoftext|><|endoftext|><|endoftext|><|endoftext|><|endoftext|>' = [' Swedish', '.', '<|im_end|>', '<|endoftext|>', '<|endoftext|>', '<|endoftext|>', '<|endoftext|>', '<|endoftext|>'] [HIT]

row 65: base=SA -> source=IN  template=language_prefill_v1
  question: 'Name an official language of the country in this image.'
  prefill : 'One official language is'
  gold base   (expected unhooked) : ' Arabic' = [' Arabic']
  gold source (expected if swap works): ' Hindi' = [' Hindi']
  unhooked: ' Arabic.<|im_end|><|endoftext|><|endoftext|><|endoftext|><|endoftext|><|endoftext|>' = [' Arabic', '.', '<|im_end|>', '<|endoftext|>', '<|endoftext|>', '<|endoftext|>', '<|endoftext|>', '<|endoftext|>']
  L19: ' Arabic.<|im_end|><|endoftext|><|endoftext|><|endoftext|><|endoftext|><|endoftext|>' = [' Arabic', '.', '<|im_end|>', '<|endoftext|>', '<|endoftext|>', '<|endoftext|>', '<|endoftext|>', '<|endoftext|>'] [base]
  L20: ' Arabic.<|im_end|><|endoftext|><|endoftext|><|endoftext|><|endoftext|><|endoftext|>' = [' Arabic', '.', '<|im_end|>', '<|endoftext|>', '<|endoftext|>', '<|endoftext|>', '<|endoftext|>', '<|endoftext|>'] [base]
  L21: ' Arabic.<|im_end|><|endoftext|><|endoftext|><|endoftext|><|endoftext|><|endoftext|>' = [' Arabic', '.', '<|im_end|>', '<|endoftext|>', '<|endoftext|>', '<|endoftext|>', '<|endoftext|>', '<|endoftext|>'] [base]
  L22: ' Arabic.<|im_end|><|endoftext|><|endoftext|><|endoftext|><|endoftext|><|endoftext|>' = [' Arabic', '.', '<|im_end|>', '<|endoftext|>', '<|endoftext|>', '<|endoftext|>', '<|endoftext|>', '<|endoftext|>'] [base]
  L23: ' Hindi.<|im_end|><|endoftext|><|endoftext|><|endoftext|><|endoftext|><|endoftext|>' = [' Hindi', '.', '<|im_end|>', '<|endoftext|>', '<|endoftext|>', '<|endoftext|>', '<|endoftext|>', '<|endoftext|>'] [HIT]
  L24: ' Hindi.<|im_end|><|endoftext|><|endoftext|><|endoftext|><|endoftext|><|endoftext|>' = [' Hindi', '.', '<|im_end|>', '<|endoftext|>', '<|endoftext|>', '<|endoftext|>', '<|endoftext|>', '<|endoftext|>'] [HIT]
  L25: ' Hindi.<|im_end|><|endoftext|><|endoftext|><|endoftext|><|endoftext|><|endoftext|>' = [' Hindi', '.', '<|im_end|>', '<|endoftext|>', '<|endoftext|>', '<|endoftext|>', '<|endoftext|>', '<|endoftext|>'] [HIT]
  L26: ' Hindi.<|im_end|><|endoftext|><|endoftext|><|endoftext|><|endoftext|><|endoftext|>' = [' Hindi', '.', '<|im_end|>', '<|endoftext|>', '<|endoftext|>', '<|endoftext|>', '<|endoftext|>', '<|endoftext|>'] [HIT]
  L27: ' Hindi.<|im_end|><|endoftext|><|endoftext|><|endoftext|><|endoftext|><|endoftext|>' = [' Hindi', '.', '<|im_end|>', '<|endoftext|>', '<|endoftext|>', '<|endoftext|>', '<|endoftext|>', '<|endoftext|>'] [HIT]
  L28: ' Hindi.<|im_end|><|endoftext|><|endoftext|><|endoftext|><|endoftext|><|endoftext|>' = [' Hindi', '.', '<|im_end|>', '<|endoftext|>', '<|endoftext|>', '<|endoftext|>', '<|endoftext|>', '<|endoftext|>'] [HIT]

row 66: base=MX -> source=GR  template=language_prefill_v1
  question: 'Name an official language of the country in this image.'
  prefill : 'One official language is'
  gold base   (expected unhooked) : ' Spanish' = [' Spanish']
  gold source (expected if swap works): ' Greek' = [' Greek']
  unhooked: ' Spanish.<|im_end|><|endoftext|><|endoftext|><|endoftext|><|endoftext|><|endoftext|>' = [' Spanish', '.', '<|im_end|>', '<|endoftext|>', '<|endoftext|>', '<|endoftext|>', '<|endoftext|>', '<|endoftext|>']
  L19: ' Spanish.<|im_end|><|endoftext|><|endoftext|><|endoftext|><|endoftext|><|endoftext|>' = [' Spanish', '.', '<|im_end|>', '<|endoftext|>', '<|endoftext|>', '<|endoftext|>', '<|endoftext|>', '<|endoftext|>'] [base]
  L20: ' Spanish.<|im_end|><|endoftext|><|endoftext|><|endoftext|><|endoftext|><|endoftext|>' = [' Spanish', '.', '<|im_end|>', '<|endoftext|>', '<|endoftext|>', '<|endoftext|>', '<|endoftext|>', '<|endoftext|>'] [base]
  L21: ' Spanish.<|im_end|><|endoftext|><|endoftext|><|endoftext|><|endoftext|><|endoftext|>' = [' Spanish', '.', '<|im_end|>', '<|endoftext|>', '<|endoftext|>', '<|endoftext|>', '<|endoftext|>', '<|endoftext|>'] [base]
  L22: ' Spanish.<|im_end|><|endoftext|><|endoftext|><|endoftext|><|endoftext|><|endoftext|>' = [' Spanish', '.', '<|im_end|>', '<|endoftext|>', '<|endoftext|>', '<|endoftext|>', '<|endoftext|>', '<|endoftext|>'] [base]
  L23: ' Spanish.<|im_end|><|endoftext|><|endoftext|><|endoftext|><|endoftext|><|endoftext|>' = [' Spanish', '.', '<|im_end|>', '<|endoftext|>', '<|endoftext|>', '<|endoftext|>', '<|endoftext|>', '<|endoftext|>'] [base]
  L24: ' Greek.<|im_end|><|endoftext|><|endoftext|><|endoftext|><|endoftext|><|endoftext|>' = [' Greek', '.', '<|im_end|>', '<|endoftext|>', '<|endoftext|>', '<|endoftext|>', '<|endoftext|>', '<|endoftext|>'] [HIT]
  L25: ' Greek.<|im_end|><|endoftext|><|endoftext|><|endoftext|><|endoftext|><|endoftext|>' = [' Greek', '.', '<|im_end|>', '<|endoftext|>', '<|endoftext|>', '<|endoftext|>', '<|endoftext|>', '<|endoftext|>'] [HIT]
  L26: ' Greek.<|im_end|><|endoftext|><|endoftext|><|endoftext|><|endoftext|><|endoftext|>' = [' Greek', '.', '<|im_end|>', '<|endoftext|>', '<|endoftext|>', '<|endoftext|>', '<|endoftext|>', '<|endoftext|>'] [HIT]
  L27: ' Greek.<|im_end|><|endoftext|><|endoftext|><|endoftext|><|endoftext|><|endoftext|>' = [' Greek', '.', '<|im_end|>', '<|endoftext|>', '<|endoftext|>', '<|endoftext|>', '<|endoftext|>', '<|endoftext|>'] [HIT]
  L28: ' Greek.<|im_end|><|endoftext|><|endoftext|><|endoftext|><|endoftext|><|endoftext|>' = [' Greek', '.', '<|im_end|>', '<|endoftext|>', '<|endoftext|>', '<|endoftext|>', '<|endoftext|>', '<|endoftext|>'] [HIT]

row 67: base=BY -> source=UG  template=language_prefill_v6
  question: 'Name a language used in the country depicted in this image.'
  prefill : 'A language spoken there is'
  gold base   (expected unhooked) : ' Belarusian' = [' Belarus', 'ian']
  gold source (expected if swap works): ' English' = [' English']
  unhooked: ' Belarusian.<|im_end|><|endoftext|><|endoftext|><|endoftext|><|endoftext|>' = [' Belarus', 'ian', '.', '<|im_end|>', '<|endoftext|>', '<|endoftext|>', '<|endoftext|>', '<|endoftext|>']
  L19: ' Belarusian.<|im_end|><|endoftext|><|endoftext|><|endoftext|><|endoftext|>' = [' Belarus', 'ian', '.', '<|im_end|>', '<|endoftext|>', '<|endoftext|>', '<|endoftext|>', '<|endoftext|>'] [base]
  L20: ' Belarusian.<|im_end|><|endoftext|><|endoftext|><|endoftext|><|endoftext|>' = [' Belarus', 'ian', '.', '<|im_end|>', '<|endoftext|>', '<|endoftext|>', '<|endoftext|>', '<|endoftext|>'] [base]
  L21: ' Belarusian.<|im_end|><|endoftext|><|endoftext|><|endoftext|><|endoftext|>' = [' Belarus', 'ian', '.', '<|im_end|>', '<|endoftext|>', '<|endoftext|>', '<|endoftext|>', '<|endoftext|>'] [base]
  L22: ' Belarusian.<|im_end|><|endoftext|><|endoftext|><|endoftext|><|endoftext|>' = [' Belarus', 'ian', '.', '<|im_end|>', '<|endoftext|>', '<|endoftext|>', '<|endoftext|>', '<|endoftext|>'] [base]
  L23: ' Swahili, which is one of' = [' Sw', 'ah', 'ili', ',', ' which', ' is', ' one', ' of'] [other]
  L24: ' English, as it is one of the' = [' English', ',', ' as', ' it', ' is', ' one', ' of', ' the'] [HIT]
  L25: ' English, as it is one of the' = [' English', ',', ' as', ' it', ' is', ' one', ' of', ' the'] [HIT]
  L26: ' English, as it is one of the' = [' English', ',', ' as', ' it', ' is', ' one', ' of', ' the'] [HIT]
  L27: ' English, as it is one of the' = [' English', ',', ' as', ' it', ' is', ' one', ' of', ' the'] [HIT]
  L28: ' English, as it is one of the' = [' English', ',', ' as', ' it', ' is', ' one', ' of', ' the'] [HIT]

row 68: base=BY -> source=MX  template=language_prefill_v4
  question: 'Identify one of the official languages of the country in this image.'
  prefill : 'One official language is'
  gold base   (expected unhooked) : ' Belarusian' = [' Belarus', 'ian']
  gold source (expected if swap works): ' Spanish' = [' Spanish']
  unhooked: ' Belarusian.<|im_end|><|endoftext|><|endoftext|><|endoftext|><|endoftext|>' = [' Belarus', 'ian', '.', '<|im_end|>', '<|endoftext|>', '<|endoftext|>', '<|endoftext|>', '<|endoftext|>']
  L19: ' Belarusian.<|im_end|><|endoftext|><|endoftext|><|endoftext|><|endoftext|>' = [' Belarus', 'ian', '.', '<|im_end|>', '<|endoftext|>', '<|endoftext|>', '<|endoftext|>', '<|endoftext|>'] [base]
  L20: ' Belarusian.<|im_end|><|endoftext|><|endoftext|><|endoftext|><|endoftext|>' = [' Belarus', 'ian', '.', '<|im_end|>', '<|endoftext|>', '<|endoftext|>', '<|endoftext|>', '<|endoftext|>'] [base]
  L21: ' Belarusian.<|im_end|><|endoftext|><|endoftext|><|endoftext|><|endoftext|>' = [' Belarus', 'ian', '.', '<|im_end|>', '<|endoftext|>', '<|endoftext|>', '<|endoftext|>', '<|endoftext|>'] [base]
  L22: ' Russian.<|im_end|><|endoftext|><|endoftext|><|endoftext|><|endoftext|><|endoftext|>' = [' Russian', '.', '<|im_end|>', '<|endoftext|>', '<|endoftext|>', '<|endoftext|>', '<|endoftext|>', '<|endoftext|>'] [other]
  L23: ' Spanish.<|im_end|><|endoftext|><|endoftext|><|endoftext|><|endoftext|><|endoftext|>' = [' Spanish', '.', '<|im_end|>', '<|endoftext|>', '<|endoftext|>', '<|endoftext|>', '<|endoftext|>', '<|endoftext|>'] [HIT]
  L24: ' Spanish.<|im_end|><|endoftext|><|endoftext|><|endoftext|><|endoftext|><|endoftext|>' = [' Spanish', '.', '<|im_end|>', '<|endoftext|>', '<|endoftext|>', '<|endoftext|>', '<|endoftext|>', '<|endoftext|>'] [HIT]
  L25: ' Spanish.<|im_end|><|endoftext|><|endoftext|><|endoftext|><|endoftext|><|endoftext|>' = [' Spanish', '.', '<|im_end|>', '<|endoftext|>', '<|endoftext|>', '<|endoftext|>', '<|endoftext|>', '<|endoftext|>'] [HIT]
  L26: ' Spanish.<|im_end|><|endoftext|><|endoftext|><|endoftext|><|endoftext|><|endoftext|>' = [' Spanish', '.', '<|im_end|>', '<|endoftext|>', '<|endoftext|>', '<|endoftext|>', '<|endoftext|>', '<|endoftext|>'] [HIT]
  L27: ' Spanish.<|im_end|><|endoftext|><|endoftext|><|endoftext|><|endoftext|><|endoftext|>' = [' Spanish', '.', '<|im_end|>', '<|endoftext|>', '<|endoftext|>', '<|endoftext|>', '<|endoftext|>', '<|endoftext|>'] [HIT]
  L28: ' Spanish.<|im_end|><|endoftext|><|endoftext|><|endoftext|><|endoftext|><|endoftext|>' = [' Spanish', '.', '<|im_end|>', '<|endoftext|>', '<|endoftext|>', '<|endoftext|>', '<|endoftext|>', '<|endoftext|>'] [HIT]

row 69: base=HN -> source=UG  template=language_prefill_v1
  question: 'Name an official language of the country in this image.'
  prefill : 'One official language is'
  gold base   (expected unhooked) : ' Spanish' = [' Spanish']
  gold source (expected if swap works): ' English' = [' English']
  unhooked: ' Spanish.<|im_end|><|endoftext|><|endoftext|><|endoftext|><|endoftext|><|endoftext|>' = [' Spanish', '.', '<|im_end|>', '<|endoftext|>', '<|endoftext|>', '<|endoftext|>', '<|endoftext|>', '<|endoftext|>']
  L19: ' Spanish.<|im_end|><|endoftext|><|endoftext|><|endoftext|><|endoftext|><|endoftext|>' = [' Spanish', '.', '<|im_end|>', '<|endoftext|>', '<|endoftext|>', '<|endoftext|>', '<|endoftext|>', '<|endoftext|>'] [base]
  L20: ' Spanish.<|im_end|><|endoftext|><|endoftext|><|endoftext|><|endoftext|><|endoftext|>' = [' Spanish', '.', '<|im_end|>', '<|endoftext|>', '<|endoftext|>', '<|endoftext|>', '<|endoftext|>', '<|endoftext|>'] [base]
  L21: ' Spanish.<|im_end|><|endoftext|><|endoftext|><|endoftext|><|endoftext|><|endoftext|>' = [' Spanish', '.', '<|im_end|>', '<|endoftext|>', '<|endoftext|>', '<|endoftext|>', '<|endoftext|>', '<|endoftext|>'] [base]
  L22: ' Spanish.<|im_end|><|endoftext|><|endoftext|><|endoftext|><|endoftext|><|endoftext|>' = [' Spanish', '.', '<|im_end|>', '<|endoftext|>', '<|endoftext|>', '<|endoftext|>', '<|endoftext|>', '<|endoftext|>'] [base]
  L23: ' English.<|im_end|><|endoftext|><|endoftext|><|endoftext|><|endoftext|><|endoftext|>' = [' English', '.', '<|im_end|>', '<|endoftext|>', '<|endoftext|>', '<|endoftext|>', '<|endoftext|>', '<|endoftext|>'] [HIT]
  L24: ' English.<|im_end|><|endoftext|><|endoftext|><|endoftext|><|endoftext|><|endoftext|>' = [' English', '.', '<|im_end|>', '<|endoftext|>', '<|endoftext|>', '<|endoftext|>', '<|endoftext|>', '<|endoftext|>'] [HIT]
  L25: ' English.<|im_end|><|endoftext|><|endoftext|><|endoftext|><|endoftext|><|endoftext|>' = [' English', '.', '<|im_end|>', '<|endoftext|>', '<|endoftext|>', '<|endoftext|>', '<|endoftext|>', '<|endoftext|>'] [HIT]
  L26: ' English.<|im_end|><|endoftext|><|endoftext|><|endoftext|><|endoftext|><|endoftext|>' = [' English', '.', '<|im_end|>', '<|endoftext|>', '<|endoftext|>', '<|endoftext|>', '<|endoftext|>', '<|endoftext|>'] [HIT]
  L27: ' English.<|im_end|><|endoftext|><|endoftext|><|endoftext|><|endoftext|><|endoftext|>' = [' English', '.', '<|im_end|>', '<|endoftext|>', '<|endoftext|>', '<|endoftext|>', '<|endoftext|>', '<|endoftext|>'] [HIT]
  L28: ' English.<|im_end|><|endoftext|><|endoftext|><|endoftext|><|endoftext|><|endoftext|>' = [' English', '.', '<|im_end|>', '<|endoftext|>', '<|endoftext|>', '<|endoftext|>', '<|endoftext|>', '<|endoftext|>'] [HIT]

row 70: base=PY -> source=GT  template=language_prefill_v1
  question: 'Name an official language of the country in this image.'
  prefill : 'One official language is'
  gold base   (expected unhooked) : ' Spanish' = [' Spanish']
  gold source (expected if swap works): ' Spanish' = [' Spanish']
  unhooked: ' Spanish.<|im_end|><|endoftext|><|endoftext|><|endoftext|><|endoftext|><|endoftext|>' = [' Spanish', '.', '<|im_end|>', '<|endoftext|>', '<|endoftext|>', '<|endoftext|>', '<|endoftext|>', '<|endoftext|>']
  L19: ' Spanish.<|im_end|><|endoftext|><|endoftext|><|endoftext|><|endoftext|><|endoftext|>' = [' Spanish', '.', '<|im_end|>', '<|endoftext|>', '<|endoftext|>', '<|endoftext|>', '<|endoftext|>', '<|endoftext|>'] [HIT]
  L20: ' Spanish.<|im_end|><|endoftext|><|endoftext|><|endoftext|><|endoftext|><|endoftext|>' = [' Spanish', '.', '<|im_end|>', '<|endoftext|>', '<|endoftext|>', '<|endoftext|>', '<|endoftext|>', '<|endoftext|>'] [HIT]
  L21: ' Spanish.<|im_end|><|endoftext|><|endoftext|><|endoftext|><|endoftext|><|endoftext|>' = [' Spanish', '.', '<|im_end|>', '<|endoftext|>', '<|endoftext|>', '<|endoftext|>', '<|endoftext|>', '<|endoftext|>'] [HIT]
  L22: ' Spanish.<|im_end|><|endoftext|><|endoftext|><|endoftext|><|endoftext|><|endoftext|>' = [' Spanish', '.', '<|im_end|>', '<|endoftext|>', '<|endoftext|>', '<|endoftext|>', '<|endoftext|>', '<|endoftext|>'] [HIT]
  L23: ' Spanish.<|im_end|><|endoftext|><|endoftext|><|endoftext|><|endoftext|><|endoftext|>' = [' Spanish', '.', '<|im_end|>', '<|endoftext|>', '<|endoftext|>', '<|endoftext|>', '<|endoftext|>', '<|endoftext|>'] [HIT]
  L24: ' Spanish.<|im_end|><|endoftext|><|endoftext|><|endoftext|><|endoftext|><|endoftext|>' = [' Spanish', '.', '<|im_end|>', '<|endoftext|>', '<|endoftext|>', '<|endoftext|>', '<|endoftext|>', '<|endoftext|>'] [HIT]
  L25: ' Spanish.<|im_end|><|endoftext|><|endoftext|><|endoftext|><|endoftext|><|endoftext|>' = [' Spanish', '.', '<|im_end|>', '<|endoftext|>', '<|endoftext|>', '<|endoftext|>', '<|endoftext|>', '<|endoftext|>'] [HIT]
  L26: ' Spanish.<|im_end|><|endoftext|><|endoftext|><|endoftext|><|endoftext|><|endoftext|>' = [' Spanish', '.', '<|im_end|>', '<|endoftext|>', '<|endoftext|>', '<|endoftext|>', '<|endoftext|>', '<|endoftext|>'] [HIT]
  L27: ' Spanish.<|im_end|><|endoftext|><|endoftext|><|endoftext|><|endoftext|><|endoftext|>' = [' Spanish', '.', '<|im_end|>', '<|endoftext|>', '<|endoftext|>', '<|endoftext|>', '<|endoftext|>', '<|endoftext|>'] [HIT]
  L28: ' Spanish.<|im_end|><|endoftext|><|endoftext|><|endoftext|><|endoftext|><|endoftext|>' = [' Spanish', '.', '<|im_end|>', '<|endoftext|>', '<|endoftext|>', '<|endoftext|>', '<|endoftext|>', '<|endoftext|>'] [HIT]

row 71: base=PT -> source=SE  template=language_prefill_v5
  question: 'What language is officially spoken in the country shown in this flag?'
  prefill : 'The official language is'
  gold base   (expected unhooked) : ' Portuguese' = [' Portuguese']
  gold source (expected if swap works): ' Swedish' = [' Swedish']
  unhooked: ' Portuguese.<|im_end|><|endoftext|><|endoftext|><|endoftext|><|endoftext|><|endoftext|>' = [' Portuguese', '.', '<|im_end|>', '<|endoftext|>', '<|endoftext|>', '<|endoftext|>', '<|endoftext|>', '<|endoftext|>']
  L19: ' Portuguese.<|im_end|><|endoftext|><|endoftext|><|endoftext|><|endoftext|><|endoftext|>' = [' Portuguese', '.', '<|im_end|>', '<|endoftext|>', '<|endoftext|>', '<|endoftext|>', '<|endoftext|>', '<|endoftext|>'] [base]
  L20: ' Portuguese.<|im_end|><|endoftext|><|endoftext|><|endoftext|><|endoftext|><|endoftext|>' = [' Portuguese', '.', '<|im_end|>', '<|endoftext|>', '<|endoftext|>', '<|endoftext|>', '<|endoftext|>', '<|endoftext|>'] [base]
  L21: ' Portuguese.<|im_end|><|endoftext|><|endoftext|><|endoftext|><|endoftext|><|endoftext|>' = [' Portuguese', '.', '<|im_end|>', '<|endoftext|>', '<|endoftext|>', '<|endoftext|>', '<|endoftext|>', '<|endoftext|>'] [base]
  L22: ' Portuguese. The flag in the image is' = [' Portuguese', '.', ' The', ' flag', ' in', ' the', ' image', ' is'] [base]
  L23: ' Portuguese.<|im_end|><|endoftext|><|endoftext|><|endoftext|><|endoftext|><|endoftext|>' = [' Portuguese', '.', '<|im_end|>', '<|endoftext|>', '<|endoftext|>', '<|endoftext|>', '<|endoftext|>', '<|endoftext|>'] [base]
  L24: ' Swedish.<|im_end|><|endoftext|><|endoftext|><|endoftext|><|endoftext|><|endoftext|>' = [' Swedish', '.', '<|im_end|>', '<|endoftext|>', '<|endoftext|>', '<|endoftext|>', '<|endoftext|>', '<|endoftext|>'] [HIT]
  L25: ' Swedish.<|im_end|><|endoftext|><|endoftext|><|endoftext|><|endoftext|><|endoftext|>' = [' Swedish', '.', '<|im_end|>', '<|endoftext|>', '<|endoftext|>', '<|endoftext|>', '<|endoftext|>', '<|endoftext|>'] [HIT]
  L26: ' Swedish.<|im_end|><|endoftext|><|endoftext|><|endoftext|><|endoftext|><|endoftext|>' = [' Swedish', '.', '<|im_end|>', '<|endoftext|>', '<|endoftext|>', '<|endoftext|>', '<|endoftext|>', '<|endoftext|>'] [HIT]
  L27: ' Swedish.<|im_end|><|endoftext|><|endoftext|><|endoftext|><|endoftext|><|endoftext|>' = [' Swedish', '.', '<|im_end|>', '<|endoftext|>', '<|endoftext|>', '<|endoftext|>', '<|endoftext|>', '<|endoftext|>'] [HIT]
  L28: ' Swedish.<|im_end|><|endoftext|><|endoftext|><|endoftext|><|endoftext|><|endoftext|>' = [' Swedish', '.', '<|im_end|>', '<|endoftext|>', '<|endoftext|>', '<|endoftext|>', '<|endoftext|>', '<|endoftext|>'] [HIT]

row 72: base=CL -> source=PT  template=language_prefill_v1
  question: 'Name an official language of the country in this image.'
  prefill : 'One official language is'
  gold base   (expected unhooked) : ' Spanish' = [' Spanish']
  gold source (expected if swap works): ' Portuguese' = [' Portuguese']
  unhooked: ' Spanish.<|im_end|><|endoftext|><|endoftext|><|endoftext|><|endoftext|><|endoftext|>' = [' Spanish', '.', '<|im_end|>', '<|endoftext|>', '<|endoftext|>', '<|endoftext|>', '<|endoftext|>', '<|endoftext|>']
  L19: ' Spanish.<|im_end|><|endoftext|><|endoftext|><|endoftext|><|endoftext|><|endoftext|>' = [' Spanish', '.', '<|im_end|>', '<|endoftext|>', '<|endoftext|>', '<|endoftext|>', '<|endoftext|>', '<|endoftext|>'] [base]
  L20: ' Spanish.<|im_end|><|endoftext|><|endoftext|><|endoftext|><|endoftext|><|endoftext|>' = [' Spanish', '.', '<|im_end|>', '<|endoftext|>', '<|endoftext|>', '<|endoftext|>', '<|endoftext|>', '<|endoftext|>'] [base]
  L21: ' Spanish.<|im_end|><|endoftext|><|endoftext|><|endoftext|><|endoftext|><|endoftext|>' = [' Spanish', '.', '<|im_end|>', '<|endoftext|>', '<|endoftext|>', '<|endoftext|>', '<|endoftext|>', '<|endoftext|>'] [base]
  L22: ' Spanish.<|im_end|><|endoftext|><|endoftext|><|endoftext|><|endoftext|><|endoftext|>' = [' Spanish', '.', '<|im_end|>', '<|endoftext|>', '<|endoftext|>', '<|endoftext|>', '<|endoftext|>', '<|endoftext|>'] [base]
  L23: ' Spanish.<|im_end|><|endoftext|><|endoftext|><|endoftext|><|endoftext|><|endoftext|>' = [' Spanish', '.', '<|im_end|>', '<|endoftext|>', '<|endoftext|>', '<|endoftext|>', '<|endoftext|>', '<|endoftext|>'] [base]
  L24: ' Portuguese.<|im_end|><|endoftext|><|endoftext|><|endoftext|><|endoftext|><|endoftext|>' = [' Portuguese', '.', '<|im_end|>', '<|endoftext|>', '<|endoftext|>', '<|endoftext|>', '<|endoftext|>', '<|endoftext|>'] [HIT]
  L25: ' Portuguese.<|im_end|><|endoftext|><|endoftext|><|endoftext|><|endoftext|><|endoftext|>' = [' Portuguese', '.', '<|im_end|>', '<|endoftext|>', '<|endoftext|>', '<|endoftext|>', '<|endoftext|>', '<|endoftext|>'] [HIT]
  L26: ' Portuguese.<|im_end|><|endoftext|><|endoftext|><|endoftext|><|endoftext|><|endoftext|>' = [' Portuguese', '.', '<|im_end|>', '<|endoftext|>', '<|endoftext|>', '<|endoftext|>', '<|endoftext|>', '<|endoftext|>'] [HIT]
  L27: ' Portuguese.<|im_end|><|endoftext|><|endoftext|><|endoftext|><|endoftext|><|endoftext|>' = [' Portuguese', '.', '<|im_end|>', '<|endoftext|>', '<|endoftext|>', '<|endoftext|>', '<|endoftext|>', '<|endoftext|>'] [HIT]
  L28: ' Portuguese.<|im_end|><|endoftext|><|endoftext|><|endoftext|><|endoftext|><|endoftext|>' = [' Portuguese', '.', '<|im_end|>', '<|endoftext|>', '<|endoftext|>', '<|endoftext|>', '<|endoftext|>', '<|endoftext|>'] [HIT]

row 73: base=HN -> source=CV  template=language_prefill_v5
  question: 'What language is officially spoken in the country shown in this flag?'
  prefill : 'The official language is'
  gold base   (expected unhooked) : ' Spanish' = [' Spanish']
  gold source (expected if swap works): ' Portuguese' = [' Portuguese']
  unhooked: ' Spanish.<|im_end|><|endoftext|><|endoftext|><|endoftext|><|endoftext|><|endoftext|>' = [' Spanish', '.', '<|im_end|>', '<|endoftext|>', '<|endoftext|>', '<|endoftext|>', '<|endoftext|>', '<|endoftext|>']
  L19: ' Spanish.<|im_end|><|endoftext|><|endoftext|><|endoftext|><|endoftext|><|endoftext|>' = [' Spanish', '.', '<|im_end|>', '<|endoftext|>', '<|endoftext|>', '<|endoftext|>', '<|endoftext|>', '<|endoftext|>'] [base]
  L20: ' Spanish.<|im_end|><|endoftext|><|endoftext|><|endoftext|><|endoftext|><|endoftext|>' = [' Spanish', '.', '<|im_end|>', '<|endoftext|>', '<|endoftext|>', '<|endoftext|>', '<|endoftext|>', '<|endoftext|>'] [base]
  L21: ' Spanish.<|im_end|><|endoftext|><|endoftext|><|endoftext|><|endoftext|><|endoftext|>' = [' Spanish', '.', '<|im_end|>', '<|endoftext|>', '<|endoftext|>', '<|endoftext|>', '<|endoftext|>', '<|endoftext|>'] [base]
  L22: ' Spanish.<|im_end|><|endoftext|><|endoftext|><|endoftext|><|endoftext|><|endoftext|>' = [' Spanish', '.', '<|im_end|>', '<|endoftext|>', '<|endoftext|>', '<|endoftext|>', '<|endoftext|>', '<|endoftext|>'] [base]
  L23: ' Portuguese.<|im_end|><|endoftext|><|endoftext|><|endoftext|><|endoftext|><|endoftext|>' = [' Portuguese', '.', '<|im_end|>', '<|endoftext|>', '<|endoftext|>', '<|endoftext|>', '<|endoftext|>', '<|endoftext|>'] [HIT]
  L24: ' Portuguese.<|im_end|><|endoftext|><|endoftext|><|endoftext|><|endoftext|><|endoftext|>' = [' Portuguese', '.', '<|im_end|>', '<|endoftext|>', '<|endoftext|>', '<|endoftext|>', '<|endoftext|>', '<|endoftext|>'] [HIT]
  L25: ' Portuguese.<|im_end|><|endoftext|><|endoftext|><|endoftext|><|endoftext|><|endoftext|>' = [' Portuguese', '.', '<|im_end|>', '<|endoftext|>', '<|endoftext|>', '<|endoftext|>', '<|endoftext|>', '<|endoftext|>'] [HIT]
  L26: ' Portuguese.<|im_end|><|endoftext|><|endoftext|><|endoftext|><|endoftext|><|endoftext|>' = [' Portuguese', '.', '<|im_end|>', '<|endoftext|>', '<|endoftext|>', '<|endoftext|>', '<|endoftext|>', '<|endoftext|>'] [HIT]
  L27: ' Portuguese.<|im_end|><|endoftext|><|endoftext|><|endoftext|><|endoftext|><|endoftext|>' = [' Portuguese', '.', '<|im_end|>', '<|endoftext|>', '<|endoftext|>', '<|endoftext|>', '<|endoftext|>', '<|endoftext|>'] [HIT]
  L28: ' Portuguese.<|im_end|><|endoftext|><|endoftext|><|endoftext|><|endoftext|><|endoftext|>' = [' Portuguese', '.', '<|im_end|>', '<|endoftext|>', '<|endoftext|>', '<|endoftext|>', '<|endoftext|>', '<|endoftext|>'] [HIT]

row 74: base=SA -> source=PY  template=language_prefill_v6
  question: 'Name a language used in the country depicted in this image.'
  prefill : 'A language spoken there is'
  gold base   (expected unhooked) : ' Arabic' = [' Arabic']
  gold source (expected if swap works): ' Spanish' = [' Spanish']
  unhooked: ' Arabic.<|im_end|><|endoftext|><|endoftext|><|endoftext|><|endoftext|><|endoftext|>' = [' Arabic', '.', '<|im_end|>', '<|endoftext|>', '<|endoftext|>', '<|endoftext|>', '<|endoftext|>', '<|endoftext|>']
  L19: ' Arabic.<|im_end|><|endoftext|><|endoftext|><|endoftext|><|endoftext|><|endoftext|>' = [' Arabic', '.', '<|im_end|>', '<|endoftext|>', '<|endoftext|>', '<|endoftext|>', '<|endoftext|>', '<|endoftext|>'] [base]
  L20: ' Arabic.<|im_end|><|endoftext|><|endoftext|><|endoftext|><|endoftext|><|endoftext|>' = [' Arabic', '.', '<|im_end|>', '<|endoftext|>', '<|endoftext|>', '<|endoftext|>', '<|endoftext|>', '<|endoftext|>'] [base]
  L21: ' Arabic.<|im_end|><|endoftext|><|endoftext|><|endoftext|><|endoftext|><|endoftext|>' = [' Arabic', '.', '<|im_end|>', '<|endoftext|>', '<|endoftext|>', '<|endoftext|>', '<|endoftext|>', '<|endoftext|>'] [base]
  L22: ' Arabic.<|im_end|><|endoftext|><|endoftext|><|endoftext|><|endoftext|><|endoftext|>' = [' Arabic', '.', '<|im_end|>', '<|endoftext|>', '<|endoftext|>', '<|endoftext|>', '<|endoftext|>', '<|endoftext|>'] [base]
  L23: ' Spanish.<|im_end|><|endoftext|><|endoftext|><|endoftext|><|endoftext|><|endoftext|>' = [' Spanish', '.', '<|im_end|>', '<|endoftext|>', '<|endoftext|>', '<|endoftext|>', '<|endoftext|>', '<|endoftext|>'] [HIT]
  L24: ' Spanish.<|im_end|><|endoftext|><|endoftext|><|endoftext|><|endoftext|><|endoftext|>' = [' Spanish', '.', '<|im_end|>', '<|endoftext|>', '<|endoftext|>', '<|endoftext|>', '<|endoftext|>', '<|endoftext|>'] [HIT]
  L25: ' Spanish.<|im_end|><|endoftext|><|endoftext|><|endoftext|><|endoftext|><|endoftext|>' = [' Spanish', '.', '<|im_end|>', '<|endoftext|>', '<|endoftext|>', '<|endoftext|>', '<|endoftext|>', '<|endoftext|>'] [HIT]
  L26: ' Spanish.<|im_end|><|endoftext|><|endoftext|><|endoftext|><|endoftext|><|endoftext|>' = [' Spanish', '.', '<|im_end|>', '<|endoftext|>', '<|endoftext|>', '<|endoftext|>', '<|endoftext|>', '<|endoftext|>'] [HIT]
  L27: ' Spanish.<|im_end|><|endoftext|><|endoftext|><|endoftext|><|endoftext|><|endoftext|>' = [' Spanish', '.', '<|im_end|>', '<|endoftext|>', '<|endoftext|>', '<|endoftext|>', '<|endoftext|>', '<|endoftext|>'] [HIT]
  L28: ' Spanish.<|im_end|><|endoftext|><|endoftext|><|endoftext|><|endoftext|><|endoftext|>' = [' Spanish', '.', '<|im_end|>', '<|endoftext|>', '<|endoftext|>', '<|endoftext|>', '<|endoftext|>', '<|endoftext|>'] [HIT]

row 75: base=GT -> source=UA  template=language_prefill_v3
  question: 'Tell me a language spoken in the country in this image.'
  prefill : 'A language spoken there is'
  gold base   (expected unhooked) : ' Spanish' = [' Spanish']
  gold source (expected if swap works): ' Ukrainian' = [' Ukrainian']
  unhooked: ' Spanish, which is the official language of' = [' Spanish', ',', ' which', ' is', ' the', ' official', ' language', ' of']
  L19: ' Spanish, which is the official language of' = [' Spanish', ',', ' which', ' is', ' the', ' official', ' language', ' of'] [base]
  L20: ' Spanish, which is the official language of' = [' Spanish', ',', ' which', ' is', ' the', ' official', ' language', ' of'] [base]
  L21: ' Spanish, which is the official language of' = [' Spanish', ',', ' which', ' is', ' the', ' official', ' language', ' of'] [base]
  L22: ' Spanish, which is the official language of' = [' Spanish', ',', ' which', ' is', ' the', ' official', ' language', ' of'] [base]
  L23: ' Russian.<|im_end|><|endoftext|><|endoftext|><|endoftext|><|endoftext|><|endoftext|>' = [' Russian', '.', '<|im_end|>', '<|endoftext|>', '<|endoftext|>', '<|endoftext|>', '<|endoftext|>', '<|endoftext|>'] [other]
  L24: ' Ukrainian.<|im_end|><|endoftext|><|endoftext|><|endoftext|><|endoftext|><|endoftext|>' = [' Ukrainian', '.', '<|im_end|>', '<|endoftext|>', '<|endoftext|>', '<|endoftext|>', '<|endoftext|>', '<|endoftext|>'] [HIT]
  L25: ' Ukrainian.<|im_end|><|endoftext|><|endoftext|><|endoftext|><|endoftext|><|endoftext|>' = [' Ukrainian', '.', '<|im_end|>', '<|endoftext|>', '<|endoftext|>', '<|endoftext|>', '<|endoftext|>', '<|endoftext|>'] [HIT]
  L26: ' Ukrainian.<|im_end|><|endoftext|><|endoftext|><|endoftext|><|endoftext|><|endoftext|>' = [' Ukrainian', '.', '<|im_end|>', '<|endoftext|>', '<|endoftext|>', '<|endoftext|>', '<|endoftext|>', '<|endoftext|>'] [HIT]
  L27: ' Ukrainian.<|im_end|><|endoftext|><|endoftext|><|endoftext|><|endoftext|><|endoftext|>' = [' Ukrainian', '.', '<|im_end|>', '<|endoftext|>', '<|endoftext|>', '<|endoftext|>', '<|endoftext|>', '<|endoftext|>'] [HIT]
  L28: ' Ukrainian.<|im_end|><|endoftext|><|endoftext|><|endoftext|><|endoftext|><|endoftext|>' = [' Ukrainian', '.', '<|im_end|>', '<|endoftext|>', '<|endoftext|>', '<|endoftext|>', '<|endoftext|>', '<|endoftext|>'] [HIT]

row 76: base=VN -> source=SA  template=language_prefill_v1
  question: 'Name an official language of the country in this image.'
  prefill : 'One official language is'
  gold base   (expected unhooked) : ' Vietnamese' = [' Vietnamese']
  gold source (expected if swap works): ' Arabic' = [' Arabic']
  unhooked: ' Vietnamese.<|im_end|><|endoftext|><|endoftext|><|endoftext|><|endoftext|><|endoftext|>' = [' Vietnamese', '.', '<|im_end|>', '<|endoftext|>', '<|endoftext|>', '<|endoftext|>', '<|endoftext|>', '<|endoftext|>']
  L19: ' Vietnamese.<|im_end|><|endoftext|><|endoftext|><|endoftext|><|endoftext|><|endoftext|>' = [' Vietnamese', '.', '<|im_end|>', '<|endoftext|>', '<|endoftext|>', '<|endoftext|>', '<|endoftext|>', '<|endoftext|>'] [base]
  L20: ' Vietnamese.<|im_end|><|endoftext|><|endoftext|><|endoftext|><|endoftext|><|endoftext|>' = [' Vietnamese', '.', '<|im_end|>', '<|endoftext|>', '<|endoftext|>', '<|endoftext|>', '<|endoftext|>', '<|endoftext|>'] [base]
  L21: ' Vietnamese.<|im_end|><|endoftext|><|endoftext|><|endoftext|><|endoftext|><|endoftext|>' = [' Vietnamese', '.', '<|im_end|>', '<|endoftext|>', '<|endoftext|>', '<|endoftext|>', '<|endoftext|>', '<|endoftext|>'] [base]
  L22: ' Vietnamese.<|im_end|><|endoftext|><|endoftext|><|endoftext|><|endoftext|><|endoftext|>' = [' Vietnamese', '.', '<|im_end|>', '<|endoftext|>', '<|endoftext|>', '<|endoftext|>', '<|endoftext|>', '<|endoftext|>'] [base]
  L23: ' Arabic.<|im_end|><|endoftext|><|endoftext|><|endoftext|><|endoftext|><|endoftext|>' = [' Arabic', '.', '<|im_end|>', '<|endoftext|>', '<|endoftext|>', '<|endoftext|>', '<|endoftext|>', '<|endoftext|>'] [HIT]
  L24: ' Arabic.<|im_end|><|endoftext|><|endoftext|><|endoftext|><|endoftext|><|endoftext|>' = [' Arabic', '.', '<|im_end|>', '<|endoftext|>', '<|endoftext|>', '<|endoftext|>', '<|endoftext|>', '<|endoftext|>'] [HIT]
  L25: ' Arabic.<|im_end|><|endoftext|><|endoftext|><|endoftext|><|endoftext|><|endoftext|>' = [' Arabic', '.', '<|im_end|>', '<|endoftext|>', '<|endoftext|>', '<|endoftext|>', '<|endoftext|>', '<|endoftext|>'] [HIT]
  L26: ' Arabic.<|im_end|><|endoftext|><|endoftext|><|endoftext|><|endoftext|><|endoftext|>' = [' Arabic', '.', '<|im_end|>', '<|endoftext|>', '<|endoftext|>', '<|endoftext|>', '<|endoftext|>', '<|endoftext|>'] [HIT]
  L27: ' Arabic.<|im_end|><|endoftext|><|endoftext|><|endoftext|><|endoftext|><|endoftext|>' = [' Arabic', '.', '<|im_end|>', '<|endoftext|>', '<|endoftext|>', '<|endoftext|>', '<|endoftext|>', '<|endoftext|>'] [HIT]
  L28: ' Arabic.<|im_end|><|endoftext|><|endoftext|><|endoftext|><|endoftext|><|endoftext|>' = [' Arabic', '.', '<|im_end|>', '<|endoftext|>', '<|endoftext|>', '<|endoftext|>', '<|endoftext|>', '<|endoftext|>'] [HIT]

row 77: base=CM -> source=CL  template=language_prefill_v2
  question: 'What is the official language of the country shown in this flag?'
  prefill : 'The official language is'
  gold base   (expected unhooked) : ' French' = [' French']
  gold source (expected if swap works): ' Spanish' = [' Spanish']
  unhooked: ' French.<|im_end|><|endoftext|><|endoftext|><|endoftext|><|endoftext|><|endoftext|>' = [' French', '.', '<|im_end|>', '<|endoftext|>', '<|endoftext|>', '<|endoftext|>', '<|endoftext|>', '<|endoftext|>']
  L19: ' French.<|im_end|><|endoftext|><|endoftext|><|endoftext|><|endoftext|><|endoftext|>' = [' French', '.', '<|im_end|>', '<|endoftext|>', '<|endoftext|>', '<|endoftext|>', '<|endoftext|>', '<|endoftext|>'] [base]
  L20: ' French.<|im_end|><|endoftext|><|endoftext|><|endoftext|><|endoftext|><|endoftext|>' = [' French', '.', '<|im_end|>', '<|endoftext|>', '<|endoftext|>', '<|endoftext|>', '<|endoftext|>', '<|endoftext|>'] [base]
  L21: ' French.<|im_end|><|endoftext|><|endoftext|><|endoftext|><|endoftext|><|endoftext|>' = [' French', '.', '<|im_end|>', '<|endoftext|>', '<|endoftext|>', '<|endoftext|>', '<|endoftext|>', '<|endoftext|>'] [base]
  L22: ' French.<|im_end|><|endoftext|><|endoftext|><|endoftext|><|endoftext|><|endoftext|>' = [' French', '.', '<|im_end|>', '<|endoftext|>', '<|endoftext|>', '<|endoftext|>', '<|endoftext|>', '<|endoftext|>'] [base]
  L23: ' Spanish.<|im_end|><|endoftext|><|endoftext|><|endoftext|><|endoftext|><|endoftext|>' = [' Spanish', '.', '<|im_end|>', '<|endoftext|>', '<|endoftext|>', '<|endoftext|>', '<|endoftext|>', '<|endoftext|>'] [HIT]
  L24: ' Spanish.<|im_end|><|endoftext|><|endoftext|><|endoftext|><|endoftext|><|endoftext|>' = [' Spanish', '.', '<|im_end|>', '<|endoftext|>', '<|endoftext|>', '<|endoftext|>', '<|endoftext|>', '<|endoftext|>'] [HIT]
  L25: ' Spanish.<|im_end|><|endoftext|><|endoftext|><|endoftext|><|endoftext|><|endoftext|>' = [' Spanish', '.', '<|im_end|>', '<|endoftext|>', '<|endoftext|>', '<|endoftext|>', '<|endoftext|>', '<|endoftext|>'] [HIT]
  L26: ' Spanish.<|im_end|><|endoftext|><|endoftext|><|endoftext|><|endoftext|><|endoftext|>' = [' Spanish', '.', '<|im_end|>', '<|endoftext|>', '<|endoftext|>', '<|endoftext|>', '<|endoftext|>', '<|endoftext|>'] [HIT]
  L27: ' Spanish.<|im_end|><|endoftext|><|endoftext|><|endoftext|><|endoftext|><|endoftext|>' = [' Spanish', '.', '<|im_end|>', '<|endoftext|>', '<|endoftext|>', '<|endoftext|>', '<|endoftext|>', '<|endoftext|>'] [HIT]
  L28: ' Spanish.<|im_end|><|endoftext|><|endoftext|><|endoftext|><|endoftext|><|endoftext|>' = [' Spanish', '.', '<|im_end|>', '<|endoftext|>', '<|endoftext|>', '<|endoftext|>', '<|endoftext|>', '<|endoftext|>'] [HIT]

row 78: base=SA -> source=MX  template=language_prefill_v3
  question: 'Tell me a language spoken in the country in this image.'
  prefill : 'A language spoken there is'
  gold base   (expected unhooked) : ' Arabic' = [' Arabic']
  gold source (expected if swap works): ' Spanish' = [' Spanish']
  unhooked: ' Arabic.<|im_end|><|endoftext|><|endoftext|><|endoftext|><|endoftext|><|endoftext|>' = [' Arabic', '.', '<|im_end|>', '<|endoftext|>', '<|endoftext|>', '<|endoftext|>', '<|endoftext|>', '<|endoftext|>']
  L19: ' Arabic.<|im_end|><|endoftext|><|endoftext|><|endoftext|><|endoftext|><|endoftext|>' = [' Arabic', '.', '<|im_end|>', '<|endoftext|>', '<|endoftext|>', '<|endoftext|>', '<|endoftext|>', '<|endoftext|>'] [base]
  L20: ' Arabic.<|im_end|><|endoftext|><|endoftext|><|endoftext|><|endoftext|><|endoftext|>' = [' Arabic', '.', '<|im_end|>', '<|endoftext|>', '<|endoftext|>', '<|endoftext|>', '<|endoftext|>', '<|endoftext|>'] [base]
  L21: ' Arabic.<|im_end|><|endoftext|><|endoftext|><|endoftext|><|endoftext|><|endoftext|>' = [' Arabic', '.', '<|im_end|>', '<|endoftext|>', '<|endoftext|>', '<|endoftext|>', '<|endoftext|>', '<|endoftext|>'] [base]
  L22: ' Arabic.<|im_end|><|endoftext|><|endoftext|><|endoftext|><|endoftext|><|endoftext|>' = [' Arabic', '.', '<|im_end|>', '<|endoftext|>', '<|endoftext|>', '<|endoftext|>', '<|endoftext|>', '<|endoftext|>'] [base]
  L23: ' Spanish.<|im_end|><|endoftext|><|endoftext|><|endoftext|><|endoftext|><|endoftext|>' = [' Spanish', '.', '<|im_end|>', '<|endoftext|>', '<|endoftext|>', '<|endoftext|>', '<|endoftext|>', '<|endoftext|>'] [HIT]
  L24: ' Spanish.<|im_end|><|endoftext|><|endoftext|><|endoftext|><|endoftext|><|endoftext|>' = [' Spanish', '.', '<|im_end|>', '<|endoftext|>', '<|endoftext|>', '<|endoftext|>', '<|endoftext|>', '<|endoftext|>'] [HIT]
  L25: ' Spanish.<|im_end|><|endoftext|><|endoftext|><|endoftext|><|endoftext|><|endoftext|>' = [' Spanish', '.', '<|im_end|>', '<|endoftext|>', '<|endoftext|>', '<|endoftext|>', '<|endoftext|>', '<|endoftext|>'] [HIT]
  L26: ' Spanish.<|im_end|><|endoftext|><|endoftext|><|endoftext|><|endoftext|><|endoftext|>' = [' Spanish', '.', '<|im_end|>', '<|endoftext|>', '<|endoftext|>', '<|endoftext|>', '<|endoftext|>', '<|endoftext|>'] [HIT]
  L27: ' Spanish.<|im_end|><|endoftext|><|endoftext|><|endoftext|><|endoftext|><|endoftext|>' = [' Spanish', '.', '<|im_end|>', '<|endoftext|>', '<|endoftext|>', '<|endoftext|>', '<|endoftext|>', '<|endoftext|>'] [HIT]
  L28: ' Spanish.<|im_end|><|endoftext|><|endoftext|><|endoftext|><|endoftext|><|endoftext|>' = [' Spanish', '.', '<|im_end|>', '<|endoftext|>', '<|endoftext|>', '<|endoftext|>', '<|endoftext|>', '<|endoftext|>'] [HIT]

row 79: base=IN -> source=GT  template=language_prefill_v1
  question: 'Name an official language of the country in this image.'
  prefill : 'One official language is'
  gold base   (expected unhooked) : ' Hindi' = [' Hindi']
  gold source (expected if swap works): ' Spanish' = [' Spanish']
  unhooked: ' Hindi.<|im_end|><|endoftext|><|endoftext|><|endoftext|><|endoftext|><|endoftext|>' = [' Hindi', '.', '<|im_end|>', '<|endoftext|>', '<|endoftext|>', '<|endoftext|>', '<|endoftext|>', '<|endoftext|>']
  L19: ' Hindi.<|im_end|><|endoftext|><|endoftext|><|endoftext|><|endoftext|><|endoftext|>' = [' Hindi', '.', '<|im_end|>', '<|endoftext|>', '<|endoftext|>', '<|endoftext|>', '<|endoftext|>', '<|endoftext|>'] [base]
  L20: ' Hindi.<|im_end|><|endoftext|><|endoftext|><|endoftext|><|endoftext|><|endoftext|>' = [' Hindi', '.', '<|im_end|>', '<|endoftext|>', '<|endoftext|>', '<|endoftext|>', '<|endoftext|>', '<|endoftext|>'] [base]
  L21: ' Hindi.<|im_end|><|endoftext|><|endoftext|><|endoftext|><|endoftext|><|endoftext|>' = [' Hindi', '.', '<|im_end|>', '<|endoftext|>', '<|endoftext|>', '<|endoftext|>', '<|endoftext|>', '<|endoftext|>'] [base]
  L22: ' Hindi.<|im_end|><|endoftext|><|endoftext|><|endoftext|><|endoftext|><|endoftext|>' = [' Hindi', '.', '<|im_end|>', '<|endoftext|>', '<|endoftext|>', '<|endoftext|>', '<|endoftext|>', '<|endoftext|>'] [base]
  L23: ' Spanish.<|im_end|><|endoftext|><|endoftext|><|endoftext|><|endoftext|><|endoftext|>' = [' Spanish', '.', '<|im_end|>', '<|endoftext|>', '<|endoftext|>', '<|endoftext|>', '<|endoftext|>', '<|endoftext|>'] [HIT]
  L24: ' Spanish.<|im_end|><|endoftext|><|endoftext|><|endoftext|><|endoftext|><|endoftext|>' = [' Spanish', '.', '<|im_end|>', '<|endoftext|>', '<|endoftext|>', '<|endoftext|>', '<|endoftext|>', '<|endoftext|>'] [HIT]
  L25: ' Spanish.<|im_end|><|endoftext|><|endoftext|><|endoftext|><|endoftext|><|endoftext|>' = [' Spanish', '.', '<|im_end|>', '<|endoftext|>', '<|endoftext|>', '<|endoftext|>', '<|endoftext|>', '<|endoftext|>'] [HIT]
  L26: ' Spanish.<|im_end|><|endoftext|><|endoftext|><|endoftext|><|endoftext|><|endoftext|>' = [' Spanish', '.', '<|im_end|>', '<|endoftext|>', '<|endoftext|>', '<|endoftext|>', '<|endoftext|>', '<|endoftext|>'] [HIT]
  L27: ' Spanish.<|im_end|><|endoftext|><|endoftext|><|endoftext|><|endoftext|><|endoftext|>' = [' Spanish', '.', '<|im_end|>', '<|endoftext|>', '<|endoftext|>', '<|endoftext|>', '<|endoftext|>', '<|endoftext|>'] [HIT]
  L28: ' Spanish.<|im_end|><|endoftext|><|endoftext|><|endoftext|><|endoftext|><|endoftext|>' = [' Spanish', '.', '<|im_end|>', '<|endoftext|>', '<|endoftext|>', '<|endoftext|>', '<|endoftext|>', '<|endoftext|>'] [HIT]

row 80: base=SA -> source=GT  template=language_prefill_v2
  question: 'What is the official language of the country shown in this flag?'
  prefill : 'The official language is'
  gold base   (expected unhooked) : ' Arabic' = [' Arabic']
  gold source (expected if swap works): ' Spanish' = [' Spanish']
  unhooked: ' Arabic.<|im_end|><|endoftext|><|endoftext|><|endoftext|><|endoftext|><|endoftext|>' = [' Arabic', '.', '<|im_end|>', '<|endoftext|>', '<|endoftext|>', '<|endoftext|>', '<|endoftext|>', '<|endoftext|>']
  L19: ' Arabic.<|im_end|><|endoftext|>' = [' Arabic', '.', '<|im_end|>', '<|endoftext|>'] [base]
  L20: ' Arabic.<|im_end|><|endoftext|><|endoftext|><|endoftext|><|endoftext|><|endoftext|>' = [' Arabic', '.', '<|im_end|>', '<|endoftext|>', '<|endoftext|>', '<|endoftext|>', '<|endoftext|>', '<|endoftext|>'] [base]
  L21: ' Arabic.<|im_end|><|endoftext|><|endoftext|><|endoftext|><|endoftext|><|endoftext|>' = [' Arabic', '.', '<|im_end|>', '<|endoftext|>', '<|endoftext|>', '<|endoftext|>', '<|endoftext|>', '<|endoftext|>'] [base]
  L22: ' Arabic.<|im_end|><|endoftext|><|endoftext|><|endoftext|><|endoftext|><|endoftext|>' = [' Arabic', '.', '<|im_end|>', '<|endoftext|>', '<|endoftext|>', '<|endoftext|>', '<|endoftext|>', '<|endoftext|>'] [base]
  L23: ' Spanish.<|im_end|><|endoftext|><|endoftext|><|endoftext|><|endoftext|><|endoftext|>' = [' Spanish', '.', '<|im_end|>', '<|endoftext|>', '<|endoftext|>', '<|endoftext|>', '<|endoftext|>', '<|endoftext|>'] [HIT]
  L24: ' Spanish.<|im_end|><|endoftext|>' = [' Spanish', '.', '<|im_end|>', '<|endoftext|>'] [HIT]
  L25: ' Spanish.<|im_end|><|endoftext|><|endoftext|><|endoftext|><|endoftext|><|endoftext|>' = [' Spanish', '.', '<|im_end|>', '<|endoftext|>', '<|endoftext|>', '<|endoftext|>', '<|endoftext|>', '<|endoftext|>'] [HIT]
  L26: ' Spanish.<|im_end|><|endoftext|><|endoftext|><|endoftext|><|endoftext|><|endoftext|>' = [' Spanish', '.', '<|im_end|>', '<|endoftext|>', '<|endoftext|>', '<|endoftext|>', '<|endoftext|>', '<|endoftext|>'] [HIT]
  L27: ' Spanish.<|im_end|><|endoftext|><|endoftext|><|endoftext|><|endoftext|><|endoftext|>' = [' Spanish', '.', '<|im_end|>', '<|endoftext|>', '<|endoftext|>', '<|endoftext|>', '<|endoftext|>', '<|endoftext|>'] [HIT]
  L28: ' Spanish.<|im_end|><|endoftext|>' = [' Spanish', '.', '<|im_end|>', '<|endoftext|>'] [HIT]

row 81: base=FI -> source=TH  template=language_prefill_v3
  question: 'Tell me a language spoken in the country in this image.'
  prefill : 'A language spoken there is'
  gold base   (expected unhooked) : ' Finnish' = [' Finnish']
  gold source (expected if swap works): ' Thai' = [' Thai']
  unhooked: ' Finnish.<|im_end|><|endoftext|><|endoftext|><|endoftext|><|endoftext|><|endoftext|>' = [' Finnish', '.', '<|im_end|>', '<|endoftext|>', '<|endoftext|>', '<|endoftext|>', '<|endoftext|>', '<|endoftext|>']
  L19: ' Finnish.<|im_end|><|endoftext|>' = [' Finnish', '.', '<|im_end|>', '<|endoftext|>'] [base]
  L20: ' Finnish.<|im_end|><|endoftext|><|endoftext|><|endoftext|><|endoftext|><|endoftext|>' = [' Finnish', '.', '<|im_end|>', '<|endoftext|>', '<|endoftext|>', '<|endoftext|>', '<|endoftext|>', '<|endoftext|>'] [base]
  L21: ' Finnish.<|im_end|><|endoftext|><|endoftext|><|endoftext|><|endoftext|><|endoftext|>' = [' Finnish', '.', '<|im_end|>', '<|endoftext|>', '<|endoftext|>', '<|endoftext|>', '<|endoftext|>', '<|endoftext|>'] [base]
  L22: ' Finnish.<|im_end|><|endoftext|><|endoftext|><|endoftext|><|endoftext|><|endoftext|>' = [' Finnish', '.', '<|im_end|>', '<|endoftext|>', '<|endoftext|>', '<|endoftext|>', '<|endoftext|>', '<|endoftext|>'] [base]
  L23: ' Finnish.<|im_end|><|endoftext|><|endoftext|><|endoftext|><|endoftext|><|endoftext|>' = [' Finnish', '.', '<|im_end|>', '<|endoftext|>', '<|endoftext|>', '<|endoftext|>', '<|endoftext|>', '<|endoftext|>'] [base]
  L24: ' Thai.<|im_end|><|endoftext|>' = [' Thai', '.', '<|im_end|>', '<|endoftext|>'] [HIT]
  L25: ' Thai.<|im_end|><|endoftext|><|endoftext|><|endoftext|><|endoftext|><|endoftext|>' = [' Thai', '.', '<|im_end|>', '<|endoftext|>', '<|endoftext|>', '<|endoftext|>', '<|endoftext|>', '<|endoftext|>'] [HIT]
  L26: ' Thai.<|im_end|><|endoftext|><|endoftext|><|endoftext|><|endoftext|><|endoftext|>' = [' Thai', '.', '<|im_end|>', '<|endoftext|>', '<|endoftext|>', '<|endoftext|>', '<|endoftext|>', '<|endoftext|>'] [HIT]
  L27: ' Thai.<|im_end|><|endoftext|><|endoftext|><|endoftext|><|endoftext|><|endoftext|>' = [' Thai', '.', '<|im_end|>', '<|endoftext|>', '<|endoftext|>', '<|endoftext|>', '<|endoftext|>', '<|endoftext|>'] [HIT]
  L28: ' Thai.<|im_end|><|endoftext|>' = [' Thai', '.', '<|im_end|>', '<|endoftext|>'] [HIT]

row 82: base=TH -> source=GT  template=language_prefill_v1
  question: 'Name an official language of the country in this image.'
  prefill : 'One official language is'
  gold base   (expected unhooked) : ' Thai' = [' Thai']
  gold source (expected if swap works): ' Spanish' = [' Spanish']
  unhooked: ' Thai.<|im_end|><|endoftext|><|endoftext|><|endoftext|><|endoftext|><|endoftext|>' = [' Thai', '.', '<|im_end|>', '<|endoftext|>', '<|endoftext|>', '<|endoftext|>', '<|endoftext|>', '<|endoftext|>']
  L19: ' Thai.<|im_end|><|endoftext|>' = [' Thai', '.', '<|im_end|>', '<|endoftext|>'] [base]
  L20: ' Thai.<|im_end|><|endoftext|><|endoftext|><|endoftext|><|endoftext|><|endoftext|>' = [' Thai', '.', '<|im_end|>', '<|endoftext|>', '<|endoftext|>', '<|endoftext|>', '<|endoftext|>', '<|endoftext|>'] [base]
  L21: ' Thai.<|im_end|><|endoftext|><|endoftext|><|endoftext|><|endoftext|><|endoftext|>' = [' Thai', '.', '<|im_end|>', '<|endoftext|>', '<|endoftext|>', '<|endoftext|>', '<|endoftext|>', '<|endoftext|>'] [base]
  L22: ' Thai.<|im_end|><|endoftext|><|endoftext|><|endoftext|><|endoftext|><|endoftext|>' = [' Thai', '.', '<|im_end|>', '<|endoftext|>', '<|endoftext|>', '<|endoftext|>', '<|endoftext|>', '<|endoftext|>'] [base]
  L23: ' Spanish.<|im_end|><|endoftext|><|endoftext|><|endoftext|><|endoftext|><|endoftext|>' = [' Spanish', '.', '<|im_end|>', '<|endoftext|>', '<|endoftext|>', '<|endoftext|>', '<|endoftext|>', '<|endoftext|>'] [HIT]
  L24: ' Spanish.<|im_end|><|endoftext|>' = [' Spanish', '.', '<|im_end|>', '<|endoftext|>'] [HIT]
  L25: ' Spanish.<|im_end|><|endoftext|><|endoftext|><|endoftext|><|endoftext|><|endoftext|>' = [' Spanish', '.', '<|im_end|>', '<|endoftext|>', '<|endoftext|>', '<|endoftext|>', '<|endoftext|>', '<|endoftext|>'] [HIT]
  L26: ' Spanish.<|im_end|><|endoftext|><|endoftext|><|endoftext|><|endoftext|><|endoftext|>' = [' Spanish', '.', '<|im_end|>', '<|endoftext|>', '<|endoftext|>', '<|endoftext|>', '<|endoftext|>', '<|endoftext|>'] [HIT]
  L27: ' Spanish.<|im_end|><|endoftext|><|endoftext|><|endoftext|><|endoftext|><|endoftext|>' = [' Spanish', '.', '<|im_end|>', '<|endoftext|>', '<|endoftext|>', '<|endoftext|>', '<|endoftext|>', '<|endoftext|>'] [HIT]
  L28: ' Spanish.<|im_end|><|endoftext|>' = [' Spanish', '.', '<|im_end|>', '<|endoftext|>'] [HIT]

row 83: base=SA -> source=MX  template=language_prefill_v2
  question: 'What is the official language of the country shown in this flag?'
  prefill : 'The official language is'
  gold base   (expected unhooked) : ' Arabic' = [' Arabic']
  gold source (expected if swap works): ' Spanish' = [' Spanish']
  unhooked: ' Arabic.<|im_end|><|endoftext|><|endoftext|><|endoftext|><|endoftext|><|endoftext|>' = [' Arabic', '.', '<|im_end|>', '<|endoftext|>', '<|endoftext|>', '<|endoftext|>', '<|endoftext|>', '<|endoftext|>']
  L19: ' Arabic.<|im_end|><|endoftext|>' = [' Arabic', '.', '<|im_end|>', '<|endoftext|>'] [base]
  L20: ' Arabic.<|im_end|><|endoftext|><|endoftext|><|endoftext|><|endoftext|><|endoftext|>' = [' Arabic', '.', '<|im_end|>', '<|endoftext|>', '<|endoftext|>', '<|endoftext|>', '<|endoftext|>', '<|endoftext|>'] [base]
  L21: ' Arabic.<|im_end|><|endoftext|><|endoftext|><|endoftext|><|endoftext|><|endoftext|>' = [' Arabic', '.', '<|im_end|>', '<|endoftext|>', '<|endoftext|>', '<|endoftext|>', '<|endoftext|>', '<|endoftext|>'] [base]
  L22: ' Arabic.<|im_end|><|endoftext|><|endoftext|><|endoftext|><|endoftext|><|endoftext|>' = [' Arabic', '.', '<|im_end|>', '<|endoftext|>', '<|endoftext|>', '<|endoftext|>', '<|endoftext|>', '<|endoftext|>'] [base]
  L23: ' Spanish.<|im_end|><|endoftext|><|endoftext|><|endoftext|><|endoftext|><|endoftext|>' = [' Spanish', '.', '<|im_end|>', '<|endoftext|>', '<|endoftext|>', '<|endoftext|>', '<|endoftext|>', '<|endoftext|>'] [HIT]
  L24: ' Spanish.<|im_end|><|endoftext|>' = [' Spanish', '.', '<|im_end|>', '<|endoftext|>'] [HIT]
  L25: ' Spanish.<|im_end|><|endoftext|><|endoftext|><|endoftext|><|endoftext|><|endoftext|>' = [' Spanish', '.', '<|im_end|>', '<|endoftext|>', '<|endoftext|>', '<|endoftext|>', '<|endoftext|>', '<|endoftext|>'] [HIT]
  L26: ' Spanish.<|im_end|><|endoftext|><|endoftext|><|endoftext|><|endoftext|><|endoftext|>' = [' Spanish', '.', '<|im_end|>', '<|endoftext|>', '<|endoftext|>', '<|endoftext|>', '<|endoftext|>', '<|endoftext|>'] [HIT]
  L27: ' Spanish.<|im_end|><|endoftext|><|endoftext|><|endoftext|><|endoftext|><|endoftext|>' = [' Spanish', '.', '<|im_end|>', '<|endoftext|>', '<|endoftext|>', '<|endoftext|>', '<|endoftext|>', '<|endoftext|>'] [HIT]
  L28: ' Spanish.<|im_end|><|endoftext|>' = [' Spanish', '.', '<|im_end|>', '<|endoftext|>'] [HIT]

row 84: base=SE -> source=UA  template=language_prefill_v5
  question: 'What language is officially spoken in the country shown in this flag?'
  prefill : 'The official language is'
  gold base   (expected unhooked) : ' Swedish' = [' Swedish']
  gold source (expected if swap works): ' Ukrainian' = [' Ukrainian']
  unhooked: ' Swedish.<|im_end|><|endoftext|><|endoftext|><|endoftext|><|endoftext|><|endoftext|>' = [' Swedish', '.', '<|im_end|>', '<|endoftext|>', '<|endoftext|>', '<|endoftext|>', '<|endoftext|>', '<|endoftext|>']
  L19: ' Swedish.<|im_end|><|endoftext|>' = [' Swedish', '.', '<|im_end|>', '<|endoftext|>'] [base]
  L20: ' Swedish.<|im_end|><|endoftext|><|endoftext|><|endoftext|><|endoftext|><|endoftext|>' = [' Swedish', '.', '<|im_end|>', '<|endoftext|>', '<|endoftext|>', '<|endoftext|>', '<|endoftext|>', '<|endoftext|>'] [base]
  L21: ' Swedish.<|im_end|><|endoftext|><|endoftext|><|endoftext|><|endoftext|><|endoftext|>' = [' Swedish', '.', '<|im_end|>', '<|endoftext|>', '<|endoftext|>', '<|endoftext|>', '<|endoftext|>', '<|endoftext|>'] [base]
  L22: ' Swedish.<|im_end|><|endoftext|><|endoftext|><|endoftext|><|endoftext|><|endoftext|>' = [' Swedish', '.', '<|im_end|>', '<|endoftext|>', '<|endoftext|>', '<|endoftext|>', '<|endoftext|>', '<|endoftext|>'] [base]
  L23: ' Swedish.<|im_end|><|endoftext|><|endoftext|><|endoftext|><|endoftext|><|endoftext|>' = [' Swedish', '.', '<|im_end|>', '<|endoftext|>', '<|endoftext|>', '<|endoftext|>', '<|endoftext|>', '<|endoftext|>'] [base]
  L24: ' Ukrainian.<|im_end|><|endoftext|>' = [' Ukrainian', '.', '<|im_end|>', '<|endoftext|>'] [HIT]
  L25: ' Ukrainian.<|im_end|><|endoftext|><|endoftext|><|endoftext|><|endoftext|><|endoftext|>' = [' Ukrainian', '.', '<|im_end|>', '<|endoftext|>', '<|endoftext|>', '<|endoftext|>', '<|endoftext|>', '<|endoftext|>'] [HIT]
  L26: ' Ukrainian.<|im_end|><|endoftext|><|endoftext|><|endoftext|><|endoftext|><|endoftext|>' = [' Ukrainian', '.', '<|im_end|>', '<|endoftext|>', '<|endoftext|>', '<|endoftext|>', '<|endoftext|>', '<|endoftext|>'] [HIT]
  L27: ' Ukrainian.<|im_end|><|endoftext|><|endoftext|><|endoftext|><|endoftext|><|endoftext|>' = [' Ukrainian', '.', '<|im_end|>', '<|endoftext|>', '<|endoftext|>', '<|endoftext|>', '<|endoftext|>', '<|endoftext|>'] [HIT]
  L28: ' Ukrainian.<|im_end|><|endoftext|>' = [' Ukrainian', '.', '<|im_end|>', '<|endoftext|>'] [HIT]

row 85: base=GT -> source=SE  template=language_prefill_v1
  question: 'Name an official language of the country in this image.'
  prefill : 'One official language is'
  gold base   (expected unhooked) : ' Spanish' = [' Spanish']
  gold source (expected if swap works): ' Swedish' = [' Swedish']
  unhooked: ' Spanish.<|im_end|><|endoftext|><|endoftext|><|endoftext|><|endoftext|><|endoftext|>' = [' Spanish', '.', '<|im_end|>', '<|endoftext|>', '<|endoftext|>', '<|endoftext|>', '<|endoftext|>', '<|endoftext|>']
  L19: ' Spanish.<|im_end|><|endoftext|>' = [' Spanish', '.', '<|im_end|>', '<|endoftext|>'] [base]
  L20: ' Spanish.<|im_end|><|endoftext|><|endoftext|><|endoftext|><|endoftext|><|endoftext|>' = [' Spanish', '.', '<|im_end|>', '<|endoftext|>', '<|endoftext|>', '<|endoftext|>', '<|endoftext|>', '<|endoftext|>'] [base]
  L21: ' Spanish.<|im_end|><|endoftext|><|endoftext|><|endoftext|><|endoftext|><|endoftext|>' = [' Spanish', '.', '<|im_end|>', '<|endoftext|>', '<|endoftext|>', '<|endoftext|>', '<|endoftext|>', '<|endoftext|>'] [base]
  L22: ' Spanish.<|im_end|><|endoftext|><|endoftext|><|endoftext|><|endoftext|><|endoftext|>' = [' Spanish', '.', '<|im_end|>', '<|endoftext|>', '<|endoftext|>', '<|endoftext|>', '<|endoftext|>', '<|endoftext|>'] [base]
  L23: ' Swedish.<|im_end|><|endoftext|><|endoftext|><|endoftext|><|endoftext|><|endoftext|>' = [' Swedish', '.', '<|im_end|>', '<|endoftext|>', '<|endoftext|>', '<|endoftext|>', '<|endoftext|>', '<|endoftext|>'] [HIT]
  L24: ' Swedish.<|im_end|><|endoftext|>' = [' Swedish', '.', '<|im_end|>', '<|endoftext|>'] [HIT]
  L25: ' Swedish.<|im_end|><|endoftext|><|endoftext|><|endoftext|><|endoftext|><|endoftext|>' = [' Swedish', '.', '<|im_end|>', '<|endoftext|>', '<|endoftext|>', '<|endoftext|>', '<|endoftext|>', '<|endoftext|>'] [HIT]
  L26: ' Swedish.<|im_end|><|endoftext|><|endoftext|><|endoftext|><|endoftext|><|endoftext|>' = [' Swedish', '.', '<|im_end|>', '<|endoftext|>', '<|endoftext|>', '<|endoftext|>', '<|endoftext|>', '<|endoftext|>'] [HIT]
  L27: ' Swedish.<|im_end|><|endoftext|><|endoftext|><|endoftext|><|endoftext|><|endoftext|>' = [' Swedish', '.', '<|im_end|>', '<|endoftext|>', '<|endoftext|>', '<|endoftext|>', '<|endoftext|>', '<|endoftext|>'] [HIT]
  L28: ' Swedish.<|im_end|><|endoftext|>' = [' Swedish', '.', '<|im_end|>', '<|endoftext|>'] [HIT]

row 86: base=MX -> source=CV  template=language_prefill_v5
  question: 'What language is officially spoken in the country shown in this flag?'
  prefill : 'The official language is'
  gold base   (expected unhooked) : ' Spanish' = [' Spanish']
  gold source (expected if swap works): ' Portuguese' = [' Portuguese']
  unhooked: ' Spanish.<|im_end|><|endoftext|><|endoftext|><|endoftext|><|endoftext|><|endoftext|>' = [' Spanish', '.', '<|im_end|>', '<|endoftext|>', '<|endoftext|>', '<|endoftext|>', '<|endoftext|>', '<|endoftext|>']
  L19: ' Spanish.<|im_end|><|endoftext|>' = [' Spanish', '.', '<|im_end|>', '<|endoftext|>'] [base]
  L20: ' Spanish.<|im_end|><|endoftext|><|endoftext|><|endoftext|><|endoftext|><|endoftext|>' = [' Spanish', '.', '<|im_end|>', '<|endoftext|>', '<|endoftext|>', '<|endoftext|>', '<|endoftext|>', '<|endoftext|>'] [base]
  L21: ' Spanish.<|im_end|><|endoftext|><|endoftext|><|endoftext|><|endoftext|><|endoftext|>' = [' Spanish', '.', '<|im_end|>', '<|endoftext|>', '<|endoftext|>', '<|endoftext|>', '<|endoftext|>', '<|endoftext|>'] [base]
  L22: ' Spanish.<|im_end|><|endoftext|><|endoftext|><|endoftext|><|endoftext|><|endoftext|>' = [' Spanish', '.', '<|im_end|>', '<|endoftext|>', '<|endoftext|>', '<|endoftext|>', '<|endoftext|>', '<|endoftext|>'] [base]
  L23: ' Portuguese.<|im_end|><|endoftext|><|endoftext|><|endoftext|><|endoftext|><|endoftext|>' = [' Portuguese', '.', '<|im_end|>', '<|endoftext|>', '<|endoftext|>', '<|endoftext|>', '<|endoftext|>', '<|endoftext|>'] [HIT]
  L24: ' Portuguese.<|im_end|><|endoftext|>' = [' Portuguese', '.', '<|im_end|>', '<|endoftext|>'] [HIT]
  L25: ' Portuguese.<|im_end|><|endoftext|><|endoftext|><|endoftext|><|endoftext|><|endoftext|>' = [' Portuguese', '.', '<|im_end|>', '<|endoftext|>', '<|endoftext|>', '<|endoftext|>', '<|endoftext|>', '<|endoftext|>'] [HIT]
  L26: ' Portuguese.<|im_end|><|endoftext|><|endoftext|><|endoftext|><|endoftext|><|endoftext|>' = [' Portuguese', '.', '<|im_end|>', '<|endoftext|>', '<|endoftext|>', '<|endoftext|>', '<|endoftext|>', '<|endoftext|>'] [HIT]
  L27: ' Portuguese.<|im_end|><|endoftext|><|endoftext|><|endoftext|><|endoftext|><|endoftext|>' = [' Portuguese', '.', '<|im_end|>', '<|endoftext|>', '<|endoftext|>', '<|endoftext|>', '<|endoftext|>', '<|endoftext|>'] [HIT]
  L28: ' Portuguese.<|im_end|><|endoftext|>' = [' Portuguese', '.', '<|im_end|>', '<|endoftext|>'] [HIT]

row 87: base=BY -> source=VN  template=language_prefill_v2
  question: 'What is the official language of the country shown in this flag?'
  prefill : 'The official language is'
  gold base   (expected unhooked) : ' Belarusian' = [' Belarus', 'ian']
  gold source (expected if swap works): ' Vietnamese' = [' Vietnamese']
  unhooked: ' Belarusian.<|im_end|><|endoftext|><|endoftext|><|endoftext|><|endoftext|>' = [' Belarus', 'ian', '.', '<|im_end|>', '<|endoftext|>', '<|endoftext|>', '<|endoftext|>', '<|endoftext|>']
  L19: ' Belarusian.<|im_end|>' = [' Belarus', 'ian', '.', '<|im_end|>'] [base]
  L20: ' Belarusian.<|im_end|><|endoftext|><|endoftext|><|endoftext|><|endoftext|>' = [' Belarus', 'ian', '.', '<|im_end|>', '<|endoftext|>', '<|endoftext|>', '<|endoftext|>', '<|endoftext|>'] [base]
  L21: ' Belarusian.<|im_end|><|endoftext|><|endoftext|><|endoftext|><|endoftext|>' = [' Belarus', 'ian', '.', '<|im_end|>', '<|endoftext|>', '<|endoftext|>', '<|endoftext|>', '<|endoftext|>'] [base]
  L22: ' Belarusian.<|im_end|><|endoftext|><|endoftext|><|endoftext|><|endoftext|>' = [' Belarus', 'ian', '.', '<|im_end|>', '<|endoftext|>', '<|endoftext|>', '<|endoftext|>', '<|endoftext|>'] [base]
  L23: ' Vietnamese.<|im_end|><|endoftext|><|endoftext|><|endoftext|><|endoftext|><|endoftext|>' = [' Vietnamese', '.', '<|im_end|>', '<|endoftext|>', '<|endoftext|>', '<|endoftext|>', '<|endoftext|>', '<|endoftext|>'] [HIT]
  L24: ' Vietnamese.<|im_end|><|endoftext|>' = [' Vietnamese', '.', '<|im_end|>', '<|endoftext|>'] [HIT]
  L25: ' Vietnamese.<|im_end|><|endoftext|><|endoftext|><|endoftext|><|endoftext|><|endoftext|>' = [' Vietnamese', '.', '<|im_end|>', '<|endoftext|>', '<|endoftext|>', '<|endoftext|>', '<|endoftext|>', '<|endoftext|>'] [HIT]
  L26: ' Vietnamese.<|im_end|><|endoftext|><|endoftext|><|endoftext|><|endoftext|><|endoftext|>' = [' Vietnamese', '.', '<|im_end|>', '<|endoftext|>', '<|endoftext|>', '<|endoftext|>', '<|endoftext|>', '<|endoftext|>'] [HIT]
  L27: ' Vietnamese.<|im_end|><|endoftext|><|endoftext|><|endoftext|><|endoftext|><|endoftext|>' = [' Vietnamese', '.', '<|im_end|>', '<|endoftext|>', '<|endoftext|>', '<|endoftext|>', '<|endoftext|>', '<|endoftext|>'] [HIT]
  L28: ' Vietnamese.<|im_end|><|endoftext|>' = [' Vietnamese', '.', '<|im_end|>', '<|endoftext|>'] [HIT]

row 88: base=TH -> source=CM  template=language_prefill_v1
  question: 'Name an official language of the country in this image.'
  prefill : 'One official language is'
  gold base   (expected unhooked) : ' Thai' = [' Thai']
  gold source (expected if swap works): ' French' = [' French']
  unhooked: ' Thai.<|im_end|><|endoftext|><|endoftext|><|endoftext|><|endoftext|><|endoftext|>' = [' Thai', '.', '<|im_end|>', '<|endoftext|>', '<|endoftext|>', '<|endoftext|>', '<|endoftext|>', '<|endoftext|>']
  L19: ' Thai.<|im_end|><|endoftext|>' = [' Thai', '.', '<|im_end|>', '<|endoftext|>'] [base]
  L20: ' Thai.<|im_end|><|endoftext|><|endoftext|><|endoftext|><|endoftext|><|endoftext|>' = [' Thai', '.', '<|im_end|>', '<|endoftext|>', '<|endoftext|>', '<|endoftext|>', '<|endoftext|>', '<|endoftext|>'] [base]
  L21: ' Thai.<|im_end|><|endoftext|><|endoftext|><|endoftext|><|endoftext|><|endoftext|>' = [' Thai', '.', '<|im_end|>', '<|endoftext|>', '<|endoftext|>', '<|endoftext|>', '<|endoftext|>', '<|endoftext|>'] [base]
  L22: ' Thai.<|im_end|><|endoftext|><|endoftext|><|endoftext|><|endoftext|><|endoftext|>' = [' Thai', '.', '<|im_end|>', '<|endoftext|>', '<|endoftext|>', '<|endoftext|>', '<|endoftext|>', '<|endoftext|>'] [base]
  L23: ' French.<|im_end|><|endoftext|><|endoftext|><|endoftext|><|endoftext|><|endoftext|>' = [' French', '.', '<|im_end|>', '<|endoftext|>', '<|endoftext|>', '<|endoftext|>', '<|endoftext|>', '<|endoftext|>'] [HIT]
  L24: ' French.<|im_end|><|endoftext|>' = [' French', '.', '<|im_end|>', '<|endoftext|>'] [HIT]
  L25: ' French.<|im_end|><|endoftext|><|endoftext|><|endoftext|><|endoftext|><|endoftext|>' = [' French', '.', '<|im_end|>', '<|endoftext|>', '<|endoftext|>', '<|endoftext|>', '<|endoftext|>', '<|endoftext|>'] [HIT]
  L26: ' French.<|im_end|><|endoftext|><|endoftext|><|endoftext|><|endoftext|><|endoftext|>' = [' French', '.', '<|im_end|>', '<|endoftext|>', '<|endoftext|>', '<|endoftext|>', '<|endoftext|>', '<|endoftext|>'] [HIT]
  L27: ' French.<|im_end|><|endoftext|><|endoftext|><|endoftext|><|endoftext|><|endoftext|>' = [' French', '.', '<|im_end|>', '<|endoftext|>', '<|endoftext|>', '<|endoftext|>', '<|endoftext|>', '<|endoftext|>'] [HIT]
  L28: ' French.<|im_end|><|endoftext|>' = [' French', '.', '<|im_end|>', '<|endoftext|>'] [HIT]

row 89: base=MA -> source=BY  template=language_prefill_v5
  question: 'What language is officially spoken in the country shown in this flag?'
  prefill : 'The official language is'
  gold base   (expected unhooked) : ' Arabic' = [' Arabic']
  gold source (expected if swap works): ' Belarusian' = [' Belarus', 'ian']
  unhooked: ' Arabic.<|im_end|><|endoftext|><|endoftext|><|endoftext|><|endoftext|><|endoftext|>' = [' Arabic', '.', '<|im_end|>', '<|endoftext|>', '<|endoftext|>', '<|endoftext|>', '<|endoftext|>', '<|endoftext|>']
  L19: ' Arabic.<|im_end|><|endoftext|>' = [' Arabic', '.', '<|im_end|>', '<|endoftext|>'] [base]
  L20: ' Arabic.<|im_end|><|endoftext|><|endoftext|><|endoftext|><|endoftext|><|endoftext|>' = [' Arabic', '.', '<|im_end|>', '<|endoftext|>', '<|endoftext|>', '<|endoftext|>', '<|endoftext|>', '<|endoftext|>'] [base]
  L21: ' Arabic.<|im_end|><|endoftext|><|endoftext|><|endoftext|><|endoftext|><|endoftext|>' = [' Arabic', '.', '<|im_end|>', '<|endoftext|>', '<|endoftext|>', '<|endoftext|>', '<|endoftext|>', '<|endoftext|>'] [base]
  L22: ' Arabic.<|im_end|><|endoftext|><|endoftext|><|endoftext|><|endoftext|><|endoftext|>' = [' Arabic', '.', '<|im_end|>', '<|endoftext|>', '<|endoftext|>', '<|endoftext|>', '<|endoftext|>', '<|endoftext|>'] [base]
  L23: ' Russian.<|im_end|><|endoftext|><|endoftext|><|endoftext|><|endoftext|><|endoftext|>' = [' Russian', '.', '<|im_end|>', '<|endoftext|>', '<|endoftext|>', '<|endoftext|>', '<|endoftext|>', '<|endoftext|>'] [other]
  L24: ' Belarusian.<|im_end|>' = [' Belarus', 'ian', '.', '<|im_end|>'] [HIT]
  L25: ' Belarusian, which is also known as' = [' Belarus', 'ian', ',', ' which', ' is', ' also', ' known', ' as'] [HIT]
  L26: ' Belarusian, which is also known as' = [' Belarus', 'ian', ',', ' which', ' is', ' also', ' known', ' as'] [HIT]
  L27: ' Belarusian, which is also known as' = [' Belarus', 'ian', ',', ' which', ' is', ' also', ' known', ' as'] [HIT]
  L28: ' Belarusian.<|im_end|>' = [' Belarus', 'ian', '.', '<|im_end|>'] [HIT]

row 90: base=HN -> source=TH  template=language_prefill_v1
  question: 'Name an official language of the country in this image.'
  prefill : 'One official language is'
  gold base   (expected unhooked) : ' Spanish' = [' Spanish']
  gold source (expected if swap works): ' Thai' = [' Thai']
  unhooked: ' Spanish.<|im_end|><|endoftext|><|endoftext|><|endoftext|><|endoftext|><|endoftext|>' = [' Spanish', '.', '<|im_end|>', '<|endoftext|>', '<|endoftext|>', '<|endoftext|>', '<|endoftext|>', '<|endoftext|>']
  L19: ' Spanish.<|im_end|><|endoftext|>' = [' Spanish', '.', '<|im_end|>', '<|endoftext|>'] [base]
  L20: ' Spanish.<|im_end|><|endoftext|><|endoftext|><|endoftext|><|endoftext|><|endoftext|>' = [' Spanish', '.', '<|im_end|>', '<|endoftext|>', '<|endoftext|>', '<|endoftext|>', '<|endoftext|>', '<|endoftext|>'] [base]
  L21: ' Spanish.<|im_end|><|endoftext|><|endoftext|><|endoftext|><|endoftext|><|endoftext|>' = [' Spanish', '.', '<|im_end|>', '<|endoftext|>', '<|endoftext|>', '<|endoftext|>', '<|endoftext|>', '<|endoftext|>'] [base]
  L22: ' Spanish.<|im_end|><|endoftext|><|endoftext|><|endoftext|><|endoftext|><|endoftext|>' = [' Spanish', '.', '<|im_end|>', '<|endoftext|>', '<|endoftext|>', '<|endoftext|>', '<|endoftext|>', '<|endoftext|>'] [base]
  L23: ' Spanish.<|im_end|><|endoftext|><|endoftext|><|endoftext|><|endoftext|><|endoftext|>' = [' Spanish', '.', '<|im_end|>', '<|endoftext|>', '<|endoftext|>', '<|endoftext|>', '<|endoftext|>', '<|endoftext|>'] [base]
  L24: ' Thai.<|im_end|><|endoftext|>' = [' Thai', '.', '<|im_end|>', '<|endoftext|>'] [HIT]
  L25: ' Thai.<|im_end|><|endoftext|><|endoftext|><|endoftext|><|endoftext|><|endoftext|>' = [' Thai', '.', '<|im_end|>', '<|endoftext|>', '<|endoftext|>', '<|endoftext|>', '<|endoftext|>', '<|endoftext|>'] [HIT]
  L26: ' Thai.<|im_end|><|endoftext|><|endoftext|><|endoftext|><|endoftext|><|endoftext|>' = [' Thai', '.', '<|im_end|>', '<|endoftext|>', '<|endoftext|>', '<|endoftext|>', '<|endoftext|>', '<|endoftext|>'] [HIT]
  L27: ' Thai.<|im_end|><|endoftext|><|endoftext|><|endoftext|><|endoftext|><|endoftext|>' = [' Thai', '.', '<|im_end|>', '<|endoftext|>', '<|endoftext|>', '<|endoftext|>', '<|endoftext|>', '<|endoftext|>'] [HIT]
  L28: ' Thai.<|im_end|><|endoftext|>' = [' Thai', '.', '<|im_end|>', '<|endoftext|>'] [HIT]

row 91: base=SE -> source=IS  template=language_prefill_v2
  question: 'What is the official language of the country shown in this flag?'
  prefill : 'The official language is'
  gold base   (expected unhooked) : ' Swedish' = [' Swedish']
  gold source (expected if swap works): ' Icelandic' = [' Icelandic']
  unhooked: ' Swedish.<|im_end|><|endoftext|><|endoftext|><|endoftext|><|endoftext|><|endoftext|>' = [' Swedish', '.', '<|im_end|>', '<|endoftext|>', '<|endoftext|>', '<|endoftext|>', '<|endoftext|>', '<|endoftext|>']
  L19: ' Swedish.<|im_end|><|endoftext|>' = [' Swedish', '.', '<|im_end|>', '<|endoftext|>'] [base]
  L20: ' Swedish.<|im_end|><|endoftext|><|endoftext|><|endoftext|><|endoftext|><|endoftext|>' = [' Swedish', '.', '<|im_end|>', '<|endoftext|>', '<|endoftext|>', '<|endoftext|>', '<|endoftext|>', '<|endoftext|>'] [base]
  L21: ' Swedish.<|im_end|><|endoftext|><|endoftext|><|endoftext|><|endoftext|><|endoftext|>' = [' Swedish', '.', '<|im_end|>', '<|endoftext|>', '<|endoftext|>', '<|endoftext|>', '<|endoftext|>', '<|endoftext|>'] [base]
  L22: ' Swedish.<|im_end|><|endoftext|><|endoftext|><|endoftext|><|endoftext|><|endoftext|>' = [' Swedish', '.', '<|im_end|>', '<|endoftext|>', '<|endoftext|>', '<|endoftext|>', '<|endoftext|>', '<|endoftext|>'] [base]
  L23: ' Swedish.<|im_end|><|endoftext|><|endoftext|><|endoftext|><|endoftext|><|endoftext|>' = [' Swedish', '.', '<|im_end|>', '<|endoftext|>', '<|endoftext|>', '<|endoftext|>', '<|endoftext|>', '<|endoftext|>'] [base]
  L24: ' Icelandic.<|im_end|><|endoftext|>' = [' Icelandic', '.', '<|im_end|>', '<|endoftext|>'] [HIT]
  L25: ' Icelandic.<|im_end|><|endoftext|><|endoftext|><|endoftext|><|endoftext|><|endoftext|>' = [' Icelandic', '.', '<|im_end|>', '<|endoftext|>', '<|endoftext|>', '<|endoftext|>', '<|endoftext|>', '<|endoftext|>'] [HIT]
  L26: ' Icelandic.<|im_end|><|endoftext|><|endoftext|><|endoftext|><|endoftext|><|endoftext|>' = [' Icelandic', '.', '<|im_end|>', '<|endoftext|>', '<|endoftext|>', '<|endoftext|>', '<|endoftext|>', '<|endoftext|>'] [HIT]
  L27: ' Icelandic.<|im_end|><|endoftext|><|endoftext|><|endoftext|><|endoftext|><|endoftext|>' = [' Icelandic', '.', '<|im_end|>', '<|endoftext|>', '<|endoftext|>', '<|endoftext|>', '<|endoftext|>', '<|endoftext|>'] [HIT]
  L28: ' Icelandic.<|im_end|><|endoftext|>' = [' Icelandic', '.', '<|im_end|>', '<|endoftext|>'] [HIT]

row 92: base=GR -> source=CV  template=language_prefill_v2
  question: 'What is the official language of the country shown in this flag?'
  prefill : 'The official language is'
  gold base   (expected unhooked) : ' Greek' = [' Greek']
  gold source (expected if swap works): ' Portuguese' = [' Portuguese']
  unhooked: ' Greek.<|im_end|><|endoftext|><|endoftext|><|endoftext|><|endoftext|><|endoftext|>' = [' Greek', '.', '<|im_end|>', '<|endoftext|>', '<|endoftext|>', '<|endoftext|>', '<|endoftext|>', '<|endoftext|>']
  L19: ' Greek.<|im_end|><|endoftext|>' = [' Greek', '.', '<|im_end|>', '<|endoftext|>'] [base]
  L20: ' Greek.<|im_end|><|endoftext|><|endoftext|><|endoftext|><|endoftext|><|endoftext|>' = [' Greek', '.', '<|im_end|>', '<|endoftext|>', '<|endoftext|>', '<|endoftext|>', '<|endoftext|>', '<|endoftext|>'] [base]
  L21: ' Greek.<|im_end|><|endoftext|><|endoftext|><|endoftext|><|endoftext|><|endoftext|>' = [' Greek', '.', '<|im_end|>', '<|endoftext|>', '<|endoftext|>', '<|endoftext|>', '<|endoftext|>', '<|endoftext|>'] [base]
  L22: ' Greek.<|im_end|><|endoftext|><|endoftext|><|endoftext|><|endoftext|><|endoftext|>' = [' Greek', '.', '<|im_end|>', '<|endoftext|>', '<|endoftext|>', '<|endoftext|>', '<|endoftext|>', '<|endoftext|>'] [base]
  L23: ' Portuguese.<|im_end|><|endoftext|><|endoftext|><|endoftext|><|endoftext|><|endoftext|>' = [' Portuguese', '.', '<|im_end|>', '<|endoftext|>', '<|endoftext|>', '<|endoftext|>', '<|endoftext|>', '<|endoftext|>'] [HIT]
  L24: ' Portuguese.<|im_end|><|endoftext|>' = [' Portuguese', '.', '<|im_end|>', '<|endoftext|>'] [HIT]
  L25: ' Portuguese.<|im_end|><|endoftext|><|endoftext|><|endoftext|><|endoftext|><|endoftext|>' = [' Portuguese', '.', '<|im_end|>', '<|endoftext|>', '<|endoftext|>', '<|endoftext|>', '<|endoftext|>', '<|endoftext|>'] [HIT]
  L26: ' Portuguese.<|im_end|><|endoftext|><|endoftext|><|endoftext|><|endoftext|><|endoftext|>' = [' Portuguese', '.', '<|im_end|>', '<|endoftext|>', '<|endoftext|>', '<|endoftext|>', '<|endoftext|>', '<|endoftext|>'] [HIT]
  L27: ' Portuguese.<|im_end|><|endoftext|><|endoftext|><|endoftext|><|endoftext|><|endoftext|>' = [' Portuguese', '.', '<|im_end|>', '<|endoftext|>', '<|endoftext|>', '<|endoftext|>', '<|endoftext|>', '<|endoftext|>'] [HIT]
  L28: ' Portuguese.<|im_end|><|endoftext|>' = [' Portuguese', '.', '<|im_end|>', '<|endoftext|>'] [HIT]

row 93: base=GT -> source=TH  template=language_prefill_v6
  question: 'Name a language used in the country depicted in this image.'
  prefill : 'A language spoken there is'
  gold base   (expected unhooked) : ' Spanish' = [' Spanish']
  gold source (expected if swap works): ' Thai' = [' Thai']
  unhooked: ' Spanish, which is the official language of' = [' Spanish', ',', ' which', ' is', ' the', ' official', ' language', ' of']
  L19: ' Spanish.<|im_end|><|endoftext|>' = [' Spanish', '.', '<|im_end|>', '<|endoftext|>'] [base]
  L20: ' Spanish, which is the official language of' = [' Spanish', ',', ' which', ' is', ' the', ' official', ' language', ' of'] [base]
  L21: ' Spanish, which is the official language of' = [' Spanish', ',', ' which', ' is', ' the', ' official', ' language', ' of'] [base]
  L22: ' Spanish, which is the official language of' = [' Spanish', ',', ' which', ' is', ' the', ' official', ' language', ' of'] [base]
  L23: ' Spanish, which is the official language of' = [' Spanish', ',', ' which', ' is', ' the', ' official', ' language', ' of'] [base]
  L24: ' Thai.<|im_end|><|endoftext|>' = [' Thai', '.', '<|im_end|>', '<|endoftext|>'] [HIT]
  L25: ' Thai.<|im_end|><|endoftext|><|endoftext|><|endoftext|><|endoftext|><|endoftext|>' = [' Thai', '.', '<|im_end|>', '<|endoftext|>', '<|endoftext|>', '<|endoftext|>', '<|endoftext|>', '<|endoftext|>'] [HIT]
  L26: ' Thai.<|im_end|><|endoftext|><|endoftext|><|endoftext|><|endoftext|><|endoftext|>' = [' Thai', '.', '<|im_end|>', '<|endoftext|>', '<|endoftext|>', '<|endoftext|>', '<|endoftext|>', '<|endoftext|>'] [HIT]
  L27: ' Thai.<|im_end|><|endoftext|><|endoftext|><|endoftext|><|endoftext|><|endoftext|>' = [' Thai', '.', '<|im_end|>', '<|endoftext|>', '<|endoftext|>', '<|endoftext|>', '<|endoftext|>', '<|endoftext|>'] [HIT]
  L28: ' Thai.<|im_end|><|endoftext|>' = [' Thai', '.', '<|im_end|>', '<|endoftext|>'] [HIT]

row 94: base=FI -> source=CV  template=language_prefill_v4
  question: 'Identify one of the official languages of the country in this image.'
  prefill : 'One official language is'
  gold base   (expected unhooked) : ' Finnish' = [' Finnish']
  gold source (expected if swap works): ' Portuguese' = [' Portuguese']
  unhooked: ' Finnish.<|im_end|><|endoftext|><|endoftext|><|endoftext|><|endoftext|><|endoftext|>' = [' Finnish', '.', '<|im_end|>', '<|endoftext|>', '<|endoftext|>', '<|endoftext|>', '<|endoftext|>', '<|endoftext|>']
  L19: ' Finnish.<|im_end|><|endoftext|>' = [' Finnish', '.', '<|im_end|>', '<|endoftext|>'] [base]
  L20: ' Finnish.<|im_end|><|endoftext|><|endoftext|><|endoftext|><|endoftext|><|endoftext|>' = [' Finnish', '.', '<|im_end|>', '<|endoftext|>', '<|endoftext|>', '<|endoftext|>', '<|endoftext|>', '<|endoftext|>'] [base]
  L21: ' Finnish.<|im_end|><|endoftext|><|endoftext|><|endoftext|><|endoftext|><|endoftext|>' = [' Finnish', '.', '<|im_end|>', '<|endoftext|>', '<|endoftext|>', '<|endoftext|>', '<|endoftext|>', '<|endoftext|>'] [base]
  L22: ' Finnish.<|im_end|><|endoftext|><|endoftext|><|endoftext|><|endoftext|><|endoftext|>' = [' Finnish', '.', '<|im_end|>', '<|endoftext|>', '<|endoftext|>', '<|endoftext|>', '<|endoftext|>', '<|endoftext|>'] [base]
  L23: ' Finnish.<|im_end|><|endoftext|><|endoftext|><|endoftext|><|endoftext|><|endoftext|>' = [' Finnish', '.', '<|im_end|>', '<|endoftext|>', '<|endoftext|>', '<|endoftext|>', '<|endoftext|>', '<|endoftext|>'] [base]
  L24: ' Portuguese.<|im_end|><|endoftext|>' = [' Portuguese', '.', '<|im_end|>', '<|endoftext|>'] [HIT]
  L25: ' Portuguese.<|im_end|><|endoftext|><|endoftext|><|endoftext|><|endoftext|><|endoftext|>' = [' Portuguese', '.', '<|im_end|>', '<|endoftext|>', '<|endoftext|>', '<|endoftext|>', '<|endoftext|>', '<|endoftext|>'] [HIT]
  L26: ' Portuguese.<|im_end|><|endoftext|><|endoftext|><|endoftext|><|endoftext|><|endoftext|>' = [' Portuguese', '.', '<|im_end|>', '<|endoftext|>', '<|endoftext|>', '<|endoftext|>', '<|endoftext|>', '<|endoftext|>'] [HIT]
  L27: ' Portuguese.<|im_end|><|endoftext|><|endoftext|><|endoftext|><|endoftext|><|endoftext|>' = [' Portuguese', '.', '<|im_end|>', '<|endoftext|>', '<|endoftext|>', '<|endoftext|>', '<|endoftext|>', '<|endoftext|>'] [HIT]
  L28: ' Portuguese.<|im_end|><|endoftext|>' = [' Portuguese', '.', '<|im_end|>', '<|endoftext|>'] [HIT]

row 95: base=FI -> source=HN  template=language_prefill_v4
  question: 'Identify one of the official languages of the country in this image.'
  prefill : 'One official language is'
  gold base   (expected unhooked) : ' Finnish' = [' Finnish']
  gold source (expected if swap works): ' Spanish' = [' Spanish']
  unhooked: ' Finnish.<|im_end|><|endoftext|><|endoftext|><|endoftext|><|endoftext|><|endoftext|>' = [' Finnish', '.', '<|im_end|>', '<|endoftext|>', '<|endoftext|>', '<|endoftext|>', '<|endoftext|>', '<|endoftext|>']
  L19: ' Finnish.<|im_end|><|endoftext|>' = [' Finnish', '.', '<|im_end|>', '<|endoftext|>'] [base]
  L20: ' Finnish.<|im_end|><|endoftext|><|endoftext|><|endoftext|><|endoftext|><|endoftext|>' = [' Finnish', '.', '<|im_end|>', '<|endoftext|>', '<|endoftext|>', '<|endoftext|>', '<|endoftext|>', '<|endoftext|>'] [base]
  L21: ' Finnish.<|im_end|><|endoftext|><|endoftext|><|endoftext|><|endoftext|><|endoftext|>' = [' Finnish', '.', '<|im_end|>', '<|endoftext|>', '<|endoftext|>', '<|endoftext|>', '<|endoftext|>', '<|endoftext|>'] [base]
  L22: ' Finnish.<|im_end|><|endoftext|><|endoftext|><|endoftext|><|endoftext|><|endoftext|>' = [' Finnish', '.', '<|im_end|>', '<|endoftext|>', '<|endoftext|>', '<|endoftext|>', '<|endoftext|>', '<|endoftext|>'] [base]
  L23: ' Spanish.<|im_end|><|endoftext|><|endoftext|><|endoftext|><|endoftext|><|endoftext|>' = [' Spanish', '.', '<|im_end|>', '<|endoftext|>', '<|endoftext|>', '<|endoftext|>', '<|endoftext|>', '<|endoftext|>'] [HIT]
  L24: ' Spanish.<|im_end|><|endoftext|>' = [' Spanish', '.', '<|im_end|>', '<|endoftext|>'] [HIT]
  L25: ' Spanish.<|im_end|><|endoftext|><|endoftext|><|endoftext|><|endoftext|><|endoftext|>' = [' Spanish', '.', '<|im_end|>', '<|endoftext|>', '<|endoftext|>', '<|endoftext|>', '<|endoftext|>', '<|endoftext|>'] [HIT]
  L26: ' Spanish.<|im_end|><|endoftext|><|endoftext|><|endoftext|><|endoftext|><|endoftext|>' = [' Spanish', '.', '<|im_end|>', '<|endoftext|>', '<|endoftext|>', '<|endoftext|>', '<|endoftext|>', '<|endoftext|>'] [HIT]
  L27: ' Spanish.<|im_end|><|endoftext|><|endoftext|><|endoftext|><|endoftext|><|endoftext|>' = [' Spanish', '.', '<|im_end|>', '<|endoftext|>', '<|endoftext|>', '<|endoftext|>', '<|endoftext|>', '<|endoftext|>'] [HIT]
  L28: ' Spanish.<|im_end|><|endoftext|>' = [' Spanish', '.', '<|im_end|>', '<|endoftext|>'] [HIT]

row 96: base=FI -> source=GR  template=language_prefill_v5
  question: 'What language is officially spoken in the country shown in this flag?'
  prefill : 'The official language is'
  gold base   (expected unhooked) : ' Finnish' = [' Finnish']
  gold source (expected if swap works): ' Greek' = [' Greek']
  unhooked: ' Finnish.<|im_end|><|endoftext|><|endoftext|><|endoftext|><|endoftext|><|endoftext|>' = [' Finnish', '.', '<|im_end|>', '<|endoftext|>', '<|endoftext|>', '<|endoftext|>', '<|endoftext|>', '<|endoftext|>']
  L19: ' Finnish.<|im_end|><|endoftext|><|endoftext|><|endoftext|><|endoftext|><|endoftext|>' = [' Finnish', '.', '<|im_end|>', '<|endoftext|>', '<|endoftext|>', '<|endoftext|>', '<|endoftext|>', '<|endoftext|>'] [base]
  L20: ' Finnish.<|im_end|><|endoftext|><|endoftext|><|endoftext|><|endoftext|><|endoftext|>' = [' Finnish', '.', '<|im_end|>', '<|endoftext|>', '<|endoftext|>', '<|endoftext|>', '<|endoftext|>', '<|endoftext|>'] [base]
  L21: ' Finnish.<|im_end|><|endoftext|><|endoftext|><|endoftext|><|endoftext|><|endoftext|>' = [' Finnish', '.', '<|im_end|>', '<|endoftext|>', '<|endoftext|>', '<|endoftext|>', '<|endoftext|>', '<|endoftext|>'] [base]
  L22: ' Finnish.<|im_end|><|endoftext|><|endoftext|><|endoftext|><|endoftext|><|endoftext|>' = [' Finnish', '.', '<|im_end|>', '<|endoftext|>', '<|endoftext|>', '<|endoftext|>', '<|endoftext|>', '<|endoftext|>'] [base]
  L23: ' Greek.<|im_end|><|endoftext|>' = [' Greek', '.', '<|im_end|>', '<|endoftext|>'] [HIT]
  L24: ' Greek.<|im_end|>' = [' Greek', '.', '<|im_end|>'] [HIT]
  L25: ' Greek.<|im_end|>' = [' Greek', '.', '<|im_end|>'] [HIT]
  L26: ' Greek.<|im_end|>' = [' Greek', '.', '<|im_end|>'] [HIT]
  L27: ' Greek.<|im_end|>' = [' Greek', '.', '<|im_end|>'] [HIT]
  L28: ' Greek.<|im_end|>' = [' Greek', '.', '<|im_end|>'] [HIT]

row 97: base=AR -> source=CL  template=language_prefill_v4
  question: 'Identify one of the official languages of the country in this image.'
  prefill : 'One official language is'
  gold base   (expected unhooked) : ' Guaraní' = [' Gu', 'aran', 'í']
  gold source (expected if swap works): ' Spanish' = [' Spanish']
  unhooked: ' Spanish.<|im_end|><|endoftext|><|endoftext|><|endoftext|><|endoftext|><|endoftext|>' = [' Spanish', '.', '<|im_end|>', '<|endoftext|>', '<|endoftext|>', '<|endoftext|>', '<|endoftext|>', '<|endoftext|>']
  L19: ' Spanish.<|im_end|><|endoftext|><|endoftext|><|endoftext|><|endoftext|><|endoftext|>' = [' Spanish', '.', '<|im_end|>', '<|endoftext|>', '<|endoftext|>', '<|endoftext|>', '<|endoftext|>', '<|endoftext|>'] [HIT]
  L20: ' Spanish.<|im_end|><|endoftext|><|endoftext|><|endoftext|><|endoftext|><|endoftext|>' = [' Spanish', '.', '<|im_end|>', '<|endoftext|>', '<|endoftext|>', '<|endoftext|>', '<|endoftext|>', '<|endoftext|>'] [HIT]
  L21: ' Spanish.<|im_end|><|endoftext|><|endoftext|><|endoftext|><|endoftext|><|endoftext|>' = [' Spanish', '.', '<|im_end|>', '<|endoftext|>', '<|endoftext|>', '<|endoftext|>', '<|endoftext|>', '<|endoftext|>'] [HIT]
  L22: ' Spanish.<|im_end|><|endoftext|><|endoftext|><|endoftext|><|endoftext|><|endoftext|>' = [' Spanish', '.', '<|im_end|>', '<|endoftext|>', '<|endoftext|>', '<|endoftext|>', '<|endoftext|>', '<|endoftext|>'] [HIT]
  L23: ' Spanish.<|im_end|><|endoftext|>' = [' Spanish', '.', '<|im_end|>', '<|endoftext|>'] [HIT]
  L24: ' Spanish.<|im_end|>' = [' Spanish', '.', '<|im_end|>'] [HIT]
  L25: ' Spanish.<|im_end|>' = [' Spanish', '.', '<|im_end|>'] [HIT]
  L26: ' Spanish.<|im_end|>' = [' Spanish', '.', '<|im_end|>'] [HIT]
  L27: ' Spanish.<|im_end|>' = [' Spanish', '.', '<|im_end|>'] [HIT]
  L28: ' Spanish.<|im_end|>' = [' Spanish', '.', '<|im_end|>'] [HIT]

row 98: base=TH -> source=MX  template=language_prefill_v6
  question: 'Name a language used in the country depicted in this image.'
  prefill : 'A language spoken there is'
  gold base   (expected unhooked) : ' Thai' = [' Thai']
  gold source (expected if swap works): ' Spanish' = [' Spanish']
  unhooked: ' Thai.<|im_end|><|endoftext|><|endoftext|><|endoftext|><|endoftext|><|endoftext|>' = [' Thai', '.', '<|im_end|>', '<|endoftext|>', '<|endoftext|>', '<|endoftext|>', '<|endoftext|>', '<|endoftext|>']
  L19: ' Thai.<|im_end|><|endoftext|><|endoftext|><|endoftext|><|endoftext|><|endoftext|>' = [' Thai', '.', '<|im_end|>', '<|endoftext|>', '<|endoftext|>', '<|endoftext|>', '<|endoftext|>', '<|endoftext|>'] [base]
  L20: ' Thai.<|im_end|><|endoftext|><|endoftext|><|endoftext|><|endoftext|><|endoftext|>' = [' Thai', '.', '<|im_end|>', '<|endoftext|>', '<|endoftext|>', '<|endoftext|>', '<|endoftext|>', '<|endoftext|>'] [base]
  L21: ' Thai.<|im_end|><|endoftext|><|endoftext|><|endoftext|><|endoftext|><|endoftext|>' = [' Thai', '.', '<|im_end|>', '<|endoftext|>', '<|endoftext|>', '<|endoftext|>', '<|endoftext|>', '<|endoftext|>'] [base]
  L22: ' Spanish.<|im_end|><|endoftext|><|endoftext|><|endoftext|><|endoftext|><|endoftext|>' = [' Spanish', '.', '<|im_end|>', '<|endoftext|>', '<|endoftext|>', '<|endoftext|>', '<|endoftext|>', '<|endoftext|>'] [HIT]
  L23: ' Spanish.<|im_end|><|endoftext|>' = [' Spanish', '.', '<|im_end|>', '<|endoftext|>'] [HIT]
  L24: ' Spanish.<|im_end|>' = [' Spanish', '.', '<|im_end|>'] [HIT]
  L25: ' Spanish.<|im_end|>' = [' Spanish', '.', '<|im_end|>'] [HIT]
  L26: ' Spanish.<|im_end|>' = [' Spanish', '.', '<|im_end|>'] [HIT]
  L27: ' Spanish.<|im_end|>' = [' Spanish', '.', '<|im_end|>'] [HIT]
  L28: ' Spanish.<|im_end|>' = [' Spanish', '.', '<|im_end|>'] [HIT]

row 99: base=UG -> source=AO  template=language_prefill_v2
  question: 'What is the official language of the country shown in this flag?'
  prefill : 'The official language is'
  gold base   (expected unhooked) : ' English' = [' English']
  gold source (expected if swap works): ' Portuguese' = [' Portuguese']
  unhooked: ' English.<|im_end|><|endoftext|><|endoftext|><|endoftext|><|endoftext|><|endoftext|>' = [' English', '.', '<|im_end|>', '<|endoftext|>', '<|endoftext|>', '<|endoftext|>', '<|endoftext|>', '<|endoftext|>']
  L19: ' English.<|im_end|><|endoftext|><|endoftext|><|endoftext|><|endoftext|><|endoftext|>' = [' English', '.', '<|im_end|>', '<|endoftext|>', '<|endoftext|>', '<|endoftext|>', '<|endoftext|>', '<|endoftext|>'] [base]
  L20: ' English.<|im_end|><|endoftext|><|endoftext|><|endoftext|><|endoftext|><|endoftext|>' = [' English', '.', '<|im_end|>', '<|endoftext|>', '<|endoftext|>', '<|endoftext|>', '<|endoftext|>', '<|endoftext|>'] [base]
  L21: ' English.<|im_end|><|endoftext|><|endoftext|><|endoftext|><|endoftext|><|endoftext|>' = [' English', '.', '<|im_end|>', '<|endoftext|>', '<|endoftext|>', '<|endoftext|>', '<|endoftext|>', '<|endoftext|>'] [base]
  L22: ' English.<|im_end|><|endoftext|><|endoftext|><|endoftext|><|endoftext|><|endoftext|>' = [' English', '.', '<|im_end|>', '<|endoftext|>', '<|endoftext|>', '<|endoftext|>', '<|endoftext|>', '<|endoftext|>'] [base]
  L23: ' Portuguese.<|im_end|><|endoftext|>' = [' Portuguese', '.', '<|im_end|>', '<|endoftext|>'] [HIT]
  L24: ' Portuguese.<|im_end|>' = [' Portuguese', '.', '<|im_end|>'] [HIT]
  L25: ' Portuguese.<|im_end|>' = [' Portuguese', '.', '<|im_end|>'] [HIT]
  L26: ' Portuguese.<|im_end|>' = [' Portuguese', '.', '<|im_end|>'] [HIT]
  L27: ' Portuguese.<|im_end|>' = [' Portuguese', '.', '<|im_end|>'] [HIT]
  L28: ' Portuguese.<|im_end|>' = [' Portuguese', '.', '<|im_end|>'] [HIT]

row 100: base=GR -> source=SE  template=language_prefill_v2
  question: 'What is the official language of the country shown in this flag?'
  prefill : 'The official language is'
  gold base   (expected unhooked) : ' Greek' = [' Greek']
  gold source (expected if swap works): ' Swedish' = [' Swedish']
  unhooked: ' Greek.<|im_end|><|endoftext|><|endoftext|><|endoftext|><|endoftext|><|endoftext|>' = [' Greek', '.', '<|im_end|>', '<|endoftext|>', '<|endoftext|>', '<|endoftext|>', '<|endoftext|>', '<|endoftext|>']
  L19: ' Greek.<|im_end|><|endoftext|><|endoftext|><|endoftext|><|endoftext|><|endoftext|>' = [' Greek', '.', '<|im_end|>', '<|endoftext|>', '<|endoftext|>', '<|endoftext|>', '<|endoftext|>', '<|endoftext|>'] [base]
  L20: ' Greek.<|im_end|><|endoftext|><|endoftext|><|endoftext|><|endoftext|><|endoftext|>' = [' Greek', '.', '<|im_end|>', '<|endoftext|>', '<|endoftext|>', '<|endoftext|>', '<|endoftext|>', '<|endoftext|>'] [base]
  L21: ' Greek.<|im_end|><|endoftext|><|endoftext|><|endoftext|><|endoftext|><|endoftext|>' = [' Greek', '.', '<|im_end|>', '<|endoftext|>', '<|endoftext|>', '<|endoftext|>', '<|endoftext|>', '<|endoftext|>'] [base]
  L22: ' Greek.<|im_end|><|endoftext|><|endoftext|><|endoftext|><|endoftext|><|endoftext|>' = [' Greek', '.', '<|im_end|>', '<|endoftext|>', '<|endoftext|>', '<|endoftext|>', '<|endoftext|>', '<|endoftext|>'] [base]
  L23: ' Swedish.<|im_end|><|endoftext|>' = [' Swedish', '.', '<|im_end|>', '<|endoftext|>'] [HIT]
  L24: ' Swedish.<|im_end|>' = [' Swedish', '.', '<|im_end|>'] [HIT]
  L25: ' Swedish.<|im_end|>' = [' Swedish', '.', '<|im_end|>'] [HIT]
  L26: ' Swedish.<|im_end|>' = [' Swedish', '.', '<|im_end|>'] [HIT]
  L27: ' Swedish.<|im_end|>' = [' Swedish', '.', '<|im_end|>'] [HIT]
  L28: ' Swedish.<|im_end|>' = [' Swedish', '.', '<|im_end|>'] [HIT]

row 101: base=PT -> source=GT  template=language_prefill_v4
  question: 'Identify one of the official languages of the country in this image.'
  prefill : 'One official language is'
  gold base   (expected unhooked) : ' Portuguese' = [' Portuguese']
  gold source (expected if swap works): ' Spanish' = [' Spanish']
  unhooked: ' Portuguese.<|im_end|><|endoftext|><|endoftext|><|endoftext|><|endoftext|><|endoftext|>' = [' Portuguese', '.', '<|im_end|>', '<|endoftext|>', '<|endoftext|>', '<|endoftext|>', '<|endoftext|>', '<|endoftext|>']
  L19: ' Portuguese.<|im_end|><|endoftext|><|endoftext|><|endoftext|><|endoftext|><|endoftext|>' = [' Portuguese', '.', '<|im_end|>', '<|endoftext|>', '<|endoftext|>', '<|endoftext|>', '<|endoftext|>', '<|endoftext|>'] [base]
  L20: ' Portuguese.<|im_end|><|endoftext|><|endoftext|><|endoftext|><|endoftext|><|endoftext|>' = [' Portuguese', '.', '<|im_end|>', '<|endoftext|>', '<|endoftext|>', '<|endoftext|>', '<|endoftext|>', '<|endoftext|>'] [base]
  L21: ' Portuguese.<|im_end|><|endoftext|><|endoftext|><|endoftext|><|endoftext|><|endoftext|>' = [' Portuguese', '.', '<|im_end|>', '<|endoftext|>', '<|endoftext|>', '<|endoftext|>', '<|endoftext|>', '<|endoftext|>'] [base]
  L22: ' Portuguese.<|im_end|><|endoftext|><|endoftext|><|endoftext|><|endoftext|><|endoftext|>' = [' Portuguese', '.', '<|im_end|>', '<|endoftext|>', '<|endoftext|>', '<|endoftext|>', '<|endoftext|>', '<|endoftext|>'] [base]
  L23: ' Portuguese.<|im_end|><|endoftext|>' = [' Portuguese', '.', '<|im_end|>', '<|endoftext|>'] [base]
  L24: ' Spanish.<|im_end|>' = [' Spanish', '.', '<|im_end|>'] [HIT]
  L25: ' Spanish.<|im_end|>' = [' Spanish', '.', '<|im_end|>'] [HIT]
  L26: ' Spanish.<|im_end|>' = [' Spanish', '.', '<|im_end|>'] [HIT]
  L27: ' Spanish.<|im_end|>' = [' Spanish', '.', '<|im_end|>'] [HIT]
  L28: ' Spanish.<|im_end|>' = [' Spanish', '.', '<|im_end|>'] [HIT]

row 102: base=BY -> source=GH  template=language_prefill_v1
  question: 'Name an official language of the country in this image.'
  prefill : 'One official language is'
  gold base   (expected unhooked) : ' Belarusian' = [' Belarus', 'ian']
  gold source (expected if swap works): ' English' = [' English']
  unhooked: ' Belarusian.<|im_end|><|endoftext|><|endoftext|><|endoftext|><|endoftext|>' = [' Belarus', 'ian', '.', '<|im_end|>', '<|endoftext|>', '<|endoftext|>', '<|endoftext|>', '<|endoftext|>']
  L19: ' Belarusian.<|im_end|><|endoftext|><|endoftext|><|endoftext|><|endoftext|>' = [' Belarus', 'ian', '.', '<|im_end|>', '<|endoftext|>', '<|endoftext|>', '<|endoftext|>', '<|endoftext|>'] [base]
  L20: ' Belarusian.<|im_end|><|endoftext|><|endoftext|><|endoftext|><|endoftext|>' = [' Belarus', 'ian', '.', '<|im_end|>', '<|endoftext|>', '<|endoftext|>', '<|endoftext|>', '<|endoftext|>'] [base]
  L21: ' Belarusian.<|im_end|><|endoftext|><|endoftext|><|endoftext|><|endoftext|>' = [' Belarus', 'ian', '.', '<|im_end|>', '<|endoftext|>', '<|endoftext|>', '<|endoftext|>', '<|endoftext|>'] [base]
  L22: ' Belarusian.<|im_end|><|endoftext|><|endoftext|><|endoftext|><|endoftext|>' = [' Belarus', 'ian', '.', '<|im_end|>', '<|endoftext|>', '<|endoftext|>', '<|endoftext|>', '<|endoftext|>'] [base]
  L23: ' English.<|im_end|><|endoftext|>' = [' English', '.', '<|im_end|>', '<|endoftext|>'] [HIT]
  L24: ' English.<|im_end|>' = [' English', '.', '<|im_end|>'] [HIT]
  L25: ' English.<|im_end|>' = [' English', '.', '<|im_end|>'] [HIT]
  L26: ' English.<|im_end|>' = [' English', '.', '<|im_end|>'] [HIT]
  L27: ' English.<|im_end|>' = [' English', '.', '<|im_end|>'] [HIT]
  L28: ' English.<|im_end|>' = [' English', '.', '<|im_end|>'] [HIT]

row 103: base=BY -> source=UA  template=language_prefill_v6
  question: 'Name a language used in the country depicted in this image.'
  prefill : 'A language spoken there is'
  gold base   (expected unhooked) : ' Belarusian' = [' Belarus', 'ian']
  gold source (expected if swap works): ' Ukrainian' = [' Ukrainian']
  unhooked: ' Belarusian.<|im_end|><|endoftext|><|endoftext|><|endoftext|><|endoftext|>' = [' Belarus', 'ian', '.', '<|im_end|>', '<|endoftext|>', '<|endoftext|>', '<|endoftext|>', '<|endoftext|>']
  L19: ' Belarusian.<|im_end|><|endoftext|><|endoftext|><|endoftext|><|endoftext|>' = [' Belarus', 'ian', '.', '<|im_end|>', '<|endoftext|>', '<|endoftext|>', '<|endoftext|>', '<|endoftext|>'] [base]
  L20: ' Belarusian.<|im_end|><|endoftext|><|endoftext|><|endoftext|><|endoftext|>' = [' Belarus', 'ian', '.', '<|im_end|>', '<|endoftext|>', '<|endoftext|>', '<|endoftext|>', '<|endoftext|>'] [base]
  L21: ' Belarusian.<|im_end|><|endoftext|><|endoftext|><|endoftext|><|endoftext|>' = [' Belarus', 'ian', '.', '<|im_end|>', '<|endoftext|>', '<|endoftext|>', '<|endoftext|>', '<|endoftext|>'] [base]
  L22: ' Belarusian.<|im_end|><|endoftext|><|endoftext|><|endoftext|><|endoftext|>' = [' Belarus', 'ian', '.', '<|im_end|>', '<|endoftext|>', '<|endoftext|>', '<|endoftext|>', '<|endoftext|>'] [base]
  L23: ' Belarusian.<|im_end|>' = [' Belarus', 'ian', '.', '<|im_end|>'] [base]
  L24: ' Ukrainian.<|im_end|>' = [' Ukrainian', '.', '<|im_end|>'] [HIT]
  L25: ' Ukrainian.<|im_end|>' = [' Ukrainian', '.', '<|im_end|>'] [HIT]
  L26: ' Ukrainian.<|im_end|>' = [' Ukrainian', '.', '<|im_end|>'] [HIT]
  L27: ' Ukrainian.<|im_end|>' = [' Ukrainian', '.', '<|im_end|>'] [HIT]
  L28: ' Ukrainian.<|im_end|>' = [' Ukrainian', '.', '<|im_end|>'] [HIT]

row 104: base=UG -> source=TH  template=language_prefill_v3
  question: 'Tell me a language spoken in the country in this image.'
  prefill : 'A language spoken there is'
  gold base   (expected unhooked) : ' English' = [' English']
  gold source (expected if swap works): ' Thai' = [' Thai']
  unhooked: ' English, which is the official language of' = [' English', ',', ' which', ' is', ' the', ' official', ' language', ' of']
  L19: ' English, which is the official language of' = [' English', ',', ' which', ' is', ' the', ' official', ' language', ' of'] [base]
  L20: ' Swahili, which is widely used' = [' Sw', 'ah', 'ili', ',', ' which', ' is', ' widely', ' used'] [other]
  L21: ' Swahili, which is widely used' = [' Sw', 'ah', 'ili', ',', ' which', ' is', ' widely', ' used'] [other]
  L22: ' Swahili, which is widely used' = [' Sw', 'ah', 'ili', ',', ' which', ' is', ' widely', ' used'] [other]
  L23: ' Thai.<|im_end|><|endoftext|>' = [' Thai', '.', '<|im_end|>', '<|endoftext|>'] [HIT]
  L24: ' Thai.<|im_end|>' = [' Thai', '.', '<|im_end|>'] [HIT]
  L25: ' Thai.<|im_end|>' = [' Thai', '.', '<|im_end|>'] [HIT]
  L26: ' Thai.<|im_end|>' = [' Thai', '.', '<|im_end|>'] [HIT]
  L27: ' Thai.<|im_end|>' = [' Thai', '.', '<|im_end|>'] [HIT]
  L28: ' Thai.<|im_end|>' = [' Thai', '.', '<|im_end|>'] [HIT]

row 105: base=CM -> source=GR  template=language_prefill_v6
  question: 'Name a language used in the country depicted in this image.'
  prefill : 'A language spoken there is'
  gold base   (expected unhooked) : ' French' = [' French']
  gold source (expected if swap works): ' Greek' = [' Greek']
  unhooked: ' French, as Cameroon is officially a mult' = [' French', ',', ' as', ' Cameroon', ' is', ' officially', ' a', ' mult']
  L19: ' French, as Cameroon is officially a mult' = [' French', ',', ' as', ' Cameroon', ' is', ' officially', ' a', ' mult'] [base]
  L20: ' French, which is one of the official' = [' French', ',', ' which', ' is', ' one', ' of', ' the', ' official'] [base]
  L21: ' French, as Cameroon is officially a mult' = [' French', ',', ' as', ' Cameroon', ' is', ' officially', ' a', ' mult'] [base]
  L22: ' French, as Cameroon is officially a mult' = [' French', ',', ' as', ' Cameroon', ' is', ' officially', ' a', ' mult'] [base]
  L23: ' Greek.<|im_end|><|endoftext|>' = [' Greek', '.', '<|im_end|>', '<|endoftext|>'] [HIT]
  L24: ' Greek.<|im_end|>' = [' Greek', '.', '<|im_end|>'] [HIT]
  L25: ' Greek.<|im_end|>' = [' Greek', '.', '<|im_end|>'] [HIT]
  L26: ' Greek.<|im_end|>' = [' Greek', '.', '<|im_end|>'] [HIT]
  L27: ' Greek.<|im_end|>' = [' Greek', '.', '<|im_end|>'] [HIT]
  L28: ' Greek.<|im_end|>' = [' Greek', '.', '<|im_end|>'] [HIT]

row 106: base=CV -> source=CL  template=language_prefill_v1
  question: 'Name an official language of the country in this image.'
  prefill : 'One official language is'
  gold base   (expected unhooked) : ' Portuguese' = [' Portuguese']
  gold source (expected if swap works): ' Spanish' = [' Spanish']
  unhooked: ' Portuguese.<|im_end|><|endoftext|><|endoftext|><|endoftext|><|endoftext|><|endoftext|>' = [' Portuguese', '.', '<|im_end|>', '<|endoftext|>', '<|endoftext|>', '<|endoftext|>', '<|endoftext|>', '<|endoftext|>']
  L19: ' Portuguese.<|im_end|><|endoftext|><|endoftext|><|endoftext|><|endoftext|><|endoftext|>' = [' Portuguese', '.', '<|im_end|>', '<|endoftext|>', '<|endoftext|>', '<|endoftext|>', '<|endoftext|>', '<|endoftext|>'] [base]
  L20: ' Portuguese.<|im_end|><|endoftext|><|endoftext|><|endoftext|><|endoftext|><|endoftext|>' = [' Portuguese', '.', '<|im_end|>', '<|endoftext|>', '<|endoftext|>', '<|endoftext|>', '<|endoftext|>', '<|endoftext|>'] [base]
  L21: ' Portuguese.<|im_end|><|endoftext|><|endoftext|><|endoftext|><|endoftext|><|endoftext|>' = [' Portuguese', '.', '<|im_end|>', '<|endoftext|>', '<|endoftext|>', '<|endoftext|>', '<|endoftext|>', '<|endoftext|>'] [base]
  L22: ' Portuguese.<|im_end|><|endoftext|><|endoftext|><|endoftext|><|endoftext|><|endoftext|>' = [' Portuguese', '.', '<|im_end|>', '<|endoftext|>', '<|endoftext|>', '<|endoftext|>', '<|endoftext|>', '<|endoftext|>'] [base]
  L23: ' Portuguese.<|im_end|><|endoftext|>' = [' Portuguese', '.', '<|im_end|>', '<|endoftext|>'] [base]
  L24: ' Spanish.<|im_end|>' = [' Spanish', '.', '<|im_end|>'] [HIT]
  L25: ' Spanish.<|im_end|>' = [' Spanish', '.', '<|im_end|>'] [HIT]
  L26: ' Spanish.<|im_end|>' = [' Spanish', '.', '<|im_end|>'] [HIT]
  L27: ' Spanish.<|im_end|>' = [' Spanish', '.', '<|im_end|>'] [HIT]
  L28: ' Spanish.<|im_end|>' = [' Spanish', '.', '<|im_end|>'] [HIT]

row 107: base=AR -> source=GH  template=language_prefill_v4
  question: 'Identify one of the official languages of the country in this image.'
  prefill : 'One official language is'
  gold base   (expected unhooked) : ' Guaraní' = [' Gu', 'aran', 'í']
  gold source (expected if swap works): ' English' = [' English']
  unhooked: ' Spanish.<|im_end|><|endoftext|><|endoftext|><|endoftext|><|endoftext|><|endoftext|>' = [' Spanish', '.', '<|im_end|>', '<|endoftext|>', '<|endoftext|>', '<|endoftext|>', '<|endoftext|>', '<|endoftext|>']
  L19: ' Spanish.<|im_end|><|endoftext|><|endoftext|><|endoftext|><|endoftext|><|endoftext|>' = [' Spanish', '.', '<|im_end|>', '<|endoftext|>', '<|endoftext|>', '<|endoftext|>', '<|endoftext|>', '<|endoftext|>'] [other]
  L20: ' Spanish.<|im_end|><|endoftext|><|endoftext|><|endoftext|><|endoftext|><|endoftext|>' = [' Spanish', '.', '<|im_end|>', '<|endoftext|>', '<|endoftext|>', '<|endoftext|>', '<|endoftext|>', '<|endoftext|>'] [other]
  L21: ' Spanish.<|im_end|><|endoftext|><|endoftext|><|endoftext|><|endoftext|><|endoftext|>' = [' Spanish', '.', '<|im_end|>', '<|endoftext|>', '<|endoftext|>', '<|endoftext|>', '<|endoftext|>', '<|endoftext|>'] [other]
  L22: ' Spanish.<|im_end|><|endoftext|><|endoftext|><|endoftext|><|endoftext|><|endoftext|>' = [' Spanish', '.', '<|im_end|>', '<|endoftext|>', '<|endoftext|>', '<|endoftext|>', '<|endoftext|>', '<|endoftext|>'] [other]
  L23: ' English.<|im_end|><|endoftext|>' = [' English', '.', '<|im_end|>', '<|endoftext|>'] [HIT]
  L24: ' English.<|im_end|>' = [' English', '.', '<|im_end|>'] [HIT]
  L25: ' English.<|im_end|>' = [' English', '.', '<|im_end|>'] [HIT]
  L26: ' English.<|im_end|>' = [' English', '.', '<|im_end|>'] [HIT]
  L27: ' English.<|im_end|>' = [' English', '.', '<|im_end|>'] [HIT]
  L28: ' English.<|im_end|>' = [' English', '.', '<|im_end|>'] [HIT]

row 108: base=BY -> source=MX  template=language_prefill_v3
  question: 'Tell me a language spoken in the country in this image.'
  prefill : 'A language spoken there is'
  gold base   (expected unhooked) : ' Belarusian' = [' Belarus', 'ian']
  gold source (expected if swap works): ' Spanish' = [' Spanish']
  unhooked: ' Belarusian.<|im_end|><|endoftext|><|endoftext|><|endoftext|><|endoftext|>' = [' Belarus', 'ian', '.', '<|im_end|>', '<|endoftext|>', '<|endoftext|>', '<|endoftext|>', '<|endoftext|>']
  L19: ' Belarusian.<|im_end|><|endoftext|><|endoftext|><|endoftext|><|endoftext|>' = [' Belarus', 'ian', '.', '<|im_end|>', '<|endoftext|>', '<|endoftext|>', '<|endoftext|>', '<|endoftext|>'] [base]
  L20: ' Belarusian.<|im_end|><|endoftext|><|endoftext|><|endoftext|><|endoftext|>' = [' Belarus', 'ian', '.', '<|im_end|>', '<|endoftext|>', '<|endoftext|>', '<|endoftext|>', '<|endoftext|>'] [base]
  L21: ' Belarusian.<|im_end|><|endoftext|><|endoftext|><|endoftext|><|endoftext|>' = [' Belarus', 'ian', '.', '<|im_end|>', '<|endoftext|>', '<|endoftext|>', '<|endoftext|>', '<|endoftext|>'] [base]
  L22: ' Belarusian.<|im_end|><|endoftext|><|endoftext|><|endoftext|><|endoftext|>' = [' Belarus', 'ian', '.', '<|im_end|>', '<|endoftext|>', '<|endoftext|>', '<|endoftext|>', '<|endoftext|>'] [base]
  L23: ' Spanish.<|im_end|><|endoftext|>' = [' Spanish', '.', '<|im_end|>', '<|endoftext|>'] [HIT]
  L24: ' Spanish.<|im_end|>' = [' Spanish', '.', '<|im_end|>'] [HIT]
  L25: ' Spanish.<|im_end|>' = [' Spanish', '.', '<|im_end|>'] [HIT]
  L26: ' Spanish.<|im_end|>' = [' Spanish', '.', '<|im_end|>'] [HIT]
  L27: ' Spanish.<|im_end|>' = [' Spanish', '.', '<|im_end|>'] [HIT]
  L28: ' Spanish.<|im_end|>' = [' Spanish', '.', '<|im_end|>'] [HIT]

row 109: base=VN -> source=IS  template=language_prefill_v5
  question: 'What language is officially spoken in the country shown in this flag?'
  prefill : 'The official language is'
  gold base   (expected unhooked) : ' Vietnamese' = [' Vietnamese']
  gold source (expected if swap works): ' Icelandic' = [' Icelandic']
  unhooked: ' Vietnamese.<|im_end|><|endoftext|><|endoftext|><|endoftext|><|endoftext|><|endoftext|>' = [' Vietnamese', '.', '<|im_end|>', '<|endoftext|>', '<|endoftext|>', '<|endoftext|>', '<|endoftext|>', '<|endoftext|>']
  L19: ' Vietnamese.<|im_end|><|endoftext|><|endoftext|><|endoftext|><|endoftext|><|endoftext|>' = [' Vietnamese', '.', '<|im_end|>', '<|endoftext|>', '<|endoftext|>', '<|endoftext|>', '<|endoftext|>', '<|endoftext|>'] [base]
  L20: ' Vietnamese.<|im_end|><|endoftext|><|endoftext|><|endoftext|><|endoftext|><|endoftext|>' = [' Vietnamese', '.', '<|im_end|>', '<|endoftext|>', '<|endoftext|>', '<|endoftext|>', '<|endoftext|>', '<|endoftext|>'] [base]
  L21: ' Vietnamese.<|im_end|><|endoftext|><|endoftext|><|endoftext|><|endoftext|><|endoftext|>' = [' Vietnamese', '.', '<|im_end|>', '<|endoftext|>', '<|endoftext|>', '<|endoftext|>', '<|endoftext|>', '<|endoftext|>'] [base]
  L22: ' Vietnamese.<|im_end|><|endoftext|><|endoftext|><|endoftext|><|endoftext|><|endoftext|>' = [' Vietnamese', '.', '<|im_end|>', '<|endoftext|>', '<|endoftext|>', '<|endoftext|>', '<|endoftext|>', '<|endoftext|>'] [base]
  L23: ' Vietnamese.<|im_end|><|endoftext|>' = [' Vietnamese', '.', '<|im_end|>', '<|endoftext|>'] [base]
  L24: ' Icelandic.<|im_end|>' = [' Icelandic', '.', '<|im_end|>'] [HIT]
  L25: ' Icelandic.<|im_end|>' = [' Icelandic', '.', '<|im_end|>'] [HIT]
  L26: ' Icelandic.<|im_end|>' = [' Icelandic', '.', '<|im_end|>'] [HIT]
  L27: ' Icelandic.<|im_end|>' = [' Icelandic', '.', '<|im_end|>'] [HIT]
  L28: ' Icelandic.<|im_end|>' = [' Icelandic', '.', '<|im_end|>'] [HIT]

row 110: base=SA -> source=GT  template=language_prefill_v3
  question: 'Tell me a language spoken in the country in this image.'
  prefill : 'A language spoken there is'
  gold base   (expected unhooked) : ' Arabic' = [' Arabic']
  gold source (expected if swap works): ' Spanish' = [' Spanish']
  unhooked: ' Arabic.<|im_end|><|endoftext|><|endoftext|><|endoftext|><|endoftext|><|endoftext|>' = [' Arabic', '.', '<|im_end|>', '<|endoftext|>', '<|endoftext|>', '<|endoftext|>', '<|endoftext|>', '<|endoftext|>']
  L19: ' Arabic.<|im_end|><|endoftext|><|endoftext|><|endoftext|><|endoftext|><|endoftext|>' = [' Arabic', '.', '<|im_end|>', '<|endoftext|>', '<|endoftext|>', '<|endoftext|>', '<|endoftext|>', '<|endoftext|>'] [base]
  L20: ' Arabic.<|im_end|><|endoftext|><|endoftext|><|endoftext|><|endoftext|><|endoftext|>' = [' Arabic', '.', '<|im_end|>', '<|endoftext|>', '<|endoftext|>', '<|endoftext|>', '<|endoftext|>', '<|endoftext|>'] [base]
  L21: ' Arabic.<|im_end|><|endoftext|><|endoftext|><|endoftext|><|endoftext|><|endoftext|>' = [' Arabic', '.', '<|im_end|>', '<|endoftext|>', '<|endoftext|>', '<|endoftext|>', '<|endoftext|>', '<|endoftext|>'] [base]
  L22: ' Arabic.<|im_end|><|endoftext|><|endoftext|><|endoftext|><|endoftext|><|endoftext|>' = [' Arabic', '.', '<|im_end|>', '<|endoftext|>', '<|endoftext|>', '<|endoftext|>', '<|endoftext|>', '<|endoftext|>'] [base]
  L23: ' Spanish.<|im_end|><|endoftext|>' = [' Spanish', '.', '<|im_end|>', '<|endoftext|>'] [HIT]
  L24: ' Spanish.<|im_end|>' = [' Spanish', '.', '<|im_end|>'] [HIT]
  L25: ' Spanish.<|im_end|>' = [' Spanish', '.', '<|im_end|>'] [HIT]
  L26: ' Spanish.<|im_end|>' = [' Spanish', '.', '<|im_end|>'] [HIT]
  L27: ' Spanish.<|im_end|>' = [' Spanish', '.', '<|im_end|>'] [HIT]
  L28: ' Spanish.<|im_end|>' = [' Spanish', '.', '<|im_end|>'] [HIT]

row 111: base=VN -> source=AO  template=language_prefill_v4
  question: 'Identify one of the official languages of the country in this image.'
  prefill : 'One official language is'
  gold base   (expected unhooked) : ' Vietnamese' = [' Vietnamese']
  gold source (expected if swap works): ' Portuguese' = [' Portuguese']
  unhooked: ' Vietnamese.<|im_end|><|endoftext|><|endoftext|><|endoftext|><|endoftext|><|endoftext|>' = [' Vietnamese', '.', '<|im_end|>', '<|endoftext|>', '<|endoftext|>', '<|endoftext|>', '<|endoftext|>', '<|endoftext|>']
  L19: ' Vietnamese.<|im_end|><|endoftext|><|endoftext|><|endoftext|><|endoftext|><|endoftext|>' = [' Vietnamese', '.', '<|im_end|>', '<|endoftext|>', '<|endoftext|>', '<|endoftext|>', '<|endoftext|>', '<|endoftext|>'] [base]
  L20: ' Vietnamese.<|im_end|><|endoftext|><|endoftext|><|endoftext|><|endoftext|><|endoftext|>' = [' Vietnamese', '.', '<|im_end|>', '<|endoftext|>', '<|endoftext|>', '<|endoftext|>', '<|endoftext|>', '<|endoftext|>'] [base]
  L21: ' Vietnamese.<|im_end|><|endoftext|><|endoftext|><|endoftext|><|endoftext|><|endoftext|>' = [' Vietnamese', '.', '<|im_end|>', '<|endoftext|>', '<|endoftext|>', '<|endoftext|>', '<|endoftext|>', '<|endoftext|>'] [base]
  L22: ' Vietnamese.<|im_end|><|endoftext|><|endoftext|><|endoftext|><|endoftext|><|endoftext|>' = [' Vietnamese', '.', '<|im_end|>', '<|endoftext|>', '<|endoftext|>', '<|endoftext|>', '<|endoftext|>', '<|endoftext|>'] [base]
  L23: ' Portuguese.<|im_end|><|endoftext|>' = [' Portuguese', '.', '<|im_end|>', '<|endoftext|>'] [HIT]
  L24: ' Portuguese.<|im_end|>' = [' Portuguese', '.', '<|im_end|>'] [HIT]
  L25: ' Portuguese.<|im_end|>' = [' Portuguese', '.', '<|im_end|>'] [HIT]
  L26: ' Portuguese.<|im_end|>' = [' Portuguese', '.', '<|im_end|>'] [HIT]
  L27: ' Portuguese.<|im_end|>' = [' Portuguese', '.', '<|im_end|>'] [HIT]
  L28: ' Portuguese.<|im_end|>' = [' Portuguese', '.', '<|im_end|>'] [HIT]

row 112: base=MA -> source=GH  template=language_prefill_v1
  question: 'Name an official language of the country in this image.'
  prefill : 'One official language is'
  gold base   (expected unhooked) : ' Arabic' = [' Arabic']
  gold source (expected if swap works): ' English' = [' English']
  unhooked: ' Arabic.<|im_end|><|endoftext|><|endoftext|><|endoftext|><|endoftext|><|endoftext|>' = [' Arabic', '.', '<|im_end|>', '<|endoftext|>', '<|endoftext|>', '<|endoftext|>', '<|endoftext|>', '<|endoftext|>']
  L19: ' Arabic.<|im_end|><|endoftext|><|endoftext|><|endoftext|><|endoftext|><|endoftext|>' = [' Arabic', '.', '<|im_end|>', '<|endoftext|>', '<|endoftext|>', '<|endoftext|>', '<|endoftext|>', '<|endoftext|>'] [base]
  L20: ' Arabic.<|im_end|><|endoftext|><|endoftext|><|endoftext|><|endoftext|><|endoftext|>' = [' Arabic', '.', '<|im_end|>', '<|endoftext|>', '<|endoftext|>', '<|endoftext|>', '<|endoftext|>', '<|endoftext|>'] [base]
  L21: ' Arabic.<|im_end|><|endoftext|><|endoftext|><|endoftext|><|endoftext|><|endoftext|>' = [' Arabic', '.', '<|im_end|>', '<|endoftext|>', '<|endoftext|>', '<|endoftext|>', '<|endoftext|>', '<|endoftext|>'] [base]
  L22: ' Arabic.<|im_end|><|endoftext|><|endoftext|><|endoftext|><|endoftext|><|endoftext|>' = [' Arabic', '.', '<|im_end|>', '<|endoftext|>', '<|endoftext|>', '<|endoftext|>', '<|endoftext|>', '<|endoftext|>'] [base]
  L23: ' English.<|im_end|><|endoftext|><|endoftext|><|endoftext|><|endoftext|><|endoftext|>' = [' English', '.', '<|im_end|>', '<|endoftext|>', '<|endoftext|>', '<|endoftext|>', '<|endoftext|>', '<|endoftext|>'] [HIT]
  L24: ' English.<|im_end|><|endoftext|><|endoftext|><|endoftext|><|endoftext|><|endoftext|>' = [' English', '.', '<|im_end|>', '<|endoftext|>', '<|endoftext|>', '<|endoftext|>', '<|endoftext|>', '<|endoftext|>'] [HIT]
  L25: ' English.<|im_end|><|endoftext|><|endoftext|><|endoftext|><|endoftext|><|endoftext|>' = [' English', '.', '<|im_end|>', '<|endoftext|>', '<|endoftext|>', '<|endoftext|>', '<|endoftext|>', '<|endoftext|>'] [HIT]
  L26: ' English.<|im_end|><|endoftext|><|endoftext|><|endoftext|><|endoftext|><|endoftext|>' = [' English', '.', '<|im_end|>', '<|endoftext|>', '<|endoftext|>', '<|endoftext|>', '<|endoftext|>', '<|endoftext|>'] [HIT]
  L27: ' English.<|im_end|><|endoftext|><|endoftext|><|endoftext|><|endoftext|><|endoftext|>' = [' English', '.', '<|im_end|>', '<|endoftext|>', '<|endoftext|>', '<|endoftext|>', '<|endoftext|>', '<|endoftext|>'] [HIT]
  L28: ' English.<|im_end|><|endoftext|><|endoftext|><|endoftext|><|endoftext|><|endoftext|>' = [' English', '.', '<|im_end|>', '<|endoftext|>', '<|endoftext|>', '<|endoftext|>', '<|endoftext|>', '<|endoftext|>'] [HIT]

row 113: base=ZM -> source=SE  template=language_prefill_v4
  question: 'Identify one of the official languages of the country in this image.'
  prefill : 'One official language is'
  gold base   (expected unhooked) : ' English' = [' English']
  gold source (expected if swap works): ' Swedish' = [' Swedish']
  unhooked: ' English.<|im_end|><|endoftext|><|endoftext|><|endoftext|><|endoftext|><|endoftext|>' = [' English', '.', '<|im_end|>', '<|endoftext|>', '<|endoftext|>', '<|endoftext|>', '<|endoftext|>', '<|endoftext|>']
  L19: ' English.<|im_end|><|endoftext|><|endoftext|><|endoftext|><|endoftext|><|endoftext|>' = [' English', '.', '<|im_end|>', '<|endoftext|>', '<|endoftext|>', '<|endoftext|>', '<|endoftext|>', '<|endoftext|>'] [base]
  L20: ' English.<|im_end|><|endoftext|><|endoftext|><|endoftext|><|endoftext|><|endoftext|>' = [' English', '.', '<|im_end|>', '<|endoftext|>', '<|endoftext|>', '<|endoftext|>', '<|endoftext|>', '<|endoftext|>'] [base]
  L21: ' English.<|im_end|><|endoftext|><|endoftext|><|endoftext|><|endoftext|><|endoftext|>' = [' English', '.', '<|im_end|>', '<|endoftext|>', '<|endoftext|>', '<|endoftext|>', '<|endoftext|>', '<|endoftext|>'] [base]
  L22: ' English.<|im_end|><|endoftext|><|endoftext|><|endoftext|><|endoftext|><|endoftext|>' = [' English', '.', '<|im_end|>', '<|endoftext|>', '<|endoftext|>', '<|endoftext|>', '<|endoftext|>', '<|endoftext|>'] [base]
  L23: ' Swedish.<|im_end|><|endoftext|><|endoftext|><|endoftext|><|endoftext|><|endoftext|>' = [' Swedish', '.', '<|im_end|>', '<|endoftext|>', '<|endoftext|>', '<|endoftext|>', '<|endoftext|>', '<|endoftext|>'] [HIT]
  L24: ' Swedish.<|im_end|><|endoftext|><|endoftext|><|endoftext|><|endoftext|><|endoftext|>' = [' Swedish', '.', '<|im_end|>', '<|endoftext|>', '<|endoftext|>', '<|endoftext|>', '<|endoftext|>', '<|endoftext|>'] [HIT]
  L25: ' Swedish.<|im_end|><|endoftext|><|endoftext|><|endoftext|><|endoftext|><|endoftext|>' = [' Swedish', '.', '<|im_end|>', '<|endoftext|>', '<|endoftext|>', '<|endoftext|>', '<|endoftext|>', '<|endoftext|>'] [HIT]
  L26: ' Swedish.<|im_end|><|endoftext|><|endoftext|><|endoftext|><|endoftext|><|endoftext|>' = [' Swedish', '.', '<|im_end|>', '<|endoftext|>', '<|endoftext|>', '<|endoftext|>', '<|endoftext|>', '<|endoftext|>'] [HIT]
  L27: ' Swedish.<|im_end|><|endoftext|><|endoftext|><|endoftext|><|endoftext|><|endoftext|>' = [' Swedish', '.', '<|im_end|>', '<|endoftext|>', '<|endoftext|>', '<|endoftext|>', '<|endoftext|>', '<|endoftext|>'] [HIT]
  L28: ' Swedish.<|im_end|><|endoftext|><|endoftext|><|endoftext|><|endoftext|><|endoftext|>' = [' Swedish', '.', '<|im_end|>', '<|endoftext|>', '<|endoftext|>', '<|endoftext|>', '<|endoftext|>', '<|endoftext|>'] [HIT]

row 114: base=PY -> source=UA  template=language_prefill_v5
  question: 'What language is officially spoken in the country shown in this flag?'
  prefill : 'The official language is'
  gold base   (expected unhooked) : ' Spanish' = [' Spanish']
  gold source (expected if swap works): ' Ukrainian' = [' Ukrainian']
  unhooked: ' Spanish. The flag in the image is' = [' Spanish', '.', ' The', ' flag', ' in', ' the', ' image', ' is']
  L19: ' Spanish.<|im_end|><|endoftext|><|endoftext|><|endoftext|><|endoftext|><|endoftext|>' = [' Spanish', '.', '<|im_end|>', '<|endoftext|>', '<|endoftext|>', '<|endoftext|>', '<|endoftext|>', '<|endoftext|>'] [base]
  L20: ' Spanish.<|im_end|><|endoftext|><|endoftext|><|endoftext|><|endoftext|><|endoftext|>' = [' Spanish', '.', '<|im_end|>', '<|endoftext|>', '<|endoftext|>', '<|endoftext|>', '<|endoftext|>', '<|endoftext|>'] [base]
  L21: ' Spanish.<|im_end|><|endoftext|><|endoftext|><|endoftext|><|endoftext|><|endoftext|>' = [' Spanish', '.', '<|im_end|>', '<|endoftext|>', '<|endoftext|>', '<|endoftext|>', '<|endoftext|>', '<|endoftext|>'] [base]
  L22: ' Spanish.<|im_end|><|endoftext|><|endoftext|><|endoftext|><|endoftext|><|endoftext|>' = [' Spanish', '.', '<|im_end|>', '<|endoftext|>', '<|endoftext|>', '<|endoftext|>', '<|endoftext|>', '<|endoftext|>'] [base]
  L23: ' Ukrainian.<|im_end|><|endoftext|><|endoftext|><|endoftext|><|endoftext|><|endoftext|>' = [' Ukrainian', '.', '<|im_end|>', '<|endoftext|>', '<|endoftext|>', '<|endoftext|>', '<|endoftext|>', '<|endoftext|>'] [HIT]
  L24: ' Ukrainian.<|im_end|><|endoftext|><|endoftext|><|endoftext|><|endoftext|><|endoftext|>' = [' Ukrainian', '.', '<|im_end|>', '<|endoftext|>', '<|endoftext|>', '<|endoftext|>', '<|endoftext|>', '<|endoftext|>'] [HIT]
  L25: ' Ukrainian.<|im_end|><|endoftext|><|endoftext|><|endoftext|><|endoftext|><|endoftext|>' = [' Ukrainian', '.', '<|im_end|>', '<|endoftext|>', '<|endoftext|>', '<|endoftext|>', '<|endoftext|>', '<|endoftext|>'] [HIT]
  L26: ' Ukrainian.<|im_end|><|endoftext|><|endoftext|><|endoftext|><|endoftext|><|endoftext|>' = [' Ukrainian', '.', '<|im_end|>', '<|endoftext|>', '<|endoftext|>', '<|endoftext|>', '<|endoftext|>', '<|endoftext|>'] [HIT]
  L27: ' Ukrainian.<|im_end|><|endoftext|><|endoftext|><|endoftext|><|endoftext|><|endoftext|>' = [' Ukrainian', '.', '<|im_end|>', '<|endoftext|>', '<|endoftext|>', '<|endoftext|>', '<|endoftext|>', '<|endoftext|>'] [HIT]
  L28: ' Ukrainian.<|im_end|><|endoftext|><|endoftext|><|endoftext|><|endoftext|><|endoftext|>' = [' Ukrainian', '.', '<|im_end|>', '<|endoftext|>', '<|endoftext|>', '<|endoftext|>', '<|endoftext|>', '<|endoftext|>'] [HIT]

row 115: base=GT -> source=GH  template=language_prefill_v1
  question: 'Name an official language of the country in this image.'
  prefill : 'One official language is'
  gold base   (expected unhooked) : ' Spanish' = [' Spanish']
  gold source (expected if swap works): ' English' = [' English']
  unhooked: ' Spanish.<|im_end|><|endoftext|><|endoftext|><|endoftext|><|endoftext|><|endoftext|>' = [' Spanish', '.', '<|im_end|>', '<|endoftext|>', '<|endoftext|>', '<|endoftext|>', '<|endoftext|>', '<|endoftext|>']
  L19: ' Spanish.<|im_end|><|endoftext|><|endoftext|><|endoftext|><|endoftext|><|endoftext|>' = [' Spanish', '.', '<|im_end|>', '<|endoftext|>', '<|endoftext|>', '<|endoftext|>', '<|endoftext|>', '<|endoftext|>'] [base]
  L20: ' Spanish.<|im_end|><|endoftext|><|endoftext|><|endoftext|><|endoftext|><|endoftext|>' = [' Spanish', '.', '<|im_end|>', '<|endoftext|>', '<|endoftext|>', '<|endoftext|>', '<|endoftext|>', '<|endoftext|>'] [base]
  L21: ' Spanish.<|im_end|><|endoftext|><|endoftext|><|endoftext|><|endoftext|><|endoftext|>' = [' Spanish', '.', '<|im_end|>', '<|endoftext|>', '<|endoftext|>', '<|endoftext|>', '<|endoftext|>', '<|endoftext|>'] [base]
  L22: ' Spanish.<|im_end|><|endoftext|><|endoftext|><|endoftext|><|endoftext|><|endoftext|>' = [' Spanish', '.', '<|im_end|>', '<|endoftext|>', '<|endoftext|>', '<|endoftext|>', '<|endoftext|>', '<|endoftext|>'] [base]
  L23: ' English.<|im_end|><|endoftext|><|endoftext|><|endoftext|><|endoftext|><|endoftext|>' = [' English', '.', '<|im_end|>', '<|endoftext|>', '<|endoftext|>', '<|endoftext|>', '<|endoftext|>', '<|endoftext|>'] [HIT]
  L24: ' English.<|im_end|><|endoftext|><|endoftext|><|endoftext|><|endoftext|><|endoftext|>' = [' English', '.', '<|im_end|>', '<|endoftext|>', '<|endoftext|>', '<|endoftext|>', '<|endoftext|>', '<|endoftext|>'] [HIT]
  L25: ' English.<|im_end|><|endoftext|><|endoftext|><|endoftext|><|endoftext|><|endoftext|>' = [' English', '.', '<|im_end|>', '<|endoftext|>', '<|endoftext|>', '<|endoftext|>', '<|endoftext|>', '<|endoftext|>'] [HIT]
  L26: ' English.<|im_end|><|endoftext|><|endoftext|><|endoftext|><|endoftext|><|endoftext|>' = [' English', '.', '<|im_end|>', '<|endoftext|>', '<|endoftext|>', '<|endoftext|>', '<|endoftext|>', '<|endoftext|>'] [HIT]
  L27: ' English.<|im_end|><|endoftext|><|endoftext|><|endoftext|><|endoftext|><|endoftext|>' = [' English', '.', '<|im_end|>', '<|endoftext|>', '<|endoftext|>', '<|endoftext|>', '<|endoftext|>', '<|endoftext|>'] [HIT]
  L28: ' English.<|im_end|><|endoftext|><|endoftext|><|endoftext|><|endoftext|><|endoftext|>' = [' English', '.', '<|im_end|>', '<|endoftext|>', '<|endoftext|>', '<|endoftext|>', '<|endoftext|>', '<|endoftext|>'] [HIT]

row 116: base=PY -> source=SE  template=language_prefill_v6
  question: 'Name a language used in the country depicted in this image.'
  prefill : 'A language spoken there is'
  gold base   (expected unhooked) : ' Spanish' = [' Spanish']
  gold source (expected if swap works): ' Swedish' = [' Swedish']
  unhooked: ' Spanish.<|im_end|><|endoftext|><|endoftext|><|endoftext|><|endoftext|><|endoftext|>' = [' Spanish', '.', '<|im_end|>', '<|endoftext|>', '<|endoftext|>', '<|endoftext|>', '<|endoftext|>', '<|endoftext|>']
  L19: ' Spanish.<|im_end|><|endoftext|><|endoftext|><|endoftext|><|endoftext|><|endoftext|>' = [' Spanish', '.', '<|im_end|>', '<|endoftext|>', '<|endoftext|>', '<|endoftext|>', '<|endoftext|>', '<|endoftext|>'] [base]
  L20: ' Spanish.<|im_end|><|endoftext|><|endoftext|><|endoftext|><|endoftext|><|endoftext|>' = [' Spanish', '.', '<|im_end|>', '<|endoftext|>', '<|endoftext|>', '<|endoftext|>', '<|endoftext|>', '<|endoftext|>'] [base]
  L21: ' Spanish.<|im_end|><|endoftext|><|endoftext|><|endoftext|><|endoftext|><|endoftext|>' = [' Spanish', '.', '<|im_end|>', '<|endoftext|>', '<|endoftext|>', '<|endoftext|>', '<|endoftext|>', '<|endoftext|>'] [base]
  L22: ' Spanish.<|im_end|><|endoftext|><|endoftext|><|endoftext|><|endoftext|><|endoftext|>' = [' Spanish', '.', '<|im_end|>', '<|endoftext|>', '<|endoftext|>', '<|endoftext|>', '<|endoftext|>', '<|endoftext|>'] [base]
  L23: ' Swedish.<|im_end|><|endoftext|><|endoftext|><|endoftext|><|endoftext|><|endoftext|>' = [' Swedish', '.', '<|im_end|>', '<|endoftext|>', '<|endoftext|>', '<|endoftext|>', '<|endoftext|>', '<|endoftext|>'] [HIT]
  L24: ' Swedish.<|im_end|><|endoftext|><|endoftext|><|endoftext|><|endoftext|><|endoftext|>' = [' Swedish', '.', '<|im_end|>', '<|endoftext|>', '<|endoftext|>', '<|endoftext|>', '<|endoftext|>', '<|endoftext|>'] [HIT]
  L25: ' Swedish.<|im_end|><|endoftext|><|endoftext|><|endoftext|><|endoftext|><|endoftext|>' = [' Swedish', '.', '<|im_end|>', '<|endoftext|>', '<|endoftext|>', '<|endoftext|>', '<|endoftext|>', '<|endoftext|>'] [HIT]
  L26: ' Swedish.<|im_end|><|endoftext|><|endoftext|><|endoftext|><|endoftext|><|endoftext|>' = [' Swedish', '.', '<|im_end|>', '<|endoftext|>', '<|endoftext|>', '<|endoftext|>', '<|endoftext|>', '<|endoftext|>'] [HIT]
  L27: ' Swedish.<|im_end|><|endoftext|><|endoftext|><|endoftext|><|endoftext|><|endoftext|>' = [' Swedish', '.', '<|im_end|>', '<|endoftext|>', '<|endoftext|>', '<|endoftext|>', '<|endoftext|>', '<|endoftext|>'] [HIT]
  L28: ' Swedish.<|im_end|><|endoftext|><|endoftext|><|endoftext|><|endoftext|><|endoftext|>' = [' Swedish', '.', '<|im_end|>', '<|endoftext|>', '<|endoftext|>', '<|endoftext|>', '<|endoftext|>', '<|endoftext|>'] [HIT]

row 117: base=GH -> source=VN  template=language_prefill_v5
  question: 'What language is officially spoken in the country shown in this flag?'
  prefill : 'The official language is'
  gold base   (expected unhooked) : ' English' = [' English']
  gold source (expected if swap works): ' Vietnamese' = [' Vietnamese']
  unhooked: ' English.<|im_end|><|endoftext|><|endoftext|><|endoftext|><|endoftext|><|endoftext|>' = [' English', '.', '<|im_end|>', '<|endoftext|>', '<|endoftext|>', '<|endoftext|>', '<|endoftext|>', '<|endoftext|>']
  L19: ' English.<|im_end|><|endoftext|><|endoftext|><|endoftext|><|endoftext|><|endoftext|>' = [' English', '.', '<|im_end|>', '<|endoftext|>', '<|endoftext|>', '<|endoftext|>', '<|endoftext|>', '<|endoftext|>'] [base]
  L20: ' English.<|im_end|><|endoftext|><|endoftext|><|endoftext|><|endoftext|><|endoftext|>' = [' English', '.', '<|im_end|>', '<|endoftext|>', '<|endoftext|>', '<|endoftext|>', '<|endoftext|>', '<|endoftext|>'] [base]
  L21: ' English.<|im_end|><|endoftext|><|endoftext|><|endoftext|><|endoftext|><|endoftext|>' = [' English', '.', '<|im_end|>', '<|endoftext|>', '<|endoftext|>', '<|endoftext|>', '<|endoftext|>', '<|endoftext|>'] [base]
  L22: ' English.<|im_end|><|endoftext|><|endoftext|><|endoftext|><|endoftext|><|endoftext|>' = [' English', '.', '<|im_end|>', '<|endoftext|>', '<|endoftext|>', '<|endoftext|>', '<|endoftext|>', '<|endoftext|>'] [base]
  L23: ' Vietnamese.<|im_end|><|endoftext|><|endoftext|><|endoftext|><|endoftext|><|endoftext|>' = [' Vietnamese', '.', '<|im_end|>', '<|endoftext|>', '<|endoftext|>', '<|endoftext|>', '<|endoftext|>', '<|endoftext|>'] [HIT]
  L24: ' Vietnamese.<|im_end|><|endoftext|><|endoftext|><|endoftext|><|endoftext|><|endoftext|>' = [' Vietnamese', '.', '<|im_end|>', '<|endoftext|>', '<|endoftext|>', '<|endoftext|>', '<|endoftext|>', '<|endoftext|>'] [HIT]
  L25: ' Vietnamese.<|im_end|><|endoftext|><|endoftext|><|endoftext|><|endoftext|><|endoftext|>' = [' Vietnamese', '.', '<|im_end|>', '<|endoftext|>', '<|endoftext|>', '<|endoftext|>', '<|endoftext|>', '<|endoftext|>'] [HIT]
  L26: ' Vietnamese.<|im_end|><|endoftext|><|endoftext|><|endoftext|><|endoftext|><|endoftext|>' = [' Vietnamese', '.', '<|im_end|>', '<|endoftext|>', '<|endoftext|>', '<|endoftext|>', '<|endoftext|>', '<|endoftext|>'] [HIT]
  L27: ' Vietnamese.<|im_end|><|endoftext|><|endoftext|><|endoftext|><|endoftext|><|endoftext|>' = [' Vietnamese', '.', '<|im_end|>', '<|endoftext|>', '<|endoftext|>', '<|endoftext|>', '<|endoftext|>', '<|endoftext|>'] [HIT]
  L28: ' Vietnamese.<|im_end|><|endoftext|><|endoftext|><|endoftext|><|endoftext|><|endoftext|>' = [' Vietnamese', '.', '<|im_end|>', '<|endoftext|>', '<|endoftext|>', '<|endoftext|>', '<|endoftext|>', '<|endoftext|>'] [HIT]

row 118: base=GH -> source=CV  template=language_prefill_v6
  question: 'Name a language used in the country depicted in this image.'
  prefill : 'A language spoken there is'
  gold base   (expected unhooked) : ' English' = [' English']
  gold source (expected if swap works): ' Portuguese' = [' Portuguese']
  unhooked: ' Twi, which is one of the' = [' Tw', 'i', ',', ' which', ' is', ' one', ' of', ' the']
  L19: ' Twi, which is one of the' = [' Tw', 'i', ',', ' which', ' is', ' one', ' of', ' the'] [other]
  L20: ' Twi, which is one of the' = [' Tw', 'i', ',', ' which', ' is', ' one', ' of', ' the'] [other]
  L21: ' Twi, which is one of the' = [' Tw', 'i', ',', ' which', ' is', ' one', ' of', ' the'] [other]
  L22: ' Twi, which is one of the' = [' Tw', 'i', ',', ' which', ' is', ' one', ' of', ' the'] [other]
  L23: ' Portuguese, as the flag depicted is that' = [' Portuguese', ',', ' as', ' the', ' flag', ' depicted', ' is', ' that'] [HIT]
  L24: ' Portuguese, as the flag depicted is that' = [' Portuguese', ',', ' as', ' the', ' flag', ' depicted', ' is', ' that'] [HIT]
  L25: ' Portuguese, as the flag depicted is that' = [' Portuguese', ',', ' as', ' the', ' flag', ' depicted', ' is', ' that'] [HIT]
  L26: ' Portuguese, as the flag depicted is that' = [' Portuguese', ',', ' as', ' the', ' flag', ' depicted', ' is', ' that'] [HIT]
  L27: ' Portuguese, as the flag depicted is that' = [' Portuguese', ',', ' as', ' the', ' flag', ' depicted', ' is', ' that'] [HIT]
  L28: ' Bono, which is one of the' = [' B', 'ono', ',', ' which', ' is', ' one', ' of', ' the'] [other]

row 119: base=UG -> source=TH  template=language_prefill_v6
  question: 'Name a language used in the country depicted in this image.'
  prefill : 'A language spoken there is'
  gold base   (expected unhooked) : ' English' = [' English']
  gold source (expected if swap works): ' Thai' = [' Thai']
  unhooked: ' English, which is one of the official' = [' English', ',', ' which', ' is', ' one', ' of', ' the', ' official']
  L19: ' English, which is one of the official' = [' English', ',', ' which', ' is', ' one', ' of', ' the', ' official'] [base]
  L20: ' English, which is one of the official' = [' English', ',', ' which', ' is', ' one', ' of', ' the', ' official'] [base]
  L21: ' English, which is one of the official' = [' English', ',', ' which', ' is', ' one', ' of', ' the', ' official'] [base]
  L22: ' English, which is one of the official' = [' English', ',', ' which', ' is', ' one', ' of', ' the', ' official'] [base]
  L23: ' Thai.<|im_end|><|endoftext|><|endoftext|><|endoftext|><|endoftext|><|endoftext|>' = [' Thai', '.', '<|im_end|>', '<|endoftext|>', '<|endoftext|>', '<|endoftext|>', '<|endoftext|>', '<|endoftext|>'] [HIT]
  L24: ' Thai.<|im_end|><|endoftext|><|endoftext|><|endoftext|><|endoftext|><|endoftext|>' = [' Thai', '.', '<|im_end|>', '<|endoftext|>', '<|endoftext|>', '<|endoftext|>', '<|endoftext|>', '<|endoftext|>'] [HIT]
  L25: ' Thai.<|im_end|><|endoftext|><|endoftext|><|endoftext|><|endoftext|><|endoftext|>' = [' Thai', '.', '<|im_end|>', '<|endoftext|>', '<|endoftext|>', '<|endoftext|>', '<|endoftext|>', '<|endoftext|>'] [HIT]
  L26: ' Thai.<|im_end|><|endoftext|><|endoftext|><|endoftext|><|endoftext|><|endoftext|>' = [' Thai', '.', '<|im_end|>', '<|endoftext|>', '<|endoftext|>', '<|endoftext|>', '<|endoftext|>', '<|endoftext|>'] [HIT]
  L27: ' Thai.<|im_end|><|endoftext|><|endoftext|><|endoftext|><|endoftext|><|endoftext|>' = [' Thai', '.', '<|im_end|>', '<|endoftext|>', '<|endoftext|>', '<|endoftext|>', '<|endoftext|>', '<|endoftext|>'] [HIT]
  L28: ' Thai.<|im_end|><|endoftext|><|endoftext|><|endoftext|><|endoftext|><|endoftext|>' = [' Thai', '.', '<|im_end|>', '<|endoftext|>', '<|endoftext|>', '<|endoftext|>', '<|endoftext|>', '<|endoftext|>'] [HIT]

row 120: base=SE -> source=VN  template=language_prefill_v2
  question: 'What is the official language of the country shown in this flag?'
  prefill : 'The official language is'
  gold base   (expected unhooked) : ' Swedish' = [' Swedish']
  gold source (expected if swap works): ' Vietnamese' = [' Vietnamese']
  unhooked: ' Swedish.<|im_end|><|endoftext|><|endoftext|><|endoftext|><|endoftext|><|endoftext|>' = [' Swedish', '.', '<|im_end|>', '<|endoftext|>', '<|endoftext|>', '<|endoftext|>', '<|endoftext|>', '<|endoftext|>']
  L19: ' Swedish.<|im_end|><|endoftext|><|endoftext|><|endoftext|><|endoftext|><|endoftext|>' = [' Swedish', '.', '<|im_end|>', '<|endoftext|>', '<|endoftext|>', '<|endoftext|>', '<|endoftext|>', '<|endoftext|>'] [base]
  L20: ' Swedish.<|im_end|><|endoftext|><|endoftext|><|endoftext|><|endoftext|><|endoftext|>' = [' Swedish', '.', '<|im_end|>', '<|endoftext|>', '<|endoftext|>', '<|endoftext|>', '<|endoftext|>', '<|endoftext|>'] [base]
  L21: ' Swedish.<|im_end|><|endoftext|><|endoftext|><|endoftext|><|endoftext|><|endoftext|>' = [' Swedish', '.', '<|im_end|>', '<|endoftext|>', '<|endoftext|>', '<|endoftext|>', '<|endoftext|>', '<|endoftext|>'] [base]
  L22: ' Swedish.<|im_end|><|endoftext|><|endoftext|><|endoftext|><|endoftext|><|endoftext|>' = [' Swedish', '.', '<|im_end|>', '<|endoftext|>', '<|endoftext|>', '<|endoftext|>', '<|endoftext|>', '<|endoftext|>'] [base]
  L23: ' Vietnamese.<|im_end|><|endoftext|><|endoftext|><|endoftext|><|endoftext|><|endoftext|>' = [' Vietnamese', '.', '<|im_end|>', '<|endoftext|>', '<|endoftext|>', '<|endoftext|>', '<|endoftext|>', '<|endoftext|>'] [HIT]
  L24: ' Vietnamese.<|im_end|><|endoftext|><|endoftext|><|endoftext|><|endoftext|><|endoftext|>' = [' Vietnamese', '.', '<|im_end|>', '<|endoftext|>', '<|endoftext|>', '<|endoftext|>', '<|endoftext|>', '<|endoftext|>'] [HIT]
  L25: ' Vietnamese.<|im_end|><|endoftext|><|endoftext|><|endoftext|><|endoftext|><|endoftext|>' = [' Vietnamese', '.', '<|im_end|>', '<|endoftext|>', '<|endoftext|>', '<|endoftext|>', '<|endoftext|>', '<|endoftext|>'] [HIT]
  L26: ' Vietnamese.<|im_end|><|endoftext|><|endoftext|><|endoftext|><|endoftext|><|endoftext|>' = [' Vietnamese', '.', '<|im_end|>', '<|endoftext|>', '<|endoftext|>', '<|endoftext|>', '<|endoftext|>', '<|endoftext|>'] [HIT]
  L27: ' Vietnamese.<|im_end|><|endoftext|><|endoftext|><|endoftext|><|endoftext|><|endoftext|>' = [' Vietnamese', '.', '<|im_end|>', '<|endoftext|>', '<|endoftext|>', '<|endoftext|>', '<|endoftext|>', '<|endoftext|>'] [HIT]
  L28: ' Vietnamese.<|im_end|><|endoftext|><|endoftext|><|endoftext|><|endoftext|><|endoftext|>' = [' Vietnamese', '.', '<|im_end|>', '<|endoftext|>', '<|endoftext|>', '<|endoftext|>', '<|endoftext|>', '<|endoftext|>'] [HIT]

row 121: base=MU -> source=FI  template=language_prefill_v2
  question: 'What is the official language of the country shown in this flag?'
  prefill : 'The official language is'
  gold base   (expected unhooked) : ' French' = [' French']
  gold source (expected if swap works): ' Finnish' = [' Finnish']
  unhooked: ' French.<|im_end|><|endoftext|><|endoftext|><|endoftext|><|endoftext|><|endoftext|>' = [' French', '.', '<|im_end|>', '<|endoftext|>', '<|endoftext|>', '<|endoftext|>', '<|endoftext|>', '<|endoftext|>']
  L19: ' French.<|im_end|><|endoftext|><|endoftext|><|endoftext|><|endoftext|><|endoftext|>' = [' French', '.', '<|im_end|>', '<|endoftext|>', '<|endoftext|>', '<|endoftext|>', '<|endoftext|>', '<|endoftext|>'] [base]
  L20: ' French.<|im_end|><|endoftext|><|endoftext|><|endoftext|><|endoftext|><|endoftext|>' = [' French', '.', '<|im_end|>', '<|endoftext|>', '<|endoftext|>', '<|endoftext|>', '<|endoftext|>', '<|endoftext|>'] [base]
  L21: ' French.<|im_end|><|endoftext|><|endoftext|><|endoftext|><|endoftext|><|endoftext|>' = [' French', '.', '<|im_end|>', '<|endoftext|>', '<|endoftext|>', '<|endoftext|>', '<|endoftext|>', '<|endoftext|>'] [base]
  L22: ' Finnish.<|im_end|><|endoftext|><|endoftext|><|endoftext|><|endoftext|><|endoftext|>' = [' Finnish', '.', '<|im_end|>', '<|endoftext|>', '<|endoftext|>', '<|endoftext|>', '<|endoftext|>', '<|endoftext|>'] [HIT]
  L23: ' Finnish.<|im_end|><|endoftext|><|endoftext|><|endoftext|><|endoftext|><|endoftext|>' = [' Finnish', '.', '<|im_end|>', '<|endoftext|>', '<|endoftext|>', '<|endoftext|>', '<|endoftext|>', '<|endoftext|>'] [HIT]
  L24: ' Finnish.<|im_end|><|endoftext|><|endoftext|><|endoftext|><|endoftext|><|endoftext|>' = [' Finnish', '.', '<|im_end|>', '<|endoftext|>', '<|endoftext|>', '<|endoftext|>', '<|endoftext|>', '<|endoftext|>'] [HIT]
  L25: ' Finnish.<|im_end|><|endoftext|><|endoftext|><|endoftext|><|endoftext|><|endoftext|>' = [' Finnish', '.', '<|im_end|>', '<|endoftext|>', '<|endoftext|>', '<|endoftext|>', '<|endoftext|>', '<|endoftext|>'] [HIT]
  L26: ' Finnish.<|im_end|><|endoftext|><|endoftext|><|endoftext|><|endoftext|><|endoftext|>' = [' Finnish', '.', '<|im_end|>', '<|endoftext|>', '<|endoftext|>', '<|endoftext|>', '<|endoftext|>', '<|endoftext|>'] [HIT]
  L27: ' Finnish.<|im_end|><|endoftext|><|endoftext|><|endoftext|><|endoftext|><|endoftext|>' = [' Finnish', '.', '<|im_end|>', '<|endoftext|>', '<|endoftext|>', '<|endoftext|>', '<|endoftext|>', '<|endoftext|>'] [HIT]
  L28: ' Finnish.<|im_end|><|endoftext|><|endoftext|><|endoftext|><|endoftext|><|endoftext|>' = [' Finnish', '.', '<|im_end|>', '<|endoftext|>', '<|endoftext|>', '<|endoftext|>', '<|endoftext|>', '<|endoftext|>'] [HIT]

row 122: base=SE -> source=MX  template=language_prefill_v3
  question: 'Tell me a language spoken in the country in this image.'
  prefill : 'A language spoken there is'
  gold base   (expected unhooked) : ' Swedish' = [' Swedish']
  gold source (expected if swap works): ' Spanish' = [' Spanish']
  unhooked: ' Swedish.<|im_end|><|endoftext|><|endoftext|><|endoftext|><|endoftext|><|endoftext|>' = [' Swedish', '.', '<|im_end|>', '<|endoftext|>', '<|endoftext|>', '<|endoftext|>', '<|endoftext|>', '<|endoftext|>']
  L19: ' Swedish.<|im_end|><|endoftext|><|endoftext|><|endoftext|><|endoftext|><|endoftext|>' = [' Swedish', '.', '<|im_end|>', '<|endoftext|>', '<|endoftext|>', '<|endoftext|>', '<|endoftext|>', '<|endoftext|>'] [base]
  L20: ' Swedish.<|im_end|><|endoftext|><|endoftext|><|endoftext|><|endoftext|><|endoftext|>' = [' Swedish', '.', '<|im_end|>', '<|endoftext|>', '<|endoftext|>', '<|endoftext|>', '<|endoftext|>', '<|endoftext|>'] [base]
  L21: ' Swedish.<|im_end|><|endoftext|><|endoftext|><|endoftext|><|endoftext|><|endoftext|>' = [' Swedish', '.', '<|im_end|>', '<|endoftext|>', '<|endoftext|>', '<|endoftext|>', '<|endoftext|>', '<|endoftext|>'] [base]
  L22: ' Swedish.<|im_end|><|endoftext|><|endoftext|><|endoftext|><|endoftext|><|endoftext|>' = [' Swedish', '.', '<|im_end|>', '<|endoftext|>', '<|endoftext|>', '<|endoftext|>', '<|endoftext|>', '<|endoftext|>'] [base]
  L23: ' Spanish.<|im_end|><|endoftext|><|endoftext|><|endoftext|><|endoftext|><|endoftext|>' = [' Spanish', '.', '<|im_end|>', '<|endoftext|>', '<|endoftext|>', '<|endoftext|>', '<|endoftext|>', '<|endoftext|>'] [HIT]
  L24: ' Spanish.<|im_end|><|endoftext|><|endoftext|><|endoftext|><|endoftext|><|endoftext|>' = [' Spanish', '.', '<|im_end|>', '<|endoftext|>', '<|endoftext|>', '<|endoftext|>', '<|endoftext|>', '<|endoftext|>'] [HIT]
  L25: ' Spanish.<|im_end|><|endoftext|><|endoftext|><|endoftext|><|endoftext|><|endoftext|>' = [' Spanish', '.', '<|im_end|>', '<|endoftext|>', '<|endoftext|>', '<|endoftext|>', '<|endoftext|>', '<|endoftext|>'] [HIT]
  L26: ' Spanish.<|im_end|><|endoftext|><|endoftext|><|endoftext|><|endoftext|><|endoftext|>' = [' Spanish', '.', '<|im_end|>', '<|endoftext|>', '<|endoftext|>', '<|endoftext|>', '<|endoftext|>', '<|endoftext|>'] [HIT]
  L27: ' Spanish.<|im_end|><|endoftext|><|endoftext|><|endoftext|><|endoftext|><|endoftext|>' = [' Spanish', '.', '<|im_end|>', '<|endoftext|>', '<|endoftext|>', '<|endoftext|>', '<|endoftext|>', '<|endoftext|>'] [HIT]
  L28: ' Spanish.<|im_end|><|endoftext|><|endoftext|><|endoftext|><|endoftext|><|endoftext|>' = [' Spanish', '.', '<|im_end|>', '<|endoftext|>', '<|endoftext|>', '<|endoftext|>', '<|endoftext|>', '<|endoftext|>'] [HIT]

row 123: base=GT -> source=FI  template=language_prefill_v6
  question: 'Name a language used in the country depicted in this image.'
  prefill : 'A language spoken there is'
  gold base   (expected unhooked) : ' Spanish' = [' Spanish']
  gold source (expected if swap works): ' Finnish' = [' Finnish']
  unhooked: ' Spanish, which is the official language of' = [' Spanish', ',', ' which', ' is', ' the', ' official', ' language', ' of']
  L19: ' Spanish.<|im_end|><|endoftext|><|endoftext|><|endoftext|><|endoftext|><|endoftext|>' = [' Spanish', '.', '<|im_end|>', '<|endoftext|>', '<|endoftext|>', '<|endoftext|>', '<|endoftext|>', '<|endoftext|>'] [base]
  L20: ' Spanish.<|im_end|><|endoftext|><|endoftext|><|endoftext|><|endoftext|><|endoftext|>' = [' Spanish', '.', '<|im_end|>', '<|endoftext|>', '<|endoftext|>', '<|endoftext|>', '<|endoftext|>', '<|endoftext|>'] [base]
  L21: ' Spanish.<|im_end|><|endoftext|><|endoftext|><|endoftext|><|endoftext|><|endoftext|>' = [' Spanish', '.', '<|im_end|>', '<|endoftext|>', '<|endoftext|>', '<|endoftext|>', '<|endoftext|>', '<|endoftext|>'] [base]
  L22: ' Spanish, which is the official language of' = [' Spanish', ',', ' which', ' is', ' the', ' official', ' language', ' of'] [base]
  L23: ' Finnish.<|im_end|><|endoftext|><|endoftext|><|endoftext|><|endoftext|><|endoftext|>' = [' Finnish', '.', '<|im_end|>', '<|endoftext|>', '<|endoftext|>', '<|endoftext|>', '<|endoftext|>', '<|endoftext|>'] [HIT]
  L24: ' Finnish.<|im_end|><|endoftext|><|endoftext|><|endoftext|><|endoftext|><|endoftext|>' = [' Finnish', '.', '<|im_end|>', '<|endoftext|>', '<|endoftext|>', '<|endoftext|>', '<|endoftext|>', '<|endoftext|>'] [HIT]
  L25: ' Finnish.<|im_end|><|endoftext|><|endoftext|><|endoftext|><|endoftext|><|endoftext|>' = [' Finnish', '.', '<|im_end|>', '<|endoftext|>', '<|endoftext|>', '<|endoftext|>', '<|endoftext|>', '<|endoftext|>'] [HIT]
  L26: ' Finnish.<|im_end|><|endoftext|><|endoftext|><|endoftext|><|endoftext|><|endoftext|>' = [' Finnish', '.', '<|im_end|>', '<|endoftext|>', '<|endoftext|>', '<|endoftext|>', '<|endoftext|>', '<|endoftext|>'] [HIT]
  L27: ' Finnish.<|im_end|><|endoftext|><|endoftext|><|endoftext|><|endoftext|><|endoftext|>' = [' Finnish', '.', '<|im_end|>', '<|endoftext|>', '<|endoftext|>', '<|endoftext|>', '<|endoftext|>', '<|endoftext|>'] [HIT]
  L28: ' Finnish.<|im_end|><|endoftext|><|endoftext|><|endoftext|><|endoftext|><|endoftext|>' = [' Finnish', '.', '<|im_end|>', '<|endoftext|>', '<|endoftext|>', '<|endoftext|>', '<|endoftext|>', '<|endoftext|>'] [HIT]

row 124: base=MX -> source=IN  template=language_prefill_v6
  question: 'Name a language used in the country depicted in this image.'
  prefill : 'A language spoken there is'
  gold base   (expected unhooked) : ' Spanish' = [' Spanish']
  gold source (expected if swap works): ' Hindi' = [' Hindi']
  unhooked: ' Spanish, which is the official language of' = [' Spanish', ',', ' which', ' is', ' the', ' official', ' language', ' of']
  L19: ' Spanish, which is the official language of' = [' Spanish', ',', ' which', ' is', ' the', ' official', ' language', ' of'] [base]
  L20: ' Spanish, which is the official language of' = [' Spanish', ',', ' which', ' is', ' the', ' official', ' language', ' of'] [base]
  L21: ' Spanish, which is the official language of' = [' Spanish', ',', ' which', ' is', ' the', ' official', ' language', ' of'] [base]
  L22: ' Spanish, which is the official language of' = [' Spanish', ',', ' which', ' is', ' the', ' official', ' language', ' of'] [base]
  L23: ' Hindi.<|im_end|><|endoftext|><|endoftext|><|endoftext|><|endoftext|><|endoftext|>' = [' Hindi', '.', '<|im_end|>', '<|endoftext|>', '<|endoftext|>', '<|endoftext|>', '<|endoftext|>', '<|endoftext|>'] [HIT]
  L24: ' Hindi.<|im_end|><|endoftext|><|endoftext|><|endoftext|><|endoftext|><|endoftext|>' = [' Hindi', '.', '<|im_end|>', '<|endoftext|>', '<|endoftext|>', '<|endoftext|>', '<|endoftext|>', '<|endoftext|>'] [HIT]
  L25: ' Hindi.<|im_end|><|endoftext|><|endoftext|><|endoftext|><|endoftext|><|endoftext|>' = [' Hindi', '.', '<|im_end|>', '<|endoftext|>', '<|endoftext|>', '<|endoftext|>', '<|endoftext|>', '<|endoftext|>'] [HIT]
  L26: ' Hindi.<|im_end|><|endoftext|><|endoftext|><|endoftext|><|endoftext|><|endoftext|>' = [' Hindi', '.', '<|im_end|>', '<|endoftext|>', '<|endoftext|>', '<|endoftext|>', '<|endoftext|>', '<|endoftext|>'] [HIT]
  L27: ' Hindi.<|im_end|><|endoftext|><|endoftext|><|endoftext|><|endoftext|><|endoftext|>' = [' Hindi', '.', '<|im_end|>', '<|endoftext|>', '<|endoftext|>', '<|endoftext|>', '<|endoftext|>', '<|endoftext|>'] [HIT]
  L28: ' Hindi.<|im_end|><|endoftext|><|endoftext|><|endoftext|><|endoftext|><|endoftext|>' = [' Hindi', '.', '<|im_end|>', '<|endoftext|>', '<|endoftext|>', '<|endoftext|>', '<|endoftext|>', '<|endoftext|>'] [HIT]

row 125: base=PT -> source=UA  template=language_prefill_v6
  question: 'Name a language used in the country depicted in this image.'
  prefill : 'A language spoken there is'
  gold base   (expected unhooked) : ' Portuguese' = [' Portuguese']
  gold source (expected if swap works): ' Ukrainian' = [' Ukrainian']
  unhooked: ' Portuguese.<|im_end|><|endoftext|><|endoftext|><|endoftext|><|endoftext|><|endoftext|>' = [' Portuguese', '.', '<|im_end|>', '<|endoftext|>', '<|endoftext|>', '<|endoftext|>', '<|endoftext|>', '<|endoftext|>']
  L19: ' Portuguese.<|im_end|><|endoftext|><|endoftext|><|endoftext|><|endoftext|><|endoftext|>' = [' Portuguese', '.', '<|im_end|>', '<|endoftext|>', '<|endoftext|>', '<|endoftext|>', '<|endoftext|>', '<|endoftext|>'] [base]
  L20: ' Portuguese.<|im_end|><|endoftext|><|endoftext|><|endoftext|><|endoftext|><|endoftext|>' = [' Portuguese', '.', '<|im_end|>', '<|endoftext|>', '<|endoftext|>', '<|endoftext|>', '<|endoftext|>', '<|endoftext|>'] [base]
  L21: ' Portuguese.<|im_end|><|endoftext|><|endoftext|><|endoftext|><|endoftext|><|endoftext|>' = [' Portuguese', '.', '<|im_end|>', '<|endoftext|>', '<|endoftext|>', '<|endoftext|>', '<|endoftext|>', '<|endoftext|>'] [base]
  L22: ' Portuguese.<|im_end|><|endoftext|><|endoftext|><|endoftext|><|endoftext|><|endoftext|>' = [' Portuguese', '.', '<|im_end|>', '<|endoftext|>', '<|endoftext|>', '<|endoftext|>', '<|endoftext|>', '<|endoftext|>'] [base]
  L23: ' Portuguese.<|im_end|><|endoftext|><|endoftext|><|endoftext|><|endoftext|><|endoftext|>' = [' Portuguese', '.', '<|im_end|>', '<|endoftext|>', '<|endoftext|>', '<|endoftext|>', '<|endoftext|>', '<|endoftext|>'] [base]
  L24: ' Ukrainian.<|im_end|><|endoftext|><|endoftext|><|endoftext|><|endoftext|><|endoftext|>' = [' Ukrainian', '.', '<|im_end|>', '<|endoftext|>', '<|endoftext|>', '<|endoftext|>', '<|endoftext|>', '<|endoftext|>'] [HIT]
  L25: ' Ukrainian.<|im_end|><|endoftext|><|endoftext|><|endoftext|><|endoftext|><|endoftext|>' = [' Ukrainian', '.', '<|im_end|>', '<|endoftext|>', '<|endoftext|>', '<|endoftext|>', '<|endoftext|>', '<|endoftext|>'] [HIT]
  L26: ' Ukrainian.<|im_end|><|endoftext|><|endoftext|><|endoftext|><|endoftext|><|endoftext|>' = [' Ukrainian', '.', '<|im_end|>', '<|endoftext|>', '<|endoftext|>', '<|endoftext|>', '<|endoftext|>', '<|endoftext|>'] [HIT]
  L27: ' Ukrainian.<|im_end|><|endoftext|><|endoftext|><|endoftext|><|endoftext|><|endoftext|>' = [' Ukrainian', '.', '<|im_end|>', '<|endoftext|>', '<|endoftext|>', '<|endoftext|>', '<|endoftext|>', '<|endoftext|>'] [HIT]
  L28: ' Ukrainian.<|im_end|><|endoftext|><|endoftext|><|endoftext|><|endoftext|><|endoftext|>' = [' Ukrainian', '.', '<|im_end|>', '<|endoftext|>', '<|endoftext|>', '<|endoftext|>', '<|endoftext|>', '<|endoftext|>'] [HIT]

row 126: base=UG -> source=CL  template=language_prefill_v5
  question: 'What language is officially spoken in the country shown in this flag?'
  prefill : 'The official language is'
  gold base   (expected unhooked) : ' English' = [' English']
  gold source (expected if swap works): ' Spanish' = [' Spanish']
  unhooked: ' English.<|im_end|><|endoftext|><|endoftext|><|endoftext|><|endoftext|><|endoftext|>' = [' English', '.', '<|im_end|>', '<|endoftext|>', '<|endoftext|>', '<|endoftext|>', '<|endoftext|>', '<|endoftext|>']
  L19: ' English, but Swahili is also' = [' English', ',', ' but', ' Sw', 'ah', 'ili', ' is', ' also'] [base]
  L20: ' English.<|im_end|><|endoftext|><|endoftext|><|endoftext|><|endoftext|><|endoftext|>' = [' English', '.', '<|im_end|>', '<|endoftext|>', '<|endoftext|>', '<|endoftext|>', '<|endoftext|>', '<|endoftext|>'] [base]
  L21: ' English.<|im_end|><|endoftext|><|endoftext|><|endoftext|><|endoftext|><|endoftext|>' = [' English', '.', '<|im_end|>', '<|endoftext|>', '<|endoftext|>', '<|endoftext|>', '<|endoftext|>', '<|endoftext|>'] [base]
  L22: ' English, but Swahili is also' = [' English', ',', ' but', ' Sw', 'ah', 'ili', ' is', ' also'] [base]
  L23: ' Spanish.<|im_end|><|endoftext|><|endoftext|><|endoftext|><|endoftext|><|endoftext|>' = [' Spanish', '.', '<|im_end|>', '<|endoftext|>', '<|endoftext|>', '<|endoftext|>', '<|endoftext|>', '<|endoftext|>'] [HIT]
  L24: ' Spanish.<|im_end|><|endoftext|><|endoftext|><|endoftext|><|endoftext|><|endoftext|>' = [' Spanish', '.', '<|im_end|>', '<|endoftext|>', '<|endoftext|>', '<|endoftext|>', '<|endoftext|>', '<|endoftext|>'] [HIT]
  L25: ' Spanish.<|im_end|><|endoftext|><|endoftext|><|endoftext|><|endoftext|><|endoftext|>' = [' Spanish', '.', '<|im_end|>', '<|endoftext|>', '<|endoftext|>', '<|endoftext|>', '<|endoftext|>', '<|endoftext|>'] [HIT]
  L26: ' Spanish.<|im_end|><|endoftext|><|endoftext|><|endoftext|><|endoftext|><|endoftext|>' = [' Spanish', '.', '<|im_end|>', '<|endoftext|>', '<|endoftext|>', '<|endoftext|>', '<|endoftext|>', '<|endoftext|>'] [HIT]
  L27: ' Spanish.<|im_end|><|endoftext|><|endoftext|><|endoftext|><|endoftext|><|endoftext|>' = [' Spanish', '.', '<|im_end|>', '<|endoftext|>', '<|endoftext|>', '<|endoftext|>', '<|endoftext|>', '<|endoftext|>'] [HIT]
  L28: ' Spanish.<|im_end|><|endoftext|><|endoftext|><|endoftext|><|endoftext|><|endoftext|>' = [' Spanish', '.', '<|im_end|>', '<|endoftext|>', '<|endoftext|>', '<|endoftext|>', '<|endoftext|>', '<|endoftext|>'] [HIT]

row 127: base=UA -> source=MA  template=language_prefill_v1
  question: 'Name an official language of the country in this image.'
  prefill : 'One official language is'
  gold base   (expected unhooked) : ' Ukrainian' = [' Ukrainian']
  gold source (expected if swap works): ' Arabic' = [' Arabic']
  unhooked: ' Ukrainian.<|im_end|><|endoftext|><|endoftext|><|endoftext|><|endoftext|><|endoftext|>' = [' Ukrainian', '.', '<|im_end|>', '<|endoftext|>', '<|endoftext|>', '<|endoftext|>', '<|endoftext|>', '<|endoftext|>']
  L19: ' Ukrainian.<|im_end|><|endoftext|><|endoftext|><|endoftext|><|endoftext|><|endoftext|>' = [' Ukrainian', '.', '<|im_end|>', '<|endoftext|>', '<|endoftext|>', '<|endoftext|>', '<|endoftext|>', '<|endoftext|>'] [base]
  L20: ' Ukrainian.<|im_end|><|endoftext|><|endoftext|><|endoftext|><|endoftext|><|endoftext|>' = [' Ukrainian', '.', '<|im_end|>', '<|endoftext|>', '<|endoftext|>', '<|endoftext|>', '<|endoftext|>', '<|endoftext|>'] [base]
  L21: ' Ukrainian.<|im_end|><|endoftext|><|endoftext|><|endoftext|><|endoftext|><|endoftext|>' = [' Ukrainian', '.', '<|im_end|>', '<|endoftext|>', '<|endoftext|>', '<|endoftext|>', '<|endoftext|>', '<|endoftext|>'] [base]
  L22: ' Ukrainian.<|im_end|><|endoftext|><|endoftext|><|endoftext|><|endoftext|><|endoftext|>' = [' Ukrainian', '.', '<|im_end|>', '<|endoftext|>', '<|endoftext|>', '<|endoftext|>', '<|endoftext|>', '<|endoftext|>'] [base]
  L23: ' Arabic.<|im_end|><|endoftext|><|endoftext|><|endoftext|><|endoftext|><|endoftext|>' = [' Arabic', '.', '<|im_end|>', '<|endoftext|>', '<|endoftext|>', '<|endoftext|>', '<|endoftext|>', '<|endoftext|>'] [HIT]
  L24: ' Arabic.<|im_end|><|endoftext|><|endoftext|><|endoftext|><|endoftext|><|endoftext|>' = [' Arabic', '.', '<|im_end|>', '<|endoftext|>', '<|endoftext|>', '<|endoftext|>', '<|endoftext|>', '<|endoftext|>'] [HIT]
  L25: ' Arabic.<|im_end|><|endoftext|><|endoftext|><|endoftext|><|endoftext|><|endoftext|>' = [' Arabic', '.', '<|im_end|>', '<|endoftext|>', '<|endoftext|>', '<|endoftext|>', '<|endoftext|>', '<|endoftext|>'] [HIT]
  L26: ' Arabic.<|im_end|><|endoftext|><|endoftext|><|endoftext|><|endoftext|><|endoftext|>' = [' Arabic', '.', '<|im_end|>', '<|endoftext|>', '<|endoftext|>', '<|endoftext|>', '<|endoftext|>', '<|endoftext|>'] [HIT]
  L27: ' Arabic.<|im_end|><|endoftext|><|endoftext|><|endoftext|><|endoftext|><|endoftext|>' = [' Arabic', '.', '<|im_end|>', '<|endoftext|>', '<|endoftext|>', '<|endoftext|>', '<|endoftext|>', '<|endoftext|>'] [HIT]
  L28: ' Arabic.<|im_end|><|endoftext|><|endoftext|><|endoftext|><|endoftext|><|endoftext|>' = [' Arabic', '.', '<|im_end|>', '<|endoftext|>', '<|endoftext|>', '<|endoftext|>', '<|endoftext|>', '<|endoftext|>'] [HIT]

row 128: base=VN -> source=MA  template=language_prefill_v3
  question: 'Tell me a language spoken in the country in this image.'
  prefill : 'A language spoken there is'
  gold base   (expected unhooked) : ' Vietnamese' = [' Vietnamese']
  gold source (expected if swap works): ' Arabic' = [' Arabic']
  unhooked: ' Vietnamese.<|im_end|><|endoftext|><|endoftext|><|endoftext|><|endoftext|><|endoftext|>' = [' Vietnamese', '.', '<|im_end|>', '<|endoftext|>', '<|endoftext|>', '<|endoftext|>', '<|endoftext|>', '<|endoftext|>']
  L19: ' Vietnamese.<|im_end|><|endoftext|><|endoftext|><|endoftext|><|endoftext|><|endoftext|>' = [' Vietnamese', '.', '<|im_end|>', '<|endoftext|>', '<|endoftext|>', '<|endoftext|>', '<|endoftext|>', '<|endoftext|>'] [base]
  L20: ' Vietnamese.<|im_end|><|endoftext|><|endoftext|><|endoftext|><|endoftext|><|endoftext|>' = [' Vietnamese', '.', '<|im_end|>', '<|endoftext|>', '<|endoftext|>', '<|endoftext|>', '<|endoftext|>', '<|endoftext|>'] [base]
  L21: ' Vietnamese.<|im_end|><|endoftext|><|endoftext|><|endoftext|><|endoftext|><|endoftext|>' = [' Vietnamese', '.', '<|im_end|>', '<|endoftext|>', '<|endoftext|>', '<|endoftext|>', '<|endoftext|>', '<|endoftext|>'] [base]
  L22: ' Vietnamese.<|im_end|><|endoftext|><|endoftext|><|endoftext|><|endoftext|><|endoftext|>' = [' Vietnamese', '.', '<|im_end|>', '<|endoftext|>', '<|endoftext|>', '<|endoftext|>', '<|endoftext|>', '<|endoftext|>'] [base]
  L23: ' Vietnamese.<|im_end|><|endoftext|><|endoftext|><|endoftext|><|endoftext|><|endoftext|>' = [' Vietnamese', '.', '<|im_end|>', '<|endoftext|>', '<|endoftext|>', '<|endoftext|>', '<|endoftext|>', '<|endoftext|>'] [base]
  L24: ' Arabic.<|im_end|><|endoftext|>' = [' Arabic', '.', '<|im_end|>', '<|endoftext|>'] [HIT]
  L25: ' Arabic.<|im_end|><|endoftext|>' = [' Arabic', '.', '<|im_end|>', '<|endoftext|>'] [HIT]
  L26: ' Arabic.<|im_end|><|endoftext|>' = [' Arabic', '.', '<|im_end|>', '<|endoftext|>'] [HIT]
  L27: ' Arabic.<|im_end|><|endoftext|>' = [' Arabic', '.', '<|im_end|>', '<|endoftext|>'] [HIT]
  L28: ' Dzongkha, which is' = [' D', 'z', 'ong', 'k', 'ha', ',', ' which', ' is'] [other]

row 129: base=IS -> source=CV  template=language_prefill_v6
  question: 'Name a language used in the country depicted in this image.'
  prefill : 'A language spoken there is'
  gold base   (expected unhooked) : ' Icelandic' = [' Icelandic']
  gold source (expected if swap works): ' Portuguese' = [' Portuguese']
  unhooked: ' Icelandic.<|im_end|><|endoftext|><|endoftext|><|endoftext|><|endoftext|><|endoftext|>' = [' Icelandic', '.', '<|im_end|>', '<|endoftext|>', '<|endoftext|>', '<|endoftext|>', '<|endoftext|>', '<|endoftext|>']
  L19: ' Icelandic.<|im_end|><|endoftext|><|endoftext|><|endoftext|><|endoftext|><|endoftext|>' = [' Icelandic', '.', '<|im_end|>', '<|endoftext|>', '<|endoftext|>', '<|endoftext|>', '<|endoftext|>', '<|endoftext|>'] [base]
  L20: ' Icelandic.<|im_end|><|endoftext|><|endoftext|><|endoftext|><|endoftext|><|endoftext|>' = [' Icelandic', '.', '<|im_end|>', '<|endoftext|>', '<|endoftext|>', '<|endoftext|>', '<|endoftext|>', '<|endoftext|>'] [base]
  L21: ' Icelandic.<|im_end|><|endoftext|><|endoftext|><|endoftext|><|endoftext|><|endoftext|>' = [' Icelandic', '.', '<|im_end|>', '<|endoftext|>', '<|endoftext|>', '<|endoftext|>', '<|endoftext|>', '<|endoftext|>'] [base]
  L22: ' Icelandic.<|im_end|><|endoftext|><|endoftext|><|endoftext|><|endoftext|><|endoftext|>' = [' Icelandic', '.', '<|im_end|>', '<|endoftext|>', '<|endoftext|>', '<|endoftext|>', '<|endoftext|>', '<|endoftext|>'] [base]
  L23: ' Portuguese.<|im_end|><|endoftext|><|endoftext|><|endoftext|><|endoftext|><|endoftext|>' = [' Portuguese', '.', '<|im_end|>', '<|endoftext|>', '<|endoftext|>', '<|endoftext|>', '<|endoftext|>', '<|endoftext|>'] [HIT]
  L24: ' Portuguese.<|im_end|><|endoftext|>' = [' Portuguese', '.', '<|im_end|>', '<|endoftext|>'] [HIT]
  L25: ' Portuguese.<|im_end|><|endoftext|>' = [' Portuguese', '.', '<|im_end|>', '<|endoftext|>'] [HIT]
  L26: ' Portuguese.<|im_end|><|endoftext|>' = [' Portuguese', '.', '<|im_end|>', '<|endoftext|>'] [HIT]
  L27: ' Portuguese.<|im_end|><|endoftext|>' = [' Portuguese', '.', '<|im_end|>', '<|endoftext|>'] [HIT]
  L28: ' Bokmål, which is one' = [' B', 'ok', 'm', 'ål', ',', ' which', ' is', ' one'] [other]

row 130: base=BY -> source=PT  template=language_prefill_v6
  question: 'Name a language used in the country depicted in this image.'
  prefill : 'A language spoken there is'
  gold base   (expected unhooked) : ' Belarusian' = [' Belarus', 'ian']
  gold source (expected if swap works): ' Portuguese' = [' Portuguese']
  unhooked: ' Belarusian.<|im_end|><|endoftext|><|endoftext|><|endoftext|><|endoftext|>' = [' Belarus', 'ian', '.', '<|im_end|>', '<|endoftext|>', '<|endoftext|>', '<|endoftext|>', '<|endoftext|>']
  L19: ' Belarusian.<|im_end|><|endoftext|><|endoftext|><|endoftext|><|endoftext|>' = [' Belarus', 'ian', '.', '<|im_end|>', '<|endoftext|>', '<|endoftext|>', '<|endoftext|>', '<|endoftext|>'] [base]
  L20: ' Belarusian.<|im_end|><|endoftext|><|endoftext|><|endoftext|><|endoftext|>' = [' Belarus', 'ian', '.', '<|im_end|>', '<|endoftext|>', '<|endoftext|>', '<|endoftext|>', '<|endoftext|>'] [base]
  L21: ' Belarusian.<|im_end|><|endoftext|><|endoftext|><|endoftext|><|endoftext|>' = [' Belarus', 'ian', '.', '<|im_end|>', '<|endoftext|>', '<|endoftext|>', '<|endoftext|>', '<|endoftext|>'] [base]
  L22: ' Belarusian.<|im_end|><|endoftext|><|endoftext|><|endoftext|><|endoftext|>' = [' Belarus', 'ian', '.', '<|im_end|>', '<|endoftext|>', '<|endoftext|>', '<|endoftext|>', '<|endoftext|>'] [base]
  L23: ' Portuguese.<|im_end|><|endoftext|><|endoftext|><|endoftext|><|endoftext|><|endoftext|>' = [' Portuguese', '.', '<|im_end|>', '<|endoftext|>', '<|endoftext|>', '<|endoftext|>', '<|endoftext|>', '<|endoftext|>'] [HIT]
  L24: ' Portuguese.<|im_end|><|endoftext|>' = [' Portuguese', '.', '<|im_end|>', '<|endoftext|>'] [HIT]
  L25: ' Portuguese.<|im_end|><|endoftext|>' = [' Portuguese', '.', '<|im_end|>', '<|endoftext|>'] [HIT]
  L26: ' Portuguese.<|im_end|><|endoftext|>' = [' Portuguese', '.', '<|im_end|>', '<|endoftext|>'] [HIT]
  L27: ' Portuguese.<|im_end|><|endoftext|>' = [' Portuguese', '.', '<|im_end|>', '<|endoftext|>'] [HIT]
  L28: ' Portuguese.<|im_end|><|endoftext|><|endoftext|><|endoftext|><|endoftext|><|endoftext|>' = [' Portuguese', '.', '<|im_end|>', '<|endoftext|>', '<|endoftext|>', '<|endoftext|>', '<|endoftext|>', '<|endoftext|>'] [HIT]

row 131: base=IN -> source=AO  template=language_prefill_v3
  question: 'Tell me a language spoken in the country in this image.'
  prefill : 'A language spoken there is'
  gold base   (expected unhooked) : ' Hindi' = [' Hindi']
  gold source (expected if swap works): ' Portuguese' = [' Portuguese']
  unhooked: ' Hindi, which is one of the official' = [' Hindi', ',', ' which', ' is', ' one', ' of', ' the', ' official']
  L19: ' Hindi, which is one of the official' = [' Hindi', ',', ' which', ' is', ' one', ' of', ' the', ' official'] [base]
  L20: ' Hindi, which is one of the official' = [' Hindi', ',', ' which', ' is', ' one', ' of', ' the', ' official'] [base]
  L21: ' Hindi, which is one of the official' = [' Hindi', ',', ' which', ' is', ' one', ' of', ' the', ' official'] [base]
  L22: ' Hindi, which is one of the official' = [' Hindi', ',', ' which', ' is', ' one', ' of', ' the', ' official'] [base]
  L23: ' Portuguese.<|im_end|><|endoftext|><|endoftext|><|endoftext|><|endoftext|><|endoftext|>' = [' Portuguese', '.', '<|im_end|>', '<|endoftext|>', '<|endoftext|>', '<|endoftext|>', '<|endoftext|>', '<|endoftext|>'] [HIT]
  L24: ' Portuguese.<|im_end|><|endoftext|>' = [' Portuguese', '.', '<|im_end|>', '<|endoftext|>'] [HIT]
  L25: ' Portuguese.<|im_end|><|endoftext|>' = [' Portuguese', '.', '<|im_end|>', '<|endoftext|>'] [HIT]
  L26: ' Portuguese.<|im_end|><|endoftext|>' = [' Portuguese', '.', '<|im_end|>', '<|endoftext|>'] [HIT]
  L27: ' Portuguese.<|im_end|><|endoftext|>' = [' Portuguese', '.', '<|im_end|>', '<|endoftext|>'] [HIT]
  L28: ' Khojki, which is an' = [' K', 'ho', 'j', 'ki', ',', ' which', ' is', ' an'] [other]

row 132: base=ZM -> source=BY  template=language_prefill_v4
  question: 'Identify one of the official languages of the country in this image.'
  prefill : 'One official language is'
  gold base   (expected unhooked) : ' English' = [' English']
  gold source (expected if swap works): ' Belarusian' = [' Belarus', 'ian']
  unhooked: ' English.<|im_end|><|endoftext|><|endoftext|><|endoftext|><|endoftext|><|endoftext|>' = [' English', '.', '<|im_end|>', '<|endoftext|>', '<|endoftext|>', '<|endoftext|>', '<|endoftext|>', '<|endoftext|>']
  L19: ' English.<|im_end|><|endoftext|><|endoftext|><|endoftext|><|endoftext|><|endoftext|>' = [' English', '.', '<|im_end|>', '<|endoftext|>', '<|endoftext|>', '<|endoftext|>', '<|endoftext|>', '<|endoftext|>'] [base]
  L20: ' English.<|im_end|><|endoftext|><|endoftext|><|endoftext|><|endoftext|><|endoftext|>' = [' English', '.', '<|im_end|>', '<|endoftext|>', '<|endoftext|>', '<|endoftext|>', '<|endoftext|>', '<|endoftext|>'] [base]
  L21: ' English.<|im_end|><|endoftext|><|endoftext|><|endoftext|><|endoftext|><|endoftext|>' = [' English', '.', '<|im_end|>', '<|endoftext|>', '<|endoftext|>', '<|endoftext|>', '<|endoftext|>', '<|endoftext|>'] [base]
  L22: ' Zambian English.<|im_end|><|endoftext|><|endoftext|>' = [' Z', 'amb', 'ian', ' English', '.', '<|im_end|>', '<|endoftext|>', '<|endoftext|>'] [other]
  L23: ' Russian.<|im_end|><|endoftext|><|endoftext|><|endoftext|><|endoftext|><|endoftext|>' = [' Russian', '.', '<|im_end|>', '<|endoftext|>', '<|endoftext|>', '<|endoftext|>', '<|endoftext|>', '<|endoftext|>'] [other]
  L24: ' Belarusian.<|im_end|>' = [' Belarus', 'ian', '.', '<|im_end|>'] [HIT]
  L25: ' Belarusian.<|im_end|>' = [' Belarus', 'ian', '.', '<|im_end|>'] [HIT]
  L26: ' Belarusian.<|im_end|>' = [' Belarus', 'ian', '.', '<|im_end|>'] [HIT]
  L27: ' Belarusian.<|im_end|>' = [' Belarus', 'ian', '.', '<|im_end|>'] [HIT]
  L28: ' Belarusian.<|im_end|><|endoftext|><|endoftext|><|endoftext|><|endoftext|>' = [' Belarus', 'ian', '.', '<|im_end|>', '<|endoftext|>', '<|endoftext|>', '<|endoftext|>', '<|endoftext|>'] [HIT]

row 133: base=CL -> source=TH  template=language_prefill_v3
  question: 'Tell me a language spoken in the country in this image.'
  prefill : 'A language spoken there is'
  gold base   (expected unhooked) : ' Spanish' = [' Spanish']
  gold source (expected if swap works): ' Thai' = [' Thai']
  unhooked: ' Spanish.<|im_end|><|endoftext|><|endoftext|><|endoftext|><|endoftext|><|endoftext|>' = [' Spanish', '.', '<|im_end|>', '<|endoftext|>', '<|endoftext|>', '<|endoftext|>', '<|endoftext|>', '<|endoftext|>']
  L19: ' Spanish.<|im_end|><|endoftext|><|endoftext|><|endoftext|><|endoftext|><|endoftext|>' = [' Spanish', '.', '<|im_end|>', '<|endoftext|>', '<|endoftext|>', '<|endoftext|>', '<|endoftext|>', '<|endoftext|>'] [base]
  L20: ' Spanish.<|im_end|><|endoftext|><|endoftext|><|endoftext|><|endoftext|><|endoftext|>' = [' Spanish', '.', '<|im_end|>', '<|endoftext|>', '<|endoftext|>', '<|endoftext|>', '<|endoftext|>', '<|endoftext|>'] [base]
  L21: ' Spanish.<|im_end|><|endoftext|><|endoftext|><|endoftext|><|endoftext|><|endoftext|>' = [' Spanish', '.', '<|im_end|>', '<|endoftext|>', '<|endoftext|>', '<|endoftext|>', '<|endoftext|>', '<|endoftext|>'] [base]
  L22: ' Spanish.<|im_end|><|endoftext|><|endoftext|><|endoftext|><|endoftext|><|endoftext|>' = [' Spanish', '.', '<|im_end|>', '<|endoftext|>', '<|endoftext|>', '<|endoftext|>', '<|endoftext|>', '<|endoftext|>'] [base]
  L23: ' Spanish.<|im_end|><|endoftext|><|endoftext|><|endoftext|><|endoftext|><|endoftext|>' = [' Spanish', '.', '<|im_end|>', '<|endoftext|>', '<|endoftext|>', '<|endoftext|>', '<|endoftext|>', '<|endoftext|>'] [base]
  L24: ' Thai.<|im_end|><|endoftext|>' = [' Thai', '.', '<|im_end|>', '<|endoftext|>'] [HIT]
  L25: ' Thai.<|im_end|><|endoftext|>' = [' Thai', '.', '<|im_end|>', '<|endoftext|>'] [HIT]
  L26: ' Thai.<|im_end|><|endoftext|>' = [' Thai', '.', '<|im_end|>', '<|endoftext|>'] [HIT]
  L27: ' Thai.<|im_end|><|endoftext|>' = [' Thai', '.', '<|im_end|>', '<|endoftext|>'] [HIT]
  L28: ' Thai.<|im_end|><|endoftext|><|endoftext|><|endoftext|><|endoftext|><|endoftext|>' = [' Thai', '.', '<|im_end|>', '<|endoftext|>', '<|endoftext|>', '<|endoftext|>', '<|endoftext|>', '<|endoftext|>'] [HIT]

row 134: base=PT -> source=PY  template=language_prefill_v5
  question: 'What language is officially spoken in the country shown in this flag?'
  prefill : 'The official language is'
  gold base   (expected unhooked) : ' Portuguese' = [' Portuguese']
  gold source (expected if swap works): ' Spanish' = [' Spanish']
  unhooked: ' Portuguese.<|im_end|><|endoftext|><|endoftext|><|endoftext|><|endoftext|><|endoftext|>' = [' Portuguese', '.', '<|im_end|>', '<|endoftext|>', '<|endoftext|>', '<|endoftext|>', '<|endoftext|>', '<|endoftext|>']
  L19: ' Portuguese. The flag in the image is' = [' Portuguese', '.', ' The', ' flag', ' in', ' the', ' image', ' is'] [base]
  L20: ' Portuguese.<|im_end|><|endoftext|><|endoftext|><|endoftext|><|endoftext|><|endoftext|>' = [' Portuguese', '.', '<|im_end|>', '<|endoftext|>', '<|endoftext|>', '<|endoftext|>', '<|endoftext|>', '<|endoftext|>'] [base]
  L21: ' Portuguese.<|im_end|><|endoftext|><|endoftext|><|endoftext|><|endoftext|><|endoftext|>' = [' Portuguese', '.', '<|im_end|>', '<|endoftext|>', '<|endoftext|>', '<|endoftext|>', '<|endoftext|>', '<|endoftext|>'] [base]
  L22: ' Portuguese.<|im_end|><|endoftext|><|endoftext|><|endoftext|><|endoftext|><|endoftext|>' = [' Portuguese', '.', '<|im_end|>', '<|endoftext|>', '<|endoftext|>', '<|endoftext|>', '<|endoftext|>', '<|endoftext|>'] [base]
  L23: ' Portuguese. The flag in the image is' = [' Portuguese', '.', ' The', ' flag', ' in', ' the', ' image', ' is'] [base]
  L24: ' Spanish.<|im_end|><|endoftext|>' = [' Spanish', '.', '<|im_end|>', '<|endoftext|>'] [HIT]
  L25: ' Spanish.<|im_end|><|endoftext|>' = [' Spanish', '.', '<|im_end|>', '<|endoftext|>'] [HIT]
  L26: ' Spanish.<|im_end|><|endoftext|>' = [' Spanish', '.', '<|im_end|>', '<|endoftext|>'] [HIT]
  L27: ' Spanish.<|im_end|><|endoftext|>' = [' Spanish', '.', '<|im_end|>', '<|endoftext|>'] [HIT]
  L28: ' Spanish.<|im_end|><|endoftext|><|endoftext|><|endoftext|><|endoftext|><|endoftext|>' = [' Spanish', '.', '<|im_end|>', '<|endoftext|>', '<|endoftext|>', '<|endoftext|>', '<|endoftext|>', '<|endoftext|>'] [HIT]

row 135: base=SE -> source=UA  template=language_prefill_v3
  question: 'Tell me a language spoken in the country in this image.'
  prefill : 'A language spoken there is'
  gold base   (expected unhooked) : ' Swedish' = [' Swedish']
  gold source (expected if swap works): ' Ukrainian' = [' Ukrainian']
  unhooked: ' Swedish.<|im_end|><|endoftext|><|endoftext|><|endoftext|><|endoftext|><|endoftext|>' = [' Swedish', '.', '<|im_end|>', '<|endoftext|>', '<|endoftext|>', '<|endoftext|>', '<|endoftext|>', '<|endoftext|>']
  L19: ' Swedish.<|im_end|><|endoftext|><|endoftext|><|endoftext|><|endoftext|><|endoftext|>' = [' Swedish', '.', '<|im_end|>', '<|endoftext|>', '<|endoftext|>', '<|endoftext|>', '<|endoftext|>', '<|endoftext|>'] [base]
  L20: ' Swedish.<|im_end|><|endoftext|><|endoftext|><|endoftext|><|endoftext|><|endoftext|>' = [' Swedish', '.', '<|im_end|>', '<|endoftext|>', '<|endoftext|>', '<|endoftext|>', '<|endoftext|>', '<|endoftext|>'] [base]
  L21: ' Swedish.<|im_end|><|endoftext|><|endoftext|><|endoftext|><|endoftext|><|endoftext|>' = [' Swedish', '.', '<|im_end|>', '<|endoftext|>', '<|endoftext|>', '<|endoftext|>', '<|endoftext|>', '<|endoftext|>'] [base]
  L22: ' Swedish.<|im_end|><|endoftext|><|endoftext|><|endoftext|><|endoftext|><|endoftext|>' = [' Swedish', '.', '<|im_end|>', '<|endoftext|>', '<|endoftext|>', '<|endoftext|>', '<|endoftext|>', '<|endoftext|>'] [base]
  L23: ' Swedish.<|im_end|><|endoftext|><|endoftext|><|endoftext|><|endoftext|><|endoftext|>' = [' Swedish', '.', '<|im_end|>', '<|endoftext|>', '<|endoftext|>', '<|endoftext|>', '<|endoftext|>', '<|endoftext|>'] [base]
  L24: ' Ukrainian.<|im_end|><|endoftext|>' = [' Ukrainian', '.', '<|im_end|>', '<|endoftext|>'] [HIT]
  L25: ' Ukrainian.<|im_end|><|endoftext|>' = [' Ukrainian', '.', '<|im_end|>', '<|endoftext|>'] [HIT]
  L26: ' Ukrainian.<|im_end|><|endoftext|>' = [' Ukrainian', '.', '<|im_end|>', '<|endoftext|>'] [HIT]
  L27: ' Ukrainian.<|im_end|><|endoftext|>' = [' Ukrainian', '.', '<|im_end|>', '<|endoftext|>'] [HIT]
  L28: ' Ukrainian.<|im_end|><|endoftext|><|endoftext|><|endoftext|><|endoftext|><|endoftext|>' = [' Ukrainian', '.', '<|im_end|>', '<|endoftext|>', '<|endoftext|>', '<|endoftext|>', '<|endoftext|>', '<|endoftext|>'] [HIT]

row 136: base=UA -> source=CV  template=language_prefill_v2
  question: 'What is the official language of the country shown in this flag?'
  prefill : 'The official language is'
  gold base   (expected unhooked) : ' Ukrainian' = [' Ukrainian']
  gold source (expected if swap works): ' Portuguese' = [' Portuguese']
  unhooked: ' Ukrainian.<|im_end|><|endoftext|><|endoftext|><|endoftext|><|endoftext|><|endoftext|>' = [' Ukrainian', '.', '<|im_end|>', '<|endoftext|>', '<|endoftext|>', '<|endoftext|>', '<|endoftext|>', '<|endoftext|>']
  L19: ' Ukrainian.<|im_end|><|endoftext|><|endoftext|><|endoftext|><|endoftext|><|endoftext|>' = [' Ukrainian', '.', '<|im_end|>', '<|endoftext|>', '<|endoftext|>', '<|endoftext|>', '<|endoftext|>', '<|endoftext|>'] [base]
  L20: ' Ukrainian.<|im_end|><|endoftext|><|endoftext|><|endoftext|><|endoftext|><|endoftext|>' = [' Ukrainian', '.', '<|im_end|>', '<|endoftext|>', '<|endoftext|>', '<|endoftext|>', '<|endoftext|>', '<|endoftext|>'] [base]
  L21: ' Ukrainian.<|im_end|><|endoftext|><|endoftext|><|endoftext|><|endoftext|><|endoftext|>' = [' Ukrainian', '.', '<|im_end|>', '<|endoftext|>', '<|endoftext|>', '<|endoftext|>', '<|endoftext|>', '<|endoftext|>'] [base]
  L22: ' Ukrainian.<|im_end|><|endoftext|><|endoftext|><|endoftext|><|endoftext|><|endoftext|>' = [' Ukrainian', '.', '<|im_end|>', '<|endoftext|>', '<|endoftext|>', '<|endoftext|>', '<|endoftext|>', '<|endoftext|>'] [base]
  L23: ' Portuguese.<|im_end|><|endoftext|><|endoftext|><|endoftext|><|endoftext|><|endoftext|>' = [' Portuguese', '.', '<|im_end|>', '<|endoftext|>', '<|endoftext|>', '<|endoftext|>', '<|endoftext|>', '<|endoftext|>'] [HIT]
  L24: ' Portuguese.<|im_end|><|endoftext|>' = [' Portuguese', '.', '<|im_end|>', '<|endoftext|>'] [HIT]
  L25: ' Portuguese.<|im_end|><|endoftext|>' = [' Portuguese', '.', '<|im_end|>', '<|endoftext|>'] [HIT]
  L26: ' Portuguese.<|im_end|><|endoftext|>' = [' Portuguese', '.', '<|im_end|>', '<|endoftext|>'] [HIT]
  L27: ' Portuguese.<|im_end|><|endoftext|>' = [' Portuguese', '.', '<|im_end|>', '<|endoftext|>'] [HIT]
  L28: ' Portuguese.<|im_end|><|endoftext|><|endoftext|><|endoftext|><|endoftext|><|endoftext|>' = [' Portuguese', '.', '<|im_end|>', '<|endoftext|>', '<|endoftext|>', '<|endoftext|>', '<|endoftext|>', '<|endoftext|>'] [HIT]

row 137: base=IN -> source=HN  template=language_prefill_v6
  question: 'Name a language used in the country depicted in this image.'
  prefill : 'A language spoken there is'
  gold base   (expected unhooked) : ' Hindi' = [' Hindi']
  gold source (expected if swap works): ' Spanish' = [' Spanish']
  unhooked: ' Hindi.<|im_end|><|endoftext|><|endoftext|><|endoftext|><|endoftext|><|endoftext|>' = [' Hindi', '.', '<|im_end|>', '<|endoftext|>', '<|endoftext|>', '<|endoftext|>', '<|endoftext|>', '<|endoftext|>']
  L19: ' Hindi, which is one of the official' = [' Hindi', ',', ' which', ' is', ' one', ' of', ' the', ' official'] [base]
  L20: ' Hindi.<|im_end|><|endoftext|><|endoftext|><|endoftext|><|endoftext|><|endoftext|>' = [' Hindi', '.', '<|im_end|>', '<|endoftext|>', '<|endoftext|>', '<|endoftext|>', '<|endoftext|>', '<|endoftext|>'] [base]
  L21: ' Hindi.<|im_end|><|endoftext|><|endoftext|><|endoftext|><|endoftext|><|endoftext|>' = [' Hindi', '.', '<|im_end|>', '<|endoftext|>', '<|endoftext|>', '<|endoftext|>', '<|endoftext|>', '<|endoftext|>'] [base]
  L22: ' Hindi.<|im_end|><|endoftext|><|endoftext|><|endoftext|><|endoftext|><|endoftext|>' = [' Hindi', '.', '<|im_end|>', '<|endoftext|>', '<|endoftext|>', '<|endoftext|>', '<|endoftext|>', '<|endoftext|>'] [base]
  L23: ' Spanish.<|im_end|><|endoftext|><|endoftext|><|endoftext|><|endoftext|><|endoftext|>' = [' Spanish', '.', '<|im_end|>', '<|endoftext|>', '<|endoftext|>', '<|endoftext|>', '<|endoftext|>', '<|endoftext|>'] [HIT]
  L24: ' Spanish.<|im_end|><|endoftext|>' = [' Spanish', '.', '<|im_end|>', '<|endoftext|>'] [HIT]
  L25: ' Spanish.<|im_end|><|endoftext|>' = [' Spanish', '.', '<|im_end|>', '<|endoftext|>'] [HIT]
  L26: ' Spanish.<|im_end|><|endoftext|>' = [' Spanish', '.', '<|im_end|>', '<|endoftext|>'] [HIT]
  L27: ' Spanish.<|im_end|><|endoftext|>' = [' Spanish', '.', '<|im_end|>', '<|endoftext|>'] [HIT]
  L28: ' Spanish.<|im_end|><|endoftext|><|endoftext|><|endoftext|><|endoftext|><|endoftext|>' = [' Spanish', '.', '<|im_end|>', '<|endoftext|>', '<|endoftext|>', '<|endoftext|>', '<|endoftext|>', '<|endoftext|>'] [HIT]

row 138: base=FI -> source=IN  template=language_prefill_v2
  question: 'What is the official language of the country shown in this flag?'
  prefill : 'The official language is'
  gold base   (expected unhooked) : ' Finnish' = [' Finnish']
  gold source (expected if swap works): ' Hindi' = [' Hindi']
  unhooked: ' Finnish.<|im_end|><|endoftext|><|endoftext|><|endoftext|><|endoftext|><|endoftext|>' = [' Finnish', '.', '<|im_end|>', '<|endoftext|>', '<|endoftext|>', '<|endoftext|>', '<|endoftext|>', '<|endoftext|>']
  L19: ' Finnish.<|im_end|><|endoftext|><|endoftext|><|endoftext|><|endoftext|><|endoftext|>' = [' Finnish', '.', '<|im_end|>', '<|endoftext|>', '<|endoftext|>', '<|endoftext|>', '<|endoftext|>', '<|endoftext|>'] [base]
  L20: ' Finnish.<|im_end|><|endoftext|><|endoftext|><|endoftext|><|endoftext|><|endoftext|>' = [' Finnish', '.', '<|im_end|>', '<|endoftext|>', '<|endoftext|>', '<|endoftext|>', '<|endoftext|>', '<|endoftext|>'] [base]
  L21: ' Finnish.<|im_end|><|endoftext|><|endoftext|><|endoftext|><|endoftext|><|endoftext|>' = [' Finnish', '.', '<|im_end|>', '<|endoftext|>', '<|endoftext|>', '<|endoftext|>', '<|endoftext|>', '<|endoftext|>'] [base]
  L22: ' Finnish.<|im_end|><|endoftext|><|endoftext|><|endoftext|><|endoftext|><|endoftext|>' = [' Finnish', '.', '<|im_end|>', '<|endoftext|>', '<|endoftext|>', '<|endoftext|>', '<|endoftext|>', '<|endoftext|>'] [base]
  L23: ' Hindi.<|im_end|><|endoftext|><|endoftext|><|endoftext|><|endoftext|><|endoftext|>' = [' Hindi', '.', '<|im_end|>', '<|endoftext|>', '<|endoftext|>', '<|endoftext|>', '<|endoftext|>', '<|endoftext|>'] [HIT]
  L24: ' Hindi.<|im_end|><|endoftext|>' = [' Hindi', '.', '<|im_end|>', '<|endoftext|>'] [HIT]
  L25: ' Hindi.<|im_end|><|endoftext|>' = [' Hindi', '.', '<|im_end|>', '<|endoftext|>'] [HIT]
  L26: ' Hindi.<|im_end|><|endoftext|>' = [' Hindi', '.', '<|im_end|>', '<|endoftext|>'] [HIT]
  L27: ' Hindi.<|im_end|><|endoftext|>' = [' Hindi', '.', '<|im_end|>', '<|endoftext|>'] [HIT]
  L28: ' Hindi.<|im_end|><|endoftext|><|endoftext|><|endoftext|><|endoftext|><|endoftext|>' = [' Hindi', '.', '<|im_end|>', '<|endoftext|>', '<|endoftext|>', '<|endoftext|>', '<|endoftext|>', '<|endoftext|>'] [HIT]

row 139: base=GR -> source=CV  template=language_prefill_v6
  question: 'Name a language used in the country depicted in this image.'
  prefill : 'A language spoken there is'
  gold base   (expected unhooked) : ' Greek' = [' Greek']
  gold source (expected if swap works): ' Portuguese' = [' Portuguese']
  unhooked: ' Greek.<|im_end|><|endoftext|><|endoftext|><|endoftext|><|endoftext|><|endoftext|>' = [' Greek', '.', '<|im_end|>', '<|endoftext|>', '<|endoftext|>', '<|endoftext|>', '<|endoftext|>', '<|endoftext|>']
  L19: ' Greek.<|im_end|><|endoftext|><|endoftext|><|endoftext|><|endoftext|><|endoftext|>' = [' Greek', '.', '<|im_end|>', '<|endoftext|>', '<|endoftext|>', '<|endoftext|>', '<|endoftext|>', '<|endoftext|>'] [base]
  L20: ' Greek.<|im_end|><|endoftext|><|endoftext|><|endoftext|><|endoftext|><|endoftext|>' = [' Greek', '.', '<|im_end|>', '<|endoftext|>', '<|endoftext|>', '<|endoftext|>', '<|endoftext|>', '<|endoftext|>'] [base]
  L21: ' Greek.<|im_end|><|endoftext|><|endoftext|><|endoftext|><|endoftext|><|endoftext|>' = [' Greek', '.', '<|im_end|>', '<|endoftext|>', '<|endoftext|>', '<|endoftext|>', '<|endoftext|>', '<|endoftext|>'] [base]
  L22: ' Greek.<|im_end|><|endoftext|><|endoftext|><|endoftext|><|endoftext|><|endoftext|>' = [' Greek', '.', '<|im_end|>', '<|endoftext|>', '<|endoftext|>', '<|endoftext|>', '<|endoftext|>', '<|endoftext|>'] [base]
  L23: ' Greek.<|im_end|><|endoftext|><|endoftext|><|endoftext|><|endoftext|><|endoftext|>' = [' Greek', '.', '<|im_end|>', '<|endoftext|>', '<|endoftext|>', '<|endoftext|>', '<|endoftext|>', '<|endoftext|>'] [base]
  L24: ' Portuguese.<|im_end|><|endoftext|>' = [' Portuguese', '.', '<|im_end|>', '<|endoftext|>'] [HIT]
  L25: ' Portuguese.<|im_end|><|endoftext|>' = [' Portuguese', '.', '<|im_end|>', '<|endoftext|>'] [HIT]
  L26: ' Portuguese.<|im_end|><|endoftext|>' = [' Portuguese', '.', '<|im_end|>', '<|endoftext|>'] [HIT]
  L27: ' Portuguese.<|im_end|><|endoftext|>' = [' Portuguese', '.', '<|im_end|>', '<|endoftext|>'] [HIT]
  L28: ' Bokmål, which is one' = [' B', 'ok', 'm', 'ål', ',', ' which', ' is', ' one'] [other]

row 140: base=AO -> source=MU  template=language_prefill_v4
  question: 'Identify one of the official languages of the country in this image.'
  prefill : 'One official language is'
  gold base   (expected unhooked) : ' Portuguese' = [' Portuguese']
  gold source (expected if swap works): ' French' = [' French']
  unhooked: ' Portuguese.<|im_end|><|endoftext|><|endoftext|><|endoftext|><|endoftext|><|endoftext|>' = [' Portuguese', '.', '<|im_end|>', '<|endoftext|>', '<|endoftext|>', '<|endoftext|>', '<|endoftext|>', '<|endoftext|>']
  L19: ' Portuguese.<|im_end|><|endoftext|><|endoftext|><|endoftext|><|endoftext|><|endoftext|>' = [' Portuguese', '.', '<|im_end|>', '<|endoftext|>', '<|endoftext|>', '<|endoftext|>', '<|endoftext|>', '<|endoftext|>'] [base]
  L20: ' Portuguese.<|im_end|><|endoftext|><|endoftext|><|endoftext|><|endoftext|><|endoftext|>' = [' Portuguese', '.', '<|im_end|>', '<|endoftext|>', '<|endoftext|>', '<|endoftext|>', '<|endoftext|>', '<|endoftext|>'] [base]
  L21: ' Portuguese.<|im_end|><|endoftext|><|endoftext|><|endoftext|><|endoftext|><|endoftext|>' = [' Portuguese', '.', '<|im_end|>', '<|endoftext|>', '<|endoftext|>', '<|endoftext|>', '<|endoftext|>', '<|endoftext|>'] [base]
  L22: ' Portuguese.<|im_end|><|endoftext|><|endoftext|><|endoftext|><|endoftext|><|endoftext|>' = [' Portuguese', '.', '<|im_end|>', '<|endoftext|>', '<|endoftext|>', '<|endoftext|>', '<|endoftext|>', '<|endoftext|>'] [base]
  L23: ' Portuguese.<|im_end|><|endoftext|><|endoftext|><|endoftext|><|endoftext|><|endoftext|>' = [' Portuguese', '.', '<|im_end|>', '<|endoftext|>', '<|endoftext|>', '<|endoftext|>', '<|endoftext|>', '<|endoftext|>'] [base]
  L24: ' French.<|im_end|><|endoftext|>' = [' French', '.', '<|im_end|>', '<|endoftext|>'] [HIT]
  L25: ' French.<|im_end|><|endoftext|>' = [' French', '.', '<|im_end|>', '<|endoftext|>'] [HIT]
  L26: ' French.<|im_end|><|endoftext|>' = [' French', '.', '<|im_end|>', '<|endoftext|>'] [HIT]
  L27: ' French.<|im_end|><|endoftext|>' = [' French', '.', '<|im_end|>', '<|endoftext|>'] [HIT]
  L28: ' French.<|im_end|><|endoftext|><|endoftext|><|endoftext|><|endoftext|><|endoftext|>' = [' French', '.', '<|im_end|>', '<|endoftext|>', '<|endoftext|>', '<|endoftext|>', '<|endoftext|>', '<|endoftext|>'] [HIT]

row 141: base=GT -> source=CM  template=language_prefill_v1
  question: 'Name an official language of the country in this image.'
  prefill : 'One official language is'
  gold base   (expected unhooked) : ' Spanish' = [' Spanish']
  gold source (expected if swap works): ' French' = [' French']
  unhooked: ' Spanish.<|im_end|><|endoftext|><|endoftext|><|endoftext|><|endoftext|><|endoftext|>' = [' Spanish', '.', '<|im_end|>', '<|endoftext|>', '<|endoftext|>', '<|endoftext|>', '<|endoftext|>', '<|endoftext|>']
  L19: ' Spanish.<|im_end|><|endoftext|><|endoftext|><|endoftext|><|endoftext|><|endoftext|>' = [' Spanish', '.', '<|im_end|>', '<|endoftext|>', '<|endoftext|>', '<|endoftext|>', '<|endoftext|>', '<|endoftext|>'] [base]
  L20: ' Spanish.<|im_end|><|endoftext|><|endoftext|><|endoftext|><|endoftext|><|endoftext|>' = [' Spanish', '.', '<|im_end|>', '<|endoftext|>', '<|endoftext|>', '<|endoftext|>', '<|endoftext|>', '<|endoftext|>'] [base]
  L21: ' Spanish.<|im_end|><|endoftext|><|endoftext|><|endoftext|><|endoftext|><|endoftext|>' = [' Spanish', '.', '<|im_end|>', '<|endoftext|>', '<|endoftext|>', '<|endoftext|>', '<|endoftext|>', '<|endoftext|>'] [base]
  L22: ' Spanish.<|im_end|><|endoftext|><|endoftext|><|endoftext|><|endoftext|><|endoftext|>' = [' Spanish', '.', '<|im_end|>', '<|endoftext|>', '<|endoftext|>', '<|endoftext|>', '<|endoftext|>', '<|endoftext|>'] [base]
  L23: ' Spanish.<|im_end|><|endoftext|><|endoftext|><|endoftext|><|endoftext|><|endoftext|>' = [' Spanish', '.', '<|im_end|>', '<|endoftext|>', '<|endoftext|>', '<|endoftext|>', '<|endoftext|>', '<|endoftext|>'] [base]
  L24: ' French.<|im_end|><|endoftext|>' = [' French', '.', '<|im_end|>', '<|endoftext|>'] [HIT]
  L25: ' French.<|im_end|><|endoftext|>' = [' French', '.', '<|im_end|>', '<|endoftext|>'] [HIT]
  L26: ' French.<|im_end|><|endoftext|>' = [' French', '.', '<|im_end|>', '<|endoftext|>'] [HIT]
  L27: ' French.<|im_end|><|endoftext|>' = [' French', '.', '<|im_end|>', '<|endoftext|>'] [HIT]
  L28: ' French.<|im_end|><|endoftext|><|endoftext|><|endoftext|><|endoftext|><|endoftext|>' = [' French', '.', '<|im_end|>', '<|endoftext|>', '<|endoftext|>', '<|endoftext|>', '<|endoftext|>', '<|endoftext|>'] [HIT]

row 142: base=CL -> source=UA  template=language_prefill_v4
  question: 'Identify one of the official languages of the country in this image.'
  prefill : 'One official language is'
  gold base   (expected unhooked) : ' Spanish' = [' Spanish']
  gold source (expected if swap works): ' Ukrainian' = [' Ukrainian']
  unhooked: ' Spanish.<|im_end|><|endoftext|><|endoftext|><|endoftext|><|endoftext|><|endoftext|>' = [' Spanish', '.', '<|im_end|>', '<|endoftext|>', '<|endoftext|>', '<|endoftext|>', '<|endoftext|>', '<|endoftext|>']
  L19: ' Spanish.<|im_end|><|endoftext|><|endoftext|><|endoftext|><|endoftext|><|endoftext|>' = [' Spanish', '.', '<|im_end|>', '<|endoftext|>', '<|endoftext|>', '<|endoftext|>', '<|endoftext|>', '<|endoftext|>'] [base]
  L20: ' Spanish.<|im_end|><|endoftext|><|endoftext|><|endoftext|><|endoftext|><|endoftext|>' = [' Spanish', '.', '<|im_end|>', '<|endoftext|>', '<|endoftext|>', '<|endoftext|>', '<|endoftext|>', '<|endoftext|>'] [base]
  L21: ' Spanish.<|im_end|><|endoftext|><|endoftext|><|endoftext|><|endoftext|><|endoftext|>' = [' Spanish', '.', '<|im_end|>', '<|endoftext|>', '<|endoftext|>', '<|endoftext|>', '<|endoftext|>', '<|endoftext|>'] [base]
  L22: ' Spanish.<|im_end|><|endoftext|><|endoftext|><|endoftext|><|endoftext|><|endoftext|>' = [' Spanish', '.', '<|im_end|>', '<|endoftext|>', '<|endoftext|>', '<|endoftext|>', '<|endoftext|>', '<|endoftext|>'] [base]
  L23: ' Russian.<|im_end|><|endoftext|><|endoftext|><|endoftext|><|endoftext|><|endoftext|>' = [' Russian', '.', '<|im_end|>', '<|endoftext|>', '<|endoftext|>', '<|endoftext|>', '<|endoftext|>', '<|endoftext|>'] [other]
  L24: ' Ukrainian.<|im_end|><|endoftext|>' = [' Ukrainian', '.', '<|im_end|>', '<|endoftext|>'] [HIT]
  L25: ' Ukrainian.<|im_end|><|endoftext|>' = [' Ukrainian', '.', '<|im_end|>', '<|endoftext|>'] [HIT]
  L26: ' Ukrainian.<|im_end|><|endoftext|>' = [' Ukrainian', '.', '<|im_end|>', '<|endoftext|>'] [HIT]
  L27: ' Ukrainian.<|im_end|><|endoftext|>' = [' Ukrainian', '.', '<|im_end|>', '<|endoftext|>'] [HIT]
  L28: ' Ukrainian.<|im_end|><|endoftext|><|endoftext|><|endoftext|><|endoftext|><|endoftext|>' = [' Ukrainian', '.', '<|im_end|>', '<|endoftext|>', '<|endoftext|>', '<|endoftext|>', '<|endoftext|>', '<|endoftext|>'] [HIT]

row 143: base=VN -> source=PY  template=language_prefill_v2
  question: 'What is the official language of the country shown in this flag?'
  prefill : 'The official language is'
  gold base   (expected unhooked) : ' Vietnamese' = [' Vietnamese']
  gold source (expected if swap works): ' Spanish' = [' Spanish']
  unhooked: ' Vietnamese.<|im_end|><|endoftext|><|endoftext|><|endoftext|><|endoftext|><|endoftext|>' = [' Vietnamese', '.', '<|im_end|>', '<|endoftext|>', '<|endoftext|>', '<|endoftext|>', '<|endoftext|>', '<|endoftext|>']
  L19: ' Vietnamese.<|im_end|><|endoftext|><|endoftext|><|endoftext|><|endoftext|><|endoftext|>' = [' Vietnamese', '.', '<|im_end|>', '<|endoftext|>', '<|endoftext|>', '<|endoftext|>', '<|endoftext|>', '<|endoftext|>'] [base]
  L20: ' Vietnamese.<|im_end|><|endoftext|><|endoftext|><|endoftext|><|endoftext|><|endoftext|>' = [' Vietnamese', '.', '<|im_end|>', '<|endoftext|>', '<|endoftext|>', '<|endoftext|>', '<|endoftext|>', '<|endoftext|>'] [base]
  L21: ' Vietnamese.<|im_end|><|endoftext|><|endoftext|><|endoftext|><|endoftext|><|endoftext|>' = [' Vietnamese', '.', '<|im_end|>', '<|endoftext|>', '<|endoftext|>', '<|endoftext|>', '<|endoftext|>', '<|endoftext|>'] [base]
  L22: ' Vietnamese.<|im_end|><|endoftext|><|endoftext|><|endoftext|><|endoftext|><|endoftext|>' = [' Vietnamese', '.', '<|im_end|>', '<|endoftext|>', '<|endoftext|>', '<|endoftext|>', '<|endoftext|>', '<|endoftext|>'] [base]
  L23: ' Spanish.<|im_end|><|endoftext|><|endoftext|><|endoftext|><|endoftext|><|endoftext|>' = [' Spanish', '.', '<|im_end|>', '<|endoftext|>', '<|endoftext|>', '<|endoftext|>', '<|endoftext|>', '<|endoftext|>'] [HIT]
  L24: ' Spanish.<|im_end|><|endoftext|>' = [' Spanish', '.', '<|im_end|>', '<|endoftext|>'] [HIT]
  L25: ' Spanish.<|im_end|><|endoftext|>' = [' Spanish', '.', '<|im_end|>', '<|endoftext|>'] [HIT]
  L26: ' Spanish.<|im_end|><|endoftext|>' = [' Spanish', '.', '<|im_end|>', '<|endoftext|>'] [HIT]
  L27: ' Spanish.<|im_end|><|endoftext|>' = [' Spanish', '.', '<|im_end|>', '<|endoftext|>'] [HIT]
  L28: ' Spanish.<|im_end|><|endoftext|><|endoftext|><|endoftext|><|endoftext|><|endoftext|>' = [' Spanish', '.', '<|im_end|>', '<|endoftext|>', '<|endoftext|>', '<|endoftext|>', '<|endoftext|>', '<|endoftext|>'] [HIT]

row 144: base=GH -> source=HN  template=language_prefill_v4
  question: 'Identify one of the official languages of the country in this image.'
  prefill : 'One official language is'
  gold base   (expected unhooked) : ' English' = [' English']
  gold source (expected if swap works): ' Spanish' = [' Spanish']
  unhooked: ' English.<|im_end|><|endoftext|><|endoftext|><|endoftext|><|endoftext|><|endoftext|>' = [' English', '.', '<|im_end|>', '<|endoftext|>', '<|endoftext|>', '<|endoftext|>', '<|endoftext|>', '<|endoftext|>']
  L19: ' English.<|im_end|><|endoftext|><|endoftext|><|endoftext|><|endoftext|><|endoftext|>' = [' English', '.', '<|im_end|>', '<|endoftext|>', '<|endoftext|>', '<|endoftext|>', '<|endoftext|>', '<|endoftext|>'] [base]
  L20: ' English.<|im_end|><|endoftext|><|endoftext|><|endoftext|><|endoftext|><|endoftext|>' = [' English', '.', '<|im_end|>', '<|endoftext|>', '<|endoftext|>', '<|endoftext|>', '<|endoftext|>', '<|endoftext|>'] [base]
  L21: ' English.<|im_end|><|endoftext|><|endoftext|><|endoftext|><|endoftext|><|endoftext|>' = [' English', '.', '<|im_end|>', '<|endoftext|>', '<|endoftext|>', '<|endoftext|>', '<|endoftext|>', '<|endoftext|>'] [base]
  L22: ' English.<|im_end|><|endoftext|><|endoftext|><|endoftext|><|endoftext|><|endoftext|>' = [' English', '.', '<|im_end|>', '<|endoftext|>', '<|endoftext|>', '<|endoftext|>', '<|endoftext|>', '<|endoftext|>'] [base]
  L23: ' Spanish.<|im_end|>' = [' Spanish', '.', '<|im_end|>'] [HIT]
  L24: ' Spanish.<|im_end|>' = [' Spanish', '.', '<|im_end|>'] [HIT]
  L25: ' Spanish.<|im_end|>' = [' Spanish', '.', '<|im_end|>'] [HIT]
  L26: ' Spanish.<|im_end|>' = [' Spanish', '.', '<|im_end|>'] [HIT]
  L27: ' Spanish.<|im_end|>' = [' Spanish', '.', '<|im_end|>'] [HIT]
  L28: ' Spanish.<|im_end|><|endoftext|><|endoftext|><|endoftext|><|endoftext|><|endoftext|>' = [' Spanish', '.', '<|im_end|>', '<|endoftext|>', '<|endoftext|>', '<|endoftext|>', '<|endoftext|>', '<|endoftext|>'] [HIT]

row 145: base=IS -> source=PY  template=language_prefill_v4
  question: 'Identify one of the official languages of the country in this image.'
  prefill : 'One official language is'
  gold base   (expected unhooked) : ' Icelandic' = [' Icelandic']
  gold source (expected if swap works): ' Spanish' = [' Spanish']
  unhooked: ' Icelandic.<|im_end|><|endoftext|><|endoftext|><|endoftext|><|endoftext|><|endoftext|>' = [' Icelandic', '.', '<|im_end|>', '<|endoftext|>', '<|endoftext|>', '<|endoftext|>', '<|endoftext|>', '<|endoftext|>']
  L19: ' Icelandic.<|im_end|><|endoftext|><|endoftext|><|endoftext|><|endoftext|><|endoftext|>' = [' Icelandic', '.', '<|im_end|>', '<|endoftext|>', '<|endoftext|>', '<|endoftext|>', '<|endoftext|>', '<|endoftext|>'] [base]
  L20: ' Icelandic.<|im_end|><|endoftext|><|endoftext|><|endoftext|><|endoftext|><|endoftext|>' = [' Icelandic', '.', '<|im_end|>', '<|endoftext|>', '<|endoftext|>', '<|endoftext|>', '<|endoftext|>', '<|endoftext|>'] [base]
  L21: ' Icelandic.<|im_end|><|endoftext|><|endoftext|><|endoftext|><|endoftext|><|endoftext|>' = [' Icelandic', '.', '<|im_end|>', '<|endoftext|>', '<|endoftext|>', '<|endoftext|>', '<|endoftext|>', '<|endoftext|>'] [base]
  L22: ' Icelandic.<|im_end|><|endoftext|><|endoftext|><|endoftext|><|endoftext|><|endoftext|>' = [' Icelandic', '.', '<|im_end|>', '<|endoftext|>', '<|endoftext|>', '<|endoftext|>', '<|endoftext|>', '<|endoftext|>'] [base]
  L23: ' Spanish.<|im_end|>' = [' Spanish', '.', '<|im_end|>'] [HIT]
  L24: ' Spanish.<|im_end|>' = [' Spanish', '.', '<|im_end|>'] [HIT]
  L25: ' Spanish.<|im_end|>' = [' Spanish', '.', '<|im_end|>'] [HIT]
  L26: ' Spanish.<|im_end|>' = [' Spanish', '.', '<|im_end|>'] [HIT]
  L27: ' Spanish.<|im_end|>' = [' Spanish', '.', '<|im_end|>'] [HIT]
  L28: ' Spanish.<|im_end|><|endoftext|><|endoftext|><|endoftext|><|endoftext|><|endoftext|>' = [' Spanish', '.', '<|im_end|>', '<|endoftext|>', '<|endoftext|>', '<|endoftext|>', '<|endoftext|>', '<|endoftext|>'] [HIT]

row 146: base=CV -> source=TH  template=language_prefill_v1
  question: 'Name an official language of the country in this image.'
  prefill : 'One official language is'
  gold base   (expected unhooked) : ' Portuguese' = [' Portuguese']
  gold source (expected if swap works): ' Thai' = [' Thai']
  unhooked: ' Portuguese.<|im_end|><|endoftext|><|endoftext|><|endoftext|><|endoftext|><|endoftext|>' = [' Portuguese', '.', '<|im_end|>', '<|endoftext|>', '<|endoftext|>', '<|endoftext|>', '<|endoftext|>', '<|endoftext|>']
  L19: ' Portuguese.<|im_end|><|endoftext|><|endoftext|><|endoftext|><|endoftext|><|endoftext|>' = [' Portuguese', '.', '<|im_end|>', '<|endoftext|>', '<|endoftext|>', '<|endoftext|>', '<|endoftext|>', '<|endoftext|>'] [base]
  L20: ' Portuguese.<|im_end|><|endoftext|><|endoftext|><|endoftext|><|endoftext|><|endoftext|>' = [' Portuguese', '.', '<|im_end|>', '<|endoftext|>', '<|endoftext|>', '<|endoftext|>', '<|endoftext|>', '<|endoftext|>'] [base]
  L21: ' Portuguese.<|im_end|><|endoftext|><|endoftext|><|endoftext|><|endoftext|><|endoftext|>' = [' Portuguese', '.', '<|im_end|>', '<|endoftext|>', '<|endoftext|>', '<|endoftext|>', '<|endoftext|>', '<|endoftext|>'] [base]
  L22: ' Portuguese.<|im_end|><|endoftext|><|endoftext|><|endoftext|><|endoftext|><|endoftext|>' = [' Portuguese', '.', '<|im_end|>', '<|endoftext|>', '<|endoftext|>', '<|endoftext|>', '<|endoftext|>', '<|endoftext|>'] [base]
  L23: ' Portuguese.<|im_end|>' = [' Portuguese', '.', '<|im_end|>'] [base]
  L24: ' Thai.<|im_end|>' = [' Thai', '.', '<|im_end|>'] [HIT]
  L25: ' Thai.<|im_end|>' = [' Thai', '.', '<|im_end|>'] [HIT]
  L26: ' Thai.<|im_end|>' = [' Thai', '.', '<|im_end|>'] [HIT]
  L27: ' Thai.<|im_end|>' = [' Thai', '.', '<|im_end|>'] [HIT]
  L28: ' Thai.<|im_end|><|endoftext|><|endoftext|><|endoftext|><|endoftext|><|endoftext|>' = [' Thai', '.', '<|im_end|>', '<|endoftext|>', '<|endoftext|>', '<|endoftext|>', '<|endoftext|>', '<|endoftext|>'] [HIT]

row 147: base=ZM -> source=FI  template=language_prefill_v5
  question: 'What language is officially spoken in the country shown in this flag?'
  prefill : 'The official language is'
  gold base   (expected unhooked) : ' English' = [' English']
  gold source (expected if swap works): ' Finnish' = [' Finnish']
  unhooked: ' English.<|im_end|><|endoftext|><|endoftext|><|endoftext|><|endoftext|><|endoftext|>' = [' English', '.', '<|im_end|>', '<|endoftext|>', '<|endoftext|>', '<|endoftext|>', '<|endoftext|>', '<|endoftext|>']
  L19: ' English.<|im_end|><|endoftext|><|endoftext|><|endoftext|><|endoftext|><|endoftext|>' = [' English', '.', '<|im_end|>', '<|endoftext|>', '<|endoftext|>', '<|endoftext|>', '<|endoftext|>', '<|endoftext|>'] [base]
  L20: ' English.<|im_end|><|endoftext|><|endoftext|><|endoftext|><|endoftext|><|endoftext|>' = [' English', '.', '<|im_end|>', '<|endoftext|>', '<|endoftext|>', '<|endoftext|>', '<|endoftext|>', '<|endoftext|>'] [base]
  L21: ' English.<|im_end|><|endoftext|><|endoftext|><|endoftext|><|endoftext|><|endoftext|>' = [' English', '.', '<|im_end|>', '<|endoftext|>', '<|endoftext|>', '<|endoftext|>', '<|endoftext|>', '<|endoftext|>'] [base]
  L22: ' Zambian English, which is based' = [' Z', 'amb', 'ian', ' English', ',', ' which', ' is', ' based'] [other]
  L23: ' Finnish.<|im_end|>' = [' Finnish', '.', '<|im_end|>'] [HIT]
  L24: ' Finnish.<|im_end|>' = [' Finnish', '.', '<|im_end|>'] [HIT]
  L25: ' Finnish.<|im_end|>' = [' Finnish', '.', '<|im_end|>'] [HIT]
  L26: ' Finnish.<|im_end|>' = [' Finnish', '.', '<|im_end|>'] [HIT]
  L27: ' Finnish.<|im_end|>' = [' Finnish', '.', '<|im_end|>'] [HIT]
  L28: ' Finnish.<|im_end|><|endoftext|><|endoftext|><|endoftext|><|endoftext|><|endoftext|>' = [' Finnish', '.', '<|im_end|>', '<|endoftext|>', '<|endoftext|>', '<|endoftext|>', '<|endoftext|>', '<|endoftext|>'] [HIT]

row 148: base=MU -> source=IS  template=language_prefill_v6
  question: 'Name a language used in the country depicted in this image.'
  prefill : 'A language spoken there is'
  gold base   (expected unhooked) : ' French' = [' French']
  gold source (expected if swap works): ' Icelandic' = [' Icelandic']
  unhooked: ' Mauritian Creole, which is an' = [' Maur', 'itian', ' Cre', 'ole', ',', ' which', ' is', ' an']
  L19: ' Mauritian Creole, which is an' = [' Maur', 'itian', ' Cre', 'ole', ',', ' which', ' is', ' an'] [other]
  L20: ' Mauritian Creole, which is an' = [' Maur', 'itian', ' Cre', 'ole', ',', ' which', ' is', ' an'] [other]
  L21: ' Mauritian Creole, which is an' = [' Maur', 'itian', ' Cre', 'ole', ',', ' which', ' is', ' an'] [other]
  L22: ' French.<|im_end|><|endoftext|><|endoftext|><|endoftext|><|endoftext|><|endoftext|>' = [' French', '.', '<|im_end|>', '<|endoftext|>', '<|endoftext|>', '<|endoftext|>', '<|endoftext|>', '<|endoftext|>'] [base]
  L23: ' Icelandic.<|im_end|>' = [' Icelandic', '.', '<|im_end|>'] [HIT]
  L24: ' Icelandic.<|im_end|>' = [' Icelandic', '.', '<|im_end|>'] [HIT]
  L25: ' Icelandic.<|im_end|>' = [' Icelandic', '.', '<|im_end|>'] [HIT]
  L26: ' Icelandic.<|im_end|>' = [' Icelandic', '.', '<|im_end|>'] [HIT]
  L27: ' Icelandic.<|im_end|>' = [' Icelandic', '.', '<|im_end|>'] [HIT]
  L28: ' Icelandic.<|im_end|><|endoftext|><|endoftext|><|endoftext|><|endoftext|><|endoftext|>' = [' Icelandic', '.', '<|im_end|>', '<|endoftext|>', '<|endoftext|>', '<|endoftext|>', '<|endoftext|>', '<|endoftext|>'] [HIT]

row 149: base=BY -> source=AO  template=language_prefill_v3
  question: 'Tell me a language spoken in the country in this image.'
  prefill : 'A language spoken there is'
  gold base   (expected unhooked) : ' Belarusian' = [' Belarus', 'ian']
  gold source (expected if swap works): ' Portuguese' = [' Portuguese']
  unhooked: ' Belarusian.<|im_end|><|endoftext|><|endoftext|><|endoftext|><|endoftext|>' = [' Belarus', 'ian', '.', '<|im_end|>', '<|endoftext|>', '<|endoftext|>', '<|endoftext|>', '<|endoftext|>']
  L19: ' Belarusian.<|im_end|><|endoftext|><|endoftext|><|endoftext|><|endoftext|>' = [' Belarus', 'ian', '.', '<|im_end|>', '<|endoftext|>', '<|endoftext|>', '<|endoftext|>', '<|endoftext|>'] [base]
  L20: ' Belarusian.<|im_end|><|endoftext|><|endoftext|><|endoftext|><|endoftext|>' = [' Belarus', 'ian', '.', '<|im_end|>', '<|endoftext|>', '<|endoftext|>', '<|endoftext|>', '<|endoftext|>'] [base]
  L21: ' Belarusian.<|im_end|><|endoftext|><|endoftext|><|endoftext|><|endoftext|>' = [' Belarus', 'ian', '.', '<|im_end|>', '<|endoftext|>', '<|endoftext|>', '<|endoftext|>', '<|endoftext|>'] [base]
  L22: ' Belarusian.<|im_end|><|endoftext|><|endoftext|><|endoftext|><|endoftext|>' = [' Belarus', 'ian', '.', '<|im_end|>', '<|endoftext|>', '<|endoftext|>', '<|endoftext|>', '<|endoftext|>'] [base]
  L23: ' Portuguese.<|im_end|>' = [' Portuguese', '.', '<|im_end|>'] [HIT]
  L24: ' Portuguese.<|im_end|>' = [' Portuguese', '.', '<|im_end|>'] [HIT]
  L25: ' Portuguese.<|im_end|>' = [' Portuguese', '.', '<|im_end|>'] [HIT]
  L26: ' Portuguese.<|im_end|>' = [' Portuguese', '.', '<|im_end|>'] [HIT]
  L27: ' Portuguese.<|im_end|>' = [' Portuguese', '.', '<|im_end|>'] [HIT]
  L28: ' Komi, which is an official language' = [' K', 'omi', ',', ' which', ' is', ' an', ' official', ' language'] [other]

row 150: base=ZM -> source=PY  template=language_prefill_v5
  question: 'What language is officially spoken in the country shown in this flag?'
  prefill : 'The official language is'
  gold base   (expected unhooked) : ' English' = [' English']
  gold source (expected if swap works): ' Spanish' = [' Spanish']
  unhooked: ' English.<|im_end|><|endoftext|><|endoftext|><|endoftext|><|endoftext|><|endoftext|>' = [' English', '.', '<|im_end|>', '<|endoftext|>', '<|endoftext|>', '<|endoftext|>', '<|endoftext|>', '<|endoftext|>']
  L19: ' English.<|im_end|><|endoftext|><|endoftext|><|endoftext|><|endoftext|><|endoftext|>' = [' English', '.', '<|im_end|>', '<|endoftext|>', '<|endoftext|>', '<|endoftext|>', '<|endoftext|>', '<|endoftext|>'] [base]
  L20: ' English.<|im_end|><|endoftext|><|endoftext|><|endoftext|><|endoftext|><|endoftext|>' = [' English', '.', '<|im_end|>', '<|endoftext|>', '<|endoftext|>', '<|endoftext|>', '<|endoftext|>', '<|endoftext|>'] [base]
  L21: ' English.<|im_end|><|endoftext|><|endoftext|><|endoftext|><|endoftext|><|endoftext|>' = [' English', '.', '<|im_end|>', '<|endoftext|>', '<|endoftext|>', '<|endoftext|>', '<|endoftext|>', '<|endoftext|>'] [base]
  L22: ' English.<|im_end|><|endoftext|><|endoftext|><|endoftext|><|endoftext|><|endoftext|>' = [' English', '.', '<|im_end|>', '<|endoftext|>', '<|endoftext|>', '<|endoftext|>', '<|endoftext|>', '<|endoftext|>'] [base]
  L23: ' Spanish.<|im_end|>' = [' Spanish', '.', '<|im_end|>'] [HIT]
  L24: ' Spanish.<|im_end|>' = [' Spanish', '.', '<|im_end|>'] [HIT]
  L25: ' Spanish.<|im_end|>' = [' Spanish', '.', '<|im_end|>'] [HIT]
  L26: ' Spanish.<|im_end|>' = [' Spanish', '.', '<|im_end|>'] [HIT]
  L27: ' Spanish.<|im_end|>' = [' Spanish', '.', '<|im_end|>'] [HIT]
  L28: ' Spanish.<|im_end|><|endoftext|><|endoftext|><|endoftext|><|endoftext|><|endoftext|>' = [' Spanish', '.', '<|im_end|>', '<|endoftext|>', '<|endoftext|>', '<|endoftext|>', '<|endoftext|>', '<|endoftext|>'] [HIT]

row 151: base=CM -> source=UA  template=language_prefill_v6
  question: 'Name a language used in the country depicted in this image.'
  prefill : 'A language spoken there is'
  gold base   (expected unhooked) : ' French' = [' French']
  gold source (expected if swap works): ' Ukrainian' = [' Ukrainian']
  unhooked: ' French, as Cameroon is officially a mult' = [' French', ',', ' as', ' Cameroon', ' is', ' officially', ' a', ' mult']
  L19: ' French, as Cameroon is officially a mult' = [' French', ',', ' as', ' Cameroon', ' is', ' officially', ' a', ' mult'] [base]
  L20: ' French, as Cameroon is officially a mult' = [' French', ',', ' as', ' Cameroon', ' is', ' officially', ' a', ' mult'] [base]
  L21: ' French, as Cameroon is officially a mult' = [' French', ',', ' as', ' Cameroon', ' is', ' officially', ' a', ' mult'] [base]
  L22: ' French, which is one of the official' = [' French', ',', ' which', ' is', ' one', ' of', ' the', ' official'] [base]
  L23: ' Ukrainian.<|im_end|>' = [' Ukrainian', '.', '<|im_end|>'] [HIT]
  L24: ' Ukrainian.<|im_end|>' = [' Ukrainian', '.', '<|im_end|>'] [HIT]
  L25: ' Ukrainian.<|im_end|>' = [' Ukrainian', '.', '<|im_end|>'] [HIT]
  L26: ' Ukrainian.<|im_end|>' = [' Ukrainian', '.', '<|im_end|>'] [HIT]
  L27: ' Ukrainian.<|im_end|>' = [' Ukrainian', '.', '<|im_end|>'] [HIT]
  L28: ' Ukrainian.<|im_end|><|endoftext|><|endoftext|><|endoftext|><|endoftext|><|endoftext|>' = [' Ukrainian', '.', '<|im_end|>', '<|endoftext|>', '<|endoftext|>', '<|endoftext|>', '<|endoftext|>', '<|endoftext|>'] [HIT]

row 152: base=VN -> source=IN  template=language_prefill_v4
  question: 'Identify one of the official languages of the country in this image.'
  prefill : 'One official language is'
  gold base   (expected unhooked) : ' Vietnamese' = [' Vietnamese']
  gold source (expected if swap works): ' Hindi' = [' Hindi']
  unhooked: ' Vietnamese.<|im_end|><|endoftext|><|endoftext|><|endoftext|><|endoftext|><|endoftext|>' = [' Vietnamese', '.', '<|im_end|>', '<|endoftext|>', '<|endoftext|>', '<|endoftext|>', '<|endoftext|>', '<|endoftext|>']
  L19: ' Vietnamese.<|im_end|><|endoftext|><|endoftext|><|endoftext|><|endoftext|><|endoftext|>' = [' Vietnamese', '.', '<|im_end|>', '<|endoftext|>', '<|endoftext|>', '<|endoftext|>', '<|endoftext|>', '<|endoftext|>'] [base]
  L20: ' Vietnamese.<|im_end|><|endoftext|><|endoftext|><|endoftext|><|endoftext|><|endoftext|>' = [' Vietnamese', '.', '<|im_end|>', '<|endoftext|>', '<|endoftext|>', '<|endoftext|>', '<|endoftext|>', '<|endoftext|>'] [base]
  L21: ' Vietnamese.<|im_end|><|endoftext|><|endoftext|><|endoftext|><|endoftext|><|endoftext|>' = [' Vietnamese', '.', '<|im_end|>', '<|endoftext|>', '<|endoftext|>', '<|endoftext|>', '<|endoftext|>', '<|endoftext|>'] [base]
  L22: ' Vietnamese.<|im_end|><|endoftext|><|endoftext|><|endoftext|><|endoftext|><|endoftext|>' = [' Vietnamese', '.', '<|im_end|>', '<|endoftext|>', '<|endoftext|>', '<|endoftext|>', '<|endoftext|>', '<|endoftext|>'] [base]
  L23: ' Hindi.<|im_end|>' = [' Hindi', '.', '<|im_end|>'] [HIT]
  L24: ' Hindi.<|im_end|>' = [' Hindi', '.', '<|im_end|>'] [HIT]
  L25: ' Hindi.<|im_end|>' = [' Hindi', '.', '<|im_end|>'] [HIT]
  L26: ' Hindi.<|im_end|>' = [' Hindi', '.', '<|im_end|>'] [HIT]
  L27: ' Hindi.<|im_end|>' = [' Hindi', '.', '<|im_end|>'] [HIT]
  L28: ' Hindi.<|im_end|><|endoftext|><|endoftext|><|endoftext|><|endoftext|><|endoftext|>' = [' Hindi', '.', '<|im_end|>', '<|endoftext|>', '<|endoftext|>', '<|endoftext|>', '<|endoftext|>', '<|endoftext|>'] [HIT]

row 153: base=GH -> source=GT  template=language_prefill_v3
  question: 'Tell me a language spoken in the country in this image.'
  prefill : 'A language spoken there is'
  gold base   (expected unhooked) : ' English' = [' English']
  gold source (expected if swap works): ' Spanish' = [' Spanish']
  unhooked: ' Twi, which is the most widely' = [' Tw', 'i', ',', ' which', ' is', ' the', ' most', ' widely']
  L19: ' Twi, which is the most widely' = [' Tw', 'i', ',', ' which', ' is', ' the', ' most', ' widely'] [other]
  L20: ' Twi, which is one of the' = [' Tw', 'i', ',', ' which', ' is', ' one', ' of', ' the'] [other]
  L21: ' Twi, which is the most widely' = [' Tw', 'i', ',', ' which', ' is', ' the', ' most', ' widely'] [other]
  L22: ' Twi, which is one of the' = [' Tw', 'i', ',', ' which', ' is', ' one', ' of', ' the'] [other]
  L23: ' Spanish.<|im_end|>' = [' Spanish', '.', '<|im_end|>'] [HIT]
  L24: ' Spanish.<|im_end|>' = [' Spanish', '.', '<|im_end|>'] [HIT]
  L25: ' Spanish.<|im_end|>' = [' Spanish', '.', '<|im_end|>'] [HIT]
  L26: ' Spanish.<|im_end|>' = [' Spanish', '.', '<|im_end|>'] [HIT]
  L27: ' Spanish.<|im_end|>' = [' Spanish', '.', '<|im_end|>'] [HIT]
  L28: ' Spanish.<|im_end|><|endoftext|><|endoftext|><|endoftext|><|endoftext|><|endoftext|>' = [' Spanish', '.', '<|im_end|>', '<|endoftext|>', '<|endoftext|>', '<|endoftext|>', '<|endoftext|>', '<|endoftext|>'] [HIT]

row 154: base=AR -> source=IS  template=language_prefill_v2
  question: 'What is the official language of the country shown in this flag?'
  prefill : 'The official language is'
  gold base   (expected unhooked) : ' Guaraní' = [' Gu', 'aran', 'í']
  gold source (expected if swap works): ' Icelandic' = [' Icelandic']
  unhooked: ' Spanish.<|im_end|><|endoftext|><|endoftext|><|endoftext|><|endoftext|><|endoftext|>' = [' Spanish', '.', '<|im_end|>', '<|endoftext|>', '<|endoftext|>', '<|endoftext|>', '<|endoftext|>', '<|endoftext|>']
  L19: ' Spanish.<|im_end|><|endoftext|><|endoftext|><|endoftext|><|endoftext|><|endoftext|>' = [' Spanish', '.', '<|im_end|>', '<|endoftext|>', '<|endoftext|>', '<|endoftext|>', '<|endoftext|>', '<|endoftext|>'] [other]
  L20: ' Spanish.<|im_end|><|endoftext|><|endoftext|><|endoftext|><|endoftext|><|endoftext|>' = [' Spanish', '.', '<|im_end|>', '<|endoftext|>', '<|endoftext|>', '<|endoftext|>', '<|endoftext|>', '<|endoftext|>'] [other]
  L21: ' Spanish.<|im_end|><|endoftext|><|endoftext|><|endoftext|><|endoftext|><|endoftext|>' = [' Spanish', '.', '<|im_end|>', '<|endoftext|>', '<|endoftext|>', '<|endoftext|>', '<|endoftext|>', '<|endoftext|>'] [other]
  L22: ' Spanish.<|im_end|><|endoftext|><|endoftext|><|endoftext|><|endoftext|><|endoftext|>' = [' Spanish', '.', '<|im_end|>', '<|endoftext|>', '<|endoftext|>', '<|endoftext|>', '<|endoftext|>', '<|endoftext|>'] [other]
  L23: ' Swedish.<|im_end|>' = [' Swedish', '.', '<|im_end|>'] [other]
  L24: ' Icelandic.<|im_end|>' = [' Icelandic', '.', '<|im_end|>'] [HIT]
  L25: ' Icelandic.<|im_end|>' = [' Icelandic', '.', '<|im_end|>'] [HIT]
  L26: ' Icelandic.<|im_end|>' = [' Icelandic', '.', '<|im_end|>'] [HIT]
  L27: ' Icelandic.<|im_end|>' = [' Icelandic', '.', '<|im_end|>'] [HIT]
  L28: ' Icelandic.<|im_end|><|endoftext|><|endoftext|><|endoftext|><|endoftext|><|endoftext|>' = [' Icelandic', '.', '<|im_end|>', '<|endoftext|>', '<|endoftext|>', '<|endoftext|>', '<|endoftext|>', '<|endoftext|>'] [HIT]

row 155: base=SE -> source=IN  template=language_prefill_v1
  question: 'Name an official language of the country in this image.'
  prefill : 'One official language is'
  gold base   (expected unhooked) : ' Swedish' = [' Swedish']
  gold source (expected if swap works): ' Hindi' = [' Hindi']
  unhooked: ' Swedish.<|im_end|><|endoftext|><|endoftext|><|endoftext|><|endoftext|><|endoftext|>' = [' Swedish', '.', '<|im_end|>', '<|endoftext|>', '<|endoftext|>', '<|endoftext|>', '<|endoftext|>', '<|endoftext|>']
  L19: ' Swedish.<|im_end|><|endoftext|><|endoftext|><|endoftext|><|endoftext|><|endoftext|>' = [' Swedish', '.', '<|im_end|>', '<|endoftext|>', '<|endoftext|>', '<|endoftext|>', '<|endoftext|>', '<|endoftext|>'] [base]
  L20: ' Swedish.<|im_end|><|endoftext|><|endoftext|><|endoftext|><|endoftext|><|endoftext|>' = [' Swedish', '.', '<|im_end|>', '<|endoftext|>', '<|endoftext|>', '<|endoftext|>', '<|endoftext|>', '<|endoftext|>'] [base]
  L21: ' Swedish.<|im_end|><|endoftext|><|endoftext|><|endoftext|><|endoftext|><|endoftext|>' = [' Swedish', '.', '<|im_end|>', '<|endoftext|>', '<|endoftext|>', '<|endoftext|>', '<|endoftext|>', '<|endoftext|>'] [base]
  L22: ' Swedish.<|im_end|><|endoftext|><|endoftext|><|endoftext|><|endoftext|><|endoftext|>' = [' Swedish', '.', '<|im_end|>', '<|endoftext|>', '<|endoftext|>', '<|endoftext|>', '<|endoftext|>', '<|endoftext|>'] [base]
  L23: ' Hindi.<|im_end|>' = [' Hindi', '.', '<|im_end|>'] [HIT]
  L24: ' Hindi.<|im_end|>' = [' Hindi', '.', '<|im_end|>'] [HIT]
  L25: ' Hindi.<|im_end|>' = [' Hindi', '.', '<|im_end|>'] [HIT]
  L26: ' Hindi.<|im_end|>' = [' Hindi', '.', '<|im_end|>'] [HIT]
  L27: ' Hindi.<|im_end|>' = [' Hindi', '.', '<|im_end|>'] [HIT]
  L28: ' Hindi.<|im_end|><|endoftext|><|endoftext|><|endoftext|><|endoftext|><|endoftext|>' = [' Hindi', '.', '<|im_end|>', '<|endoftext|>', '<|endoftext|>', '<|endoftext|>', '<|endoftext|>', '<|endoftext|>'] [HIT]

row 156: base=UA -> source=GR  template=language_prefill_v2
  question: 'What is the official language of the country shown in this flag?'
  prefill : 'The official language is'
  gold base   (expected unhooked) : ' Ukrainian' = [' Ukrainian']
  gold source (expected if swap works): ' Greek' = [' Greek']
  unhooked: ' Ukrainian.<|im_end|><|endoftext|><|endoftext|><|endoftext|><|endoftext|><|endoftext|>' = [' Ukrainian', '.', '<|im_end|>', '<|endoftext|>', '<|endoftext|>', '<|endoftext|>', '<|endoftext|>', '<|endoftext|>']
  L19: ' Ukrainian.<|im_end|><|endoftext|><|endoftext|><|endoftext|><|endoftext|><|endoftext|>' = [' Ukrainian', '.', '<|im_end|>', '<|endoftext|>', '<|endoftext|>', '<|endoftext|>', '<|endoftext|>', '<|endoftext|>'] [base]
  L20: ' Ukrainian.<|im_end|><|endoftext|><|endoftext|><|endoftext|><|endoftext|><|endoftext|>' = [' Ukrainian', '.', '<|im_end|>', '<|endoftext|>', '<|endoftext|>', '<|endoftext|>', '<|endoftext|>', '<|endoftext|>'] [base]
  L21: ' Ukrainian.<|im_end|><|endoftext|><|endoftext|><|endoftext|><|endoftext|><|endoftext|>' = [' Ukrainian', '.', '<|im_end|>', '<|endoftext|>', '<|endoftext|>', '<|endoftext|>', '<|endoftext|>', '<|endoftext|>'] [base]
  L22: ' Greek.<|im_end|><|endoftext|><|endoftext|><|endoftext|><|endoftext|><|endoftext|>' = [' Greek', '.', '<|im_end|>', '<|endoftext|>', '<|endoftext|>', '<|endoftext|>', '<|endoftext|>', '<|endoftext|>'] [HIT]
  L23: ' Greek.<|im_end|>' = [' Greek', '.', '<|im_end|>'] [HIT]
  L24: ' Greek.<|im_end|>' = [' Greek', '.', '<|im_end|>'] [HIT]
  L25: ' Greek.<|im_end|>' = [' Greek', '.', '<|im_end|>'] [HIT]
  L26: ' Greek.<|im_end|>' = [' Greek', '.', '<|im_end|>'] [HIT]
  L27: ' Greek.<|im_end|>' = [' Greek', '.', '<|im_end|>'] [HIT]
  L28: ' Greek.<|im_end|><|endoftext|><|endoftext|><|endoftext|><|endoftext|><|endoftext|>' = [' Greek', '.', '<|im_end|>', '<|endoftext|>', '<|endoftext|>', '<|endoftext|>', '<|endoftext|>', '<|endoftext|>'] [HIT]

row 157: base=SA -> source=CM  template=language_prefill_v5
  question: 'What language is officially spoken in the country shown in this flag?'
  prefill : 'The official language is'
  gold base   (expected unhooked) : ' Arabic' = [' Arabic']
  gold source (expected if swap works): ' French' = [' French']
  unhooked: ' Arabic.<|im_end|><|endoftext|><|endoftext|><|endoftext|><|endoftext|><|endoftext|>' = [' Arabic', '.', '<|im_end|>', '<|endoftext|>', '<|endoftext|>', '<|endoftext|>', '<|endoftext|>', '<|endoftext|>']
  L19: ' Arabic.<|im_end|><|endoftext|><|endoftext|><|endoftext|><|endoftext|><|endoftext|>' = [' Arabic', '.', '<|im_end|>', '<|endoftext|>', '<|endoftext|>', '<|endoftext|>', '<|endoftext|>', '<|endoftext|>'] [base]
  L20: ' Arabic.<|im_end|><|endoftext|><|endoftext|><|endoftext|><|endoftext|><|endoftext|>' = [' Arabic', '.', '<|im_end|>', '<|endoftext|>', '<|endoftext|>', '<|endoftext|>', '<|endoftext|>', '<|endoftext|>'] [base]
  L21: ' Arabic.<|im_end|><|endoftext|><|endoftext|><|endoftext|><|endoftext|><|endoftext|>' = [' Arabic', '.', '<|im_end|>', '<|endoftext|>', '<|endoftext|>', '<|endoftext|>', '<|endoftext|>', '<|endoftext|>'] [base]
  L22: ' Arabic.<|im_end|><|endoftext|><|endoftext|><|endoftext|><|endoftext|><|endoftext|>' = [' Arabic', '.', '<|im_end|>', '<|endoftext|>', '<|endoftext|>', '<|endoftext|>', '<|endoftext|>', '<|endoftext|>'] [base]
  L23: ' Arabic.<|im_end|>' = [' Arabic', '.', '<|im_end|>'] [base]
  L24: ' French.<|im_end|>' = [' French', '.', '<|im_end|>'] [HIT]
  L25: ' French.<|im_end|>' = [' French', '.', '<|im_end|>'] [HIT]
  L26: ' French.<|im_end|>' = [' French', '.', '<|im_end|>'] [HIT]
  L27: ' French.<|im_end|>' = [' French', '.', '<|im_end|>'] [HIT]
  L28: ' French.<|im_end|><|endoftext|><|endoftext|><|endoftext|><|endoftext|><|endoftext|>' = [' French', '.', '<|im_end|>', '<|endoftext|>', '<|endoftext|>', '<|endoftext|>', '<|endoftext|>', '<|endoftext|>'] [HIT]

row 158: base=TH -> source=GR  template=language_prefill_v3
  question: 'Tell me a language spoken in the country in this image.'
  prefill : 'A language spoken there is'
  gold base   (expected unhooked) : ' Thai' = [' Thai']
  gold source (expected if swap works): ' Greek' = [' Greek']
  unhooked: ' Thai.<|im_end|><|endoftext|><|endoftext|><|endoftext|><|endoftext|><|endoftext|>' = [' Thai', '.', '<|im_end|>', '<|endoftext|>', '<|endoftext|>', '<|endoftext|>', '<|endoftext|>', '<|endoftext|>']
  L19: ' Thai.<|im_end|><|endoftext|><|endoftext|><|endoftext|><|endoftext|><|endoftext|>' = [' Thai', '.', '<|im_end|>', '<|endoftext|>', '<|endoftext|>', '<|endoftext|>', '<|endoftext|>', '<|endoftext|>'] [base]
  L20: ' Thai.<|im_end|><|endoftext|><|endoftext|><|endoftext|><|endoftext|><|endoftext|>' = [' Thai', '.', '<|im_end|>', '<|endoftext|>', '<|endoftext|>', '<|endoftext|>', '<|endoftext|>', '<|endoftext|>'] [base]
  L21: ' Thai.<|im_end|><|endoftext|><|endoftext|><|endoftext|><|endoftext|><|endoftext|>' = [' Thai', '.', '<|im_end|>', '<|endoftext|>', '<|endoftext|>', '<|endoftext|>', '<|endoftext|>', '<|endoftext|>'] [base]
  L22: ' Greek.<|im_end|><|endoftext|><|endoftext|><|endoftext|><|endoftext|><|endoftext|>' = [' Greek', '.', '<|im_end|>', '<|endoftext|>', '<|endoftext|>', '<|endoftext|>', '<|endoftext|>', '<|endoftext|>'] [HIT]
  L23: ' Greek.<|im_end|>' = [' Greek', '.', '<|im_end|>'] [HIT]
  L24: ' Greek.<|im_end|>' = [' Greek', '.', '<|im_end|>'] [HIT]
  L25: ' Greek.<|im_end|>' = [' Greek', '.', '<|im_end|>'] [HIT]
  L26: ' Greek.<|im_end|>' = [' Greek', '.', '<|im_end|>'] [HIT]
  L27: ' Greek.<|im_end|>' = [' Greek', '.', '<|im_end|>'] [HIT]
  L28: ' Greek.<|im_end|><|endoftext|><|endoftext|><|endoftext|><|endoftext|><|endoftext|>' = [' Greek', '.', '<|im_end|>', '<|endoftext|>', '<|endoftext|>', '<|endoftext|>', '<|endoftext|>', '<|endoftext|>'] [HIT]

row 159: base=UG -> source=UA  template=language_prefill_v4
  question: 'Identify one of the official languages of the country in this image.'
  prefill : 'One official language is'
  gold base   (expected unhooked) : ' English' = [' English']
  gold source (expected if swap works): ' Ukrainian' = [' Ukrainian']
  unhooked: ' English.<|im_end|><|endoftext|><|endoftext|><|endoftext|><|endoftext|><|endoftext|>' = [' English', '.', '<|im_end|>', '<|endoftext|>', '<|endoftext|>', '<|endoftext|>', '<|endoftext|>', '<|endoftext|>']
  L19: ' English.<|im_end|><|endoftext|><|endoftext|><|endoftext|><|endoftext|><|endoftext|>' = [' English', '.', '<|im_end|>', '<|endoftext|>', '<|endoftext|>', '<|endoftext|>', '<|endoftext|>', '<|endoftext|>'] [base]
  L20: ' English.<|im_end|><|endoftext|><|endoftext|><|endoftext|><|endoftext|><|endoftext|>' = [' English', '.', '<|im_end|>', '<|endoftext|>', '<|endoftext|>', '<|endoftext|>', '<|endoftext|>', '<|endoftext|>'] [base]
  L21: ' English.<|im_end|><|endoftext|><|endoftext|><|endoftext|><|endoftext|><|endoftext|>' = [' English', '.', '<|im_end|>', '<|endoftext|>', '<|endoftext|>', '<|endoftext|>', '<|endoftext|>', '<|endoftext|>'] [base]
  L22: ' English.<|im_end|><|endoftext|><|endoftext|><|endoftext|><|endoftext|><|endoftext|>' = [' English', '.', '<|im_end|>', '<|endoftext|>', '<|endoftext|>', '<|endoftext|>', '<|endoftext|>', '<|endoftext|>'] [base]
  L23: ' Ukrainian.<|im_end|>' = [' Ukrainian', '.', '<|im_end|>'] [HIT]
  L24: ' Ukrainian.<|im_end|>' = [' Ukrainian', '.', '<|im_end|>'] [HIT]
  L25: ' Ukrainian.<|im_end|>' = [' Ukrainian', '.', '<|im_end|>'] [HIT]
  L26: ' Ukrainian.<|im_end|>' = [' Ukrainian', '.', '<|im_end|>'] [HIT]
  L27: ' Ukrainian.<|im_end|>' = [' Ukrainian', '.', '<|im_end|>'] [HIT]
  L28: ' Ukrainian.<|im_end|><|endoftext|><|endoftext|><|endoftext|><|endoftext|><|endoftext|>' = [' Ukrainian', '.', '<|im_end|>', '<|endoftext|>', '<|endoftext|>', '<|endoftext|>', '<|endoftext|>', '<|endoftext|>'] [HIT]

row 160: base=BY -> source=HN  template=language_prefill_v6
  question: 'Name a language used in the country depicted in this image.'
  prefill : 'A language spoken there is'
  gold base   (expected unhooked) : ' Belarusian' = [' Belarus', 'ian']
  gold source (expected if swap works): ' Spanish' = [' Spanish']
  unhooked: ' Belarusian.<|im_end|><|endoftext|><|endoftext|><|endoftext|><|endoftext|>' = [' Belarus', 'ian', '.', '<|im_end|>', '<|endoftext|>', '<|endoftext|>', '<|endoftext|>', '<|endoftext|>']
  L19: ' Belarusian.<|im_end|><|endoftext|><|endoftext|><|endoftext|><|endoftext|>' = [' Belarus', 'ian', '.', '<|im_end|>', '<|endoftext|>', '<|endoftext|>', '<|endoftext|>', '<|endoftext|>'] [base]
  L20: ' Belarusian.<|im_end|><|endoftext|><|endoftext|><|endoftext|><|endoftext|>' = [' Belarus', 'ian', '.', '<|im_end|>', '<|endoftext|>', '<|endoftext|>', '<|endoftext|>', '<|endoftext|>'] [base]
  L21: ' Belarusian.<|im_end|><|endoftext|><|endoftext|><|endoftext|><|endoftext|>' = [' Belarus', 'ian', '.', '<|im_end|>', '<|endoftext|>', '<|endoftext|>', '<|endoftext|>', '<|endoftext|>'] [base]
  L22: ' Belarusian.<|im_end|><|endoftext|><|endoftext|><|endoftext|><|endoftext|>' = [' Belarus', 'ian', '.', '<|im_end|>', '<|endoftext|>', '<|endoftext|>', '<|endoftext|>', '<|endoftext|>'] [base]
  L23: ' Spanish.<|im_end|><|endoftext|><|endoftext|><|endoftext|><|endoftext|><|endoftext|>' = [' Spanish', '.', '<|im_end|>', '<|endoftext|>', '<|endoftext|>', '<|endoftext|>', '<|endoftext|>', '<|endoftext|>'] [HIT]
  L24: ' Spanish.<|im_end|><|endoftext|><|endoftext|><|endoftext|><|endoftext|><|endoftext|>' = [' Spanish', '.', '<|im_end|>', '<|endoftext|>', '<|endoftext|>', '<|endoftext|>', '<|endoftext|>', '<|endoftext|>'] [HIT]
  L25: ' Spanish.<|im_end|><|endoftext|><|endoftext|><|endoftext|><|endoftext|><|endoftext|>' = [' Spanish', '.', '<|im_end|>', '<|endoftext|>', '<|endoftext|>', '<|endoftext|>', '<|endoftext|>', '<|endoftext|>'] [HIT]
  L26: ' Spanish.<|im_end|><|endoftext|><|endoftext|><|endoftext|><|endoftext|><|endoftext|>' = [' Spanish', '.', '<|im_end|>', '<|endoftext|>', '<|endoftext|>', '<|endoftext|>', '<|endoftext|>', '<|endoftext|>'] [HIT]
  L27: ' Spanish.<|im_end|><|endoftext|><|endoftext|><|endoftext|><|endoftext|><|endoftext|>' = [' Spanish', '.', '<|im_end|>', '<|endoftext|>', '<|endoftext|>', '<|endoftext|>', '<|endoftext|>', '<|endoftext|>'] [HIT]
  L28: ' Spanish.<|im_end|><|endoftext|><|endoftext|><|endoftext|><|endoftext|><|endoftext|>' = [' Spanish', '.', '<|im_end|>', '<|endoftext|>', '<|endoftext|>', '<|endoftext|>', '<|endoftext|>', '<|endoftext|>'] [HIT]

row 161: base=AO -> source=UG  template=language_prefill_v6
  question: 'Name a language used in the country depicted in this image.'
  prefill : 'A language spoken there is'
  gold base   (expected unhooked) : ' Portuguese' = [' Portuguese']
  gold source (expected if swap works): ' English' = [' English']
  unhooked: ' Portuguese, as Angola was a Portuguese colony' = [' Portuguese', ',', ' as', ' Angola', ' was', ' a', ' Portuguese', ' colony']
  L19: ' Portuguese, as Angola was a Portuguese colony' = [' Portuguese', ',', ' as', ' Angola', ' was', ' a', ' Portuguese', ' colony'] [base]
  L20: ' Portuguese, as Angola was a Portuguese colony' = [' Portuguese', ',', ' as', ' Angola', ' was', ' a', ' Portuguese', ' colony'] [base]
  L21: ' Portuguese, as Angola was a Portuguese colony' = [' Portuguese', ',', ' as', ' Angola', ' was', ' a', ' Portuguese', ' colony'] [base]
  L22: ' Portuguese, as Angola was a Portuguese colony' = [' Portuguese', ',', ' as', ' Angola', ' was', ' a', ' Portuguese', ' colony'] [base]
  L23: ' English, as it is one of the' = [' English', ',', ' as', ' it', ' is', ' one', ' of', ' the'] [HIT]
  L24: ' English, as it is one of the' = [' English', ',', ' as', ' it', ' is', ' one', ' of', ' the'] [HIT]
  L25: ' English, as it is one of the' = [' English', ',', ' as', ' it', ' is', ' one', ' of', ' the'] [HIT]
  L26: ' English, as it is one of the' = [' English', ',', ' as', ' it', ' is', ' one', ' of', ' the'] [HIT]
  L27: ' English, as it is one of the' = [' English', ',', ' as', ' it', ' is', ' one', ' of', ' the'] [HIT]
  L28: ' English, as it is one of the' = [' English', ',', ' as', ' it', ' is', ' one', ' of', ' the'] [HIT]

row 162: base=CM -> source=BY  template=language_prefill_v6
  question: 'Name a language used in the country depicted in this image.'
  prefill : 'A language spoken there is'
  gold base   (expected unhooked) : ' French' = [' French']
  gold source (expected if swap works): ' Belarusian' = [' Belarus', 'ian']
  unhooked: ' French, as Cameroon is officially a mult' = [' French', ',', ' as', ' Cameroon', ' is', ' officially', ' a', ' mult']
  L19: ' French, as Cameroon is officially a mult' = [' French', ',', ' as', ' Cameroon', ' is', ' officially', ' a', ' mult'] [base]
  L20: ' French, as Cameroon is officially a mult' = [' French', ',', ' as', ' Cameroon', ' is', ' officially', ' a', ' mult'] [base]
  L21: ' French, which is one of the official' = [' French', ',', ' which', ' is', ' one', ' of', ' the', ' official'] [base]
  L22: ' French, which is one of the official' = [' French', ',', ' which', ' is', ' one', ' of', ' the', ' official'] [base]
  L23: ' Russian, as the flag shown is that' = [' Russian', ',', ' as', ' the', ' flag', ' shown', ' is', ' that'] [other]
  L24: ' Belarusian.<|im_end|><|endoftext|><|endoftext|><|endoftext|><|endoftext|>' = [' Belarus', 'ian', '.', '<|im_end|>', '<|endoftext|>', '<|endoftext|>', '<|endoftext|>', '<|endoftext|>'] [HIT]
  L25: ' Belarusian.<|im_end|><|endoftext|><|endoftext|><|endoftext|><|endoftext|>' = [' Belarus', 'ian', '.', '<|im_end|>', '<|endoftext|>', '<|endoftext|>', '<|endoftext|>', '<|endoftext|>'] [HIT]
  L26: ' Belarusian.<|im_end|><|endoftext|><|endoftext|><|endoftext|><|endoftext|>' = [' Belarus', 'ian', '.', '<|im_end|>', '<|endoftext|>', '<|endoftext|>', '<|endoftext|>', '<|endoftext|>'] [HIT]
  L27: ' Belarusian.<|im_end|><|endoftext|><|endoftext|><|endoftext|><|endoftext|>' = [' Belarus', 'ian', '.', '<|im_end|>', '<|endoftext|>', '<|endoftext|>', '<|endoftext|>', '<|endoftext|>'] [HIT]
  L28: ' Belarusian.<|im_end|><|endoftext|><|endoftext|><|endoftext|><|endoftext|>' = [' Belarus', 'ian', '.', '<|im_end|>', '<|endoftext|>', '<|endoftext|>', '<|endoftext|>', '<|endoftext|>'] [HIT]

row 163: base=UA -> source=GR  template=language_prefill_v5
  question: 'What language is officially spoken in the country shown in this flag?'
  prefill : 'The official language is'
  gold base   (expected unhooked) : ' Ukrainian' = [' Ukrainian']
  gold source (expected if swap works): ' Greek' = [' Greek']
  unhooked: ' Ukrainian.<|im_end|><|endoftext|><|endoftext|><|endoftext|><|endoftext|><|endoftext|>' = [' Ukrainian', '.', '<|im_end|>', '<|endoftext|>', '<|endoftext|>', '<|endoftext|>', '<|endoftext|>', '<|endoftext|>']
  L19: ' Ukrainian.<|im_end|><|endoftext|><|endoftext|><|endoftext|><|endoftext|><|endoftext|>' = [' Ukrainian', '.', '<|im_end|>', '<|endoftext|>', '<|endoftext|>', '<|endoftext|>', '<|endoftext|>', '<|endoftext|>'] [base]
  L20: ' Ukrainian.<|im_end|><|endoftext|><|endoftext|><|endoftext|><|endoftext|><|endoftext|>' = [' Ukrainian', '.', '<|im_end|>', '<|endoftext|>', '<|endoftext|>', '<|endoftext|>', '<|endoftext|>', '<|endoftext|>'] [base]
  L21: ' Ukrainian.<|im_end|><|endoftext|><|endoftext|><|endoftext|><|endoftext|><|endoftext|>' = [' Ukrainian', '.', '<|im_end|>', '<|endoftext|>', '<|endoftext|>', '<|endoftext|>', '<|endoftext|>', '<|endoftext|>'] [base]
  L22: ' Greek.<|im_end|><|endoftext|><|endoftext|><|endoftext|><|endoftext|><|endoftext|>' = [' Greek', '.', '<|im_end|>', '<|endoftext|>', '<|endoftext|>', '<|endoftext|>', '<|endoftext|>', '<|endoftext|>'] [HIT]
  L23: ' Greek.<|im_end|><|endoftext|><|endoftext|><|endoftext|><|endoftext|><|endoftext|>' = [' Greek', '.', '<|im_end|>', '<|endoftext|>', '<|endoftext|>', '<|endoftext|>', '<|endoftext|>', '<|endoftext|>'] [HIT]
  L24: ' Greek.<|im_end|><|endoftext|><|endoftext|><|endoftext|><|endoftext|><|endoftext|>' = [' Greek', '.', '<|im_end|>', '<|endoftext|>', '<|endoftext|>', '<|endoftext|>', '<|endoftext|>', '<|endoftext|>'] [HIT]
  L25: ' Greek.<|im_end|><|endoftext|><|endoftext|><|endoftext|><|endoftext|><|endoftext|>' = [' Greek', '.', '<|im_end|>', '<|endoftext|>', '<|endoftext|>', '<|endoftext|>', '<|endoftext|>', '<|endoftext|>'] [HIT]
  L26: ' Greek.<|im_end|><|endoftext|><|endoftext|><|endoftext|><|endoftext|><|endoftext|>' = [' Greek', '.', '<|im_end|>', '<|endoftext|>', '<|endoftext|>', '<|endoftext|>', '<|endoftext|>', '<|endoftext|>'] [HIT]
  L27: ' Greek.<|im_end|><|endoftext|><|endoftext|><|endoftext|><|endoftext|><|endoftext|>' = [' Greek', '.', '<|im_end|>', '<|endoftext|>', '<|endoftext|>', '<|endoftext|>', '<|endoftext|>', '<|endoftext|>'] [HIT]
  L28: ' Greek.<|im_end|><|endoftext|><|endoftext|><|endoftext|><|endoftext|><|endoftext|>' = [' Greek', '.', '<|im_end|>', '<|endoftext|>', '<|endoftext|>', '<|endoftext|>', '<|endoftext|>', '<|endoftext|>'] [HIT]

row 164: base=FI -> source=HN  template=language_prefill_v1
  question: 'Name an official language of the country in this image.'
  prefill : 'One official language is'
  gold base   (expected unhooked) : ' Finnish' = [' Finnish']
  gold source (expected if swap works): ' Spanish' = [' Spanish']
  unhooked: ' Finnish.<|im_end|><|endoftext|><|endoftext|><|endoftext|><|endoftext|><|endoftext|>' = [' Finnish', '.', '<|im_end|>', '<|endoftext|>', '<|endoftext|>', '<|endoftext|>', '<|endoftext|>', '<|endoftext|>']
  L19: ' Finnish.<|im_end|><|endoftext|><|endoftext|><|endoftext|><|endoftext|><|endoftext|>' = [' Finnish', '.', '<|im_end|>', '<|endoftext|>', '<|endoftext|>', '<|endoftext|>', '<|endoftext|>', '<|endoftext|>'] [base]
  L20: ' Finnish.<|im_end|><|endoftext|><|endoftext|><|endoftext|><|endoftext|><|endoftext|>' = [' Finnish', '.', '<|im_end|>', '<|endoftext|>', '<|endoftext|>', '<|endoftext|>', '<|endoftext|>', '<|endoftext|>'] [base]
  L21: ' Finnish.<|im_end|><|endoftext|><|endoftext|><|endoftext|><|endoftext|><|endoftext|>' = [' Finnish', '.', '<|im_end|>', '<|endoftext|>', '<|endoftext|>', '<|endoftext|>', '<|endoftext|>', '<|endoftext|>'] [base]
  L22: ' Finnish.<|im_end|><|endoftext|><|endoftext|><|endoftext|><|endoftext|><|endoftext|>' = [' Finnish', '.', '<|im_end|>', '<|endoftext|>', '<|endoftext|>', '<|endoftext|>', '<|endoftext|>', '<|endoftext|>'] [base]
  L23: ' Spanish.<|im_end|><|endoftext|><|endoftext|><|endoftext|><|endoftext|><|endoftext|>' = [' Spanish', '.', '<|im_end|>', '<|endoftext|>', '<|endoftext|>', '<|endoftext|>', '<|endoftext|>', '<|endoftext|>'] [HIT]
  L24: ' Spanish.<|im_end|><|endoftext|><|endoftext|><|endoftext|><|endoftext|><|endoftext|>' = [' Spanish', '.', '<|im_end|>', '<|endoftext|>', '<|endoftext|>', '<|endoftext|>', '<|endoftext|>', '<|endoftext|>'] [HIT]
  L25: ' Spanish.<|im_end|><|endoftext|><|endoftext|><|endoftext|><|endoftext|><|endoftext|>' = [' Spanish', '.', '<|im_end|>', '<|endoftext|>', '<|endoftext|>', '<|endoftext|>', '<|endoftext|>', '<|endoftext|>'] [HIT]
  L26: ' Spanish.<|im_end|><|endoftext|><|endoftext|><|endoftext|><|endoftext|><|endoftext|>' = [' Spanish', '.', '<|im_end|>', '<|endoftext|>', '<|endoftext|>', '<|endoftext|>', '<|endoftext|>', '<|endoftext|>'] [HIT]
  L27: ' Spanish.<|im_end|><|endoftext|><|endoftext|><|endoftext|><|endoftext|><|endoftext|>' = [' Spanish', '.', '<|im_end|>', '<|endoftext|>', '<|endoftext|>', '<|endoftext|>', '<|endoftext|>', '<|endoftext|>'] [HIT]
  L28: ' Spanish.<|im_end|><|endoftext|><|endoftext|><|endoftext|><|endoftext|><|endoftext|>' = [' Spanish', '.', '<|im_end|>', '<|endoftext|>', '<|endoftext|>', '<|endoftext|>', '<|endoftext|>', '<|endoftext|>'] [HIT]

row 165: base=TH -> source=IN  template=language_prefill_v2
  question: 'What is the official language of the country shown in this flag?'
  prefill : 'The official language is'
  gold base   (expected unhooked) : ' Thai' = [' Thai']
  gold source (expected if swap works): ' Hindi' = [' Hindi']
  unhooked: ' Thai.<|im_end|><|endoftext|><|endoftext|><|endoftext|><|endoftext|><|endoftext|>' = [' Thai', '.', '<|im_end|>', '<|endoftext|>', '<|endoftext|>', '<|endoftext|>', '<|endoftext|>', '<|endoftext|>']
  L19: ' Thai.<|im_end|><|endoftext|><|endoftext|><|endoftext|><|endoftext|><|endoftext|>' = [' Thai', '.', '<|im_end|>', '<|endoftext|>', '<|endoftext|>', '<|endoftext|>', '<|endoftext|>', '<|endoftext|>'] [base]
  L20: ' Thai.<|im_end|><|endoftext|><|endoftext|><|endoftext|><|endoftext|><|endoftext|>' = [' Thai', '.', '<|im_end|>', '<|endoftext|>', '<|endoftext|>', '<|endoftext|>', '<|endoftext|>', '<|endoftext|>'] [base]
  L21: ' Thai.<|im_end|><|endoftext|><|endoftext|><|endoftext|><|endoftext|><|endoftext|>' = [' Thai', '.', '<|im_end|>', '<|endoftext|>', '<|endoftext|>', '<|endoftext|>', '<|endoftext|>', '<|endoftext|>'] [base]
  L22: ' Hindi.<|im_end|><|endoftext|><|endoftext|><|endoftext|><|endoftext|><|endoftext|>' = [' Hindi', '.', '<|im_end|>', '<|endoftext|>', '<|endoftext|>', '<|endoftext|>', '<|endoftext|>', '<|endoftext|>'] [HIT]
  L23: ' Hindi.<|im_end|><|endoftext|><|endoftext|><|endoftext|><|endoftext|><|endoftext|>' = [' Hindi', '.', '<|im_end|>', '<|endoftext|>', '<|endoftext|>', '<|endoftext|>', '<|endoftext|>', '<|endoftext|>'] [HIT]
  L24: ' Hindi.<|im_end|><|endoftext|><|endoftext|><|endoftext|><|endoftext|><|endoftext|>' = [' Hindi', '.', '<|im_end|>', '<|endoftext|>', '<|endoftext|>', '<|endoftext|>', '<|endoftext|>', '<|endoftext|>'] [HIT]
  L25: ' Hindi.<|im_end|><|endoftext|><|endoftext|><|endoftext|><|endoftext|><|endoftext|>' = [' Hindi', '.', '<|im_end|>', '<|endoftext|>', '<|endoftext|>', '<|endoftext|>', '<|endoftext|>', '<|endoftext|>'] [HIT]
  L26: ' Hindi.<|im_end|><|endoftext|><|endoftext|><|endoftext|><|endoftext|><|endoftext|>' = [' Hindi', '.', '<|im_end|>', '<|endoftext|>', '<|endoftext|>', '<|endoftext|>', '<|endoftext|>', '<|endoftext|>'] [HIT]
  L27: ' Hindi.<|im_end|><|endoftext|><|endoftext|><|endoftext|><|endoftext|><|endoftext|>' = [' Hindi', '.', '<|im_end|>', '<|endoftext|>', '<|endoftext|>', '<|endoftext|>', '<|endoftext|>', '<|endoftext|>'] [HIT]
  L28: ' Hindi.<|im_end|><|endoftext|><|endoftext|><|endoftext|><|endoftext|><|endoftext|>' = [' Hindi', '.', '<|im_end|>', '<|endoftext|>', '<|endoftext|>', '<|endoftext|>', '<|endoftext|>', '<|endoftext|>'] [HIT]

row 166: base=SE -> source=IS  template=language_prefill_v4
  question: 'Identify one of the official languages of the country in this image.'
  prefill : 'One official language is'
  gold base   (expected unhooked) : ' Swedish' = [' Swedish']
  gold source (expected if swap works): ' Icelandic' = [' Icelandic']
  unhooked: ' Swedish.<|im_end|><|endoftext|><|endoftext|><|endoftext|><|endoftext|><|endoftext|>' = [' Swedish', '.', '<|im_end|>', '<|endoftext|>', '<|endoftext|>', '<|endoftext|>', '<|endoftext|>', '<|endoftext|>']
  L19: ' Swedish.<|im_end|><|endoftext|><|endoftext|><|endoftext|><|endoftext|><|endoftext|>' = [' Swedish', '.', '<|im_end|>', '<|endoftext|>', '<|endoftext|>', '<|endoftext|>', '<|endoftext|>', '<|endoftext|>'] [base]
  L20: ' Swedish.<|im_end|><|endoftext|><|endoftext|><|endoftext|><|endoftext|><|endoftext|>' = [' Swedish', '.', '<|im_end|>', '<|endoftext|>', '<|endoftext|>', '<|endoftext|>', '<|endoftext|>', '<|endoftext|>'] [base]
  L21: ' Swedish.<|im_end|><|endoftext|><|endoftext|><|endoftext|><|endoftext|><|endoftext|>' = [' Swedish', '.', '<|im_end|>', '<|endoftext|>', '<|endoftext|>', '<|endoftext|>', '<|endoftext|>', '<|endoftext|>'] [base]
  L22: ' Swedish.<|im_end|><|endoftext|><|endoftext|><|endoftext|><|endoftext|><|endoftext|>' = [' Swedish', '.', '<|im_end|>', '<|endoftext|>', '<|endoftext|>', '<|endoftext|>', '<|endoftext|>', '<|endoftext|>'] [base]
  L23: ' Swedish.<|im_end|><|endoftext|><|endoftext|><|endoftext|><|endoftext|><|endoftext|>' = [' Swedish', '.', '<|im_end|>', '<|endoftext|>', '<|endoftext|>', '<|endoftext|>', '<|endoftext|>', '<|endoftext|>'] [base]
  L24: ' Icelandic.<|im_end|><|endoftext|><|endoftext|><|endoftext|><|endoftext|><|endoftext|>' = [' Icelandic', '.', '<|im_end|>', '<|endoftext|>', '<|endoftext|>', '<|endoftext|>', '<|endoftext|>', '<|endoftext|>'] [HIT]
  L25: ' Icelandic.<|im_end|><|endoftext|><|endoftext|><|endoftext|><|endoftext|><|endoftext|>' = [' Icelandic', '.', '<|im_end|>', '<|endoftext|>', '<|endoftext|>', '<|endoftext|>', '<|endoftext|>', '<|endoftext|>'] [HIT]
  L26: ' Icelandic.<|im_end|><|endoftext|><|endoftext|><|endoftext|><|endoftext|><|endoftext|>' = [' Icelandic', '.', '<|im_end|>', '<|endoftext|>', '<|endoftext|>', '<|endoftext|>', '<|endoftext|>', '<|endoftext|>'] [HIT]
  L27: ' Icelandic.<|im_end|><|endoftext|><|endoftext|><|endoftext|><|endoftext|><|endoftext|>' = [' Icelandic', '.', '<|im_end|>', '<|endoftext|>', '<|endoftext|>', '<|endoftext|>', '<|endoftext|>', '<|endoftext|>'] [HIT]
  L28: ' Icelandic.<|im_end|><|endoftext|><|endoftext|><|endoftext|><|endoftext|><|endoftext|>' = [' Icelandic', '.', '<|im_end|>', '<|endoftext|>', '<|endoftext|>', '<|endoftext|>', '<|endoftext|>', '<|endoftext|>'] [HIT]

row 167: base=CL -> source=VN  template=language_prefill_v3
  question: 'Tell me a language spoken in the country in this image.'
  prefill : 'A language spoken there is'
  gold base   (expected unhooked) : ' Spanish' = [' Spanish']
  gold source (expected if swap works): ' Vietnamese' = [' Vietnamese']
  unhooked: ' Spanish.<|im_end|><|endoftext|><|endoftext|><|endoftext|><|endoftext|><|endoftext|>' = [' Spanish', '.', '<|im_end|>', '<|endoftext|>', '<|endoftext|>', '<|endoftext|>', '<|endoftext|>', '<|endoftext|>']
  L19: ' Spanish.<|im_end|><|endoftext|><|endoftext|><|endoftext|><|endoftext|><|endoftext|>' = [' Spanish', '.', '<|im_end|>', '<|endoftext|>', '<|endoftext|>', '<|endoftext|>', '<|endoftext|>', '<|endoftext|>'] [base]
  L20: ' Spanish.<|im_end|><|endoftext|><|endoftext|><|endoftext|><|endoftext|><|endoftext|>' = [' Spanish', '.', '<|im_end|>', '<|endoftext|>', '<|endoftext|>', '<|endoftext|>', '<|endoftext|>', '<|endoftext|>'] [base]
  L21: ' Spanish.<|im_end|><|endoftext|><|endoftext|><|endoftext|><|endoftext|><|endoftext|>' = [' Spanish', '.', '<|im_end|>', '<|endoftext|>', '<|endoftext|>', '<|endoftext|>', '<|endoftext|>', '<|endoftext|>'] [base]
  L22: ' Spanish.<|im_end|><|endoftext|><|endoftext|><|endoftext|><|endoftext|><|endoftext|>' = [' Spanish', '.', '<|im_end|>', '<|endoftext|>', '<|endoftext|>', '<|endoftext|>', '<|endoftext|>', '<|endoftext|>'] [base]
  L23: ' Vietnamese.<|im_end|><|endoftext|><|endoftext|><|endoftext|><|endoftext|><|endoftext|>' = [' Vietnamese', '.', '<|im_end|>', '<|endoftext|>', '<|endoftext|>', '<|endoftext|>', '<|endoftext|>', '<|endoftext|>'] [HIT]
  L24: ' Vietnamese.<|im_end|><|endoftext|><|endoftext|><|endoftext|><|endoftext|><|endoftext|>' = [' Vietnamese', '.', '<|im_end|>', '<|endoftext|>', '<|endoftext|>', '<|endoftext|>', '<|endoftext|>', '<|endoftext|>'] [HIT]
  L25: ' Vietnamese.<|im_end|><|endoftext|><|endoftext|><|endoftext|><|endoftext|><|endoftext|>' = [' Vietnamese', '.', '<|im_end|>', '<|endoftext|>', '<|endoftext|>', '<|endoftext|>', '<|endoftext|>', '<|endoftext|>'] [HIT]
  L26: ' Vietnamese.<|im_end|><|endoftext|><|endoftext|><|endoftext|><|endoftext|><|endoftext|>' = [' Vietnamese', '.', '<|im_end|>', '<|endoftext|>', '<|endoftext|>', '<|endoftext|>', '<|endoftext|>', '<|endoftext|>'] [HIT]
  L27: ' Vietnamese.<|im_end|><|endoftext|><|endoftext|><|endoftext|><|endoftext|><|endoftext|>' = [' Vietnamese', '.', '<|im_end|>', '<|endoftext|>', '<|endoftext|>', '<|endoftext|>', '<|endoftext|>', '<|endoftext|>'] [HIT]
  L28: ' Vietnamese.<|im_end|><|endoftext|><|endoftext|><|endoftext|><|endoftext|><|endoftext|>' = [' Vietnamese', '.', '<|im_end|>', '<|endoftext|>', '<|endoftext|>', '<|endoftext|>', '<|endoftext|>', '<|endoftext|>'] [HIT]

row 168: base=VN -> source=UG  template=language_prefill_v6
  question: 'Name a language used in the country depicted in this image.'
  prefill : 'A language spoken there is'
  gold base   (expected unhooked) : ' Vietnamese' = [' Vietnamese']
  gold source (expected if swap works): ' English' = [' English']
  unhooked: ' Vietnamese.<|im_end|><|endoftext|><|endoftext|><|endoftext|><|endoftext|><|endoftext|>' = [' Vietnamese', '.', '<|im_end|>', '<|endoftext|>', '<|endoftext|>', '<|endoftext|>', '<|endoftext|>', '<|endoftext|>']
  L19: ' Vietnamese.<|im_end|><|endoftext|><|endoftext|><|endoftext|><|endoftext|><|endoftext|>' = [' Vietnamese', '.', '<|im_end|>', '<|endoftext|>', '<|endoftext|>', '<|endoftext|>', '<|endoftext|>', '<|endoftext|>'] [base]
  L20: ' Vietnamese.<|im_end|><|endoftext|><|endoftext|><|endoftext|><|endoftext|><|endoftext|>' = [' Vietnamese', '.', '<|im_end|>', '<|endoftext|>', '<|endoftext|>', '<|endoftext|>', '<|endoftext|>', '<|endoftext|>'] [base]
  L21: ' Vietnamese.<|im_end|><|endoftext|><|endoftext|><|endoftext|><|endoftext|><|endoftext|>' = [' Vietnamese', '.', '<|im_end|>', '<|endoftext|>', '<|endoftext|>', '<|endoftext|>', '<|endoftext|>', '<|endoftext|>'] [base]
  L22: ' Vietnamese.<|im_end|><|endoftext|><|endoftext|><|endoftext|><|endoftext|><|endoftext|>' = [' Vietnamese', '.', '<|im_end|>', '<|endoftext|>', '<|endoftext|>', '<|endoftext|>', '<|endoftext|>', '<|endoftext|>'] [base]
  L23: ' Vietnamese.<|im_end|><|endoftext|><|endoftext|><|endoftext|><|endoftext|><|endoftext|>' = [' Vietnamese', '.', '<|im_end|>', '<|endoftext|>', '<|endoftext|>', '<|endoftext|>', '<|endoftext|>', '<|endoftext|>'] [base]
  L24: ' English, as it is an official language' = [' English', ',', ' as', ' it', ' is', ' an', ' official', ' language'] [HIT]
  L25: ' English, as it is an official language' = [' English', ',', ' as', ' it', ' is', ' an', ' official', ' language'] [HIT]
  L26: ' English, as it is an official language' = [' English', ',', ' as', ' it', ' is', ' an', ' official', ' language'] [HIT]
  L27: ' English, as it is an official language' = [' English', ',', ' as', ' it', ' is', ' an', ' official', ' language'] [HIT]
  L28: ' English, as it is an official language' = [' English', ',', ' as', ' it', ' is', ' an', ' official', ' language'] [HIT]

row 169: base=BY -> source=VN  template=language_prefill_v1
  question: 'Name an official language of the country in this image.'
  prefill : 'One official language is'
  gold base   (expected unhooked) : ' Belarusian' = [' Belarus', 'ian']
  gold source (expected if swap works): ' Vietnamese' = [' Vietnamese']
  unhooked: ' Belarusian.<|im_end|><|endoftext|><|endoftext|><|endoftext|><|endoftext|>' = [' Belarus', 'ian', '.', '<|im_end|>', '<|endoftext|>', '<|endoftext|>', '<|endoftext|>', '<|endoftext|>']
  L19: ' Belarusian.<|im_end|><|endoftext|><|endoftext|><|endoftext|><|endoftext|>' = [' Belarus', 'ian', '.', '<|im_end|>', '<|endoftext|>', '<|endoftext|>', '<|endoftext|>', '<|endoftext|>'] [base]
  L20: ' Belarusian.<|im_end|><|endoftext|><|endoftext|><|endoftext|><|endoftext|>' = [' Belarus', 'ian', '.', '<|im_end|>', '<|endoftext|>', '<|endoftext|>', '<|endoftext|>', '<|endoftext|>'] [base]
  L21: ' Belarusian.<|im_end|><|endoftext|><|endoftext|><|endoftext|><|endoftext|>' = [' Belarus', 'ian', '.', '<|im_end|>', '<|endoftext|>', '<|endoftext|>', '<|endoftext|>', '<|endoftext|>'] [base]
  L22: ' Belarusian.<|im_end|><|endoftext|><|endoftext|><|endoftext|><|endoftext|>' = [' Belarus', 'ian', '.', '<|im_end|>', '<|endoftext|>', '<|endoftext|>', '<|endoftext|>', '<|endoftext|>'] [base]
  L23: ' Vietnamese.<|im_end|><|endoftext|><|endoftext|><|endoftext|><|endoftext|><|endoftext|>' = [' Vietnamese', '.', '<|im_end|>', '<|endoftext|>', '<|endoftext|>', '<|endoftext|>', '<|endoftext|>', '<|endoftext|>'] [HIT]
  L24: ' Vietnamese.<|im_end|><|endoftext|><|endoftext|><|endoftext|><|endoftext|><|endoftext|>' = [' Vietnamese', '.', '<|im_end|>', '<|endoftext|>', '<|endoftext|>', '<|endoftext|>', '<|endoftext|>', '<|endoftext|>'] [HIT]
  L25: ' Vietnamese.<|im_end|><|endoftext|><|endoftext|><|endoftext|><|endoftext|><|endoftext|>' = [' Vietnamese', '.', '<|im_end|>', '<|endoftext|>', '<|endoftext|>', '<|endoftext|>', '<|endoftext|>', '<|endoftext|>'] [HIT]
  L26: ' Vietnamese.<|im_end|><|endoftext|><|endoftext|><|endoftext|><|endoftext|><|endoftext|>' = [' Vietnamese', '.', '<|im_end|>', '<|endoftext|>', '<|endoftext|>', '<|endoftext|>', '<|endoftext|>', '<|endoftext|>'] [HIT]
  L27: ' Vietnamese.<|im_end|><|endoftext|><|endoftext|><|endoftext|><|endoftext|><|endoftext|>' = [' Vietnamese', '.', '<|im_end|>', '<|endoftext|>', '<|endoftext|>', '<|endoftext|>', '<|endoftext|>', '<|endoftext|>'] [HIT]
  L28: ' Vietnamese.<|im_end|><|endoftext|><|endoftext|><|endoftext|><|endoftext|><|endoftext|>' = [' Vietnamese', '.', '<|im_end|>', '<|endoftext|>', '<|endoftext|>', '<|endoftext|>', '<|endoftext|>', '<|endoftext|>'] [HIT]

row 170: base=IS -> source=PT  template=language_prefill_v3
  question: 'Tell me a language spoken in the country in this image.'
  prefill : 'A language spoken there is'
  gold base   (expected unhooked) : ' Icelandic' = [' Icelandic']
  gold source (expected if swap works): ' Portuguese' = [' Portuguese']
  unhooked: ' Icelandic.<|im_end|><|endoftext|><|endoftext|><|endoftext|><|endoftext|><|endoftext|>' = [' Icelandic', '.', '<|im_end|>', '<|endoftext|>', '<|endoftext|>', '<|endoftext|>', '<|endoftext|>', '<|endoftext|>']
  L19: ' Icelandic.<|im_end|><|endoftext|><|endoftext|><|endoftext|><|endoftext|><|endoftext|>' = [' Icelandic', '.', '<|im_end|>', '<|endoftext|>', '<|endoftext|>', '<|endoftext|>', '<|endoftext|>', '<|endoftext|>'] [base]
  L20: ' Icelandic.<|im_end|><|endoftext|><|endoftext|><|endoftext|><|endoftext|><|endoftext|>' = [' Icelandic', '.', '<|im_end|>', '<|endoftext|>', '<|endoftext|>', '<|endoftext|>', '<|endoftext|>', '<|endoftext|>'] [base]
  L21: ' Icelandic.<|im_end|><|endoftext|><|endoftext|><|endoftext|><|endoftext|><|endoftext|>' = [' Icelandic', '.', '<|im_end|>', '<|endoftext|>', '<|endoftext|>', '<|endoftext|>', '<|endoftext|>', '<|endoftext|>'] [base]
  L22: ' Icelandic.<|im_end|><|endoftext|><|endoftext|><|endoftext|><|endoftext|><|endoftext|>' = [' Icelandic', '.', '<|im_end|>', '<|endoftext|>', '<|endoftext|>', '<|endoftext|>', '<|endoftext|>', '<|endoftext|>'] [base]
  L23: ' Portuguese.<|im_end|><|endoftext|><|endoftext|><|endoftext|><|endoftext|><|endoftext|>' = [' Portuguese', '.', '<|im_end|>', '<|endoftext|>', '<|endoftext|>', '<|endoftext|>', '<|endoftext|>', '<|endoftext|>'] [HIT]
  L24: ' Portuguese.<|im_end|><|endoftext|><|endoftext|><|endoftext|><|endoftext|><|endoftext|>' = [' Portuguese', '.', '<|im_end|>', '<|endoftext|>', '<|endoftext|>', '<|endoftext|>', '<|endoftext|>', '<|endoftext|>'] [HIT]
  L25: ' Portuguese.<|im_end|><|endoftext|><|endoftext|><|endoftext|><|endoftext|><|endoftext|>' = [' Portuguese', '.', '<|im_end|>', '<|endoftext|>', '<|endoftext|>', '<|endoftext|>', '<|endoftext|>', '<|endoftext|>'] [HIT]
  L26: ' Portuguese.<|im_end|><|endoftext|><|endoftext|><|endoftext|><|endoftext|><|endoftext|>' = [' Portuguese', '.', '<|im_end|>', '<|endoftext|>', '<|endoftext|>', '<|endoftext|>', '<|endoftext|>', '<|endoftext|>'] [HIT]
  L27: ' Portuguese.<|im_end|><|endoftext|><|endoftext|><|endoftext|><|endoftext|><|endoftext|>' = [' Portuguese', '.', '<|im_end|>', '<|endoftext|>', '<|endoftext|>', '<|endoftext|>', '<|endoftext|>', '<|endoftext|>'] [HIT]
  L28: ' Portuguese.<|im_end|><|endoftext|><|endoftext|><|endoftext|><|endoftext|><|endoftext|>' = [' Portuguese', '.', '<|im_end|>', '<|endoftext|>', '<|endoftext|>', '<|endoftext|>', '<|endoftext|>', '<|endoftext|>'] [HIT]

row 171: base=CL -> source=TH  template=language_prefill_v6
  question: 'Name a language used in the country depicted in this image.'
  prefill : 'A language spoken there is'
  gold base   (expected unhooked) : ' Spanish' = [' Spanish']
  gold source (expected if swap works): ' Thai' = [' Thai']
  unhooked: ' Spanish.<|im_end|><|endoftext|><|endoftext|><|endoftext|><|endoftext|><|endoftext|>' = [' Spanish', '.', '<|im_end|>', '<|endoftext|>', '<|endoftext|>', '<|endoftext|>', '<|endoftext|>', '<|endoftext|>']
  L19: ' Spanish.<|im_end|><|endoftext|><|endoftext|><|endoftext|><|endoftext|><|endoftext|>' = [' Spanish', '.', '<|im_end|>', '<|endoftext|>', '<|endoftext|>', '<|endoftext|>', '<|endoftext|>', '<|endoftext|>'] [base]
  L20: ' Spanish.<|im_end|><|endoftext|><|endoftext|><|endoftext|><|endoftext|><|endoftext|>' = [' Spanish', '.', '<|im_end|>', '<|endoftext|>', '<|endoftext|>', '<|endoftext|>', '<|endoftext|>', '<|endoftext|>'] [base]
  L21: ' Spanish.<|im_end|><|endoftext|><|endoftext|><|endoftext|><|endoftext|><|endoftext|>' = [' Spanish', '.', '<|im_end|>', '<|endoftext|>', '<|endoftext|>', '<|endoftext|>', '<|endoftext|>', '<|endoftext|>'] [base]
  L22: ' Spanish.<|im_end|><|endoftext|><|endoftext|><|endoftext|><|endoftext|><|endoftext|>' = [' Spanish', '.', '<|im_end|>', '<|endoftext|>', '<|endoftext|>', '<|endoftext|>', '<|endoftext|>', '<|endoftext|>'] [base]
  L23: ' Spanish.<|im_end|><|endoftext|><|endoftext|><|endoftext|><|endoftext|><|endoftext|>' = [' Spanish', '.', '<|im_end|>', '<|endoftext|>', '<|endoftext|>', '<|endoftext|>', '<|endoftext|>', '<|endoftext|>'] [base]
  L24: ' Thai.<|im_end|><|endoftext|><|endoftext|><|endoftext|><|endoftext|><|endoftext|>' = [' Thai', '.', '<|im_end|>', '<|endoftext|>', '<|endoftext|>', '<|endoftext|>', '<|endoftext|>', '<|endoftext|>'] [HIT]
  L25: ' Thai.<|im_end|><|endoftext|><|endoftext|><|endoftext|><|endoftext|><|endoftext|>' = [' Thai', '.', '<|im_end|>', '<|endoftext|>', '<|endoftext|>', '<|endoftext|>', '<|endoftext|>', '<|endoftext|>'] [HIT]
  L26: ' Thai.<|im_end|><|endoftext|><|endoftext|><|endoftext|><|endoftext|><|endoftext|>' = [' Thai', '.', '<|im_end|>', '<|endoftext|>', '<|endoftext|>', '<|endoftext|>', '<|endoftext|>', '<|endoftext|>'] [HIT]
  L27: ' Thai.<|im_end|><|endoftext|><|endoftext|><|endoftext|><|endoftext|><|endoftext|>' = [' Thai', '.', '<|im_end|>', '<|endoftext|>', '<|endoftext|>', '<|endoftext|>', '<|endoftext|>', '<|endoftext|>'] [HIT]
  L28: ' Thai.<|im_end|><|endoftext|><|endoftext|><|endoftext|><|endoftext|><|endoftext|>' = [' Thai', '.', '<|im_end|>', '<|endoftext|>', '<|endoftext|>', '<|endoftext|>', '<|endoftext|>', '<|endoftext|>'] [HIT]

row 172: base=AR -> source=CV  template=language_prefill_v6
  question: 'Name a language used in the country depicted in this image.'
  prefill : 'A language spoken there is'
  gold base   (expected unhooked) : ' Guaraní' = [' Gu', 'aran', 'í']
  gold source (expected if swap works): ' Portuguese' = [' Portuguese']
  unhooked: ' Spanish.<|im_end|><|endoftext|><|endoftext|><|endoftext|><|endoftext|><|endoftext|>' = [' Spanish', '.', '<|im_end|>', '<|endoftext|>', '<|endoftext|>', '<|endoftext|>', '<|endoftext|>', '<|endoftext|>']
  L19: ' Spanish.<|im_end|><|endoftext|><|endoftext|><|endoftext|><|endoftext|><|endoftext|>' = [' Spanish', '.', '<|im_end|>', '<|endoftext|>', '<|endoftext|>', '<|endoftext|>', '<|endoftext|>', '<|endoftext|>'] [other]
  L20: ' Spanish.<|im_end|><|endoftext|><|endoftext|><|endoftext|><|endoftext|><|endoftext|>' = [' Spanish', '.', '<|im_end|>', '<|endoftext|>', '<|endoftext|>', '<|endoftext|>', '<|endoftext|>', '<|endoftext|>'] [other]
  L21: ' Spanish.<|im_end|><|endoftext|><|endoftext|><|endoftext|><|endoftext|><|endoftext|>' = [' Spanish', '.', '<|im_end|>', '<|endoftext|>', '<|endoftext|>', '<|endoftext|>', '<|endoftext|>', '<|endoftext|>'] [other]
  L22: ' Spanish.<|im_end|><|endoftext|><|endoftext|><|endoftext|><|endoftext|><|endoftext|>' = [' Spanish', '.', '<|im_end|>', '<|endoftext|>', '<|endoftext|>', '<|endoftext|>', '<|endoftext|>', '<|endoftext|>'] [other]
  L23: ' Portuguese, although Spanish is also widely used' = [' Portuguese', ',', ' although', ' Spanish', ' is', ' also', ' widely', ' used'] [HIT]
  L24: ' Portuguese, although Spanish is also widely used' = [' Portuguese', ',', ' although', ' Spanish', ' is', ' also', ' widely', ' used'] [HIT]
  L25: ' Portuguese, although Spanish is also widely used' = [' Portuguese', ',', ' although', ' Spanish', ' is', ' also', ' widely', ' used'] [HIT]
  L26: ' Portuguese, although Spanish is also widely used' = [' Portuguese', ',', ' although', ' Spanish', ' is', ' also', ' widely', ' used'] [HIT]
  L27: ' Portuguese, although Spanish is also widely used' = [' Portuguese', ',', ' although', ' Spanish', ' is', ' also', ' widely', ' used'] [HIT]
  L28: ' Banda de Música, which' = [' B', 'anda', ' de', ' M', 'ús', 'ica', ',', ' which'] [other]

row 173: base=TH -> source=HN  template=language_prefill_v5
  question: 'What language is officially spoken in the country shown in this flag?'
  prefill : 'The official language is'
  gold base   (expected unhooked) : ' Thai' = [' Thai']
  gold source (expected if swap works): ' Spanish' = [' Spanish']
  unhooked: ' Thai.<|im_end|><|endoftext|><|endoftext|><|endoftext|><|endoftext|><|endoftext|>' = [' Thai', '.', '<|im_end|>', '<|endoftext|>', '<|endoftext|>', '<|endoftext|>', '<|endoftext|>', '<|endoftext|>']
  L19: ' Thai.<|im_end|><|endoftext|><|endoftext|><|endoftext|><|endoftext|><|endoftext|>' = [' Thai', '.', '<|im_end|>', '<|endoftext|>', '<|endoftext|>', '<|endoftext|>', '<|endoftext|>', '<|endoftext|>'] [base]
  L20: ' Thai.<|im_end|><|endoftext|><|endoftext|><|endoftext|><|endoftext|><|endoftext|>' = [' Thai', '.', '<|im_end|>', '<|endoftext|>', '<|endoftext|>', '<|endoftext|>', '<|endoftext|>', '<|endoftext|>'] [base]
  L21: ' Thai.<|im_end|><|endoftext|><|endoftext|><|endoftext|><|endoftext|><|endoftext|>' = [' Thai', '.', '<|im_end|>', '<|endoftext|>', '<|endoftext|>', '<|endoftext|>', '<|endoftext|>', '<|endoftext|>'] [base]
  L22: ' Thai.<|im_end|><|endoftext|><|endoftext|><|endoftext|><|endoftext|><|endoftext|>' = [' Thai', '.', '<|im_end|>', '<|endoftext|>', '<|endoftext|>', '<|endoftext|>', '<|endoftext|>', '<|endoftext|>'] [base]
  L23: ' Spanish.<|im_end|><|endoftext|><|endoftext|><|endoftext|><|endoftext|><|endoftext|>' = [' Spanish', '.', '<|im_end|>', '<|endoftext|>', '<|endoftext|>', '<|endoftext|>', '<|endoftext|>', '<|endoftext|>'] [HIT]
  L24: ' Spanish.<|im_end|><|endoftext|><|endoftext|><|endoftext|><|endoftext|><|endoftext|>' = [' Spanish', '.', '<|im_end|>', '<|endoftext|>', '<|endoftext|>', '<|endoftext|>', '<|endoftext|>', '<|endoftext|>'] [HIT]
  L25: ' Spanish.<|im_end|><|endoftext|><|endoftext|><|endoftext|><|endoftext|><|endoftext|>' = [' Spanish', '.', '<|im_end|>', '<|endoftext|>', '<|endoftext|>', '<|endoftext|>', '<|endoftext|>', '<|endoftext|>'] [HIT]
  L26: ' Spanish.<|im_end|><|endoftext|><|endoftext|><|endoftext|><|endoftext|><|endoftext|>' = [' Spanish', '.', '<|im_end|>', '<|endoftext|>', '<|endoftext|>', '<|endoftext|>', '<|endoftext|>', '<|endoftext|>'] [HIT]
  L27: ' Spanish.<|im_end|><|endoftext|><|endoftext|><|endoftext|><|endoftext|><|endoftext|>' = [' Spanish', '.', '<|im_end|>', '<|endoftext|>', '<|endoftext|>', '<|endoftext|>', '<|endoftext|>', '<|endoftext|>'] [HIT]
  L28: ' Spanish.<|im_end|><|endoftext|><|endoftext|><|endoftext|><|endoftext|><|endoftext|>' = [' Spanish', '.', '<|im_end|>', '<|endoftext|>', '<|endoftext|>', '<|endoftext|>', '<|endoftext|>', '<|endoftext|>'] [HIT]

row 174: base=AO -> source=SE  template=language_prefill_v3
  question: 'Tell me a language spoken in the country in this image.'
  prefill : 'A language spoken there is'
  gold base   (expected unhooked) : ' Portuguese' = [' Portuguese']
  gold source (expected if swap works): ' Swedish' = [' Swedish']
  unhooked: ' Portuguese, as Angola was a Portuguese colony' = [' Portuguese', ',', ' as', ' Angola', ' was', ' a', ' Portuguese', ' colony']
  L19: ' Portuguese. Angola was a colony of Portugal' = [' Portuguese', '.', ' Angola', ' was', ' a', ' colony', ' of', ' Portugal'] [base]
  L20: ' Portuguese. Angola was a colony of Portugal' = [' Portuguese', '.', ' Angola', ' was', ' a', ' colony', ' of', ' Portugal'] [base]
  L21: ' Portuguese. Angola was a colony of Portugal' = [' Portuguese', '.', ' Angola', ' was', ' a', ' colony', ' of', ' Portugal'] [base]
  L22: ' Portuguese, as Angola was a Portuguese colony' = [' Portuguese', ',', ' as', ' Angola', ' was', ' a', ' Portuguese', ' colony'] [base]
  L23: ' Swedish.<|im_end|><|endoftext|><|endoftext|><|endoftext|><|endoftext|><|endoftext|>' = [' Swedish', '.', '<|im_end|>', '<|endoftext|>', '<|endoftext|>', '<|endoftext|>', '<|endoftext|>', '<|endoftext|>'] [HIT]
  L24: ' Swedish.<|im_end|><|endoftext|><|endoftext|><|endoftext|><|endoftext|><|endoftext|>' = [' Swedish', '.', '<|im_end|>', '<|endoftext|>', '<|endoftext|>', '<|endoftext|>', '<|endoftext|>', '<|endoftext|>'] [HIT]
  L25: ' Swedish.<|im_end|><|endoftext|><|endoftext|><|endoftext|><|endoftext|><|endoftext|>' = [' Swedish', '.', '<|im_end|>', '<|endoftext|>', '<|endoftext|>', '<|endoftext|>', '<|endoftext|>', '<|endoftext|>'] [HIT]
  L26: ' Swedish.<|im_end|><|endoftext|><|endoftext|><|endoftext|><|endoftext|><|endoftext|>' = [' Swedish', '.', '<|im_end|>', '<|endoftext|>', '<|endoftext|>', '<|endoftext|>', '<|endoftext|>', '<|endoftext|>'] [HIT]
  L27: ' Swedish.<|im_end|><|endoftext|><|endoftext|><|endoftext|><|endoftext|><|endoftext|>' = [' Swedish', '.', '<|im_end|>', '<|endoftext|>', '<|endoftext|>', '<|endoftext|>', '<|endoftext|>', '<|endoftext|>'] [HIT]
  L28: ' Swedish.<|im_end|><|endoftext|><|endoftext|><|endoftext|><|endoftext|><|endoftext|>' = [' Swedish', '.', '<|im_end|>', '<|endoftext|>', '<|endoftext|>', '<|endoftext|>', '<|endoftext|>', '<|endoftext|>'] [HIT]

row 175: base=FI -> source=MU  template=language_prefill_v2
  question: 'What is the official language of the country shown in this flag?'
  prefill : 'The official language is'
  gold base   (expected unhooked) : ' Finnish' = [' Finnish']
  gold source (expected if swap works): ' French' = [' French']
  unhooked: ' Finnish.<|im_end|><|endoftext|><|endoftext|><|endoftext|><|endoftext|><|endoftext|>' = [' Finnish', '.', '<|im_end|>', '<|endoftext|>', '<|endoftext|>', '<|endoftext|>', '<|endoftext|>', '<|endoftext|>']
  L19: ' Finnish.<|im_end|><|endoftext|><|endoftext|><|endoftext|><|endoftext|><|endoftext|>' = [' Finnish', '.', '<|im_end|>', '<|endoftext|>', '<|endoftext|>', '<|endoftext|>', '<|endoftext|>', '<|endoftext|>'] [base]
  L20: ' Finnish.<|im_end|><|endoftext|><|endoftext|><|endoftext|><|endoftext|><|endoftext|>' = [' Finnish', '.', '<|im_end|>', '<|endoftext|>', '<|endoftext|>', '<|endoftext|>', '<|endoftext|>', '<|endoftext|>'] [base]
  L21: ' Finnish.<|im_end|><|endoftext|><|endoftext|><|endoftext|><|endoftext|><|endoftext|>' = [' Finnish', '.', '<|im_end|>', '<|endoftext|>', '<|endoftext|>', '<|endoftext|>', '<|endoftext|>', '<|endoftext|>'] [base]
  L22: ' Finnish.<|im_end|><|endoftext|><|endoftext|><|endoftext|><|endoftext|><|endoftext|>' = [' Finnish', '.', '<|im_end|>', '<|endoftext|>', '<|endoftext|>', '<|endoftext|>', '<|endoftext|>', '<|endoftext|>'] [base]
  L23: ' Finnish.<|im_end|><|endoftext|><|endoftext|><|endoftext|><|endoftext|><|endoftext|>' = [' Finnish', '.', '<|im_end|>', '<|endoftext|>', '<|endoftext|>', '<|endoftext|>', '<|endoftext|>', '<|endoftext|>'] [base]
  L24: ' French.<|im_end|><|endoftext|><|endoftext|><|endoftext|><|endoftext|><|endoftext|>' = [' French', '.', '<|im_end|>', '<|endoftext|>', '<|endoftext|>', '<|endoftext|>', '<|endoftext|>', '<|endoftext|>'] [HIT]
  L25: ' French.<|im_end|><|endoftext|><|endoftext|><|endoftext|><|endoftext|><|endoftext|>' = [' French', '.', '<|im_end|>', '<|endoftext|>', '<|endoftext|>', '<|endoftext|>', '<|endoftext|>', '<|endoftext|>'] [HIT]
  L26: ' French.<|im_end|><|endoftext|><|endoftext|><|endoftext|><|endoftext|><|endoftext|>' = [' French', '.', '<|im_end|>', '<|endoftext|>', '<|endoftext|>', '<|endoftext|>', '<|endoftext|>', '<|endoftext|>'] [HIT]
  L27: ' French.<|im_end|><|endoftext|><|endoftext|><|endoftext|><|endoftext|><|endoftext|>' = [' French', '.', '<|im_end|>', '<|endoftext|>', '<|endoftext|>', '<|endoftext|>', '<|endoftext|>', '<|endoftext|>'] [HIT]
  L28: ' French.<|im_end|><|endoftext|><|endoftext|><|endoftext|><|endoftext|><|endoftext|>' = [' French', '.', '<|im_end|>', '<|endoftext|>', '<|endoftext|>', '<|endoftext|>', '<|endoftext|>', '<|endoftext|>'] [HIT]

row 176: base=FI -> source=GH  template=language_prefill_v2
  question: 'What is the official language of the country shown in this flag?'
  prefill : 'The official language is'
  gold base   (expected unhooked) : ' Finnish' = [' Finnish']
  gold source (expected if swap works): ' English' = [' English']
  unhooked: ' Finnish.<|im_end|><|endoftext|>' = [' Finnish', '.', '<|im_end|>', '<|endoftext|>']
  L19: ' Finnish.<|im_end|><|endoftext|>' = [' Finnish', '.', '<|im_end|>', '<|endoftext|>'] [base]
  L20: ' Finnish.<|im_end|><|endoftext|>' = [' Finnish', '.', '<|im_end|>', '<|endoftext|>'] [base]
  L21: ' Finnish.<|im_end|><|endoftext|>' = [' Finnish', '.', '<|im_end|>', '<|endoftext|>'] [base]
  L22: ' Finnish.<|im_end|><|endoftext|>' = [' Finnish', '.', '<|im_end|>', '<|endoftext|>'] [base]
  L23: ' English.<|im_end|>' = [' English', '.', '<|im_end|>'] [HIT]
  L24: ' English.<|im_end|><|endoftext|>' = [' English', '.', '<|im_end|>', '<|endoftext|>'] [HIT]
  L25: ' English.<|im_end|><|endoftext|>' = [' English', '.', '<|im_end|>', '<|endoftext|>'] [HIT]
  L26: ' English.<|im_end|><|endoftext|>' = [' English', '.', '<|im_end|>', '<|endoftext|>'] [HIT]
  L27: ' English.<|im_end|><|endoftext|>' = [' English', '.', '<|im_end|>', '<|endoftext|>'] [HIT]
  L28: ' English.<|im_end|><|endoftext|>' = [' English', '.', '<|im_end|>', '<|endoftext|>'] [HIT]

row 177: base=CM -> source=BY  template=language_prefill_v4
  question: 'Identify one of the official languages of the country in this image.'
  prefill : 'One official language is'
  gold base   (expected unhooked) : ' French' = [' French']
  gold source (expected if swap works): ' Belarusian' = [' Belarus', 'ian']
  unhooked: ' French.<|im_end|><|endoftext|>' = [' French', '.', '<|im_end|>', '<|endoftext|>']
  L19: ' French.<|im_end|><|endoftext|>' = [' French', '.', '<|im_end|>', '<|endoftext|>'] [base]
  L20: ' French.<|im_end|><|endoftext|>' = [' French', '.', '<|im_end|>', '<|endoftext|>'] [base]
  L21: ' French.<|im_end|><|endoftext|>' = [' French', '.', '<|im_end|>', '<|endoftext|>'] [base]
  L22: ' French.<|im_end|><|endoftext|>' = [' French', '.', '<|im_end|>', '<|endoftext|>'] [base]
  L23: ' Russian.<|im_end|>' = [' Russian', '.', '<|im_end|>'] [other]
  L24: ' Belarusian.<|im_end|>' = [' Belarus', 'ian', '.', '<|im_end|>'] [HIT]
  L25: ' Belarusian.<|im_end|>' = [' Belarus', 'ian', '.', '<|im_end|>'] [HIT]
  L26: ' Belarusian.<|im_end|>' = [' Belarus', 'ian', '.', '<|im_end|>'] [HIT]
  L27: ' Belarusian.<|im_end|>' = [' Belarus', 'ian', '.', '<|im_end|>'] [HIT]
  L28: ' Belarusian.<|im_end|>' = [' Belarus', 'ian', '.', '<|im_end|>'] [HIT]

row 178: base=PT -> source=IN  template=language_prefill_v3
  question: 'Tell me a language spoken in the country in this image.'
  prefill : 'A language spoken there is'
  gold base   (expected unhooked) : ' Portuguese' = [' Portuguese']
  gold source (expected if swap works): ' Hindi' = [' Hindi']
  unhooked: ' Portuguese.<|im_end|><|endoftext|>' = [' Portuguese', '.', '<|im_end|>', '<|endoftext|>']
  L19: ' Portuguese.<|im_end|><|endoftext|>' = [' Portuguese', '.', '<|im_end|>', '<|endoftext|>'] [base]
  L20: ' Portuguese.<|im_end|><|endoftext|>' = [' Portuguese', '.', '<|im_end|>', '<|endoftext|>'] [base]
  L21: ' Portuguese.<|im_end|><|endoftext|>' = [' Portuguese', '.', '<|im_end|>', '<|endoftext|>'] [base]
  L22: ' Portuguese.<|im_end|><|endoftext|>' = [' Portuguese', '.', '<|im_end|>', '<|endoftext|>'] [base]
  L23: ' Hindi.<|im_end|>' = [' Hindi', '.', '<|im_end|>'] [HIT]
  L24: ' Hindi.<|im_end|><|endoftext|>' = [' Hindi', '.', '<|im_end|>', '<|endoftext|>'] [HIT]
  L25: ' Hindi.<|im_end|><|endoftext|>' = [' Hindi', '.', '<|im_end|>', '<|endoftext|>'] [HIT]
  L26: ' Hindi.<|im_end|><|endoftext|>' = [' Hindi', '.', '<|im_end|>', '<|endoftext|>'] [HIT]
  L27: ' Hindi.<|im_end|><|endoftext|>' = [' Hindi', '.', '<|im_end|>', '<|endoftext|>'] [HIT]
  L28: ' Hindi.<|im_end|><|endoftext|>' = [' Hindi', '.', '<|im_end|>', '<|endoftext|>'] [HIT]

row 179: base=GH -> source=AO  template=language_prefill_v5
  question: 'What language is officially spoken in the country shown in this flag?'
  prefill : 'The official language is'
  gold base   (expected unhooked) : ' English' = [' English']
  gold source (expected if swap works): ' Portuguese' = [' Portuguese']
  unhooked: ' English.<|im_end|><|endoftext|>' = [' English', '.', '<|im_end|>', '<|endoftext|>']
  L19: ' English.<|im_end|><|endoftext|>' = [' English', '.', '<|im_end|>', '<|endoftext|>'] [base]
  L20: ' English.<|im_end|><|endoftext|>' = [' English', '.', '<|im_end|>', '<|endoftext|>'] [base]
  L21: ' English.<|im_end|><|endoftext|>' = [' English', '.', '<|im_end|>', '<|endoftext|>'] [base]
  L22: ' English.<|im_end|><|endoftext|>' = [' English', '.', '<|im_end|>', '<|endoftext|>'] [base]
  L23: ' Portuguese.<|im_end|>' = [' Portuguese', '.', '<|im_end|>'] [HIT]
  L24: ' Portuguese.<|im_end|><|endoftext|>' = [' Portuguese', '.', '<|im_end|>', '<|endoftext|>'] [HIT]
  L25: ' Portuguese.<|im_end|><|endoftext|>' = [' Portuguese', '.', '<|im_end|>', '<|endoftext|>'] [HIT]
  L26: ' Portuguese.<|im_end|><|endoftext|>' = [' Portuguese', '.', '<|im_end|>', '<|endoftext|>'] [HIT]
  L27: ' Portuguese.<|im_end|><|endoftext|>' = [' Portuguese', '.', '<|im_end|>', '<|endoftext|>'] [HIT]
  L28: ' Portuguese.<|im_end|><|endoftext|>' = [' Portuguese', '.', '<|im_end|>', '<|endoftext|>'] [HIT]

row 180: base=AR -> source=ZM  template=language_prefill_v4
  question: 'Identify one of the official languages of the country in this image.'
  prefill : 'One official language is'
  gold base   (expected unhooked) : ' Guaraní' = [' Gu', 'aran', 'í']
  gold source (expected if swap works): ' English' = [' English']
  unhooked: ' Spanish.<|im_end|><|endoftext|>' = [' Spanish', '.', '<|im_end|>', '<|endoftext|>']
  L19: ' Spanish.<|im_end|><|endoftext|>' = [' Spanish', '.', '<|im_end|>', '<|endoftext|>'] [other]
  L20: ' Spanish.<|im_end|><|endoftext|>' = [' Spanish', '.', '<|im_end|>', '<|endoftext|>'] [other]
  L21: ' Spanish.<|im_end|><|endoftext|>' = [' Spanish', '.', '<|im_end|>', '<|endoftext|>'] [other]
  L22: ' Spanish.<|im_end|><|endoftext|>' = [' Spanish', '.', '<|im_end|>', '<|endoftext|>'] [other]
  L23: ' English.<|im_end|>' = [' English', '.', '<|im_end|>'] [HIT]
  L24: ' English.<|im_end|><|endoftext|>' = [' English', '.', '<|im_end|>', '<|endoftext|>'] [HIT]
  L25: ' English.<|im_end|><|endoftext|>' = [' English', '.', '<|im_end|>', '<|endoftext|>'] [HIT]
  L26: ' English.<|im_end|><|endoftext|>' = [' English', '.', '<|im_end|>', '<|endoftext|>'] [HIT]
  L27: ' English.<|im_end|><|endoftext|>' = [' English', '.', '<|im_end|>', '<|endoftext|>'] [HIT]
  L28: ' English.<|im_end|><|endoftext|>' = [' English', '.', '<|im_end|>', '<|endoftext|>'] [HIT]

row 181: base=UG -> source=TH  template=language_prefill_v5
  question: 'What language is officially spoken in the country shown in this flag?'
  prefill : 'The official language is'
  gold base   (expected unhooked) : ' English' = [' English']
  gold source (expected if swap works): ' Thai' = [' Thai']
  unhooked: ' English.<|im_end|><|endoftext|>' = [' English', '.', '<|im_end|>', '<|endoftext|>']
  L19: ' English.<|im_end|><|endoftext|>' = [' English', '.', '<|im_end|>', '<|endoftext|>'] [base]
  L20: ' English.<|im_end|><|endoftext|>' = [' English', '.', '<|im_end|>', '<|endoftext|>'] [base]
  L21: ' English.<|im_end|><|endoftext|>' = [' English', '.', '<|im_end|>', '<|endoftext|>'] [base]
  L22: ' English.<|im_end|><|endoftext|>' = [' English', '.', '<|im_end|>', '<|endoftext|>'] [base]
  L23: ' Thai.<|im_end|>' = [' Thai', '.', '<|im_end|>'] [HIT]
  L24: ' Thai.<|im_end|><|endoftext|>' = [' Thai', '.', '<|im_end|>', '<|endoftext|>'] [HIT]
  L25: ' Thai.<|im_end|><|endoftext|>' = [' Thai', '.', '<|im_end|>', '<|endoftext|>'] [HIT]
  L26: ' Thai.<|im_end|><|endoftext|>' = [' Thai', '.', '<|im_end|>', '<|endoftext|>'] [HIT]
  L27: ' Thai.<|im_end|><|endoftext|>' = [' Thai', '.', '<|im_end|>', '<|endoftext|>'] [HIT]
  L28: ' Thai.<|im_end|><|endoftext|>' = [' Thai', '.', '<|im_end|>', '<|endoftext|>'] [HIT]

row 182: base=AO -> source=TH  template=language_prefill_v2
  question: 'What is the official language of the country shown in this flag?'
  prefill : 'The official language is'
  gold base   (expected unhooked) : ' Portuguese' = [' Portuguese']
  gold source (expected if swap works): ' Thai' = [' Thai']
  unhooked: ' Portuguese.<|im_end|><|endoftext|>' = [' Portuguese', '.', '<|im_end|>', '<|endoftext|>']
  L19: ' Portuguese.<|im_end|><|endoftext|>' = [' Portuguese', '.', '<|im_end|>', '<|endoftext|>'] [base]
  L20: ' Portuguese.<|im_end|><|endoftext|>' = [' Portuguese', '.', '<|im_end|>', '<|endoftext|>'] [base]
  L21: ' Portuguese.<|im_end|><|endoftext|>' = [' Portuguese', '.', '<|im_end|>', '<|endoftext|>'] [base]
  L22: ' Portuguese.<|im_end|><|endoftext|>' = [' Portuguese', '.', '<|im_end|>', '<|endoftext|>'] [base]
  L23: ' Portuguese.<|im_end|>' = [' Portuguese', '.', '<|im_end|>'] [base]
  L24: ' Thai.<|im_end|><|endoftext|>' = [' Thai', '.', '<|im_end|>', '<|endoftext|>'] [HIT]
  L25: ' Thai.<|im_end|><|endoftext|>' = [' Thai', '.', '<|im_end|>', '<|endoftext|>'] [HIT]
  L26: ' Thai.<|im_end|><|endoftext|>' = [' Thai', '.', '<|im_end|>', '<|endoftext|>'] [HIT]
  L27: ' Thai.<|im_end|><|endoftext|>' = [' Thai', '.', '<|im_end|>', '<|endoftext|>'] [HIT]
  L28: ' Thai.<|im_end|><|endoftext|>' = [' Thai', '.', '<|im_end|>', '<|endoftext|>'] [HIT]

row 183: base=SA -> source=IN  template=language_prefill_v6
  question: 'Name a language used in the country depicted in this image.'
  prefill : 'A language spoken there is'
  gold base   (expected unhooked) : ' Arabic' = [' Arabic']
  gold source (expected if swap works): ' Hindi' = [' Hindi']
  unhooked: ' Arabic.<|im_end|><|endoftext|>' = [' Arabic', '.', '<|im_end|>', '<|endoftext|>']
  L19: ' Arabic.<|im_end|><|endoftext|>' = [' Arabic', '.', '<|im_end|>', '<|endoftext|>'] [base]
  L20: ' Arabic.<|im_end|><|endoftext|>' = [' Arabic', '.', '<|im_end|>', '<|endoftext|>'] [base]
  L21: ' Arabic.<|im_end|><|endoftext|>' = [' Arabic', '.', '<|im_end|>', '<|endoftext|>'] [base]
  L22: ' Arabic.<|im_end|><|endoftext|>' = [' Arabic', '.', '<|im_end|>', '<|endoftext|>'] [base]
  L23: ' Hindi.<|im_end|>' = [' Hindi', '.', '<|im_end|>'] [HIT]
  L24: ' Hindi.<|im_end|><|endoftext|>' = [' Hindi', '.', '<|im_end|>', '<|endoftext|>'] [HIT]
  L25: ' Hindi.<|im_end|><|endoftext|>' = [' Hindi', '.', '<|im_end|>', '<|endoftext|>'] [HIT]
  L26: ' Hindi.<|im_end|><|endoftext|>' = [' Hindi', '.', '<|im_end|>', '<|endoftext|>'] [HIT]
  L27: ' Hindi.<|im_end|><|endoftext|>' = [' Hindi', '.', '<|im_end|>', '<|endoftext|>'] [HIT]
  L28: ' Hindi.<|im_end|><|endoftext|>' = [' Hindi', '.', '<|im_end|>', '<|endoftext|>'] [HIT]

row 184: base=MU -> source=IS  template=language_prefill_v4
  question: 'Identify one of the official languages of the country in this image.'
  prefill : 'One official language is'
  gold base   (expected unhooked) : ' French' = [' French']
  gold source (expected if swap works): ' Icelandic' = [' Icelandic']
  unhooked: ' French.<|im_end|><|endoftext|>' = [' French', '.', '<|im_end|>', '<|endoftext|>']
  L19: ' French.<|im_end|><|endoftext|>' = [' French', '.', '<|im_end|>', '<|endoftext|>'] [base]
  L20: ' French.<|im_end|><|endoftext|>' = [' French', '.', '<|im_end|>', '<|endoftext|>'] [base]
  L21: ' French.<|im_end|><|endoftext|>' = [' French', '.', '<|im_end|>', '<|endoftext|>'] [base]
  L22: ' French.<|im_end|><|endoftext|>' = [' French', '.', '<|im_end|>', '<|endoftext|>'] [base]
  L23: ' Icelandic.<|im_end|>' = [' Icelandic', '.', '<|im_end|>'] [HIT]
  L24: ' Icelandic.<|im_end|><|endoftext|>' = [' Icelandic', '.', '<|im_end|>', '<|endoftext|>'] [HIT]
  L25: ' Icelandic.<|im_end|><|endoftext|>' = [' Icelandic', '.', '<|im_end|>', '<|endoftext|>'] [HIT]
  L26: ' Icelandic.<|im_end|><|endoftext|>' = [' Icelandic', '.', '<|im_end|>', '<|endoftext|>'] [HIT]
  L27: ' Icelandic.<|im_end|><|endoftext|>' = [' Icelandic', '.', '<|im_end|>', '<|endoftext|>'] [HIT]
  L28: ' Icelandic.<|im_end|><|endoftext|>' = [' Icelandic', '.', '<|im_end|>', '<|endoftext|>'] [HIT]

row 185: base=TH -> source=UG  template=language_prefill_v2
  question: 'What is the official language of the country shown in this flag?'
  prefill : 'The official language is'
  gold base   (expected unhooked) : ' Thai' = [' Thai']
  gold source (expected if swap works): ' English' = [' English']
  unhooked: ' Thai.<|im_end|><|endoftext|>' = [' Thai', '.', '<|im_end|>', '<|endoftext|>']
  L19: ' Thai.<|im_end|><|endoftext|>' = [' Thai', '.', '<|im_end|>', '<|endoftext|>'] [base]
  L20: ' Thai.<|im_end|><|endoftext|>' = [' Thai', '.', '<|im_end|>', '<|endoftext|>'] [base]
  L21: ' Thai.<|im_end|><|endoftext|>' = [' Thai', '.', '<|im_end|>', '<|endoftext|>'] [base]
  L22: ' Thai.<|im_end|><|endoftext|>' = [' Thai', '.', '<|im_end|>', '<|endoftext|>'] [base]
  L23: ' English.<|im_end|>' = [' English', '.', '<|im_end|>'] [HIT]
  L24: ' English.<|im_end|><|endoftext|>' = [' English', '.', '<|im_end|>', '<|endoftext|>'] [HIT]
  L25: ' English.<|im_end|><|endoftext|>' = [' English', '.', '<|im_end|>', '<|endoftext|>'] [HIT]
  L26: ' English.<|im_end|><|endoftext|>' = [' English', '.', '<|im_end|>', '<|endoftext|>'] [HIT]
  L27: ' English.<|im_end|><|endoftext|>' = [' English', '.', '<|im_end|>', '<|endoftext|>'] [HIT]
  L28: ' English.<|im_end|><|endoftext|>' = [' English', '.', '<|im_end|>', '<|endoftext|>'] [HIT]

row 186: base=CL -> source=GH  template=language_prefill_v2
  question: 'What is the official language of the country shown in this flag?'
  prefill : 'The official language is'
  gold base   (expected unhooked) : ' Spanish' = [' Spanish']
  gold source (expected if swap works): ' English' = [' English']
  unhooked: ' Spanish.<|im_end|><|endoftext|>' = [' Spanish', '.', '<|im_end|>', '<|endoftext|>']
  L19: ' Spanish.<|im_end|><|endoftext|>' = [' Spanish', '.', '<|im_end|>', '<|endoftext|>'] [base]
  L20: ' Spanish.<|im_end|><|endoftext|>' = [' Spanish', '.', '<|im_end|>', '<|endoftext|>'] [base]
  L21: ' Spanish.<|im_end|><|endoftext|>' = [' Spanish', '.', '<|im_end|>', '<|endoftext|>'] [base]
  L22: ' Spanish.<|im_end|><|endoftext|>' = [' Spanish', '.', '<|im_end|>', '<|endoftext|>'] [base]
  L23: ' English.<|im_end|>' = [' English', '.', '<|im_end|>'] [HIT]
  L24: ' English.<|im_end|><|endoftext|>' = [' English', '.', '<|im_end|>', '<|endoftext|>'] [HIT]
  L25: ' English.<|im_end|><|endoftext|>' = [' English', '.', '<|im_end|>', '<|endoftext|>'] [HIT]
  L26: ' English.<|im_end|><|endoftext|>' = [' English', '.', '<|im_end|>', '<|endoftext|>'] [HIT]
  L27: ' English.<|im_end|><|endoftext|>' = [' English', '.', '<|im_end|>', '<|endoftext|>'] [HIT]
  L28: ' English.<|im_end|><|endoftext|>' = [' English', '.', '<|im_end|>', '<|endoftext|>'] [HIT]

row 187: base=GR -> source=SE  template=language_prefill_v1
  question: 'Name an official language of the country in this image.'
  prefill : 'One official language is'
  gold base   (expected unhooked) : ' Greek' = [' Greek']
  gold source (expected if swap works): ' Swedish' = [' Swedish']
  unhooked: ' Greek.<|im_end|><|endoftext|>' = [' Greek', '.', '<|im_end|>', '<|endoftext|>']
  L19: ' Greek.<|im_end|><|endoftext|>' = [' Greek', '.', '<|im_end|>', '<|endoftext|>'] [base]
  L20: ' Greek.<|im_end|><|endoftext|>' = [' Greek', '.', '<|im_end|>', '<|endoftext|>'] [base]
  L21: ' Greek.<|im_end|><|endoftext|>' = [' Greek', '.', '<|im_end|>', '<|endoftext|>'] [base]
  L22: ' Greek.<|im_end|><|endoftext|>' = [' Greek', '.', '<|im_end|>', '<|endoftext|>'] [base]
  L23: ' Greek.<|im_end|>' = [' Greek', '.', '<|im_end|>'] [base]
  L24: ' Swedish.<|im_end|><|endoftext|>' = [' Swedish', '.', '<|im_end|>', '<|endoftext|>'] [HIT]
  L25: ' Swedish.<|im_end|><|endoftext|>' = [' Swedish', '.', '<|im_end|>', '<|endoftext|>'] [HIT]
  L26: ' Swedish.<|im_end|><|endoftext|>' = [' Swedish', '.', '<|im_end|>', '<|endoftext|>'] [HIT]
  L27: ' Swedish.<|im_end|><|endoftext|>' = [' Swedish', '.', '<|im_end|>', '<|endoftext|>'] [HIT]
  L28: ' Swedish.<|im_end|><|endoftext|>' = [' Swedish', '.', '<|im_end|>', '<|endoftext|>'] [HIT]

row 188: base=BY -> source=GR  template=language_prefill_v1
  question: 'Name an official language of the country in this image.'
  prefill : 'One official language is'
  gold base   (expected unhooked) : ' Belarusian' = [' Belarus', 'ian']
  gold source (expected if swap works): ' Greek' = [' Greek']
  unhooked: ' Belarusian.<|im_end|>' = [' Belarus', 'ian', '.', '<|im_end|>']
  L19: ' Belarusian.<|im_end|>' = [' Belarus', 'ian', '.', '<|im_end|>'] [base]
  L20: ' Belarusian.<|im_end|>' = [' Belarus', 'ian', '.', '<|im_end|>'] [base]
  L21: ' Belarusian.<|im_end|>' = [' Belarus', 'ian', '.', '<|im_end|>'] [base]
  L22: ' Belarusian.<|im_end|>' = [' Belarus', 'ian', '.', '<|im_end|>'] [base]
  L23: ' Greek.<|im_end|>' = [' Greek', '.', '<|im_end|>'] [HIT]
  L24: ' Greek.<|im_end|><|endoftext|>' = [' Greek', '.', '<|im_end|>', '<|endoftext|>'] [HIT]
  L25: ' Greek.<|im_end|><|endoftext|>' = [' Greek', '.', '<|im_end|>', '<|endoftext|>'] [HIT]
  L26: ' Greek.<|im_end|><|endoftext|>' = [' Greek', '.', '<|im_end|>', '<|endoftext|>'] [HIT]
  L27: ' Greek.<|im_end|><|endoftext|>' = [' Greek', '.', '<|im_end|>', '<|endoftext|>'] [HIT]
  L28: ' Greek.<|im_end|><|endoftext|>' = [' Greek', '.', '<|im_end|>', '<|endoftext|>'] [HIT]

row 189: base=GH -> source=HN  template=language_prefill_v5
  question: 'What language is officially spoken in the country shown in this flag?'
  prefill : 'The official language is'
  gold base   (expected unhooked) : ' English' = [' English']
  gold source (expected if swap works): ' Spanish' = [' Spanish']
  unhooked: ' English.<|im_end|><|endoftext|>' = [' English', '.', '<|im_end|>', '<|endoftext|>']
  L19: ' English.<|im_end|><|endoftext|>' = [' English', '.', '<|im_end|>', '<|endoftext|>'] [base]
  L20: ' English.<|im_end|><|endoftext|>' = [' English', '.', '<|im_end|>', '<|endoftext|>'] [base]
  L21: ' English.<|im_end|><|endoftext|>' = [' English', '.', '<|im_end|>', '<|endoftext|>'] [base]
  L22: ' English.<|im_end|><|endoftext|>' = [' English', '.', '<|im_end|>', '<|endoftext|>'] [base]
  L23: ' Spanish.<|im_end|>' = [' Spanish', '.', '<|im_end|>'] [HIT]
  L24: ' Spanish.<|im_end|><|endoftext|>' = [' Spanish', '.', '<|im_end|>', '<|endoftext|>'] [HIT]
  L25: ' Spanish.<|im_end|><|endoftext|>' = [' Spanish', '.', '<|im_end|>', '<|endoftext|>'] [HIT]
  L26: ' Spanish.<|im_end|><|endoftext|>' = [' Spanish', '.', '<|im_end|>', '<|endoftext|>'] [HIT]
  L27: ' Spanish.<|im_end|><|endoftext|>' = [' Spanish', '.', '<|im_end|>', '<|endoftext|>'] [HIT]
  L28: ' Spanish.<|im_end|><|endoftext|>' = [' Spanish', '.', '<|im_end|>', '<|endoftext|>'] [HIT]

row 190: base=BY -> source=GT  template=language_prefill_v3
  question: 'Tell me a language spoken in the country in this image.'
  prefill : 'A language spoken there is'
  gold base   (expected unhooked) : ' Belarusian' = [' Belarus', 'ian']
  gold source (expected if swap works): ' Spanish' = [' Spanish']
  unhooked: ' Belarusian.<|im_end|>' = [' Belarus', 'ian', '.', '<|im_end|>']
  L19: ' Belarusian.<|im_end|>' = [' Belarus', 'ian', '.', '<|im_end|>'] [base]
  L20: ' Belarusian.<|im_end|>' = [' Belarus', 'ian', '.', '<|im_end|>'] [base]
  L21: ' Belarusian.<|im_end|>' = [' Belarus', 'ian', '.', '<|im_end|>'] [base]
  L22: ' Belarusian.<|im_end|>' = [' Belarus', 'ian', '.', '<|im_end|>'] [base]
  L23: ' Spanish.<|im_end|>' = [' Spanish', '.', '<|im_end|>'] [HIT]
  L24: ' Spanish.<|im_end|><|endoftext|>' = [' Spanish', '.', '<|im_end|>', '<|endoftext|>'] [HIT]
  L25: ' Spanish.<|im_end|><|endoftext|>' = [' Spanish', '.', '<|im_end|>', '<|endoftext|>'] [HIT]
  L26: ' Spanish.<|im_end|><|endoftext|>' = [' Spanish', '.', '<|im_end|>', '<|endoftext|>'] [HIT]
  L27: ' Spanish.<|im_end|><|endoftext|>' = [' Spanish', '.', '<|im_end|>', '<|endoftext|>'] [HIT]
  L28: ' Spanish.<|im_end|><|endoftext|>' = [' Spanish', '.', '<|im_end|>', '<|endoftext|>'] [HIT]

row 191: base=UA -> source=PY  template=language_prefill_v2
  question: 'What is the official language of the country shown in this flag?'
  prefill : 'The official language is'
  gold base   (expected unhooked) : ' Ukrainian' = [' Ukrainian']
  gold source (expected if swap works): ' Spanish' = [' Spanish']
  unhooked: ' Ukrainian.<|im_end|><|endoftext|>' = [' Ukrainian', '.', '<|im_end|>', '<|endoftext|>']
  L19: ' Ukrainian.<|im_end|><|endoftext|>' = [' Ukrainian', '.', '<|im_end|>', '<|endoftext|>'] [base]
  L20: ' Ukrainian.<|im_end|><|endoftext|>' = [' Ukrainian', '.', '<|im_end|>', '<|endoftext|>'] [base]
  L21: ' Ukrainian.<|im_end|><|endoftext|>' = [' Ukrainian', '.', '<|im_end|>', '<|endoftext|>'] [base]
  L22: ' Ukrainian.<|im_end|><|endoftext|>' = [' Ukrainian', '.', '<|im_end|>', '<|endoftext|>'] [base]
  L23: ' Spanish.<|im_end|>' = [' Spanish', '.', '<|im_end|>'] [HIT]
  L24: ' Spanish.<|im_end|><|endoftext|>' = [' Spanish', '.', '<|im_end|>', '<|endoftext|>'] [HIT]
  L25: ' Spanish.<|im_end|><|endoftext|>' = [' Spanish', '.', '<|im_end|>', '<|endoftext|>'] [HIT]
  L26: ' Spanish.<|im_end|><|endoftext|>' = [' Spanish', '.', '<|im_end|>', '<|endoftext|>'] [HIT]
  L27: ' Spanish.<|im_end|><|endoftext|>' = [' Spanish', '.', '<|im_end|>', '<|endoftext|>'] [HIT]
  L28: ' Spanish.<|im_end|><|endoftext|>' = [' Spanish', '.', '<|im_end|>', '<|endoftext|>'] [HIT]

row 192: base=HN -> source=CV  template=language_prefill_v4
  question: 'Identify one of the official languages of the country in this image.'
  prefill : 'One official language is'
  gold base   (expected unhooked) : ' Spanish' = [' Spanish']
  gold source (expected if swap works): ' Portuguese' = [' Portuguese']
  unhooked: ' Spanish.<|im_end|><|endoftext|><|endoftext|><|endoftext|><|endoftext|><|endoftext|>' = [' Spanish', '.', '<|im_end|>', '<|endoftext|>', '<|endoftext|>', '<|endoftext|>', '<|endoftext|>', '<|endoftext|>']
  L19: ' Spanish.<|im_end|>' = [' Spanish', '.', '<|im_end|>'] [base]
  L20: ' Spanish.<|im_end|>' = [' Spanish', '.', '<|im_end|>'] [base]
  L21: ' Spanish.<|im_end|>' = [' Spanish', '.', '<|im_end|>'] [base]
  L22: ' Spanish.<|im_end|><|endoftext|><|endoftext|><|endoftext|>' = [' Spanish', '.', '<|im_end|>', '<|endoftext|>', '<|endoftext|>', '<|endoftext|>'] [base]
  L23: ' Spanish.<|im_end|><|endoftext|><|endoftext|><|endoftext|><|endoftext|><|endoftext|>' = [' Spanish', '.', '<|im_end|>', '<|endoftext|>', '<|endoftext|>', '<|endoftext|>', '<|endoftext|>', '<|endoftext|>'] [base]
  L24: ' Portuguese.<|im_end|><|endoftext|><|endoftext|><|endoftext|><|endoftext|><|endoftext|>' = [' Portuguese', '.', '<|im_end|>', '<|endoftext|>', '<|endoftext|>', '<|endoftext|>', '<|endoftext|>', '<|endoftext|>'] [HIT]
  L25: ' Portuguese.<|im_end|><|endoftext|><|endoftext|><|endoftext|><|endoftext|><|endoftext|>' = [' Portuguese', '.', '<|im_end|>', '<|endoftext|>', '<|endoftext|>', '<|endoftext|>', '<|endoftext|>', '<|endoftext|>'] [HIT]
  L26: ' Portuguese.<|im_end|><|endoftext|><|endoftext|><|endoftext|><|endoftext|><|endoftext|>' = [' Portuguese', '.', '<|im_end|>', '<|endoftext|>', '<|endoftext|>', '<|endoftext|>', '<|endoftext|>', '<|endoftext|>'] [HIT]
  L27: ' Portuguese.<|im_end|><|endoftext|><|endoftext|><|endoftext|><|endoftext|><|endoftext|>' = [' Portuguese', '.', '<|im_end|>', '<|endoftext|>', '<|endoftext|>', '<|endoftext|>', '<|endoftext|>', '<|endoftext|>'] [HIT]
  L28: ' Portuguese.<|im_end|><|endoftext|><|endoftext|><|endoftext|><|endoftext|><|endoftext|>' = [' Portuguese', '.', '<|im_end|>', '<|endoftext|>', '<|endoftext|>', '<|endoftext|>', '<|endoftext|>', '<|endoftext|>'] [HIT]

row 193: base=IS -> source=AO  template=language_prefill_v1
  question: 'Name an official language of the country in this image.'
  prefill : 'One official language is'
  gold base   (expected unhooked) : ' Icelandic' = [' Icelandic']
  gold source (expected if swap works): ' Portuguese' = [' Portuguese']
  unhooked: ' Icelandic.<|im_end|><|endoftext|><|endoftext|><|endoftext|><|endoftext|><|endoftext|>' = [' Icelandic', '.', '<|im_end|>', '<|endoftext|>', '<|endoftext|>', '<|endoftext|>', '<|endoftext|>', '<|endoftext|>']
  L19: ' Icelandic.<|im_end|>' = [' Icelandic', '.', '<|im_end|>'] [base]
  L20: ' Icelandic.<|im_end|>' = [' Icelandic', '.', '<|im_end|>'] [base]
  L21: ' Icelandic.<|im_end|>' = [' Icelandic', '.', '<|im_end|>'] [base]
  L22: ' Icelandic.<|im_end|><|endoftext|><|endoftext|><|endoftext|>' = [' Icelandic', '.', '<|im_end|>', '<|endoftext|>', '<|endoftext|>', '<|endoftext|>'] [base]
  L23: ' Portuguese.<|im_end|><|endoftext|><|endoftext|><|endoftext|><|endoftext|><|endoftext|>' = [' Portuguese', '.', '<|im_end|>', '<|endoftext|>', '<|endoftext|>', '<|endoftext|>', '<|endoftext|>', '<|endoftext|>'] [HIT]
  L24: ' Portuguese.<|im_end|><|endoftext|><|endoftext|><|endoftext|><|endoftext|><|endoftext|>' = [' Portuguese', '.', '<|im_end|>', '<|endoftext|>', '<|endoftext|>', '<|endoftext|>', '<|endoftext|>', '<|endoftext|>'] [HIT]
  L25: ' Portuguese.<|im_end|><|endoftext|><|endoftext|><|endoftext|><|endoftext|><|endoftext|>' = [' Portuguese', '.', '<|im_end|>', '<|endoftext|>', '<|endoftext|>', '<|endoftext|>', '<|endoftext|>', '<|endoftext|>'] [HIT]
  L26: ' Portuguese.<|im_end|><|endoftext|><|endoftext|><|endoftext|><|endoftext|><|endoftext|>' = [' Portuguese', '.', '<|im_end|>', '<|endoftext|>', '<|endoftext|>', '<|endoftext|>', '<|endoftext|>', '<|endoftext|>'] [HIT]
  L27: ' Portuguese.<|im_end|><|endoftext|><|endoftext|><|endoftext|><|endoftext|><|endoftext|>' = [' Portuguese', '.', '<|im_end|>', '<|endoftext|>', '<|endoftext|>', '<|endoftext|>', '<|endoftext|>', '<|endoftext|>'] [HIT]
  L28: ' Portuguese.<|im_end|><|endoftext|><|endoftext|><|endoftext|><|endoftext|><|endoftext|>' = [' Portuguese', '.', '<|im_end|>', '<|endoftext|>', '<|endoftext|>', '<|endoftext|>', '<|endoftext|>', '<|endoftext|>'] [HIT]

row 194: base=MU -> source=TH  template=language_prefill_v5
  question: 'What language is officially spoken in the country shown in this flag?'
  prefill : 'The official language is'
  gold base   (expected unhooked) : ' French' = [' French']
  gold source (expected if swap works): ' Thai' = [' Thai']
  unhooked: ' French.<|im_end|><|endoftext|><|endoftext|><|endoftext|><|endoftext|><|endoftext|>' = [' French', '.', '<|im_end|>', '<|endoftext|>', '<|endoftext|>', '<|endoftext|>', '<|endoftext|>', '<|endoftext|>']
  L19: ' French.<|im_end|>' = [' French', '.', '<|im_end|>'] [base]
  L20: ' French.<|im_end|>' = [' French', '.', '<|im_end|>'] [base]
  L21: ' French.<|im_end|>' = [' French', '.', '<|im_end|>'] [base]
  L22: ' French.<|im_end|><|endoftext|><|endoftext|><|endoftext|>' = [' French', '.', '<|im_end|>', '<|endoftext|>', '<|endoftext|>', '<|endoftext|>'] [base]
  L23: ' Indonesian.<|im_end|><|endoftext|><|endoftext|><|endoftext|><|endoftext|><|endoftext|>' = [' Indonesian', '.', '<|im_end|>', '<|endoftext|>', '<|endoftext|>', '<|endoftext|>', '<|endoftext|>', '<|endoftext|>'] [other]
  L24: ' Thai.<|im_end|><|endoftext|><|endoftext|><|endoftext|><|endoftext|><|endoftext|>' = [' Thai', '.', '<|im_end|>', '<|endoftext|>', '<|endoftext|>', '<|endoftext|>', '<|endoftext|>', '<|endoftext|>'] [HIT]
  L25: ' Thai.<|im_end|><|endoftext|><|endoftext|><|endoftext|><|endoftext|><|endoftext|>' = [' Thai', '.', '<|im_end|>', '<|endoftext|>', '<|endoftext|>', '<|endoftext|>', '<|endoftext|>', '<|endoftext|>'] [HIT]
  L26: ' Thai.<|im_end|><|endoftext|><|endoftext|><|endoftext|><|endoftext|><|endoftext|>' = [' Thai', '.', '<|im_end|>', '<|endoftext|>', '<|endoftext|>', '<|endoftext|>', '<|endoftext|>', '<|endoftext|>'] [HIT]
  L27: ' Thai.<|im_end|><|endoftext|><|endoftext|><|endoftext|><|endoftext|><|endoftext|>' = [' Thai', '.', '<|im_end|>', '<|endoftext|>', '<|endoftext|>', '<|endoftext|>', '<|endoftext|>', '<|endoftext|>'] [HIT]
  L28: ' Thai.<|im_end|><|endoftext|><|endoftext|><|endoftext|><|endoftext|><|endoftext|>' = [' Thai', '.', '<|im_end|>', '<|endoftext|>', '<|endoftext|>', '<|endoftext|>', '<|endoftext|>', '<|endoftext|>'] [HIT]

row 195: base=FI -> source=CL  template=language_prefill_v1
  question: 'Name an official language of the country in this image.'
  prefill : 'One official language is'
  gold base   (expected unhooked) : ' Finnish' = [' Finnish']
  gold source (expected if swap works): ' Spanish' = [' Spanish']
  unhooked: ' Finnish.<|im_end|><|endoftext|><|endoftext|><|endoftext|><|endoftext|><|endoftext|>' = [' Finnish', '.', '<|im_end|>', '<|endoftext|>', '<|endoftext|>', '<|endoftext|>', '<|endoftext|>', '<|endoftext|>']
  L19: ' Finnish.<|im_end|>' = [' Finnish', '.', '<|im_end|>'] [base]
  L20: ' Finnish.<|im_end|>' = [' Finnish', '.', '<|im_end|>'] [base]
  L21: ' Finnish.<|im_end|>' = [' Finnish', '.', '<|im_end|>'] [base]
  L22: ' Finnish.<|im_end|><|endoftext|><|endoftext|><|endoftext|>' = [' Finnish', '.', '<|im_end|>', '<|endoftext|>', '<|endoftext|>', '<|endoftext|>'] [base]
  L23: ' Spanish.<|im_end|><|endoftext|><|endoftext|><|endoftext|><|endoftext|><|endoftext|>' = [' Spanish', '.', '<|im_end|>', '<|endoftext|>', '<|endoftext|>', '<|endoftext|>', '<|endoftext|>', '<|endoftext|>'] [HIT]
  L24: ' Spanish.<|im_end|><|endoftext|><|endoftext|><|endoftext|><|endoftext|><|endoftext|>' = [' Spanish', '.', '<|im_end|>', '<|endoftext|>', '<|endoftext|>', '<|endoftext|>', '<|endoftext|>', '<|endoftext|>'] [HIT]
  L25: ' Spanish.<|im_end|><|endoftext|><|endoftext|><|endoftext|><|endoftext|><|endoftext|>' = [' Spanish', '.', '<|im_end|>', '<|endoftext|>', '<|endoftext|>', '<|endoftext|>', '<|endoftext|>', '<|endoftext|>'] [HIT]
  L26: ' Spanish.<|im_end|><|endoftext|><|endoftext|><|endoftext|><|endoftext|><|endoftext|>' = [' Spanish', '.', '<|im_end|>', '<|endoftext|>', '<|endoftext|>', '<|endoftext|>', '<|endoftext|>', '<|endoftext|>'] [HIT]
  L27: ' Spanish.<|im_end|><|endoftext|><|endoftext|><|endoftext|><|endoftext|><|endoftext|>' = [' Spanish', '.', '<|im_end|>', '<|endoftext|>', '<|endoftext|>', '<|endoftext|>', '<|endoftext|>', '<|endoftext|>'] [HIT]
  L28: ' Spanish.<|im_end|><|endoftext|><|endoftext|><|endoftext|><|endoftext|><|endoftext|>' = [' Spanish', '.', '<|im_end|>', '<|endoftext|>', '<|endoftext|>', '<|endoftext|>', '<|endoftext|>', '<|endoftext|>'] [HIT]

row 196: base=VN -> source=IN  template=language_prefill_v2
  question: 'What is the official language of the country shown in this flag?'
  prefill : 'The official language is'
  gold base   (expected unhooked) : ' Vietnamese' = [' Vietnamese']
  gold source (expected if swap works): ' Hindi' = [' Hindi']
  unhooked: ' Vietnamese.<|im_end|><|endoftext|><|endoftext|><|endoftext|><|endoftext|><|endoftext|>' = [' Vietnamese', '.', '<|im_end|>', '<|endoftext|>', '<|endoftext|>', '<|endoftext|>', '<|endoftext|>', '<|endoftext|>']
  L19: ' Vietnamese.<|im_end|>' = [' Vietnamese', '.', '<|im_end|>'] [base]
  L20: ' Vietnamese.<|im_end|>' = [' Vietnamese', '.', '<|im_end|>'] [base]
  L21: ' Vietnamese.<|im_end|>' = [' Vietnamese', '.', '<|im_end|>'] [base]
  L22: ' Vietnamese.<|im_end|><|endoftext|><|endoftext|><|endoftext|>' = [' Vietnamese', '.', '<|im_end|>', '<|endoftext|>', '<|endoftext|>', '<|endoftext|>'] [base]
  L23: ' Hindi.<|im_end|><|endoftext|><|endoftext|><|endoftext|><|endoftext|><|endoftext|>' = [' Hindi', '.', '<|im_end|>', '<|endoftext|>', '<|endoftext|>', '<|endoftext|>', '<|endoftext|>', '<|endoftext|>'] [HIT]
  L24: ' Hindi.<|im_end|><|endoftext|><|endoftext|><|endoftext|><|endoftext|><|endoftext|>' = [' Hindi', '.', '<|im_end|>', '<|endoftext|>', '<|endoftext|>', '<|endoftext|>', '<|endoftext|>', '<|endoftext|>'] [HIT]
  L25: ' Hindi.<|im_end|><|endoftext|><|endoftext|><|endoftext|><|endoftext|><|endoftext|>' = [' Hindi', '.', '<|im_end|>', '<|endoftext|>', '<|endoftext|>', '<|endoftext|>', '<|endoftext|>', '<|endoftext|>'] [HIT]
  L26: ' Hindi.<|im_end|><|endoftext|><|endoftext|><|endoftext|><|endoftext|><|endoftext|>' = [' Hindi', '.', '<|im_end|>', '<|endoftext|>', '<|endoftext|>', '<|endoftext|>', '<|endoftext|>', '<|endoftext|>'] [HIT]
  L27: ' Hindi.<|im_end|><|endoftext|><|endoftext|><|endoftext|><|endoftext|><|endoftext|>' = [' Hindi', '.', '<|im_end|>', '<|endoftext|>', '<|endoftext|>', '<|endoftext|>', '<|endoftext|>', '<|endoftext|>'] [HIT]
  L28: ' Hindi.<|im_end|><|endoftext|><|endoftext|><|endoftext|><|endoftext|><|endoftext|>' = [' Hindi', '.', '<|im_end|>', '<|endoftext|>', '<|endoftext|>', '<|endoftext|>', '<|endoftext|>', '<|endoftext|>'] [HIT]

row 197: base=PY -> source=CV  template=language_prefill_v5
  question: 'What language is officially spoken in the country shown in this flag?'
  prefill : 'The official language is'
  gold base   (expected unhooked) : ' Spanish' = [' Spanish']
  gold source (expected if swap works): ' Portuguese' = [' Portuguese']
  unhooked: ' Spanish. The flag in the image is' = [' Spanish', '.', ' The', ' flag', ' in', ' the', ' image', ' is']
  L19: ' Spanish.<|im_end|>' = [' Spanish', '.', '<|im_end|>'] [base]
  L20: ' Spanish.<|im_end|>' = [' Spanish', '.', '<|im_end|>'] [base]
  L21: ' Spanish.<|im_end|>' = [' Spanish', '.', '<|im_end|>'] [base]
  L22: ' Spanish.<|im_end|><|endoftext|><|endoftext|><|endoftext|>' = [' Spanish', '.', '<|im_end|>', '<|endoftext|>', '<|endoftext|>', '<|endoftext|>'] [base]
  L23: ' Portuguese. The flag in the image is' = [' Portuguese', '.', ' The', ' flag', ' in', ' the', ' image', ' is'] [HIT]
  L24: ' Portuguese. The flag in the image is' = [' Portuguese', '.', ' The', ' flag', ' in', ' the', ' image', ' is'] [HIT]
  L25: ' Portuguese. The flag in the image is' = [' Portuguese', '.', ' The', ' flag', ' in', ' the', ' image', ' is'] [HIT]
  L26: ' Portuguese. The flag in the image is' = [' Portuguese', '.', ' The', ' flag', ' in', ' the', ' image', ' is'] [HIT]
  L27: ' Portuguese. The flag in the image is' = [' Portuguese', '.', ' The', ' flag', ' in', ' the', ' image', ' is'] [HIT]
  L28: ' Portuguese. The flag in the image is' = [' Portuguese', '.', ' The', ' flag', ' in', ' the', ' image', ' is'] [HIT]

row 198: base=MX -> source=ZM  template=language_prefill_v5
  question: 'What language is officially spoken in the country shown in this flag?'
  prefill : 'The official language is'
  gold base   (expected unhooked) : ' Spanish' = [' Spanish']
  gold source (expected if swap works): ' English' = [' English']
  unhooked: ' Spanish.<|im_end|><|endoftext|><|endoftext|><|endoftext|><|endoftext|><|endoftext|>' = [' Spanish', '.', '<|im_end|>', '<|endoftext|>', '<|endoftext|>', '<|endoftext|>', '<|endoftext|>', '<|endoftext|>']
  L19: ' Spanish.<|im_end|>' = [' Spanish', '.', '<|im_end|>'] [base]
  L20: ' Spanish.<|im_end|>' = [' Spanish', '.', '<|im_end|>'] [base]
  L21: ' Spanish.<|im_end|>' = [' Spanish', '.', '<|im_end|>'] [base]
  L22: ' Spanish.<|im_end|><|endoftext|><|endoftext|><|endoftext|>' = [' Spanish', '.', '<|im_end|>', '<|endoftext|>', '<|endoftext|>', '<|endoftext|>'] [base]
  L23: ' English.<|im_end|><|endoftext|><|endoftext|><|endoftext|><|endoftext|><|endoftext|>' = [' English', '.', '<|im_end|>', '<|endoftext|>', '<|endoftext|>', '<|endoftext|>', '<|endoftext|>', '<|endoftext|>'] [HIT]
  L24: ' English.<|im_end|><|endoftext|><|endoftext|><|endoftext|><|endoftext|><|endoftext|>' = [' English', '.', '<|im_end|>', '<|endoftext|>', '<|endoftext|>', '<|endoftext|>', '<|endoftext|>', '<|endoftext|>'] [HIT]
  L25: ' English.<|im_end|><|endoftext|><|endoftext|><|endoftext|><|endoftext|><|endoftext|>' = [' English', '.', '<|im_end|>', '<|endoftext|>', '<|endoftext|>', '<|endoftext|>', '<|endoftext|>', '<|endoftext|>'] [HIT]
  L26: ' English.<|im_end|><|endoftext|><|endoftext|><|endoftext|><|endoftext|><|endoftext|>' = [' English', '.', '<|im_end|>', '<|endoftext|>', '<|endoftext|>', '<|endoftext|>', '<|endoftext|>', '<|endoftext|>'] [HIT]
  L27: ' English.<|im_end|><|endoftext|><|endoftext|><|endoftext|><|endoftext|><|endoftext|>' = [' English', '.', '<|im_end|>', '<|endoftext|>', '<|endoftext|>', '<|endoftext|>', '<|endoftext|>', '<|endoftext|>'] [HIT]
  L28: ' English.<|im_end|><|endoftext|><|endoftext|><|endoftext|><|endoftext|><|endoftext|>' = [' English', '.', '<|im_end|>', '<|endoftext|>', '<|endoftext|>', '<|endoftext|>', '<|endoftext|>', '<|endoftext|>'] [HIT]

row 199: base=AR -> source=GR  template=language_prefill_v2
  question: 'What is the official language of the country shown in this flag?'
  prefill : 'The official language is'
  gold base   (expected unhooked) : ' Guaraní' = [' Gu', 'aran', 'í']
  gold source (expected if swap works): ' Greek' = [' Greek']
  unhooked: ' Spanish.<|im_end|><|endoftext|><|endoftext|><|endoftext|><|endoftext|><|endoftext|>' = [' Spanish', '.', '<|im_end|>', '<|endoftext|>', '<|endoftext|>', '<|endoftext|>', '<|endoftext|>', '<|endoftext|>']
  L19: ' Spanish.<|im_end|>' = [' Spanish', '.', '<|im_end|>'] [other]
  L20: ' Spanish.<|im_end|>' = [' Spanish', '.', '<|im_end|>'] [other]
  L21: ' Spanish.<|im_end|>' = [' Spanish', '.', '<|im_end|>'] [other]
  L22: ' Spanish.<|im_end|><|endoftext|><|endoftext|><|endoftext|>' = [' Spanish', '.', '<|im_end|>', '<|endoftext|>', '<|endoftext|>', '<|endoftext|>'] [other]
  L23: ' Greek.<|im_end|><|endoftext|><|endoftext|><|endoftext|><|endoftext|><|endoftext|>' = [' Greek', '.', '<|im_end|>', '<|endoftext|>', '<|endoftext|>', '<|endoftext|>', '<|endoftext|>', '<|endoftext|>'] [HIT]
  L24: ' Greek.<|im_end|><|endoftext|><|endoftext|><|endoftext|><|endoftext|><|endoftext|>' = [' Greek', '.', '<|im_end|>', '<|endoftext|>', '<|endoftext|>', '<|endoftext|>', '<|endoftext|>', '<|endoftext|>'] [HIT]
  L25: ' Greek.<|im_end|><|endoftext|><|endoftext|><|endoftext|><|endoftext|><|endoftext|>' = [' Greek', '.', '<|im_end|>', '<|endoftext|>', '<|endoftext|>', '<|endoftext|>', '<|endoftext|>', '<|endoftext|>'] [HIT]
  L26: ' Greek.<|im_end|><|endoftext|><|endoftext|><|endoftext|><|endoftext|><|endoftext|>' = [' Greek', '.', '<|im_end|>', '<|endoftext|>', '<|endoftext|>', '<|endoftext|>', '<|endoftext|>', '<|endoftext|>'] [HIT]
  L27: ' Greek.<|im_end|><|endoftext|><|endoftext|><|endoftext|><|endoftext|><|endoftext|>' = [' Greek', '.', '<|im_end|>', '<|endoftext|>', '<|endoftext|>', '<|endoftext|>', '<|endoftext|>', '<|endoftext|>'] [HIT]
  L28: ' Greek.<|im_end|><|endoftext|><|endoftext|><|endoftext|><|endoftext|><|endoftext|>' = [' Greek', '.', '<|im_end|>', '<|endoftext|>', '<|endoftext|>', '<|endoftext|>', '<|endoftext|>', '<|endoftext|>'] [HIT]

row 200: base=TH -> source=CM  template=language_prefill_v2
  question: 'What is the official language of the country shown in this flag?'
  prefill : 'The official language is'
  gold base   (expected unhooked) : ' Thai' = [' Thai']
  gold source (expected if swap works): ' French' = [' French']
  unhooked: ' Thai.<|im_end|><|endoftext|><|endoftext|><|endoftext|><|endoftext|><|endoftext|>' = [' Thai', '.', '<|im_end|>', '<|endoftext|>', '<|endoftext|>', '<|endoftext|>', '<|endoftext|>', '<|endoftext|>']
  L19: ' Thai.<|im_end|>' = [' Thai', '.', '<|im_end|>'] [base]
  L20: ' Thai.<|im_end|>' = [' Thai', '.', '<|im_end|>'] [base]
  L21: ' Thai.<|im_end|>' = [' Thai', '.', '<|im_end|>'] [base]
  L22: ' French.<|im_end|><|endoftext|><|endoftext|><|endoftext|>' = [' French', '.', '<|im_end|>', '<|endoftext|>', '<|endoftext|>', '<|endoftext|>'] [HIT]
  L23: ' French.<|im_end|><|endoftext|><|endoftext|><|endoftext|><|endoftext|><|endoftext|>' = [' French', '.', '<|im_end|>', '<|endoftext|>', '<|endoftext|>', '<|endoftext|>', '<|endoftext|>', '<|endoftext|>'] [HIT]
  L24: ' French.<|im_end|><|endoftext|><|endoftext|><|endoftext|><|endoftext|><|endoftext|>' = [' French', '.', '<|im_end|>', '<|endoftext|>', '<|endoftext|>', '<|endoftext|>', '<|endoftext|>', '<|endoftext|>'] [HIT]
  L25: ' French.<|im_end|><|endoftext|><|endoftext|><|endoftext|><|endoftext|><|endoftext|>' = [' French', '.', '<|im_end|>', '<|endoftext|>', '<|endoftext|>', '<|endoftext|>', '<|endoftext|>', '<|endoftext|>'] [HIT]
  L26: ' French.<|im_end|><|endoftext|><|endoftext|><|endoftext|><|endoftext|><|endoftext|>' = [' French', '.', '<|im_end|>', '<|endoftext|>', '<|endoftext|>', '<|endoftext|>', '<|endoftext|>', '<|endoftext|>'] [HIT]
  L27: ' French.<|im_end|><|endoftext|><|endoftext|><|endoftext|><|endoftext|><|endoftext|>' = [' French', '.', '<|im_end|>', '<|endoftext|>', '<|endoftext|>', '<|endoftext|>', '<|endoftext|>', '<|endoftext|>'] [HIT]
  L28: ' French.<|im_end|><|endoftext|><|endoftext|><|endoftext|><|endoftext|><|endoftext|>' = [' French', '.', '<|im_end|>', '<|endoftext|>', '<|endoftext|>', '<|endoftext|>', '<|endoftext|>', '<|endoftext|>'] [HIT]

row 201: base=CL -> source=FI  template=language_prefill_v6
  question: 'Name a language used in the country depicted in this image.'
  prefill : 'A language spoken there is'
  gold base   (expected unhooked) : ' Spanish' = [' Spanish']
  gold source (expected if swap works): ' Finnish' = [' Finnish']
  unhooked: ' Spanish.<|im_end|><|endoftext|><|endoftext|><|endoftext|><|endoftext|><|endoftext|>' = [' Spanish', '.', '<|im_end|>', '<|endoftext|>', '<|endoftext|>', '<|endoftext|>', '<|endoftext|>', '<|endoftext|>']
  L19: ' Spanish.<|im_end|>' = [' Spanish', '.', '<|im_end|>'] [base]
  L20: ' Spanish.<|im_end|>' = [' Spanish', '.', '<|im_end|>'] [base]
  L21: ' Spanish.<|im_end|>' = [' Spanish', '.', '<|im_end|>'] [base]
  L22: ' Spanish.<|im_end|><|endoftext|><|endoftext|><|endoftext|>' = [' Spanish', '.', '<|im_end|>', '<|endoftext|>', '<|endoftext|>', '<|endoftext|>'] [base]
  L23: ' Finnish.<|im_end|><|endoftext|><|endoftext|><|endoftext|><|endoftext|><|endoftext|>' = [' Finnish', '.', '<|im_end|>', '<|endoftext|>', '<|endoftext|>', '<|endoftext|>', '<|endoftext|>', '<|endoftext|>'] [HIT]
  L24: ' Finnish.<|im_end|><|endoftext|><|endoftext|><|endoftext|><|endoftext|><|endoftext|>' = [' Finnish', '.', '<|im_end|>', '<|endoftext|>', '<|endoftext|>', '<|endoftext|>', '<|endoftext|>', '<|endoftext|>'] [HIT]
  L25: ' Finnish.<|im_end|><|endoftext|><|endoftext|><|endoftext|><|endoftext|><|endoftext|>' = [' Finnish', '.', '<|im_end|>', '<|endoftext|>', '<|endoftext|>', '<|endoftext|>', '<|endoftext|>', '<|endoftext|>'] [HIT]
  L26: ' Finnish.<|im_end|><|endoftext|><|endoftext|><|endoftext|><|endoftext|><|endoftext|>' = [' Finnish', '.', '<|im_end|>', '<|endoftext|>', '<|endoftext|>', '<|endoftext|>', '<|endoftext|>', '<|endoftext|>'] [HIT]
  L27: ' Finnish.<|im_end|><|endoftext|><|endoftext|><|endoftext|><|endoftext|><|endoftext|>' = [' Finnish', '.', '<|im_end|>', '<|endoftext|>', '<|endoftext|>', '<|endoftext|>', '<|endoftext|>', '<|endoftext|>'] [HIT]
  L28: ' Finnish.<|im_end|><|endoftext|><|endoftext|><|endoftext|><|endoftext|><|endoftext|>' = [' Finnish', '.', '<|im_end|>', '<|endoftext|>', '<|endoftext|>', '<|endoftext|>', '<|endoftext|>', '<|endoftext|>'] [HIT]

row 202: base=VN -> source=MA  template=language_prefill_v2
  question: 'What is the official language of the country shown in this flag?'
  prefill : 'The official language is'
  gold base   (expected unhooked) : ' Vietnamese' = [' Vietnamese']
  gold source (expected if swap works): ' Arabic' = [' Arabic']
  unhooked: ' Vietnamese.<|im_end|><|endoftext|><|endoftext|><|endoftext|><|endoftext|><|endoftext|>' = [' Vietnamese', '.', '<|im_end|>', '<|endoftext|>', '<|endoftext|>', '<|endoftext|>', '<|endoftext|>', '<|endoftext|>']
  L19: ' Vietnamese.<|im_end|>' = [' Vietnamese', '.', '<|im_end|>'] [base]
  L20: ' Vietnamese.<|im_end|>' = [' Vietnamese', '.', '<|im_end|>'] [base]
  L21: ' Vietnamese.<|im_end|>' = [' Vietnamese', '.', '<|im_end|>'] [base]
  L22: ' Vietnamese.<|im_end|><|endoftext|><|endoftext|><|endoftext|>' = [' Vietnamese', '.', '<|im_end|>', '<|endoftext|>', '<|endoftext|>', '<|endoftext|>'] [base]
  L23: ' Arabic.<|im_end|><|endoftext|><|endoftext|><|endoftext|><|endoftext|><|endoftext|>' = [' Arabic', '.', '<|im_end|>', '<|endoftext|>', '<|endoftext|>', '<|endoftext|>', '<|endoftext|>', '<|endoftext|>'] [HIT]
  L24: ' Arabic.<|im_end|><|endoftext|><|endoftext|><|endoftext|><|endoftext|><|endoftext|>' = [' Arabic', '.', '<|im_end|>', '<|endoftext|>', '<|endoftext|>', '<|endoftext|>', '<|endoftext|>', '<|endoftext|>'] [HIT]
  L25: ' Arabic.<|im_end|><|endoftext|><|endoftext|><|endoftext|><|endoftext|><|endoftext|>' = [' Arabic', '.', '<|im_end|>', '<|endoftext|>', '<|endoftext|>', '<|endoftext|>', '<|endoftext|>', '<|endoftext|>'] [HIT]
  L26: ' Arabic.<|im_end|><|endoftext|><|endoftext|><|endoftext|><|endoftext|><|endoftext|>' = [' Arabic', '.', '<|im_end|>', '<|endoftext|>', '<|endoftext|>', '<|endoftext|>', '<|endoftext|>', '<|endoftext|>'] [HIT]
  L27: ' Arabic.<|im_end|><|endoftext|><|endoftext|><|endoftext|><|endoftext|><|endoftext|>' = [' Arabic', '.', '<|im_end|>', '<|endoftext|>', '<|endoftext|>', '<|endoftext|>', '<|endoftext|>', '<|endoftext|>'] [HIT]
  L28: ' Arabic.<|im_end|><|endoftext|><|endoftext|><|endoftext|><|endoftext|><|endoftext|>' = [' Arabic', '.', '<|im_end|>', '<|endoftext|>', '<|endoftext|>', '<|endoftext|>', '<|endoftext|>', '<|endoftext|>'] [HIT]

row 203: base=FI -> source=PY  template=language_prefill_v5
  question: 'What language is officially spoken in the country shown in this flag?'
  prefill : 'The official language is'
  gold base   (expected unhooked) : ' Finnish' = [' Finnish']
  gold source (expected if swap works): ' Spanish' = [' Spanish']
  unhooked: ' Finnish.<|im_end|><|endoftext|><|endoftext|><|endoftext|><|endoftext|><|endoftext|>' = [' Finnish', '.', '<|im_end|>', '<|endoftext|>', '<|endoftext|>', '<|endoftext|>', '<|endoftext|>', '<|endoftext|>']
  L19: ' Finnish.<|im_end|>' = [' Finnish', '.', '<|im_end|>'] [base]
  L20: ' Finnish.<|im_end|>' = [' Finnish', '.', '<|im_end|>'] [base]
  L21: ' Finnish.<|im_end|>' = [' Finnish', '.', '<|im_end|>'] [base]
  L22: ' Finnish.<|im_end|><|endoftext|><|endoftext|><|endoftext|>' = [' Finnish', '.', '<|im_end|>', '<|endoftext|>', '<|endoftext|>', '<|endoftext|>'] [base]
  L23: ' Spanish.<|im_end|><|endoftext|><|endoftext|><|endoftext|><|endoftext|><|endoftext|>' = [' Spanish', '.', '<|im_end|>', '<|endoftext|>', '<|endoftext|>', '<|endoftext|>', '<|endoftext|>', '<|endoftext|>'] [HIT]
  L24: ' Spanish.<|im_end|><|endoftext|><|endoftext|><|endoftext|><|endoftext|><|endoftext|>' = [' Spanish', '.', '<|im_end|>', '<|endoftext|>', '<|endoftext|>', '<|endoftext|>', '<|endoftext|>', '<|endoftext|>'] [HIT]
  L25: ' Spanish.<|im_end|><|endoftext|><|endoftext|><|endoftext|><|endoftext|><|endoftext|>' = [' Spanish', '.', '<|im_end|>', '<|endoftext|>', '<|endoftext|>', '<|endoftext|>', '<|endoftext|>', '<|endoftext|>'] [HIT]
  L26: ' Spanish.<|im_end|><|endoftext|><|endoftext|><|endoftext|><|endoftext|><|endoftext|>' = [' Spanish', '.', '<|im_end|>', '<|endoftext|>', '<|endoftext|>', '<|endoftext|>', '<|endoftext|>', '<|endoftext|>'] [HIT]
  L27: ' Spanish.<|im_end|><|endoftext|><|endoftext|><|endoftext|><|endoftext|><|endoftext|>' = [' Spanish', '.', '<|im_end|>', '<|endoftext|>', '<|endoftext|>', '<|endoftext|>', '<|endoftext|>', '<|endoftext|>'] [HIT]
  L28: ' Spanish.<|im_end|><|endoftext|><|endoftext|><|endoftext|><|endoftext|><|endoftext|>' = [' Spanish', '.', '<|im_end|>', '<|endoftext|>', '<|endoftext|>', '<|endoftext|>', '<|endoftext|>', '<|endoftext|>'] [HIT]

row 204: base=ZM -> source=BY  template=language_prefill_v2
  question: 'What is the official language of the country shown in this flag?'
  prefill : 'The official language is'
  gold base   (expected unhooked) : ' English' = [' English']
  gold source (expected if swap works): ' Belarusian' = [' Belarus', 'ian']
  unhooked: ' English.<|im_end|><|endoftext|><|endoftext|><|endoftext|><|endoftext|><|endoftext|>' = [' English', '.', '<|im_end|>', '<|endoftext|>', '<|endoftext|>', '<|endoftext|>', '<|endoftext|>', '<|endoftext|>']
  L19: ' English.<|im_end|>' = [' English', '.', '<|im_end|>'] [base]
  L20: ' English.<|im_end|>' = [' English', '.', '<|im_end|>'] [base]
  L21: ' English.<|im_end|>' = [' English', '.', '<|im_end|>'] [base]
  L22: ' Zambian English.<|im_end|>' = [' Z', 'amb', 'ian', ' English', '.', '<|im_end|>'] [other]
  L23: ' Russian.<|im_end|><|endoftext|><|endoftext|><|endoftext|><|endoftext|><|endoftext|>' = [' Russian', '.', '<|im_end|>', '<|endoftext|>', '<|endoftext|>', '<|endoftext|>', '<|endoftext|>', '<|endoftext|>'] [other]
  L24: ' Belarusian.<|im_end|><|endoftext|><|endoftext|><|endoftext|><|endoftext|>' = [' Belarus', 'ian', '.', '<|im_end|>', '<|endoftext|>', '<|endoftext|>', '<|endoftext|>', '<|endoftext|>'] [HIT]
  L25: ' Belarusian.<|im_end|><|endoftext|><|endoftext|><|endoftext|><|endoftext|>' = [' Belarus', 'ian', '.', '<|im_end|>', '<|endoftext|>', '<|endoftext|>', '<|endoftext|>', '<|endoftext|>'] [HIT]
  L26: ' Belarusian.<|im_end|><|endoftext|><|endoftext|><|endoftext|><|endoftext|>' = [' Belarus', 'ian', '.', '<|im_end|>', '<|endoftext|>', '<|endoftext|>', '<|endoftext|>', '<|endoftext|>'] [HIT]
  L27: ' Belarusian.<|im_end|><|endoftext|><|endoftext|><|endoftext|><|endoftext|>' = [' Belarus', 'ian', '.', '<|im_end|>', '<|endoftext|>', '<|endoftext|>', '<|endoftext|>', '<|endoftext|>'] [HIT]
  L28: ' Belarusian.<|im_end|><|endoftext|><|endoftext|><|endoftext|><|endoftext|>' = [' Belarus', 'ian', '.', '<|im_end|>', '<|endoftext|>', '<|endoftext|>', '<|endoftext|>', '<|endoftext|>'] [HIT]

row 205: base=IS -> source=FI  template=language_prefill_v5
  question: 'What language is officially spoken in the country shown in this flag?'
  prefill : 'The official language is'
  gold base   (expected unhooked) : ' Icelandic' = [' Icelandic']
  gold source (expected if swap works): ' Finnish' = [' Finnish']
  unhooked: ' Icelandic.<|im_end|><|endoftext|><|endoftext|><|endoftext|><|endoftext|><|endoftext|>' = [' Icelandic', '.', '<|im_end|>', '<|endoftext|>', '<|endoftext|>', '<|endoftext|>', '<|endoftext|>', '<|endoftext|>']
  L19: ' Icelandic.<|im_end|>' = [' Icelandic', '.', '<|im_end|>'] [base]
  L20: ' Icelandic.<|im_end|>' = [' Icelandic', '.', '<|im_end|>'] [base]
  L21: ' Icelandic.<|im_end|>' = [' Icelandic', '.', '<|im_end|>'] [base]
  L22: ' Icelandic.<|im_end|><|endoftext|><|endoftext|><|endoftext|>' = [' Icelandic', '.', '<|im_end|>', '<|endoftext|>', '<|endoftext|>', '<|endoftext|>'] [base]
  L23: ' Finnish.<|im_end|><|endoftext|><|endoftext|><|endoftext|><|endoftext|><|endoftext|>' = [' Finnish', '.', '<|im_end|>', '<|endoftext|>', '<|endoftext|>', '<|endoftext|>', '<|endoftext|>', '<|endoftext|>'] [HIT]
  L24: ' Finnish.<|im_end|><|endoftext|><|endoftext|><|endoftext|><|endoftext|><|endoftext|>' = [' Finnish', '.', '<|im_end|>', '<|endoftext|>', '<|endoftext|>', '<|endoftext|>', '<|endoftext|>', '<|endoftext|>'] [HIT]
  L25: ' Finnish.<|im_end|><|endoftext|><|endoftext|><|endoftext|><|endoftext|><|endoftext|>' = [' Finnish', '.', '<|im_end|>', '<|endoftext|>', '<|endoftext|>', '<|endoftext|>', '<|endoftext|>', '<|endoftext|>'] [HIT]
  L26: ' Finnish.<|im_end|><|endoftext|><|endoftext|><|endoftext|><|endoftext|><|endoftext|>' = [' Finnish', '.', '<|im_end|>', '<|endoftext|>', '<|endoftext|>', '<|endoftext|>', '<|endoftext|>', '<|endoftext|>'] [HIT]
  L27: ' Finnish.<|im_end|><|endoftext|><|endoftext|><|endoftext|><|endoftext|><|endoftext|>' = [' Finnish', '.', '<|im_end|>', '<|endoftext|>', '<|endoftext|>', '<|endoftext|>', '<|endoftext|>', '<|endoftext|>'] [HIT]
  L28: ' Finnish.<|im_end|><|endoftext|><|endoftext|><|endoftext|><|endoftext|><|endoftext|>' = [' Finnish', '.', '<|im_end|>', '<|endoftext|>', '<|endoftext|>', '<|endoftext|>', '<|endoftext|>', '<|endoftext|>'] [HIT]

row 206: base=PT -> source=CM  template=language_prefill_v1
  question: 'Name an official language of the country in this image.'
  prefill : 'One official language is'
  gold base   (expected unhooked) : ' Portuguese' = [' Portuguese']
  gold source (expected if swap works): ' French' = [' French']
  unhooked: ' Portuguese.<|im_end|><|endoftext|><|endoftext|><|endoftext|><|endoftext|><|endoftext|>' = [' Portuguese', '.', '<|im_end|>', '<|endoftext|>', '<|endoftext|>', '<|endoftext|>', '<|endoftext|>', '<|endoftext|>']
  L19: ' Portuguese.<|im_end|>' = [' Portuguese', '.', '<|im_end|>'] [base]
  L20: ' Portuguese.<|im_end|>' = [' Portuguese', '.', '<|im_end|>'] [base]
  L21: ' Portuguese.<|im_end|>' = [' Portuguese', '.', '<|im_end|>'] [base]
  L22: ' Portuguese.<|im_end|><|endoftext|><|endoftext|><|endoftext|>' = [' Portuguese', '.', '<|im_end|>', '<|endoftext|>', '<|endoftext|>', '<|endoftext|>'] [base]
  L23: ' Portuguese.<|im_end|><|endoftext|><|endoftext|><|endoftext|><|endoftext|><|endoftext|>' = [' Portuguese', '.', '<|im_end|>', '<|endoftext|>', '<|endoftext|>', '<|endoftext|>', '<|endoftext|>', '<|endoftext|>'] [base]
  L24: ' French.<|im_end|><|endoftext|><|endoftext|><|endoftext|><|endoftext|><|endoftext|>' = [' French', '.', '<|im_end|>', '<|endoftext|>', '<|endoftext|>', '<|endoftext|>', '<|endoftext|>', '<|endoftext|>'] [HIT]
  L25: ' French.<|im_end|><|endoftext|><|endoftext|><|endoftext|><|endoftext|><|endoftext|>' = [' French', '.', '<|im_end|>', '<|endoftext|>', '<|endoftext|>', '<|endoftext|>', '<|endoftext|>', '<|endoftext|>'] [HIT]
  L26: ' French.<|im_end|><|endoftext|><|endoftext|><|endoftext|><|endoftext|><|endoftext|>' = [' French', '.', '<|im_end|>', '<|endoftext|>', '<|endoftext|>', '<|endoftext|>', '<|endoftext|>', '<|endoftext|>'] [HIT]
  L27: ' French.<|im_end|><|endoftext|><|endoftext|><|endoftext|><|endoftext|><|endoftext|>' = [' French', '.', '<|im_end|>', '<|endoftext|>', '<|endoftext|>', '<|endoftext|>', '<|endoftext|>', '<|endoftext|>'] [HIT]
  L28: ' French.<|im_end|><|endoftext|><|endoftext|><|endoftext|><|endoftext|><|endoftext|>' = [' French', '.', '<|im_end|>', '<|endoftext|>', '<|endoftext|>', '<|endoftext|>', '<|endoftext|>', '<|endoftext|>'] [HIT]

row 207: base=SE -> source=GR  template=language_prefill_v2
  question: 'What is the official language of the country shown in this flag?'
  prefill : 'The official language is'
  gold base   (expected unhooked) : ' Swedish' = [' Swedish']
  gold source (expected if swap works): ' Greek' = [' Greek']
  unhooked: ' Swedish.<|im_end|><|endoftext|><|endoftext|><|endoftext|><|endoftext|><|endoftext|>' = [' Swedish', '.', '<|im_end|>', '<|endoftext|>', '<|endoftext|>', '<|endoftext|>', '<|endoftext|>', '<|endoftext|>']
  L19: ' Swedish.<|im_end|>' = [' Swedish', '.', '<|im_end|>'] [base]
  L20: ' Swedish.<|im_end|>' = [' Swedish', '.', '<|im_end|>'] [base]
  L21: ' Swedish.<|im_end|>' = [' Swedish', '.', '<|im_end|>'] [base]
  L22: ' Swedish.<|im_end|><|endoftext|><|endoftext|><|endoftext|>' = [' Swedish', '.', '<|im_end|>', '<|endoftext|>', '<|endoftext|>', '<|endoftext|>'] [base]
  L23: ' Greek.<|im_end|><|endoftext|><|endoftext|><|endoftext|><|endoftext|><|endoftext|>' = [' Greek', '.', '<|im_end|>', '<|endoftext|>', '<|endoftext|>', '<|endoftext|>', '<|endoftext|>', '<|endoftext|>'] [HIT]
  L24: ' Greek.<|im_end|><|endoftext|><|endoftext|><|endoftext|><|endoftext|><|endoftext|>' = [' Greek', '.', '<|im_end|>', '<|endoftext|>', '<|endoftext|>', '<|endoftext|>', '<|endoftext|>', '<|endoftext|>'] [HIT]
  L25: ' Greek.<|im_end|><|endoftext|><|endoftext|><|endoftext|><|endoftext|><|endoftext|>' = [' Greek', '.', '<|im_end|>', '<|endoftext|>', '<|endoftext|>', '<|endoftext|>', '<|endoftext|>', '<|endoftext|>'] [HIT]
  L26: ' Greek.<|im_end|><|endoftext|><|endoftext|><|endoftext|><|endoftext|><|endoftext|>' = [' Greek', '.', '<|im_end|>', '<|endoftext|>', '<|endoftext|>', '<|endoftext|>', '<|endoftext|>', '<|endoftext|>'] [HIT]
  L27: ' Greek.<|im_end|><|endoftext|><|endoftext|><|endoftext|><|endoftext|><|endoftext|>' = [' Greek', '.', '<|im_end|>', '<|endoftext|>', '<|endoftext|>', '<|endoftext|>', '<|endoftext|>', '<|endoftext|>'] [HIT]
  L28: ' Greek.<|im_end|><|endoftext|><|endoftext|><|endoftext|><|endoftext|><|endoftext|>' = [' Greek', '.', '<|im_end|>', '<|endoftext|>', '<|endoftext|>', '<|endoftext|>', '<|endoftext|>', '<|endoftext|>'] [HIT]

row 208: base=CV -> source=SE  template=language_prefill_v2
  question: 'What is the official language of the country shown in this flag?'
  prefill : 'The official language is'
  gold base   (expected unhooked) : ' Portuguese' = [' Portuguese']
  gold source (expected if swap works): ' Swedish' = [' Swedish']
  unhooked: ' Portuguese.<|im_end|><|endoftext|><|endoftext|><|endoftext|><|endoftext|><|endoftext|>' = [' Portuguese', '.', '<|im_end|>', '<|endoftext|>', '<|endoftext|>', '<|endoftext|>', '<|endoftext|>', '<|endoftext|>']
  L19: ' Portuguese.<|im_end|><|endoftext|><|endoftext|><|endoftext|><|endoftext|><|endoftext|>' = [' Portuguese', '.', '<|im_end|>', '<|endoftext|>', '<|endoftext|>', '<|endoftext|>', '<|endoftext|>', '<|endoftext|>'] [base]
  L20: ' Portuguese.<|im_end|><|endoftext|><|endoftext|><|endoftext|><|endoftext|><|endoftext|>' = [' Portuguese', '.', '<|im_end|>', '<|endoftext|>', '<|endoftext|>', '<|endoftext|>', '<|endoftext|>', '<|endoftext|>'] [base]
  L21: ' Portuguese.<|im_end|><|endoftext|><|endoftext|><|endoftext|><|endoftext|><|endoftext|>' = [' Portuguese', '.', '<|im_end|>', '<|endoftext|>', '<|endoftext|>', '<|endoftext|>', '<|endoftext|>', '<|endoftext|>'] [base]
  L22: ' Portuguese.<|im_end|><|endoftext|><|endoftext|><|endoftext|><|endoftext|><|endoftext|>' = [' Portuguese', '.', '<|im_end|>', '<|endoftext|>', '<|endoftext|>', '<|endoftext|>', '<|endoftext|>', '<|endoftext|>'] [base]
  L23: ' Swedish.<|im_end|><|endoftext|><|endoftext|><|endoftext|><|endoftext|><|endoftext|>' = [' Swedish', '.', '<|im_end|>', '<|endoftext|>', '<|endoftext|>', '<|endoftext|>', '<|endoftext|>', '<|endoftext|>'] [HIT]
  L24: ' Swedish.<|im_end|><|endoftext|>' = [' Swedish', '.', '<|im_end|>', '<|endoftext|>'] [HIT]
  L25: ' Swedish.<|im_end|><|endoftext|>' = [' Swedish', '.', '<|im_end|>', '<|endoftext|>'] [HIT]
  L26: ' Swedish.<|im_end|><|endoftext|>' = [' Swedish', '.', '<|im_end|>', '<|endoftext|>'] [HIT]
  L27: ' Swedish.<|im_end|><|endoftext|>' = [' Swedish', '.', '<|im_end|>', '<|endoftext|>'] [HIT]
  L28: ' Swedish.<|im_end|><|endoftext|><|endoftext|><|endoftext|><|endoftext|><|endoftext|>' = [' Swedish', '.', '<|im_end|>', '<|endoftext|>', '<|endoftext|>', '<|endoftext|>', '<|endoftext|>', '<|endoftext|>'] [HIT]

row 209: base=UG -> source=PT  template=language_prefill_v2
  question: 'What is the official language of the country shown in this flag?'
  prefill : 'The official language is'
  gold base   (expected unhooked) : ' English' = [' English']
  gold source (expected if swap works): ' Portuguese' = [' Portuguese']
  unhooked: ' English.<|im_end|><|endoftext|><|endoftext|><|endoftext|><|endoftext|><|endoftext|>' = [' English', '.', '<|im_end|>', '<|endoftext|>', '<|endoftext|>', '<|endoftext|>', '<|endoftext|>', '<|endoftext|>']
  L19: ' English.<|im_end|><|endoftext|><|endoftext|><|endoftext|><|endoftext|><|endoftext|>' = [' English', '.', '<|im_end|>', '<|endoftext|>', '<|endoftext|>', '<|endoftext|>', '<|endoftext|>', '<|endoftext|>'] [base]
  L20: ' English.<|im_end|><|endoftext|><|endoftext|><|endoftext|><|endoftext|><|endoftext|>' = [' English', '.', '<|im_end|>', '<|endoftext|>', '<|endoftext|>', '<|endoftext|>', '<|endoftext|>', '<|endoftext|>'] [base]
  L21: ' English.<|im_end|><|endoftext|><|endoftext|><|endoftext|><|endoftext|><|endoftext|>' = [' English', '.', '<|im_end|>', '<|endoftext|>', '<|endoftext|>', '<|endoftext|>', '<|endoftext|>', '<|endoftext|>'] [base]
  L22: ' Portuguese.<|im_end|><|endoftext|><|endoftext|><|endoftext|><|endoftext|><|endoftext|>' = [' Portuguese', '.', '<|im_end|>', '<|endoftext|>', '<|endoftext|>', '<|endoftext|>', '<|endoftext|>', '<|endoftext|>'] [HIT]
  L23: ' Portuguese.<|im_end|><|endoftext|><|endoftext|><|endoftext|><|endoftext|><|endoftext|>' = [' Portuguese', '.', '<|im_end|>', '<|endoftext|>', '<|endoftext|>', '<|endoftext|>', '<|endoftext|>', '<|endoftext|>'] [HIT]
  L24: ' Portuguese.<|im_end|><|endoftext|>' = [' Portuguese', '.', '<|im_end|>', '<|endoftext|>'] [HIT]
  L25: ' Portuguese.<|im_end|><|endoftext|>' = [' Portuguese', '.', '<|im_end|>', '<|endoftext|>'] [HIT]
  L26: ' Portuguese.<|im_end|><|endoftext|>' = [' Portuguese', '.', '<|im_end|>', '<|endoftext|>'] [HIT]
  L27: ' Portuguese.<|im_end|><|endoftext|>' = [' Portuguese', '.', '<|im_end|>', '<|endoftext|>'] [HIT]
  L28: ' Portuguese.<|im_end|><|endoftext|><|endoftext|><|endoftext|><|endoftext|><|endoftext|>' = [' Portuguese', '.', '<|im_end|>', '<|endoftext|>', '<|endoftext|>', '<|endoftext|>', '<|endoftext|>', '<|endoftext|>'] [HIT]

row 210: base=FI -> source=TH  template=language_prefill_v4
  question: 'Identify one of the official languages of the country in this image.'
  prefill : 'One official language is'
  gold base   (expected unhooked) : ' Finnish' = [' Finnish']
  gold source (expected if swap works): ' Thai' = [' Thai']
  unhooked: ' Finnish.<|im_end|><|endoftext|><|endoftext|><|endoftext|><|endoftext|><|endoftext|>' = [' Finnish', '.', '<|im_end|>', '<|endoftext|>', '<|endoftext|>', '<|endoftext|>', '<|endoftext|>', '<|endoftext|>']
  L19: ' Finnish.<|im_end|><|endoftext|><|endoftext|><|endoftext|><|endoftext|><|endoftext|>' = [' Finnish', '.', '<|im_end|>', '<|endoftext|>', '<|endoftext|>', '<|endoftext|>', '<|endoftext|>', '<|endoftext|>'] [base]
  L20: ' Finnish.<|im_end|><|endoftext|><|endoftext|><|endoftext|><|endoftext|><|endoftext|>' = [' Finnish', '.', '<|im_end|>', '<|endoftext|>', '<|endoftext|>', '<|endoftext|>', '<|endoftext|>', '<|endoftext|>'] [base]
  L21: ' Finnish.<|im_end|><|endoftext|><|endoftext|><|endoftext|><|endoftext|><|endoftext|>' = [' Finnish', '.', '<|im_end|>', '<|endoftext|>', '<|endoftext|>', '<|endoftext|>', '<|endoftext|>', '<|endoftext|>'] [base]
  L22: ' Finnish.<|im_end|><|endoftext|><|endoftext|><|endoftext|><|endoftext|><|endoftext|>' = [' Finnish', '.', '<|im_end|>', '<|endoftext|>', '<|endoftext|>', '<|endoftext|>', '<|endoftext|>', '<|endoftext|>'] [base]
  L23: ' Finnish.<|im_end|><|endoftext|><|endoftext|><|endoftext|><|endoftext|><|endoftext|>' = [' Finnish', '.', '<|im_end|>', '<|endoftext|>', '<|endoftext|>', '<|endoftext|>', '<|endoftext|>', '<|endoftext|>'] [base]
  L24: ' Thai.<|im_end|><|endoftext|>' = [' Thai', '.', '<|im_end|>', '<|endoftext|>'] [HIT]
  L25: ' Thai.<|im_end|><|endoftext|>' = [' Thai', '.', '<|im_end|>', '<|endoftext|>'] [HIT]
  L26: ' Thai.<|im_end|><|endoftext|>' = [' Thai', '.', '<|im_end|>', '<|endoftext|>'] [HIT]
  L27: ' Thai.<|im_end|><|endoftext|>' = [' Thai', '.', '<|im_end|>', '<|endoftext|>'] [HIT]
  L28: ' Thai.<|im_end|><|endoftext|><|endoftext|><|endoftext|><|endoftext|><|endoftext|>' = [' Thai', '.', '<|im_end|>', '<|endoftext|>', '<|endoftext|>', '<|endoftext|>', '<|endoftext|>', '<|endoftext|>'] [HIT]

row 211: base=AR -> source=UG  template=language_prefill_v2
  question: 'What is the official language of the country shown in this flag?'
  prefill : 'The official language is'
  gold base   (expected unhooked) : ' Guaraní' = [' Gu', 'aran', 'í']
  gold source (expected if swap works): ' English' = [' English']
  unhooked: ' Spanish.<|im_end|><|endoftext|><|endoftext|><|endoftext|><|endoftext|><|endoftext|>' = [' Spanish', '.', '<|im_end|>', '<|endoftext|>', '<|endoftext|>', '<|endoftext|>', '<|endoftext|>', '<|endoftext|>']
  L19: ' Spanish.<|im_end|><|endoftext|><|endoftext|><|endoftext|><|endoftext|><|endoftext|>' = [' Spanish', '.', '<|im_end|>', '<|endoftext|>', '<|endoftext|>', '<|endoftext|>', '<|endoftext|>', '<|endoftext|>'] [other]
  L20: ' Spanish.<|im_end|><|endoftext|><|endoftext|><|endoftext|><|endoftext|><|endoftext|>' = [' Spanish', '.', '<|im_end|>', '<|endoftext|>', '<|endoftext|>', '<|endoftext|>', '<|endoftext|>', '<|endoftext|>'] [other]
  L21: ' Spanish.<|im_end|><|endoftext|><|endoftext|><|endoftext|><|endoftext|><|endoftext|>' = [' Spanish', '.', '<|im_end|>', '<|endoftext|>', '<|endoftext|>', '<|endoftext|>', '<|endoftext|>', '<|endoftext|>'] [other]
  L22: ' Spanish.<|im_end|><|endoftext|><|endoftext|><|endoftext|><|endoftext|><|endoftext|>' = [' Spanish', '.', '<|im_end|>', '<|endoftext|>', '<|endoftext|>', '<|endoftext|>', '<|endoftext|>', '<|endoftext|>'] [other]
  L23: ' English.<|im_end|><|endoftext|><|endoftext|><|endoftext|><|endoftext|><|endoftext|>' = [' English', '.', '<|im_end|>', '<|endoftext|>', '<|endoftext|>', '<|endoftext|>', '<|endoftext|>', '<|endoftext|>'] [HIT]
  L24: ' English.<|im_end|><|endoftext|>' = [' English', '.', '<|im_end|>', '<|endoftext|>'] [HIT]
  L25: ' English.<|im_end|><|endoftext|>' = [' English', '.', '<|im_end|>', '<|endoftext|>'] [HIT]
  L26: ' English.<|im_end|><|endoftext|>' = [' English', '.', '<|im_end|>', '<|endoftext|>'] [HIT]
  L27: ' English.<|im_end|><|endoftext|>' = [' English', '.', '<|im_end|>', '<|endoftext|>'] [HIT]
  L28: ' English.<|im_end|><|endoftext|><|endoftext|><|endoftext|><|endoftext|><|endoftext|>' = [' English', '.', '<|im_end|>', '<|endoftext|>', '<|endoftext|>', '<|endoftext|>', '<|endoftext|>', '<|endoftext|>'] [HIT]

row 212: base=UG -> source=SA  template=language_prefill_v4
  question: 'Identify one of the official languages of the country in this image.'
  prefill : 'One official language is'
  gold base   (expected unhooked) : ' English' = [' English']
  gold source (expected if swap works): ' Arabic' = [' Arabic']
  unhooked: ' English.<|im_end|><|endoftext|><|endoftext|><|endoftext|><|endoftext|><|endoftext|>' = [' English', '.', '<|im_end|>', '<|endoftext|>', '<|endoftext|>', '<|endoftext|>', '<|endoftext|>', '<|endoftext|>']
  L19: ' English.<|im_end|><|endoftext|><|endoftext|><|endoftext|><|endoftext|><|endoftext|>' = [' English', '.', '<|im_end|>', '<|endoftext|>', '<|endoftext|>', '<|endoftext|>', '<|endoftext|>', '<|endoftext|>'] [base]
  L20: ' English.<|im_end|><|endoftext|><|endoftext|><|endoftext|><|endoftext|><|endoftext|>' = [' English', '.', '<|im_end|>', '<|endoftext|>', '<|endoftext|>', '<|endoftext|>', '<|endoftext|>', '<|endoftext|>'] [base]
  L21: ' English.<|im_end|><|endoftext|><|endoftext|><|endoftext|><|endoftext|><|endoftext|>' = [' English', '.', '<|im_end|>', '<|endoftext|>', '<|endoftext|>', '<|endoftext|>', '<|endoftext|>', '<|endoftext|>'] [base]
  L22: ' Swahili.<|im_end|><|endoftext|><|endoftext|><|endoftext|>' = [' Sw', 'ah', 'ili', '.', '<|im_end|>', '<|endoftext|>', '<|endoftext|>', '<|endoftext|>'] [other]
  L23: ' Arabic.<|im_end|><|endoftext|><|endoftext|><|endoftext|><|endoftext|><|endoftext|>' = [' Arabic', '.', '<|im_end|>', '<|endoftext|>', '<|endoftext|>', '<|endoftext|>', '<|endoftext|>', '<|endoftext|>'] [HIT]
  L24: ' Arabic.<|im_end|><|endoftext|>' = [' Arabic', '.', '<|im_end|>', '<|endoftext|>'] [HIT]
  L25: ' Arabic.<|im_end|><|endoftext|>' = [' Arabic', '.', '<|im_end|>', '<|endoftext|>'] [HIT]
  L26: ' Arabic.<|im_end|><|endoftext|>' = [' Arabic', '.', '<|im_end|>', '<|endoftext|>'] [HIT]
  L27: ' Arabic.<|im_end|><|endoftext|>' = [' Arabic', '.', '<|im_end|>', '<|endoftext|>'] [HIT]
  L28: ' Arabic.<|im_end|><|endoftext|><|endoftext|><|endoftext|><|endoftext|><|endoftext|>' = [' Arabic', '.', '<|im_end|>', '<|endoftext|>', '<|endoftext|>', '<|endoftext|>', '<|endoftext|>', '<|endoftext|>'] [HIT]

row 213: base=CV -> source=HN  template=language_prefill_v3
  question: 'Tell me a language spoken in the country in this image.'
  prefill : 'A language spoken there is'
  gold base   (expected unhooked) : ' Portuguese' = [' Portuguese']
  gold source (expected if swap works): ' Spanish' = [' Spanish']
  unhooked: ' Portuguese.<|im_end|><|endoftext|><|endoftext|><|endoftext|><|endoftext|><|endoftext|>' = [' Portuguese', '.', '<|im_end|>', '<|endoftext|>', '<|endoftext|>', '<|endoftext|>', '<|endoftext|>', '<|endoftext|>']
  L19: ' Portuguese.<|im_end|><|endoftext|><|endoftext|><|endoftext|><|endoftext|><|endoftext|>' = [' Portuguese', '.', '<|im_end|>', '<|endoftext|>', '<|endoftext|>', '<|endoftext|>', '<|endoftext|>', '<|endoftext|>'] [base]
  L20: ' Portuguese.<|im_end|><|endoftext|><|endoftext|><|endoftext|><|endoftext|><|endoftext|>' = [' Portuguese', '.', '<|im_end|>', '<|endoftext|>', '<|endoftext|>', '<|endoftext|>', '<|endoftext|>', '<|endoftext|>'] [base]
  L21: ' Portuguese.<|im_end|><|endoftext|><|endoftext|><|endoftext|><|endoftext|><|endoftext|>' = [' Portuguese', '.', '<|im_end|>', '<|endoftext|>', '<|endoftext|>', '<|endoftext|>', '<|endoftext|>', '<|endoftext|>'] [base]
  L22: ' Portuguese.<|im_end|><|endoftext|><|endoftext|><|endoftext|><|endoftext|><|endoftext|>' = [' Portuguese', '.', '<|im_end|>', '<|endoftext|>', '<|endoftext|>', '<|endoftext|>', '<|endoftext|>', '<|endoftext|>'] [base]
  L23: ' Portuguese.<|im_end|><|endoftext|><|endoftext|><|endoftext|><|endoftext|><|endoftext|>' = [' Portuguese', '.', '<|im_end|>', '<|endoftext|>', '<|endoftext|>', '<|endoftext|>', '<|endoftext|>', '<|endoftext|>'] [base]
  L24: ' Spanish.<|im_end|><|endoftext|>' = [' Spanish', '.', '<|im_end|>', '<|endoftext|>'] [HIT]
  L25: ' Spanish.<|im_end|><|endoftext|>' = [' Spanish', '.', '<|im_end|>', '<|endoftext|>'] [HIT]
  L26: ' Spanish.<|im_end|><|endoftext|>' = [' Spanish', '.', '<|im_end|>', '<|endoftext|>'] [HIT]
  L27: ' Spanish.<|im_end|><|endoftext|>' = [' Spanish', '.', '<|im_end|>', '<|endoftext|>'] [HIT]
  L28: ' Spanish.<|im_end|><|endoftext|><|endoftext|><|endoftext|><|endoftext|><|endoftext|>' = [' Spanish', '.', '<|im_end|>', '<|endoftext|>', '<|endoftext|>', '<|endoftext|>', '<|endoftext|>', '<|endoftext|>'] [HIT]

row 214: base=CV -> source=IS  template=language_prefill_v6
  question: 'Name a language used in the country depicted in this image.'
  prefill : 'A language spoken there is'
  gold base   (expected unhooked) : ' Portuguese' = [' Portuguese']
  gold source (expected if swap works): ' Icelandic' = [' Icelandic']
  unhooked: ' Portuguese, as the flag depicted is that' = [' Portuguese', ',', ' as', ' the', ' flag', ' depicted', ' is', ' that']
  L19: ' Portuguese.<|im_end|><|endoftext|><|endoftext|><|endoftext|><|endoftext|><|endoftext|>' = [' Portuguese', '.', '<|im_end|>', '<|endoftext|>', '<|endoftext|>', '<|endoftext|>', '<|endoftext|>', '<|endoftext|>'] [base]
  L20: ' Portuguese.<|im_end|><|endoftext|><|endoftext|><|endoftext|><|endoftext|><|endoftext|>' = [' Portuguese', '.', '<|im_end|>', '<|endoftext|>', '<|endoftext|>', '<|endoftext|>', '<|endoftext|>', '<|endoftext|>'] [base]
  L21: ' Portuguese.<|im_end|><|endoftext|><|endoftext|><|endoftext|><|endoftext|><|endoftext|>' = [' Portuguese', '.', '<|im_end|>', '<|endoftext|>', '<|endoftext|>', '<|endoftext|>', '<|endoftext|>', '<|endoftext|>'] [base]
  L22: ' Portuguese.<|im_end|><|endoftext|><|endoftext|><|endoftext|><|endoftext|><|endoftext|>' = [' Portuguese', '.', '<|im_end|>', '<|endoftext|>', '<|endoftext|>', '<|endoftext|>', '<|endoftext|>', '<|endoftext|>'] [base]
  L23: ' Icelandic.<|im_end|><|endoftext|><|endoftext|><|endoftext|><|endoftext|><|endoftext|>' = [' Icelandic', '.', '<|im_end|>', '<|endoftext|>', '<|endoftext|>', '<|endoftext|>', '<|endoftext|>', '<|endoftext|>'] [HIT]
  L24: ' Icelandic.<|im_end|><|endoftext|>' = [' Icelandic', '.', '<|im_end|>', '<|endoftext|>'] [HIT]
  L25: ' Icelandic.<|im_end|><|endoftext|>' = [' Icelandic', '.', '<|im_end|>', '<|endoftext|>'] [HIT]
  L26: ' Icelandic.<|im_end|><|endoftext|>' = [' Icelandic', '.', '<|im_end|>', '<|endoftext|>'] [HIT]
  L27: ' Icelandic.<|im_end|><|endoftext|>' = [' Icelandic', '.', '<|im_end|>', '<|endoftext|>'] [HIT]
  L28: ' Icelandic.<|im_end|><|endoftext|><|endoftext|><|endoftext|><|endoftext|><|endoftext|>' = [' Icelandic', '.', '<|im_end|>', '<|endoftext|>', '<|endoftext|>', '<|endoftext|>', '<|endoftext|>', '<|endoftext|>'] [HIT]

row 215: base=IN -> source=PY  template=language_prefill_v5
  question: 'What language is officially spoken in the country shown in this flag?'
  prefill : 'The official language is'
  gold base   (expected unhooked) : ' Hindi' = [' Hindi']
  gold source (expected if swap works): ' Spanish' = [' Spanish']
  unhooked: ' Hindi, with English also being an official' = [' Hindi', ',', ' with', ' English', ' also', ' being', ' an', ' official']
  L19: ' Hindi, with English being the second official' = [' Hindi', ',', ' with', ' English', ' being', ' the', ' second', ' official'] [base]
  L20: ' Hindi, with English being the second official' = [' Hindi', ',', ' with', ' English', ' being', ' the', ' second', ' official'] [base]
  L21: ' Hindi, with English also being an official' = [' Hindi', ',', ' with', ' English', ' also', ' being', ' an', ' official'] [base]
  L22: ' Hindi, with English also being an official' = [' Hindi', ',', ' with', ' English', ' also', ' being', ' an', ' official'] [base]
  L23: ' Spanish.<|im_end|><|endoftext|><|endoftext|><|endoftext|><|endoftext|><|endoftext|>' = [' Spanish', '.', '<|im_end|>', '<|endoftext|>', '<|endoftext|>', '<|endoftext|>', '<|endoftext|>', '<|endoftext|>'] [HIT]
  L24: ' Spanish.<|im_end|><|endoftext|>' = [' Spanish', '.', '<|im_end|>', '<|endoftext|>'] [HIT]
  L25: ' Spanish.<|im_end|><|endoftext|>' = [' Spanish', '.', '<|im_end|>', '<|endoftext|>'] [HIT]
  L26: ' Spanish.<|im_end|><|endoftext|>' = [' Spanish', '.', '<|im_end|>', '<|endoftext|>'] [HIT]
  L27: ' Spanish.<|im_end|><|endoftext|>' = [' Spanish', '.', '<|im_end|>', '<|endoftext|>'] [HIT]
  L28: ' Spanish.<|im_end|><|endoftext|><|endoftext|><|endoftext|><|endoftext|><|endoftext|>' = [' Spanish', '.', '<|im_end|>', '<|endoftext|>', '<|endoftext|>', '<|endoftext|>', '<|endoftext|>', '<|endoftext|>'] [HIT]

row 216: base=SA -> source=AO  template=language_prefill_v3
  question: 'Tell me a language spoken in the country in this image.'
  prefill : 'A language spoken there is'
  gold base   (expected unhooked) : ' Arabic' = [' Arabic']
  gold source (expected if swap works): ' Portuguese' = [' Portuguese']
  unhooked: ' Arabic.<|im_end|><|endoftext|><|endoftext|><|endoftext|><|endoftext|><|endoftext|>' = [' Arabic', '.', '<|im_end|>', '<|endoftext|>', '<|endoftext|>', '<|endoftext|>', '<|endoftext|>', '<|endoftext|>']
  L19: ' Arabic.<|im_end|><|endoftext|><|endoftext|><|endoftext|><|endoftext|><|endoftext|>' = [' Arabic', '.', '<|im_end|>', '<|endoftext|>', '<|endoftext|>', '<|endoftext|>', '<|endoftext|>', '<|endoftext|>'] [base]
  L20: ' Arabic.<|im_end|><|endoftext|><|endoftext|><|endoftext|><|endoftext|><|endoftext|>' = [' Arabic', '.', '<|im_end|>', '<|endoftext|>', '<|endoftext|>', '<|endoftext|>', '<|endoftext|>', '<|endoftext|>'] [base]
  L21: ' Arabic.<|im_end|><|endoftext|><|endoftext|><|endoftext|><|endoftext|><|endoftext|>' = [' Arabic', '.', '<|im_end|>', '<|endoftext|>', '<|endoftext|>', '<|endoftext|>', '<|endoftext|>', '<|endoftext|>'] [base]
  L22: ' Arabic.<|im_end|><|endoftext|><|endoftext|><|endoftext|><|endoftext|><|endoftext|>' = [' Arabic', '.', '<|im_end|>', '<|endoftext|>', '<|endoftext|>', '<|endoftext|>', '<|endoftext|>', '<|endoftext|>'] [base]
  L23: ' Portuguese.<|im_end|><|endoftext|><|endoftext|><|endoftext|><|endoftext|><|endoftext|>' = [' Portuguese', '.', '<|im_end|>', '<|endoftext|>', '<|endoftext|>', '<|endoftext|>', '<|endoftext|>', '<|endoftext|>'] [HIT]
  L24: ' Portuguese.<|im_end|><|endoftext|>' = [' Portuguese', '.', '<|im_end|>', '<|endoftext|>'] [HIT]
  L25: ' Portuguese.<|im_end|><|endoftext|>' = [' Portuguese', '.', '<|im_end|>', '<|endoftext|>'] [HIT]
  L26: ' Portuguese.<|im_end|><|endoftext|>' = [' Portuguese', '.', '<|im_end|>', '<|endoftext|>'] [HIT]
  L27: ' Portuguese.<|im_end|><|endoftext|>' = [' Portuguese', '.', '<|im_end|>', '<|endoftext|>'] [HIT]
  L28: ' KSA (Kingdom of Saudi Arabia' = [' K', 'SA', ' (', 'King', 'dom', ' of', ' Saudi', ' Arabia'] [other]

row 217: base=ZM -> source=SE  template=language_prefill_v6
  question: 'Name a language used in the country depicted in this image.'
  prefill : 'A language spoken there is'
  gold base   (expected unhooked) : ' English' = [' English']
  gold source (expected if swap works): ' Swedish' = [' Swedish']
  unhooked: ' English, which is one of the official' = [' English', ',', ' which', ' is', ' one', ' of', ' the', ' official']
  L19: ' English, which is one of the official' = [' English', ',', ' which', ' is', ' one', ' of', ' the', ' official'] [base]
  L20: ' Zambian English, which is a' = [' Z', 'amb', 'ian', ' English', ',', ' which', ' is', ' a'] [other]
  L21: ' Zambian English, which is a' = [' Z', 'amb', 'ian', ' English', ',', ' which', ' is', ' a'] [other]
  L22: ' Zambian English, which is a' = [' Z', 'amb', 'ian', ' English', ',', ' which', ' is', ' a'] [other]
  L23: ' Swedish.<|im_end|><|endoftext|><|endoftext|><|endoftext|><|endoftext|><|endoftext|>' = [' Swedish', '.', '<|im_end|>', '<|endoftext|>', '<|endoftext|>', '<|endoftext|>', '<|endoftext|>', '<|endoftext|>'] [HIT]
  L24: ' Swedish.<|im_end|><|endoftext|>' = [' Swedish', '.', '<|im_end|>', '<|endoftext|>'] [HIT]
  L25: ' Swedish.<|im_end|><|endoftext|>' = [' Swedish', '.', '<|im_end|>', '<|endoftext|>'] [HIT]
  L26: ' Swedish.<|im_end|><|endoftext|>' = [' Swedish', '.', '<|im_end|>', '<|endoftext|>'] [HIT]
  L27: ' Swedish.<|im_end|><|endoftext|>' = [' Swedish', '.', '<|im_end|>', '<|endoftext|>'] [HIT]
  L28: ' Swedish.<|im_end|><|endoftext|><|endoftext|><|endoftext|><|endoftext|><|endoftext|>' = [' Swedish', '.', '<|im_end|>', '<|endoftext|>', '<|endoftext|>', '<|endoftext|>', '<|endoftext|>', '<|endoftext|>'] [HIT]

row 218: base=CL -> source=UA  template=language_prefill_v5
  question: 'What language is officially spoken in the country shown in this flag?'
  prefill : 'The official language is'
  gold base   (expected unhooked) : ' Spanish' = [' Spanish']
  gold source (expected if swap works): ' Ukrainian' = [' Ukrainian']
  unhooked: ' Spanish. The flag in the image is' = [' Spanish', '.', ' The', ' flag', ' in', ' the', ' image', ' is']
  L19: ' Spanish. The flag in the image is' = [' Spanish', '.', ' The', ' flag', ' in', ' the', ' image', ' is'] [base]
  L20: ' Spanish. The flag in the image is' = [' Spanish', '.', ' The', ' flag', ' in', ' the', ' image', ' is'] [base]
  L21: ' Spanish. The flag in the image is' = [' Spanish', '.', ' The', ' flag', ' in', ' the', ' image', ' is'] [base]
  L22: ' Spanish. The flag in the image is' = [' Spanish', '.', ' The', ' flag', ' in', ' the', ' image', ' is'] [base]
  L23: ' Russian.<|im_end|><|endoftext|><|endoftext|><|endoftext|><|endoftext|><|endoftext|>' = [' Russian', '.', '<|im_end|>', '<|endoftext|>', '<|endoftext|>', '<|endoftext|>', '<|endoftext|>', '<|endoftext|>'] [other]
  L24: ' Ukrainian.<|im_end|><|endoftext|>' = [' Ukrainian', '.', '<|im_end|>', '<|endoftext|>'] [HIT]
  L25: ' Ukrainian.<|im_end|><|endoftext|>' = [' Ukrainian', '.', '<|im_end|>', '<|endoftext|>'] [HIT]
  L26: ' Ukrainian.<|im_end|><|endoftext|>' = [' Ukrainian', '.', '<|im_end|>', '<|endoftext|>'] [HIT]
  L27: ' Ukrainian.<|im_end|><|endoftext|>' = [' Ukrainian', '.', '<|im_end|>', '<|endoftext|>'] [HIT]
  L28: ' Ukrainian.<|im_end|><|endoftext|><|endoftext|><|endoftext|><|endoftext|><|endoftext|>' = [' Ukrainian', '.', '<|im_end|>', '<|endoftext|>', '<|endoftext|>', '<|endoftext|>', '<|endoftext|>', '<|endoftext|>'] [HIT]

row 219: base=TH -> source=CM  template=language_prefill_v3
  question: 'Tell me a language spoken in the country in this image.'
  prefill : 'A language spoken there is'
  gold base   (expected unhooked) : ' Thai' = [' Thai']
  gold source (expected if swap works): ' French' = [' French']
  unhooked: ' Thai.<|im_end|><|endoftext|><|endoftext|><|endoftext|><|endoftext|><|endoftext|>' = [' Thai', '.', '<|im_end|>', '<|endoftext|>', '<|endoftext|>', '<|endoftext|>', '<|endoftext|>', '<|endoftext|>']
  L19: ' Thai.<|im_end|><|endoftext|><|endoftext|><|endoftext|><|endoftext|><|endoftext|>' = [' Thai', '.', '<|im_end|>', '<|endoftext|>', '<|endoftext|>', '<|endoftext|>', '<|endoftext|>', '<|endoftext|>'] [base]
  L20: ' Thai.<|im_end|><|endoftext|><|endoftext|><|endoftext|><|endoftext|><|endoftext|>' = [' Thai', '.', '<|im_end|>', '<|endoftext|>', '<|endoftext|>', '<|endoftext|>', '<|endoftext|>', '<|endoftext|>'] [base]
  L21: ' Thai.<|im_end|><|endoftext|><|endoftext|><|endoftext|><|endoftext|><|endoftext|>' = [' Thai', '.', '<|im_end|>', '<|endoftext|>', '<|endoftext|>', '<|endoftext|>', '<|endoftext|>', '<|endoftext|>'] [base]
  L22: ' Thai.<|im_end|><|endoftext|><|endoftext|><|endoftext|><|endoftext|><|endoftext|>' = [' Thai', '.', '<|im_end|>', '<|endoftext|>', '<|endoftext|>', '<|endoftext|>', '<|endoftext|>', '<|endoftext|>'] [base]
  L23: ' French.<|im_end|><|endoftext|><|endoftext|><|endoftext|><|endoftext|><|endoftext|>' = [' French', '.', '<|im_end|>', '<|endoftext|>', '<|endoftext|>', '<|endoftext|>', '<|endoftext|>', '<|endoftext|>'] [HIT]
  L24: ' French.<|im_end|><|endoftext|>' = [' French', '.', '<|im_end|>', '<|endoftext|>'] [HIT]
  L25: ' French.<|im_end|><|endoftext|>' = [' French', '.', '<|im_end|>', '<|endoftext|>'] [HIT]
  L26: ' French.<|im_end|><|endoftext|>' = [' French', '.', '<|im_end|>', '<|endoftext|>'] [HIT]
  L27: ' French.<|im_end|><|endoftext|>' = [' French', '.', '<|im_end|>', '<|endoftext|>'] [HIT]
  L28: ' French.<|im_end|><|endoftext|><|endoftext|><|endoftext|><|endoftext|><|endoftext|>' = [' French', '.', '<|im_end|>', '<|endoftext|>', '<|endoftext|>', '<|endoftext|>', '<|endoftext|>', '<|endoftext|>'] [HIT]

row 220: base=MX -> source=BY  template=language_prefill_v6
  question: 'Name a language used in the country depicted in this image.'
  prefill : 'A language spoken there is'
  gold base   (expected unhooked) : ' Spanish' = [' Spanish']
  gold source (expected if swap works): ' Belarusian' = [' Belarus', 'ian']
  unhooked: ' Spanish, which is the official language of' = [' Spanish', ',', ' which', ' is', ' the', ' official', ' language', ' of']
  L19: ' Spanish, which is the official language of' = [' Spanish', ',', ' which', ' is', ' the', ' official', ' language', ' of'] [base]
  L20: ' Spanish, which is the official language of' = [' Spanish', ',', ' which', ' is', ' the', ' official', ' language', ' of'] [base]
  L21: ' Spanish, which is the official language of' = [' Spanish', ',', ' which', ' is', ' the', ' official', ' language', ' of'] [base]
  L22: ' Spanish, which is the official language of' = [' Spanish', ',', ' which', ' is', ' the', ' official', ' language', ' of'] [base]
  L23: ' Russian.<|im_end|><|endoftext|><|endoftext|><|endoftext|><|endoftext|><|endoftext|>' = [' Russian', '.', '<|im_end|>', '<|endoftext|>', '<|endoftext|>', '<|endoftext|>', '<|endoftext|>', '<|endoftext|>'] [other]
  L24: ' Belarusian.<|im_end|>' = [' Belarus', 'ian', '.', '<|im_end|>'] [HIT]
  L25: ' Belarusian.<|im_end|>' = [' Belarus', 'ian', '.', '<|im_end|>'] [HIT]
  L26: ' Belarusian.<|im_end|>' = [' Belarus', 'ian', '.', '<|im_end|>'] [HIT]
  L27: ' Belarusian.<|im_end|>' = [' Belarus', 'ian', '.', '<|im_end|>'] [HIT]
  L28: ' Belarusian.<|im_end|><|endoftext|><|endoftext|><|endoftext|><|endoftext|>' = [' Belarus', 'ian', '.', '<|im_end|>', '<|endoftext|>', '<|endoftext|>', '<|endoftext|>', '<|endoftext|>'] [HIT]

row 221: base=UG -> source=GT  template=language_prefill_v3
  question: 'Tell me a language spoken in the country in this image.'
  prefill : 'A language spoken there is'
  gold base   (expected unhooked) : ' English' = [' English']
  gold source (expected if swap works): ' Spanish' = [' Spanish']
  unhooked: ' English, which is the official language of' = [' English', ',', ' which', ' is', ' the', ' official', ' language', ' of']
  L19: ' English, which is the official language of' = [' English', ',', ' which', ' is', ' the', ' official', ' language', ' of'] [base]
  L20: ' English, which is the official language of' = [' English', ',', ' which', ' is', ' the', ' official', ' language', ' of'] [base]
  L21: ' English, which is the official language of' = [' English', ',', ' which', ' is', ' the', ' official', ' language', ' of'] [base]
  L22: ' English, which is the official language of' = [' English', ',', ' which', ' is', ' the', ' official', ' language', ' of'] [base]
  L23: ' Spanish.<|im_end|><|endoftext|><|endoftext|><|endoftext|><|endoftext|><|endoftext|>' = [' Spanish', '.', '<|im_end|>', '<|endoftext|>', '<|endoftext|>', '<|endoftext|>', '<|endoftext|>', '<|endoftext|>'] [HIT]
  L24: ' Spanish.<|im_end|><|endoftext|>' = [' Spanish', '.', '<|im_end|>', '<|endoftext|>'] [HIT]
  L25: ' Spanish.<|im_end|><|endoftext|>' = [' Spanish', '.', '<|im_end|>', '<|endoftext|>'] [HIT]
  L26: ' Spanish.<|im_end|><|endoftext|>' = [' Spanish', '.', '<|im_end|>', '<|endoftext|>'] [HIT]
  L27: ' Spanish.<|im_end|><|endoftext|>' = [' Spanish', '.', '<|im_end|>', '<|endoftext|>'] [HIT]
  L28: ' Spanish.<|im_end|><|endoftext|><|endoftext|><|endoftext|><|endoftext|><|endoftext|>' = [' Spanish', '.', '<|im_end|>', '<|endoftext|>', '<|endoftext|>', '<|endoftext|>', '<|endoftext|>', '<|endoftext|>'] [HIT]

row 222: base=CV -> source=VN  template=language_prefill_v1
  question: 'Name an official language of the country in this image.'
  prefill : 'One official language is'
  gold base   (expected unhooked) : ' Portuguese' = [' Portuguese']
  gold source (expected if swap works): ' Vietnamese' = [' Vietnamese']
  unhooked: ' Portuguese.<|im_end|><|endoftext|><|endoftext|><|endoftext|><|endoftext|><|endoftext|>' = [' Portuguese', '.', '<|im_end|>', '<|endoftext|>', '<|endoftext|>', '<|endoftext|>', '<|endoftext|>', '<|endoftext|>']
  L19: ' Portuguese.<|im_end|><|endoftext|><|endoftext|><|endoftext|><|endoftext|><|endoftext|>' = [' Portuguese', '.', '<|im_end|>', '<|endoftext|>', '<|endoftext|>', '<|endoftext|>', '<|endoftext|>', '<|endoftext|>'] [base]
  L20: ' Portuguese.<|im_end|><|endoftext|><|endoftext|><|endoftext|><|endoftext|><|endoftext|>' = [' Portuguese', '.', '<|im_end|>', '<|endoftext|>', '<|endoftext|>', '<|endoftext|>', '<|endoftext|>', '<|endoftext|>'] [base]
  L21: ' Portuguese.<|im_end|><|endoftext|><|endoftext|><|endoftext|><|endoftext|><|endoftext|>' = [' Portuguese', '.', '<|im_end|>', '<|endoftext|>', '<|endoftext|>', '<|endoftext|>', '<|endoftext|>', '<|endoftext|>'] [base]
  L22: ' Portuguese.<|im_end|><|endoftext|><|endoftext|><|endoftext|><|endoftext|><|endoftext|>' = [' Portuguese', '.', '<|im_end|>', '<|endoftext|>', '<|endoftext|>', '<|endoftext|>', '<|endoftext|>', '<|endoftext|>'] [base]
  L23: ' Portuguese.<|im_end|><|endoftext|><|endoftext|><|endoftext|><|endoftext|><|endoftext|>' = [' Portuguese', '.', '<|im_end|>', '<|endoftext|>', '<|endoftext|>', '<|endoftext|>', '<|endoftext|>', '<|endoftext|>'] [base]
  L24: ' Vietnamese.<|im_end|><|endoftext|>' = [' Vietnamese', '.', '<|im_end|>', '<|endoftext|>'] [HIT]
  L25: ' Vietnamese.<|im_end|><|endoftext|>' = [' Vietnamese', '.', '<|im_end|>', '<|endoftext|>'] [HIT]
  L26: ' Vietnamese.<|im_end|><|endoftext|>' = [' Vietnamese', '.', '<|im_end|>', '<|endoftext|>'] [HIT]
  L27: ' Vietnamese.<|im_end|><|endoftext|>' = [' Vietnamese', '.', '<|im_end|>', '<|endoftext|>'] [HIT]
  L28: ' Vietnamese.<|im_end|><|endoftext|><|endoftext|><|endoftext|><|endoftext|><|endoftext|>' = [' Vietnamese', '.', '<|im_end|>', '<|endoftext|>', '<|endoftext|>', '<|endoftext|>', '<|endoftext|>', '<|endoftext|>'] [HIT]

row 223: base=AO -> source=IS  template=language_prefill_v3
  question: 'Tell me a language spoken in the country in this image.'
  prefill : 'A language spoken there is'
  gold base   (expected unhooked) : ' Portuguese' = [' Portuguese']
  gold source (expected if swap works): ' Icelandic' = [' Icelandic']
  unhooked: ' Portuguese, as Angola was a Portuguese colony' = [' Portuguese', ',', ' as', ' Angola', ' was', ' a', ' Portuguese', ' colony']
  L19: ' Portuguese, as Angola was a Portuguese colony' = [' Portuguese', ',', ' as', ' Angola', ' was', ' a', ' Portuguese', ' colony'] [base]
  L20: ' Portuguese. Angola was a colony of Portugal' = [' Portuguese', '.', ' Angola', ' was', ' a', ' colony', ' of', ' Portugal'] [base]
  L21: ' Portuguese, as Angola was a Portuguese colony' = [' Portuguese', ',', ' as', ' Angola', ' was', ' a', ' Portuguese', ' colony'] [base]
  L22: ' Portuguese. Angola was a colony of Portugal' = [' Portuguese', '.', ' Angola', ' was', ' a', ' colony', ' of', ' Portugal'] [base]
  L23: ' **Kimbundu**.<|im_end|>' = [' **', 'K', 'imb', 'und', 'u', '**', '.', '<|im_end|>'] [other]
  L24: ' Icelandic.<|im_end|><|endoftext|>' = [' Icelandic', '.', '<|im_end|>', '<|endoftext|>'] [HIT]
  L25: ' Icelandic.<|im_end|><|endoftext|>' = [' Icelandic', '.', '<|im_end|>', '<|endoftext|>'] [HIT]
  L26: ' Icelandic.<|im_end|><|endoftext|>' = [' Icelandic', '.', '<|im_end|>', '<|endoftext|>'] [HIT]
  L27: ' Icelandic.<|im_end|><|endoftext|>' = [' Icelandic', '.', '<|im_end|>', '<|endoftext|>'] [HIT]
  L28: ' Icelandic.<|im_end|><|endoftext|><|endoftext|><|endoftext|><|endoftext|><|endoftext|>' = [' Icelandic', '.', '<|im_end|>', '<|endoftext|>', '<|endoftext|>', '<|endoftext|>', '<|endoftext|>', '<|endoftext|>'] [HIT]

row 224: base=PT -> source=CM  template=language_prefill_v6
  question: 'Name a language used in the country depicted in this image.'
  prefill : 'A language spoken there is'
  gold base   (expected unhooked) : ' Portuguese' = [' Portuguese']
  gold source (expected if swap works): ' French' = [' French']
  unhooked: ' Portuguese.<|im_end|><|endoftext|><|endoftext|><|endoftext|><|endoftext|><|endoftext|>' = [' Portuguese', '.', '<|im_end|>', '<|endoftext|>', '<|endoftext|>', '<|endoftext|>', '<|endoftext|>', '<|endoftext|>']
  L19: ' Portuguese.<|im_end|><|endoftext|><|endoftext|><|endoftext|><|endoftext|><|endoftext|>' = [' Portuguese', '.', '<|im_end|>', '<|endoftext|>', '<|endoftext|>', '<|endoftext|>', '<|endoftext|>', '<|endoftext|>'] [base]
  L20: ' Portuguese.<|im_end|><|endoftext|><|endoftext|><|endoftext|><|endoftext|><|endoftext|>' = [' Portuguese', '.', '<|im_end|>', '<|endoftext|>', '<|endoftext|>', '<|endoftext|>', '<|endoftext|>', '<|endoftext|>'] [base]
  L21: ' Portuguese.<|im_end|><|endoftext|><|endoftext|><|endoftext|><|endoftext|><|endoftext|>' = [' Portuguese', '.', '<|im_end|>', '<|endoftext|>', '<|endoftext|>', '<|endoftext|>', '<|endoftext|>', '<|endoftext|>'] [base]
  L22: ' Portuguese.<|im_end|><|endoftext|><|endoftext|><|endoftext|><|endoftext|><|endoftext|>' = [' Portuguese', '.', '<|im_end|>', '<|endoftext|>', '<|endoftext|>', '<|endoftext|>', '<|endoftext|>', '<|endoftext|>'] [base]
  L23: ' Portuguese.<|im_end|><|endoftext|><|endoftext|><|endoftext|><|endoftext|><|endoftext|>' = [' Portuguese', '.', '<|im_end|>', '<|endoftext|>', '<|endoftext|>', '<|endoftext|>', '<|endoftext|>', '<|endoftext|>'] [base]
  L24: ' French.<|im_end|><|endoftext|><|endoftext|><|endoftext|><|endoftext|><|endoftext|>' = [' French', '.', '<|im_end|>', '<|endoftext|>', '<|endoftext|>', '<|endoftext|>', '<|endoftext|>', '<|endoftext|>'] [HIT]
  L25: ' French.<|im_end|><|endoftext|><|endoftext|><|endoftext|><|endoftext|><|endoftext|>' = [' French', '.', '<|im_end|>', '<|endoftext|>', '<|endoftext|>', '<|endoftext|>', '<|endoftext|>', '<|endoftext|>'] [HIT]
  L26: ' French.<|im_end|><|endoftext|><|endoftext|><|endoftext|><|endoftext|><|endoftext|>' = [' French', '.', '<|im_end|>', '<|endoftext|>', '<|endoftext|>', '<|endoftext|>', '<|endoftext|>', '<|endoftext|>'] [HIT]
  L27: ' French.<|im_end|><|endoftext|><|endoftext|><|endoftext|><|endoftext|><|endoftext|>' = [' French', '.', '<|im_end|>', '<|endoftext|>', '<|endoftext|>', '<|endoftext|>', '<|endoftext|>', '<|endoftext|>'] [HIT]
  L28: ' French.<|im_end|><|endoftext|><|endoftext|><|endoftext|><|endoftext|><|endoftext|>' = [' French', '.', '<|im_end|>', '<|endoftext|>', '<|endoftext|>', '<|endoftext|>', '<|endoftext|>', '<|endoftext|>'] [HIT]

row 225: base=UG -> source=VN  template=language_prefill_v1
  question: 'Name an official language of the country in this image.'
  prefill : 'One official language is'
  gold base   (expected unhooked) : ' English' = [' English']
  gold source (expected if swap works): ' Vietnamese' = [' Vietnamese']
  unhooked: ' English.<|im_end|><|endoftext|><|endoftext|><|endoftext|><|endoftext|><|endoftext|>' = [' English', '.', '<|im_end|>', '<|endoftext|>', '<|endoftext|>', '<|endoftext|>', '<|endoftext|>', '<|endoftext|>']
  L19: ' English.<|im_end|><|endoftext|><|endoftext|><|endoftext|><|endoftext|><|endoftext|>' = [' English', '.', '<|im_end|>', '<|endoftext|>', '<|endoftext|>', '<|endoftext|>', '<|endoftext|>', '<|endoftext|>'] [base]
  L20: ' English.<|im_end|><|endoftext|><|endoftext|><|endoftext|><|endoftext|><|endoftext|>' = [' English', '.', '<|im_end|>', '<|endoftext|>', '<|endoftext|>', '<|endoftext|>', '<|endoftext|>', '<|endoftext|>'] [base]
  L21: ' English.<|im_end|><|endoftext|><|endoftext|><|endoftext|><|endoftext|><|endoftext|>' = [' English', '.', '<|im_end|>', '<|endoftext|>', '<|endoftext|>', '<|endoftext|>', '<|endoftext|>', '<|endoftext|>'] [base]
  L22: ' English.<|im_end|><|endoftext|><|endoftext|><|endoftext|><|endoftext|><|endoftext|>' = [' English', '.', '<|im_end|>', '<|endoftext|>', '<|endoftext|>', '<|endoftext|>', '<|endoftext|>', '<|endoftext|>'] [base]
  L23: ' Vietnamese.<|im_end|><|endoftext|><|endoftext|><|endoftext|><|endoftext|><|endoftext|>' = [' Vietnamese', '.', '<|im_end|>', '<|endoftext|>', '<|endoftext|>', '<|endoftext|>', '<|endoftext|>', '<|endoftext|>'] [HIT]
  L24: ' Vietnamese.<|im_end|><|endoftext|><|endoftext|><|endoftext|><|endoftext|><|endoftext|>' = [' Vietnamese', '.', '<|im_end|>', '<|endoftext|>', '<|endoftext|>', '<|endoftext|>', '<|endoftext|>', '<|endoftext|>'] [HIT]
  L25: ' Vietnamese.<|im_end|><|endoftext|><|endoftext|><|endoftext|><|endoftext|><|endoftext|>' = [' Vietnamese', '.', '<|im_end|>', '<|endoftext|>', '<|endoftext|>', '<|endoftext|>', '<|endoftext|>', '<|endoftext|>'] [HIT]
  L26: ' Vietnamese.<|im_end|><|endoftext|><|endoftext|><|endoftext|><|endoftext|><|endoftext|>' = [' Vietnamese', '.', '<|im_end|>', '<|endoftext|>', '<|endoftext|>', '<|endoftext|>', '<|endoftext|>', '<|endoftext|>'] [HIT]
  L27: ' Vietnamese.<|im_end|><|endoftext|><|endoftext|><|endoftext|><|endoftext|><|endoftext|>' = [' Vietnamese', '.', '<|im_end|>', '<|endoftext|>', '<|endoftext|>', '<|endoftext|>', '<|endoftext|>', '<|endoftext|>'] [HIT]
  L28: ' Vietnamese.<|im_end|><|endoftext|><|endoftext|><|endoftext|><|endoftext|><|endoftext|>' = [' Vietnamese', '.', '<|im_end|>', '<|endoftext|>', '<|endoftext|>', '<|endoftext|>', '<|endoftext|>', '<|endoftext|>'] [HIT]

row 226: base=MA -> source=UG  template=language_prefill_v3
  question: 'Tell me a language spoken in the country in this image.'
  prefill : 'A language spoken there is'
  gold base   (expected unhooked) : ' Arabic' = [' Arabic']
  gold source (expected if swap works): ' English' = [' English']
  unhooked: ' Arabic.<|im_end|><|endoftext|><|endoftext|><|endoftext|><|endoftext|><|endoftext|>' = [' Arabic', '.', '<|im_end|>', '<|endoftext|>', '<|endoftext|>', '<|endoftext|>', '<|endoftext|>', '<|endoftext|>']
  L19: ' Arabic.<|im_end|><|endoftext|><|endoftext|><|endoftext|><|endoftext|><|endoftext|>' = [' Arabic', '.', '<|im_end|>', '<|endoftext|>', '<|endoftext|>', '<|endoftext|>', '<|endoftext|>', '<|endoftext|>'] [base]
  L20: ' Arabic.<|im_end|><|endoftext|><|endoftext|><|endoftext|><|endoftext|><|endoftext|>' = [' Arabic', '.', '<|im_end|>', '<|endoftext|>', '<|endoftext|>', '<|endoftext|>', '<|endoftext|>', '<|endoftext|>'] [base]
  L21: ' Arabic.<|im_end|><|endoftext|><|endoftext|><|endoftext|><|endoftext|><|endoftext|>' = [' Arabic', '.', '<|im_end|>', '<|endoftext|>', '<|endoftext|>', '<|endoftext|>', '<|endoftext|>', '<|endoftext|>'] [base]
  L22: ' Arabic.<|im_end|><|endoftext|><|endoftext|><|endoftext|><|endoftext|><|endoftext|>' = [' Arabic', '.', '<|im_end|>', '<|endoftext|>', '<|endoftext|>', '<|endoftext|>', '<|endoftext|>', '<|endoftext|>'] [base]
  L23: ' Swahili, which is widely used' = [' Sw', 'ah', 'ili', ',', ' which', ' is', ' widely', ' used'] [other]
  L24: ' English, as it is one of the' = [' English', ',', ' as', ' it', ' is', ' one', ' of', ' the'] [HIT]
  L25: ' English, as it is one of the' = [' English', ',', ' as', ' it', ' is', ' one', ' of', ' the'] [HIT]
  L26: ' English, as it is one of the' = [' English', ',', ' as', ' it', ' is', ' one', ' of', ' the'] [HIT]
  L27: ' English, as it is one of the' = [' English', ',', ' as', ' it', ' is', ' one', ' of', ' the'] [HIT]
  L28: ' English, as it is one of the' = [' English', ',', ' as', ' it', ' is', ' one', ' of', ' the'] [HIT]

row 227: base=SE -> source=GH  template=language_prefill_v5
  question: 'What language is officially spoken in the country shown in this flag?'
  prefill : 'The official language is'
  gold base   (expected unhooked) : ' Swedish' = [' Swedish']
  gold source (expected if swap works): ' English' = [' English']
  unhooked: ' Swedish.<|im_end|><|endoftext|><|endoftext|><|endoftext|><|endoftext|><|endoftext|>' = [' Swedish', '.', '<|im_end|>', '<|endoftext|>', '<|endoftext|>', '<|endoftext|>', '<|endoftext|>', '<|endoftext|>']
  L19: ' Swedish.<|im_end|><|endoftext|><|endoftext|><|endoftext|><|endoftext|><|endoftext|>' = [' Swedish', '.', '<|im_end|>', '<|endoftext|>', '<|endoftext|>', '<|endoftext|>', '<|endoftext|>', '<|endoftext|>'] [base]
  L20: ' Swedish.<|im_end|><|endoftext|><|endoftext|><|endoftext|><|endoftext|><|endoftext|>' = [' Swedish', '.', '<|im_end|>', '<|endoftext|>', '<|endoftext|>', '<|endoftext|>', '<|endoftext|>', '<|endoftext|>'] [base]
  L21: ' Swedish.<|im_end|><|endoftext|><|endoftext|><|endoftext|><|endoftext|><|endoftext|>' = [' Swedish', '.', '<|im_end|>', '<|endoftext|>', '<|endoftext|>', '<|endoftext|>', '<|endoftext|>', '<|endoftext|>'] [base]
  L22: ' Swedish.<|im_end|><|endoftext|><|endoftext|><|endoftext|><|endoftext|><|endoftext|>' = [' Swedish', '.', '<|im_end|>', '<|endoftext|>', '<|endoftext|>', '<|endoftext|>', '<|endoftext|>', '<|endoftext|>'] [base]
  L23: ' English.<|im_end|><|endoftext|><|endoftext|><|endoftext|><|endoftext|><|endoftext|>' = [' English', '.', '<|im_end|>', '<|endoftext|>', '<|endoftext|>', '<|endoftext|>', '<|endoftext|>', '<|endoftext|>'] [HIT]
  L24: ' English.<|im_end|><|endoftext|><|endoftext|><|endoftext|><|endoftext|><|endoftext|>' = [' English', '.', '<|im_end|>', '<|endoftext|>', '<|endoftext|>', '<|endoftext|>', '<|endoftext|>', '<|endoftext|>'] [HIT]
  L25: ' English.<|im_end|><|endoftext|><|endoftext|><|endoftext|><|endoftext|><|endoftext|>' = [' English', '.', '<|im_end|>', '<|endoftext|>', '<|endoftext|>', '<|endoftext|>', '<|endoftext|>', '<|endoftext|>'] [HIT]
  L26: ' English.<|im_end|><|endoftext|><|endoftext|><|endoftext|><|endoftext|><|endoftext|>' = [' English', '.', '<|im_end|>', '<|endoftext|>', '<|endoftext|>', '<|endoftext|>', '<|endoftext|>', '<|endoftext|>'] [HIT]
  L27: ' English.<|im_end|><|endoftext|><|endoftext|><|endoftext|><|endoftext|><|endoftext|>' = [' English', '.', '<|im_end|>', '<|endoftext|>', '<|endoftext|>', '<|endoftext|>', '<|endoftext|>', '<|endoftext|>'] [HIT]
  L28: ' English.<|im_end|><|endoftext|><|endoftext|><|endoftext|><|endoftext|><|endoftext|>' = [' English', '.', '<|im_end|>', '<|endoftext|>', '<|endoftext|>', '<|endoftext|>', '<|endoftext|>', '<|endoftext|>'] [HIT]

row 228: base=PY -> source=GT  template=language_prefill_v4
  question: 'Identify one of the official languages of the country in this image.'
  prefill : 'One official language is'
  gold base   (expected unhooked) : ' Spanish' = [' Spanish']
  gold source (expected if swap works): ' Spanish' = [' Spanish']
  unhooked: ' Spanish.<|im_end|><|endoftext|><|endoftext|><|endoftext|><|endoftext|><|endoftext|>' = [' Spanish', '.', '<|im_end|>', '<|endoftext|>', '<|endoftext|>', '<|endoftext|>', '<|endoftext|>', '<|endoftext|>']
  L19: ' Spanish.<|im_end|><|endoftext|><|endoftext|><|endoftext|><|endoftext|><|endoftext|>' = [' Spanish', '.', '<|im_end|>', '<|endoftext|>', '<|endoftext|>', '<|endoftext|>', '<|endoftext|>', '<|endoftext|>'] [HIT]
  L20: ' Spanish.<|im_end|><|endoftext|><|endoftext|><|endoftext|><|endoftext|><|endoftext|>' = [' Spanish', '.', '<|im_end|>', '<|endoftext|>', '<|endoftext|>', '<|endoftext|>', '<|endoftext|>', '<|endoftext|>'] [HIT]
  L21: ' Spanish.<|im_end|><|endoftext|><|endoftext|><|endoftext|><|endoftext|><|endoftext|>' = [' Spanish', '.', '<|im_end|>', '<|endoftext|>', '<|endoftext|>', '<|endoftext|>', '<|endoftext|>', '<|endoftext|>'] [HIT]
  L22: ' Spanish.<|im_end|><|endoftext|><|endoftext|><|endoftext|><|endoftext|><|endoftext|>' = [' Spanish', '.', '<|im_end|>', '<|endoftext|>', '<|endoftext|>', '<|endoftext|>', '<|endoftext|>', '<|endoftext|>'] [HIT]
  L23: ' Spanish.<|im_end|><|endoftext|><|endoftext|><|endoftext|><|endoftext|><|endoftext|>' = [' Spanish', '.', '<|im_end|>', '<|endoftext|>', '<|endoftext|>', '<|endoftext|>', '<|endoftext|>', '<|endoftext|>'] [HIT]
  L24: ' Spanish.<|im_end|><|endoftext|><|endoftext|><|endoftext|><|endoftext|><|endoftext|>' = [' Spanish', '.', '<|im_end|>', '<|endoftext|>', '<|endoftext|>', '<|endoftext|>', '<|endoftext|>', '<|endoftext|>'] [HIT]
  L25: ' Spanish.<|im_end|><|endoftext|><|endoftext|><|endoftext|><|endoftext|><|endoftext|>' = [' Spanish', '.', '<|im_end|>', '<|endoftext|>', '<|endoftext|>', '<|endoftext|>', '<|endoftext|>', '<|endoftext|>'] [HIT]
  L26: ' Spanish.<|im_end|><|endoftext|><|endoftext|><|endoftext|><|endoftext|><|endoftext|>' = [' Spanish', '.', '<|im_end|>', '<|endoftext|>', '<|endoftext|>', '<|endoftext|>', '<|endoftext|>', '<|endoftext|>'] [HIT]
  L27: ' Spanish.<|im_end|><|endoftext|><|endoftext|><|endoftext|><|endoftext|><|endoftext|>' = [' Spanish', '.', '<|im_end|>', '<|endoftext|>', '<|endoftext|>', '<|endoftext|>', '<|endoftext|>', '<|endoftext|>'] [HIT]
  L28: ' Spanish.<|im_end|><|endoftext|><|endoftext|><|endoftext|><|endoftext|><|endoftext|>' = [' Spanish', '.', '<|im_end|>', '<|endoftext|>', '<|endoftext|>', '<|endoftext|>', '<|endoftext|>', '<|endoftext|>'] [HIT]

row 229: base=HN -> source=PT  template=language_prefill_v2
  question: 'What is the official language of the country shown in this flag?'
  prefill : 'The official language is'
  gold base   (expected unhooked) : ' Spanish' = [' Spanish']
  gold source (expected if swap works): ' Portuguese' = [' Portuguese']
  unhooked: ' Spanish.<|im_end|><|endoftext|><|endoftext|><|endoftext|><|endoftext|><|endoftext|>' = [' Spanish', '.', '<|im_end|>', '<|endoftext|>', '<|endoftext|>', '<|endoftext|>', '<|endoftext|>', '<|endoftext|>']
  L19: ' Spanish.<|im_end|><|endoftext|><|endoftext|><|endoftext|><|endoftext|><|endoftext|>' = [' Spanish', '.', '<|im_end|>', '<|endoftext|>', '<|endoftext|>', '<|endoftext|>', '<|endoftext|>', '<|endoftext|>'] [base]
  L20: ' Spanish.<|im_end|><|endoftext|><|endoftext|><|endoftext|><|endoftext|><|endoftext|>' = [' Spanish', '.', '<|im_end|>', '<|endoftext|>', '<|endoftext|>', '<|endoftext|>', '<|endoftext|>', '<|endoftext|>'] [base]
  L21: ' Spanish.<|im_end|><|endoftext|><|endoftext|><|endoftext|><|endoftext|><|endoftext|>' = [' Spanish', '.', '<|im_end|>', '<|endoftext|>', '<|endoftext|>', '<|endoftext|>', '<|endoftext|>', '<|endoftext|>'] [base]
  L22: ' Spanish.<|im_end|><|endoftext|><|endoftext|><|endoftext|><|endoftext|><|endoftext|>' = [' Spanish', '.', '<|im_end|>', '<|endoftext|>', '<|endoftext|>', '<|endoftext|>', '<|endoftext|>', '<|endoftext|>'] [base]
  L23: ' Portuguese.<|im_end|><|endoftext|><|endoftext|><|endoftext|><|endoftext|><|endoftext|>' = [' Portuguese', '.', '<|im_end|>', '<|endoftext|>', '<|endoftext|>', '<|endoftext|>', '<|endoftext|>', '<|endoftext|>'] [HIT]
  L24: ' Portuguese.<|im_end|><|endoftext|><|endoftext|><|endoftext|><|endoftext|><|endoftext|>' = [' Portuguese', '.', '<|im_end|>', '<|endoftext|>', '<|endoftext|>', '<|endoftext|>', '<|endoftext|>', '<|endoftext|>'] [HIT]
  L25: ' Portuguese.<|im_end|><|endoftext|><|endoftext|><|endoftext|><|endoftext|><|endoftext|>' = [' Portuguese', '.', '<|im_end|>', '<|endoftext|>', '<|endoftext|>', '<|endoftext|>', '<|endoftext|>', '<|endoftext|>'] [HIT]
  L26: ' Portuguese.<|im_end|><|endoftext|><|endoftext|><|endoftext|><|endoftext|><|endoftext|>' = [' Portuguese', '.', '<|im_end|>', '<|endoftext|>', '<|endoftext|>', '<|endoftext|>', '<|endoftext|>', '<|endoftext|>'] [HIT]
  L27: ' Portuguese.<|im_end|><|endoftext|><|endoftext|><|endoftext|><|endoftext|><|endoftext|>' = [' Portuguese', '.', '<|im_end|>', '<|endoftext|>', '<|endoftext|>', '<|endoftext|>', '<|endoftext|>', '<|endoftext|>'] [HIT]
  L28: ' Portuguese.<|im_end|><|endoftext|><|endoftext|><|endoftext|><|endoftext|><|endoftext|>' = [' Portuguese', '.', '<|im_end|>', '<|endoftext|>', '<|endoftext|>', '<|endoftext|>', '<|endoftext|>', '<|endoftext|>'] [HIT]

row 230: base=UA -> source=SA  template=language_prefill_v5
  question: 'What language is officially spoken in the country shown in this flag?'
  prefill : 'The official language is'
  gold base   (expected unhooked) : ' Ukrainian' = [' Ukrainian']
  gold source (expected if swap works): ' Arabic' = [' Arabic']
  unhooked: ' Ukrainian.<|im_end|><|endoftext|><|endoftext|><|endoftext|><|endoftext|><|endoftext|>' = [' Ukrainian', '.', '<|im_end|>', '<|endoftext|>', '<|endoftext|>', '<|endoftext|>', '<|endoftext|>', '<|endoftext|>']
  L19: ' Ukrainian.<|im_end|><|endoftext|><|endoftext|><|endoftext|><|endoftext|><|endoftext|>' = [' Ukrainian', '.', '<|im_end|>', '<|endoftext|>', '<|endoftext|>', '<|endoftext|>', '<|endoftext|>', '<|endoftext|>'] [base]
  L20: ' Ukrainian.<|im_end|><|endoftext|><|endoftext|><|endoftext|><|endoftext|><|endoftext|>' = [' Ukrainian', '.', '<|im_end|>', '<|endoftext|>', '<|endoftext|>', '<|endoftext|>', '<|endoftext|>', '<|endoftext|>'] [base]
  L21: ' Ukrainian.<|im_end|><|endoftext|><|endoftext|><|endoftext|><|endoftext|><|endoftext|>' = [' Ukrainian', '.', '<|im_end|>', '<|endoftext|>', '<|endoftext|>', '<|endoftext|>', '<|endoftext|>', '<|endoftext|>'] [base]
  L22: ' Ukrainian.<|im_end|><|endoftext|><|endoftext|><|endoftext|><|endoftext|><|endoftext|>' = [' Ukrainian', '.', '<|im_end|>', '<|endoftext|>', '<|endoftext|>', '<|endoftext|>', '<|endoftext|>', '<|endoftext|>'] [base]
  L23: ' Arabic.<|im_end|><|endoftext|><|endoftext|><|endoftext|><|endoftext|><|endoftext|>' = [' Arabic', '.', '<|im_end|>', '<|endoftext|>', '<|endoftext|>', '<|endoftext|>', '<|endoftext|>', '<|endoftext|>'] [HIT]
  L24: ' Arabic.<|im_end|><|endoftext|><|endoftext|><|endoftext|><|endoftext|><|endoftext|>' = [' Arabic', '.', '<|im_end|>', '<|endoftext|>', '<|endoftext|>', '<|endoftext|>', '<|endoftext|>', '<|endoftext|>'] [HIT]
  L25: ' Arabic.<|im_end|><|endoftext|><|endoftext|><|endoftext|><|endoftext|><|endoftext|>' = [' Arabic', '.', '<|im_end|>', '<|endoftext|>', '<|endoftext|>', '<|endoftext|>', '<|endoftext|>', '<|endoftext|>'] [HIT]
  L26: ' Arabic.<|im_end|><|endoftext|><|endoftext|><|endoftext|><|endoftext|><|endoftext|>' = [' Arabic', '.', '<|im_end|>', '<|endoftext|>', '<|endoftext|>', '<|endoftext|>', '<|endoftext|>', '<|endoftext|>'] [HIT]
  L27: ' Arabic.<|im_end|><|endoftext|><|endoftext|><|endoftext|><|endoftext|><|endoftext|>' = [' Arabic', '.', '<|im_end|>', '<|endoftext|>', '<|endoftext|>', '<|endoftext|>', '<|endoftext|>', '<|endoftext|>'] [HIT]
  L28: ' Arabic.<|im_end|><|endoftext|><|endoftext|><|endoftext|><|endoftext|><|endoftext|>' = [' Arabic', '.', '<|im_end|>', '<|endoftext|>', '<|endoftext|>', '<|endoftext|>', '<|endoftext|>', '<|endoftext|>'] [HIT]

row 231: base=IS -> source=CV  template=language_prefill_v5
  question: 'What language is officially spoken in the country shown in this flag?'
  prefill : 'The official language is'
  gold base   (expected unhooked) : ' Icelandic' = [' Icelandic']
  gold source (expected if swap works): ' Portuguese' = [' Portuguese']
  unhooked: ' Icelandic.<|im_end|><|endoftext|><|endoftext|><|endoftext|><|endoftext|><|endoftext|>' = [' Icelandic', '.', '<|im_end|>', '<|endoftext|>', '<|endoftext|>', '<|endoftext|>', '<|endoftext|>', '<|endoftext|>']
  L19: ' Icelandic.<|im_end|><|endoftext|><|endoftext|><|endoftext|><|endoftext|><|endoftext|>' = [' Icelandic', '.', '<|im_end|>', '<|endoftext|>', '<|endoftext|>', '<|endoftext|>', '<|endoftext|>', '<|endoftext|>'] [base]
  L20: ' Icelandic.<|im_end|><|endoftext|><|endoftext|><|endoftext|><|endoftext|><|endoftext|>' = [' Icelandic', '.', '<|im_end|>', '<|endoftext|>', '<|endoftext|>', '<|endoftext|>', '<|endoftext|>', '<|endoftext|>'] [base]
  L21: ' Icelandic.<|im_end|><|endoftext|><|endoftext|><|endoftext|><|endoftext|><|endoftext|>' = [' Icelandic', '.', '<|im_end|>', '<|endoftext|>', '<|endoftext|>', '<|endoftext|>', '<|endoftext|>', '<|endoftext|>'] [base]
  L22: ' Icelandic.<|im_end|><|endoftext|><|endoftext|><|endoftext|><|endoftext|><|endoftext|>' = [' Icelandic', '.', '<|im_end|>', '<|endoftext|>', '<|endoftext|>', '<|endoftext|>', '<|endoftext|>', '<|endoftext|>'] [base]
  L23: ' Portuguese.<|im_end|><|endoftext|><|endoftext|><|endoftext|><|endoftext|><|endoftext|>' = [' Portuguese', '.', '<|im_end|>', '<|endoftext|>', '<|endoftext|>', '<|endoftext|>', '<|endoftext|>', '<|endoftext|>'] [HIT]
  L24: ' Portuguese.<|im_end|><|endoftext|><|endoftext|><|endoftext|><|endoftext|><|endoftext|>' = [' Portuguese', '.', '<|im_end|>', '<|endoftext|>', '<|endoftext|>', '<|endoftext|>', '<|endoftext|>', '<|endoftext|>'] [HIT]
  L25: ' Portuguese.<|im_end|><|endoftext|><|endoftext|><|endoftext|><|endoftext|><|endoftext|>' = [' Portuguese', '.', '<|im_end|>', '<|endoftext|>', '<|endoftext|>', '<|endoftext|>', '<|endoftext|>', '<|endoftext|>'] [HIT]
  L26: ' Portuguese.<|im_end|><|endoftext|><|endoftext|><|endoftext|><|endoftext|><|endoftext|>' = [' Portuguese', '.', '<|im_end|>', '<|endoftext|>', '<|endoftext|>', '<|endoftext|>', '<|endoftext|>', '<|endoftext|>'] [HIT]
  L27: ' Portuguese.<|im_end|><|endoftext|><|endoftext|><|endoftext|><|endoftext|><|endoftext|>' = [' Portuguese', '.', '<|im_end|>', '<|endoftext|>', '<|endoftext|>', '<|endoftext|>', '<|endoftext|>', '<|endoftext|>'] [HIT]
  L28: ' Portuguese.<|im_end|><|endoftext|><|endoftext|><|endoftext|><|endoftext|><|endoftext|>' = [' Portuguese', '.', '<|im_end|>', '<|endoftext|>', '<|endoftext|>', '<|endoftext|>', '<|endoftext|>', '<|endoftext|>'] [HIT]

row 232: base=MA -> source=CV  template=language_prefill_v2
  question: 'What is the official language of the country shown in this flag?'
  prefill : 'The official language is'
  gold base   (expected unhooked) : ' Arabic' = [' Arabic']
  gold source (expected if swap works): ' Portuguese' = [' Portuguese']
  unhooked: ' Arabic.<|im_end|><|endoftext|><|endoftext|><|endoftext|><|endoftext|><|endoftext|>' = [' Arabic', '.', '<|im_end|>', '<|endoftext|>', '<|endoftext|>', '<|endoftext|>', '<|endoftext|>', '<|endoftext|>']
  L19: ' Arabic.<|im_end|><|endoftext|><|endoftext|><|endoftext|><|endoftext|><|endoftext|>' = [' Arabic', '.', '<|im_end|>', '<|endoftext|>', '<|endoftext|>', '<|endoftext|>', '<|endoftext|>', '<|endoftext|>'] [base]
  L20: ' Arabic.<|im_end|><|endoftext|><|endoftext|><|endoftext|><|endoftext|><|endoftext|>' = [' Arabic', '.', '<|im_end|>', '<|endoftext|>', '<|endoftext|>', '<|endoftext|>', '<|endoftext|>', '<|endoftext|>'] [base]
  L21: ' Arabic.<|im_end|><|endoftext|><|endoftext|><|endoftext|><|endoftext|><|endoftext|>' = [' Arabic', '.', '<|im_end|>', '<|endoftext|>', '<|endoftext|>', '<|endoftext|>', '<|endoftext|>', '<|endoftext|>'] [base]
  L22: ' Arabic.<|im_end|><|endoftext|><|endoftext|><|endoftext|><|endoftext|><|endoftext|>' = [' Arabic', '.', '<|im_end|>', '<|endoftext|>', '<|endoftext|>', '<|endoftext|>', '<|endoftext|>', '<|endoftext|>'] [base]
  L23: ' Portuguese.<|im_end|><|endoftext|><|endoftext|><|endoftext|><|endoftext|><|endoftext|>' = [' Portuguese', '.', '<|im_end|>', '<|endoftext|>', '<|endoftext|>', '<|endoftext|>', '<|endoftext|>', '<|endoftext|>'] [HIT]
  L24: ' Portuguese.<|im_end|><|endoftext|><|endoftext|><|endoftext|><|endoftext|><|endoftext|>' = [' Portuguese', '.', '<|im_end|>', '<|endoftext|>', '<|endoftext|>', '<|endoftext|>', '<|endoftext|>', '<|endoftext|>'] [HIT]
  L25: ' Portuguese.<|im_end|><|endoftext|><|endoftext|><|endoftext|><|endoftext|><|endoftext|>' = [' Portuguese', '.', '<|im_end|>', '<|endoftext|>', '<|endoftext|>', '<|endoftext|>', '<|endoftext|>', '<|endoftext|>'] [HIT]
  L26: ' Portuguese.<|im_end|><|endoftext|><|endoftext|><|endoftext|><|endoftext|><|endoftext|>' = [' Portuguese', '.', '<|im_end|>', '<|endoftext|>', '<|endoftext|>', '<|endoftext|>', '<|endoftext|>', '<|endoftext|>'] [HIT]
  L27: ' Portuguese.<|im_end|><|endoftext|><|endoftext|><|endoftext|><|endoftext|><|endoftext|>' = [' Portuguese', '.', '<|im_end|>', '<|endoftext|>', '<|endoftext|>', '<|endoftext|>', '<|endoftext|>', '<|endoftext|>'] [HIT]
  L28: ' Portuguese.<|im_end|><|endoftext|><|endoftext|><|endoftext|><|endoftext|><|endoftext|>' = [' Portuguese', '.', '<|im_end|>', '<|endoftext|>', '<|endoftext|>', '<|endoftext|>', '<|endoftext|>', '<|endoftext|>'] [HIT]

row 233: base=UG -> source=AO  template=language_prefill_v6
  question: 'Name a language used in the country depicted in this image.'
  prefill : 'A language spoken there is'
  gold base   (expected unhooked) : ' English' = [' English']
  gold source (expected if swap works): ' Portuguese' = [' Portuguese']
  unhooked: ' English, which is one of the official' = [' English', ',', ' which', ' is', ' one', ' of', ' the', ' official']
  L19: ' English, which is one of the official' = [' English', ',', ' which', ' is', ' one', ' of', ' the', ' official'] [base]
  L20: ' English, which is one of the official' = [' English', ',', ' which', ' is', ' one', ' of', ' the', ' official'] [base]
  L21: ' English, which is one of the official' = [' English', ',', ' which', ' is', ' one', ' of', ' the', ' official'] [base]
  L22: ' Swahili, which is widely used' = [' Sw', 'ah', 'ili', ',', ' which', ' is', ' widely', ' used'] [other]
  L23: ' Portuguese, as the flag depicted is that' = [' Portuguese', ',', ' as', ' the', ' flag', ' depicted', ' is', ' that'] [HIT]
  L24: ' Portuguese, as the flag depicted is that' = [' Portuguese', ',', ' as', ' the', ' flag', ' depicted', ' is', ' that'] [HIT]
  L25: ' Portuguese, as the flag depicted is that' = [' Portuguese', ',', ' as', ' the', ' flag', ' depicted', ' is', ' that'] [HIT]
  L26: ' Portuguese, as the flag depicted is that' = [' Portuguese', ',', ' as', ' the', ' flag', ' depicted', ' is', ' that'] [HIT]
  L27: ' Portuguese, as the flag depicted is that' = [' Portuguese', ',', ' as', ' the', ' flag', ' depicted', ' is', ' that'] [HIT]
  L28: ' Portuguese, as the flag depicted is that' = [' Portuguese', ',', ' as', ' the', ' flag', ' depicted', ' is', ' that'] [HIT]

row 234: base=GR -> source=IS  template=language_prefill_v4
  question: 'Identify one of the official languages of the country in this image.'
  prefill : 'One official language is'
  gold base   (expected unhooked) : ' Greek' = [' Greek']
  gold source (expected if swap works): ' Icelandic' = [' Icelandic']
  unhooked: ' Greek.<|im_end|><|endoftext|><|endoftext|><|endoftext|><|endoftext|><|endoftext|>' = [' Greek', '.', '<|im_end|>', '<|endoftext|>', '<|endoftext|>', '<|endoftext|>', '<|endoftext|>', '<|endoftext|>']
  L19: ' Greek.<|im_end|><|endoftext|><|endoftext|><|endoftext|><|endoftext|><|endoftext|>' = [' Greek', '.', '<|im_end|>', '<|endoftext|>', '<|endoftext|>', '<|endoftext|>', '<|endoftext|>', '<|endoftext|>'] [base]
  L20: ' Greek.<|im_end|><|endoftext|><|endoftext|><|endoftext|><|endoftext|><|endoftext|>' = [' Greek', '.', '<|im_end|>', '<|endoftext|>', '<|endoftext|>', '<|endoftext|>', '<|endoftext|>', '<|endoftext|>'] [base]
  L21: ' Greek.<|im_end|><|endoftext|><|endoftext|><|endoftext|><|endoftext|><|endoftext|>' = [' Greek', '.', '<|im_end|>', '<|endoftext|>', '<|endoftext|>', '<|endoftext|>', '<|endoftext|>', '<|endoftext|>'] [base]
  L22: ' Greek.<|im_end|><|endoftext|><|endoftext|><|endoftext|><|endoftext|><|endoftext|>' = [' Greek', '.', '<|im_end|>', '<|endoftext|>', '<|endoftext|>', '<|endoftext|>', '<|endoftext|>', '<|endoftext|>'] [base]
  L23: ' Greek.<|im_end|><|endoftext|><|endoftext|><|endoftext|><|endoftext|><|endoftext|>' = [' Greek', '.', '<|im_end|>', '<|endoftext|>', '<|endoftext|>', '<|endoftext|>', '<|endoftext|>', '<|endoftext|>'] [base]
  L24: ' Icelandic.<|im_end|><|endoftext|><|endoftext|><|endoftext|><|endoftext|><|endoftext|>' = [' Icelandic', '.', '<|im_end|>', '<|endoftext|>', '<|endoftext|>', '<|endoftext|>', '<|endoftext|>', '<|endoftext|>'] [HIT]
  L25: ' Icelandic.<|im_end|><|endoftext|><|endoftext|><|endoftext|><|endoftext|><|endoftext|>' = [' Icelandic', '.', '<|im_end|>', '<|endoftext|>', '<|endoftext|>', '<|endoftext|>', '<|endoftext|>', '<|endoftext|>'] [HIT]
  L26: ' Icelandic.<|im_end|><|endoftext|><|endoftext|><|endoftext|><|endoftext|><|endoftext|>' = [' Icelandic', '.', '<|im_end|>', '<|endoftext|>', '<|endoftext|>', '<|endoftext|>', '<|endoftext|>', '<|endoftext|>'] [HIT]
  L27: ' Icelandic.<|im_end|><|endoftext|><|endoftext|><|endoftext|><|endoftext|><|endoftext|>' = [' Icelandic', '.', '<|im_end|>', '<|endoftext|>', '<|endoftext|>', '<|endoftext|>', '<|endoftext|>', '<|endoftext|>'] [HIT]
  L28: ' Icelandic.<|im_end|><|endoftext|><|endoftext|><|endoftext|><|endoftext|><|endoftext|>' = [' Icelandic', '.', '<|im_end|>', '<|endoftext|>', '<|endoftext|>', '<|endoftext|>', '<|endoftext|>', '<|endoftext|>'] [HIT]

row 235: base=CV -> source=FI  template=language_prefill_v5
  question: 'What language is officially spoken in the country shown in this flag?'
  prefill : 'The official language is'
  gold base   (expected unhooked) : ' Portuguese' = [' Portuguese']
  gold source (expected if swap works): ' Finnish' = [' Finnish']
  unhooked: ' Portuguese. The flag in the image represents' = [' Portuguese', '.', ' The', ' flag', ' in', ' the', ' image', ' represents']
  L19: ' Portuguese. The flag in the image represents' = [' Portuguese', '.', ' The', ' flag', ' in', ' the', ' image', ' represents'] [base]
  L20: ' Portuguese. The flag in the image represents' = [' Portuguese', '.', ' The', ' flag', ' in', ' the', ' image', ' represents'] [base]
  L21: ' Portuguese. The flag in the image represents' = [' Portuguese', '.', ' The', ' flag', ' in', ' the', ' image', ' represents'] [base]
  L22: ' Portuguese. The flag in the image represents' = [' Portuguese', '.', ' The', ' flag', ' in', ' the', ' image', ' represents'] [base]
  L23: ' Finnish.<|im_end|><|endoftext|><|endoftext|><|endoftext|><|endoftext|><|endoftext|>' = [' Finnish', '.', '<|im_end|>', '<|endoftext|>', '<|endoftext|>', '<|endoftext|>', '<|endoftext|>', '<|endoftext|>'] [HIT]
  L24: ' Finnish.<|im_end|><|endoftext|><|endoftext|><|endoftext|><|endoftext|><|endoftext|>' = [' Finnish', '.', '<|im_end|>', '<|endoftext|>', '<|endoftext|>', '<|endoftext|>', '<|endoftext|>', '<|endoftext|>'] [HIT]
  L25: ' Finnish.<|im_end|><|endoftext|><|endoftext|><|endoftext|><|endoftext|><|endoftext|>' = [' Finnish', '.', '<|im_end|>', '<|endoftext|>', '<|endoftext|>', '<|endoftext|>', '<|endoftext|>', '<|endoftext|>'] [HIT]
  L26: ' Finnish.<|im_end|><|endoftext|><|endoftext|><|endoftext|><|endoftext|><|endoftext|>' = [' Finnish', '.', '<|im_end|>', '<|endoftext|>', '<|endoftext|>', '<|endoftext|>', '<|endoftext|>', '<|endoftext|>'] [HIT]
  L27: ' Finnish.<|im_end|><|endoftext|><|endoftext|><|endoftext|><|endoftext|><|endoftext|>' = [' Finnish', '.', '<|im_end|>', '<|endoftext|>', '<|endoftext|>', '<|endoftext|>', '<|endoftext|>', '<|endoftext|>'] [HIT]
  L28: ' Finnish.<|im_end|><|endoftext|><|endoftext|><|endoftext|><|endoftext|><|endoftext|>' = [' Finnish', '.', '<|im_end|>', '<|endoftext|>', '<|endoftext|>', '<|endoftext|>', '<|endoftext|>', '<|endoftext|>'] [HIT]

row 236: base=SE -> source=AO  template=language_prefill_v5
  question: 'What language is officially spoken in the country shown in this flag?'
  prefill : 'The official language is'
  gold base   (expected unhooked) : ' Swedish' = [' Swedish']
  gold source (expected if swap works): ' Portuguese' = [' Portuguese']
  unhooked: ' Swedish.<|im_end|><|endoftext|><|endoftext|><|endoftext|><|endoftext|><|endoftext|>' = [' Swedish', '.', '<|im_end|>', '<|endoftext|>', '<|endoftext|>', '<|endoftext|>', '<|endoftext|>', '<|endoftext|>']
  L19: ' Swedish.<|im_end|><|endoftext|><|endoftext|><|endoftext|><|endoftext|><|endoftext|>' = [' Swedish', '.', '<|im_end|>', '<|endoftext|>', '<|endoftext|>', '<|endoftext|>', '<|endoftext|>', '<|endoftext|>'] [base]
  L20: ' Swedish.<|im_end|><|endoftext|><|endoftext|><|endoftext|><|endoftext|><|endoftext|>' = [' Swedish', '.', '<|im_end|>', '<|endoftext|>', '<|endoftext|>', '<|endoftext|>', '<|endoftext|>', '<|endoftext|>'] [base]
  L21: ' Swedish.<|im_end|><|endoftext|><|endoftext|><|endoftext|><|endoftext|><|endoftext|>' = [' Swedish', '.', '<|im_end|>', '<|endoftext|>', '<|endoftext|>', '<|endoftext|>', '<|endoftext|>', '<|endoftext|>'] [base]
  L22: ' Swedish.<|im_end|><|endoftext|><|endoftext|><|endoftext|><|endoftext|><|endoftext|>' = [' Swedish', '.', '<|im_end|>', '<|endoftext|>', '<|endoftext|>', '<|endoftext|>', '<|endoftext|>', '<|endoftext|>'] [base]
  L23: ' Portuguese.<|im_end|><|endoftext|><|endoftext|><|endoftext|><|endoftext|><|endoftext|>' = [' Portuguese', '.', '<|im_end|>', '<|endoftext|>', '<|endoftext|>', '<|endoftext|>', '<|endoftext|>', '<|endoftext|>'] [HIT]
  L24: ' Portuguese.<|im_end|><|endoftext|><|endoftext|><|endoftext|><|endoftext|><|endoftext|>' = [' Portuguese', '.', '<|im_end|>', '<|endoftext|>', '<|endoftext|>', '<|endoftext|>', '<|endoftext|>', '<|endoftext|>'] [HIT]
  L25: ' Portuguese.<|im_end|><|endoftext|><|endoftext|><|endoftext|><|endoftext|><|endoftext|>' = [' Portuguese', '.', '<|im_end|>', '<|endoftext|>', '<|endoftext|>', '<|endoftext|>', '<|endoftext|>', '<|endoftext|>'] [HIT]
  L26: ' Portuguese.<|im_end|><|endoftext|><|endoftext|><|endoftext|><|endoftext|><|endoftext|>' = [' Portuguese', '.', '<|im_end|>', '<|endoftext|>', '<|endoftext|>', '<|endoftext|>', '<|endoftext|>', '<|endoftext|>'] [HIT]
  L27: ' Portuguese.<|im_end|><|endoftext|><|endoftext|><|endoftext|><|endoftext|><|endoftext|>' = [' Portuguese', '.', '<|im_end|>', '<|endoftext|>', '<|endoftext|>', '<|endoftext|>', '<|endoftext|>', '<|endoftext|>'] [HIT]
  L28: ' Portuguese.<|im_end|><|endoftext|><|endoftext|><|endoftext|><|endoftext|><|endoftext|>' = [' Portuguese', '.', '<|im_end|>', '<|endoftext|>', '<|endoftext|>', '<|endoftext|>', '<|endoftext|>', '<|endoftext|>'] [HIT]

row 237: base=AO -> source=IN  template=language_prefill_v5
  question: 'What language is officially spoken in the country shown in this flag?'
  prefill : 'The official language is'
  gold base   (expected unhooked) : ' Portuguese' = [' Portuguese']
  gold source (expected if swap works): ' Hindi' = [' Hindi']
  unhooked: ' Portuguese.<|im_end|><|endoftext|><|endoftext|><|endoftext|><|endoftext|><|endoftext|>' = [' Portuguese', '.', '<|im_end|>', '<|endoftext|>', '<|endoftext|>', '<|endoftext|>', '<|endoftext|>', '<|endoftext|>']
  L19: ' Portuguese.<|im_end|><|endoftext|><|endoftext|><|endoftext|><|endoftext|><|endoftext|>' = [' Portuguese', '.', '<|im_end|>', '<|endoftext|>', '<|endoftext|>', '<|endoftext|>', '<|endoftext|>', '<|endoftext|>'] [base]
  L20: ' Portuguese.<|im_end|><|endoftext|><|endoftext|><|endoftext|><|endoftext|><|endoftext|>' = [' Portuguese', '.', '<|im_end|>', '<|endoftext|>', '<|endoftext|>', '<|endoftext|>', '<|endoftext|>', '<|endoftext|>'] [base]
  L21: ' Portuguese.<|im_end|><|endoftext|><|endoftext|><|endoftext|><|endoftext|><|endoftext|>' = [' Portuguese', '.', '<|im_end|>', '<|endoftext|>', '<|endoftext|>', '<|endoftext|>', '<|endoftext|>', '<|endoftext|>'] [base]
  L22: ' Portuguese.<|im_end|><|endoftext|><|endoftext|><|endoftext|><|endoftext|><|endoftext|>' = [' Portuguese', '.', '<|im_end|>', '<|endoftext|>', '<|endoftext|>', '<|endoftext|>', '<|endoftext|>', '<|endoftext|>'] [base]
  L23: ' Hindi.<|im_end|><|endoftext|><|endoftext|><|endoftext|><|endoftext|><|endoftext|>' = [' Hindi', '.', '<|im_end|>', '<|endoftext|>', '<|endoftext|>', '<|endoftext|>', '<|endoftext|>', '<|endoftext|>'] [HIT]
  L24: ' Hindi.<|im_end|><|endoftext|><|endoftext|><|endoftext|><|endoftext|><|endoftext|>' = [' Hindi', '.', '<|im_end|>', '<|endoftext|>', '<|endoftext|>', '<|endoftext|>', '<|endoftext|>', '<|endoftext|>'] [HIT]
  L25: ' Hindi.<|im_end|><|endoftext|><|endoftext|><|endoftext|><|endoftext|><|endoftext|>' = [' Hindi', '.', '<|im_end|>', '<|endoftext|>', '<|endoftext|>', '<|endoftext|>', '<|endoftext|>', '<|endoftext|>'] [HIT]
  L26: ' Hindi.<|im_end|><|endoftext|><|endoftext|><|endoftext|><|endoftext|><|endoftext|>' = [' Hindi', '.', '<|im_end|>', '<|endoftext|>', '<|endoftext|>', '<|endoftext|>', '<|endoftext|>', '<|endoftext|>'] [HIT]
  L27: ' Hindi.<|im_end|><|endoftext|><|endoftext|><|endoftext|><|endoftext|><|endoftext|>' = [' Hindi', '.', '<|im_end|>', '<|endoftext|>', '<|endoftext|>', '<|endoftext|>', '<|endoftext|>', '<|endoftext|>'] [HIT]
  L28: ' Hindi.<|im_end|><|endoftext|><|endoftext|><|endoftext|><|endoftext|><|endoftext|>' = [' Hindi', '.', '<|im_end|>', '<|endoftext|>', '<|endoftext|>', '<|endoftext|>', '<|endoftext|>', '<|endoftext|>'] [HIT]

row 238: base=MX -> source=SA  template=language_prefill_v2
  question: 'What is the official language of the country shown in this flag?'
  prefill : 'The official language is'
  gold base   (expected unhooked) : ' Spanish' = [' Spanish']
  gold source (expected if swap works): ' Arabic' = [' Arabic']
  unhooked: ' Spanish.<|im_end|><|endoftext|><|endoftext|><|endoftext|><|endoftext|><|endoftext|>' = [' Spanish', '.', '<|im_end|>', '<|endoftext|>', '<|endoftext|>', '<|endoftext|>', '<|endoftext|>', '<|endoftext|>']
  L19: ' Spanish.<|im_end|><|endoftext|><|endoftext|><|endoftext|><|endoftext|><|endoftext|>' = [' Spanish', '.', '<|im_end|>', '<|endoftext|>', '<|endoftext|>', '<|endoftext|>', '<|endoftext|>', '<|endoftext|>'] [base]
  L20: ' Spanish.<|im_end|><|endoftext|><|endoftext|><|endoftext|><|endoftext|><|endoftext|>' = [' Spanish', '.', '<|im_end|>', '<|endoftext|>', '<|endoftext|>', '<|endoftext|>', '<|endoftext|>', '<|endoftext|>'] [base]
  L21: ' Spanish.<|im_end|><|endoftext|><|endoftext|><|endoftext|><|endoftext|><|endoftext|>' = [' Spanish', '.', '<|im_end|>', '<|endoftext|>', '<|endoftext|>', '<|endoftext|>', '<|endoftext|>', '<|endoftext|>'] [base]
  L22: ' Spanish.<|im_end|><|endoftext|><|endoftext|><|endoftext|><|endoftext|><|endoftext|>' = [' Spanish', '.', '<|im_end|>', '<|endoftext|>', '<|endoftext|>', '<|endoftext|>', '<|endoftext|>', '<|endoftext|>'] [base]
  L23: ' Arabic.<|im_end|><|endoftext|><|endoftext|><|endoftext|><|endoftext|><|endoftext|>' = [' Arabic', '.', '<|im_end|>', '<|endoftext|>', '<|endoftext|>', '<|endoftext|>', '<|endoftext|>', '<|endoftext|>'] [HIT]
  L24: ' Arabic.<|im_end|><|endoftext|><|endoftext|><|endoftext|><|endoftext|><|endoftext|>' = [' Arabic', '.', '<|im_end|>', '<|endoftext|>', '<|endoftext|>', '<|endoftext|>', '<|endoftext|>', '<|endoftext|>'] [HIT]
  L25: ' Arabic.<|im_end|><|endoftext|><|endoftext|><|endoftext|><|endoftext|><|endoftext|>' = [' Arabic', '.', '<|im_end|>', '<|endoftext|>', '<|endoftext|>', '<|endoftext|>', '<|endoftext|>', '<|endoftext|>'] [HIT]
  L26: ' Arabic.<|im_end|><|endoftext|><|endoftext|><|endoftext|><|endoftext|><|endoftext|>' = [' Arabic', '.', '<|im_end|>', '<|endoftext|>', '<|endoftext|>', '<|endoftext|>', '<|endoftext|>', '<|endoftext|>'] [HIT]
  L27: ' Arabic.<|im_end|><|endoftext|><|endoftext|><|endoftext|><|endoftext|><|endoftext|>' = [' Arabic', '.', '<|im_end|>', '<|endoftext|>', '<|endoftext|>', '<|endoftext|>', '<|endoftext|>', '<|endoftext|>'] [HIT]
  L28: ' Arabic.<|im_end|><|endoftext|><|endoftext|><|endoftext|><|endoftext|><|endoftext|>' = [' Arabic', '.', '<|im_end|>', '<|endoftext|>', '<|endoftext|>', '<|endoftext|>', '<|endoftext|>', '<|endoftext|>'] [HIT]

row 239: base=BY -> source=MU  template=language_prefill_v2
  question: 'What is the official language of the country shown in this flag?'
  prefill : 'The official language is'
  gold base   (expected unhooked) : ' Belarusian' = [' Belarus', 'ian']
  gold source (expected if swap works): ' French' = [' French']
  unhooked: ' Belarusian.<|im_end|><|endoftext|><|endoftext|><|endoftext|><|endoftext|>' = [' Belarus', 'ian', '.', '<|im_end|>', '<|endoftext|>', '<|endoftext|>', '<|endoftext|>', '<|endoftext|>']
  L19: ' Belarusian.<|im_end|><|endoftext|><|endoftext|><|endoftext|><|endoftext|>' = [' Belarus', 'ian', '.', '<|im_end|>', '<|endoftext|>', '<|endoftext|>', '<|endoftext|>', '<|endoftext|>'] [base]
  L20: ' Belarusian.<|im_end|><|endoftext|><|endoftext|><|endoftext|><|endoftext|>' = [' Belarus', 'ian', '.', '<|im_end|>', '<|endoftext|>', '<|endoftext|>', '<|endoftext|>', '<|endoftext|>'] [base]
  L21: ' Belarusian.<|im_end|><|endoftext|><|endoftext|><|endoftext|><|endoftext|>' = [' Belarus', 'ian', '.', '<|im_end|>', '<|endoftext|>', '<|endoftext|>', '<|endoftext|>', '<|endoftext|>'] [base]
  L22: ' Belarusian.<|im_end|><|endoftext|><|endoftext|><|endoftext|><|endoftext|>' = [' Belarus', 'ian', '.', '<|im_end|>', '<|endoftext|>', '<|endoftext|>', '<|endoftext|>', '<|endoftext|>'] [base]
  L23: ' French.<|im_end|><|endoftext|><|endoftext|><|endoftext|><|endoftext|><|endoftext|>' = [' French', '.', '<|im_end|>', '<|endoftext|>', '<|endoftext|>', '<|endoftext|>', '<|endoftext|>', '<|endoftext|>'] [HIT]
  L24: ' French.<|im_end|><|endoftext|><|endoftext|><|endoftext|><|endoftext|><|endoftext|>' = [' French', '.', '<|im_end|>', '<|endoftext|>', '<|endoftext|>', '<|endoftext|>', '<|endoftext|>', '<|endoftext|>'] [HIT]
  L25: ' French.<|im_end|><|endoftext|><|endoftext|><|endoftext|><|endoftext|><|endoftext|>' = [' French', '.', '<|im_end|>', '<|endoftext|>', '<|endoftext|>', '<|endoftext|>', '<|endoftext|>', '<|endoftext|>'] [HIT]
  L26: ' French.<|im_end|><|endoftext|><|endoftext|><|endoftext|><|endoftext|><|endoftext|>' = [' French', '.', '<|im_end|>', '<|endoftext|>', '<|endoftext|>', '<|endoftext|>', '<|endoftext|>', '<|endoftext|>'] [HIT]
  L27: ' French.<|im_end|><|endoftext|><|endoftext|><|endoftext|><|endoftext|><|endoftext|>' = [' French', '.', '<|im_end|>', '<|endoftext|>', '<|endoftext|>', '<|endoftext|>', '<|endoftext|>', '<|endoftext|>'] [HIT]
  L28: ' French.<|im_end|><|endoftext|><|endoftext|><|endoftext|><|endoftext|><|endoftext|>' = [' French', '.', '<|im_end|>', '<|endoftext|>', '<|endoftext|>', '<|endoftext|>', '<|endoftext|>', '<|endoftext|>'] [HIT]

row 240: base=IN -> source=IS  template=language_prefill_v2
  question: 'What is the official language of the country shown in this flag?'
  prefill : 'The official language is'
  gold base   (expected unhooked) : ' Hindi' = [' Hindi']
  gold source (expected if swap works): ' Icelandic' = [' Icelandic']
  unhooked: ' Hindi, with English being the second official' = [' Hindi', ',', ' with', ' English', ' being', ' the', ' second', ' official']
  L19: ' Hindi.<|im_end|><|endoftext|><|endoftext|><|endoftext|><|endoftext|><|endoftext|>' = [' Hindi', '.', '<|im_end|>', '<|endoftext|>', '<|endoftext|>', '<|endoftext|>', '<|endoftext|>', '<|endoftext|>'] [base]
  L20: ' Hindi.<|im_end|><|endoftext|><|endoftext|><|endoftext|><|endoftext|><|endoftext|>' = [' Hindi', '.', '<|im_end|>', '<|endoftext|>', '<|endoftext|>', '<|endoftext|>', '<|endoftext|>', '<|endoftext|>'] [base]
  L21: ' Hindi.<|im_end|><|endoftext|><|endoftext|><|endoftext|><|endoftext|><|endoftext|>' = [' Hindi', '.', '<|im_end|>', '<|endoftext|>', '<|endoftext|>', '<|endoftext|>', '<|endoftext|>', '<|endoftext|>'] [base]
  L22: ' Hindi.<|im_end|><|endoftext|><|endoftext|><|endoftext|><|endoftext|><|endoftext|>' = [' Hindi', '.', '<|im_end|>', '<|endoftext|>', '<|endoftext|>', '<|endoftext|>', '<|endoftext|>', '<|endoftext|>'] [base]
  L23: ' Icelandic.<|im_end|><|endoftext|><|endoftext|><|endoftext|><|endoftext|><|endoftext|>' = [' Icelandic', '.', '<|im_end|>', '<|endoftext|>', '<|endoftext|>', '<|endoftext|>', '<|endoftext|>', '<|endoftext|>'] [HIT]
  L24: ' Icelandic.<|im_end|><|endoftext|>' = [' Icelandic', '.', '<|im_end|>', '<|endoftext|>'] [HIT]
  L25: ' Icelandic.<|im_end|><|endoftext|>' = [' Icelandic', '.', '<|im_end|>', '<|endoftext|>'] [HIT]
  L26: ' Icelandic.<|im_end|><|endoftext|>' = [' Icelandic', '.', '<|im_end|>', '<|endoftext|>'] [HIT]
  L27: ' Icelandic.<|im_end|><|endoftext|>' = [' Icelandic', '.', '<|im_end|>', '<|endoftext|>'] [HIT]
  L28: ' Icelandic.<|im_end|><|endoftext|>' = [' Icelandic', '.', '<|im_end|>', '<|endoftext|>'] [HIT]

row 241: base=AR -> source=IS  template=language_prefill_v4
  question: 'Identify one of the official languages of the country in this image.'
  prefill : 'One official language is'
  gold base   (expected unhooked) : ' Guaraní' = [' Gu', 'aran', 'í']
  gold source (expected if swap works): ' Icelandic' = [' Icelandic']
  unhooked: ' Spanish.<|im_end|><|endoftext|><|endoftext|><|endoftext|><|endoftext|><|endoftext|>' = [' Spanish', '.', '<|im_end|>', '<|endoftext|>', '<|endoftext|>', '<|endoftext|>', '<|endoftext|>', '<|endoftext|>']
  L19: ' Spanish.<|im_end|><|endoftext|><|endoftext|><|endoftext|><|endoftext|><|endoftext|>' = [' Spanish', '.', '<|im_end|>', '<|endoftext|>', '<|endoftext|>', '<|endoftext|>', '<|endoftext|>', '<|endoftext|>'] [other]
  L20: ' Spanish.<|im_end|><|endoftext|><|endoftext|><|endoftext|><|endoftext|><|endoftext|>' = [' Spanish', '.', '<|im_end|>', '<|endoftext|>', '<|endoftext|>', '<|endoftext|>', '<|endoftext|>', '<|endoftext|>'] [other]
  L21: ' Spanish.<|im_end|><|endoftext|><|endoftext|><|endoftext|><|endoftext|><|endoftext|>' = [' Spanish', '.', '<|im_end|>', '<|endoftext|>', '<|endoftext|>', '<|endoftext|>', '<|endoftext|>', '<|endoftext|>'] [other]
  L22: ' Spanish.<|im_end|><|endoftext|><|endoftext|><|endoftext|><|endoftext|><|endoftext|>' = [' Spanish', '.', '<|im_end|>', '<|endoftext|>', '<|endoftext|>', '<|endoftext|>', '<|endoftext|>', '<|endoftext|>'] [other]
  L23: ' **Spanish**.<|im_end|><|endoftext|><|endoftext|><|endoftext|>' = [' **', 'Spanish', '**', '.', '<|im_end|>', '<|endoftext|>', '<|endoftext|>', '<|endoftext|>'] [other]
  L24: ' Icelandic.<|im_end|><|endoftext|>' = [' Icelandic', '.', '<|im_end|>', '<|endoftext|>'] [HIT]
  L25: ' Icelandic.<|im_end|><|endoftext|>' = [' Icelandic', '.', '<|im_end|>', '<|endoftext|>'] [HIT]
  L26: ' Icelandic.<|im_end|><|endoftext|>' = [' Icelandic', '.', '<|im_end|>', '<|endoftext|>'] [HIT]
  L27: ' Icelandic.<|im_end|><|endoftext|>' = [' Icelandic', '.', '<|im_end|>', '<|endoftext|>'] [HIT]
  L28: ' Icelandic.<|im_end|><|endoftext|>' = [' Icelandic', '.', '<|im_end|>', '<|endoftext|>'] [HIT]

row 242: base=VN -> source=HN  template=language_prefill_v5
  question: 'What language is officially spoken in the country shown in this flag?'
  prefill : 'The official language is'
  gold base   (expected unhooked) : ' Vietnamese' = [' Vietnamese']
  gold source (expected if swap works): ' Spanish' = [' Spanish']
  unhooked: ' Vietnamese.<|im_end|><|endoftext|><|endoftext|><|endoftext|><|endoftext|><|endoftext|>' = [' Vietnamese', '.', '<|im_end|>', '<|endoftext|>', '<|endoftext|>', '<|endoftext|>', '<|endoftext|>', '<|endoftext|>']
  L19: ' Vietnamese.<|im_end|><|endoftext|><|endoftext|><|endoftext|><|endoftext|><|endoftext|>' = [' Vietnamese', '.', '<|im_end|>', '<|endoftext|>', '<|endoftext|>', '<|endoftext|>', '<|endoftext|>', '<|endoftext|>'] [base]
  L20: ' Vietnamese.<|im_end|><|endoftext|><|endoftext|><|endoftext|><|endoftext|><|endoftext|>' = [' Vietnamese', '.', '<|im_end|>', '<|endoftext|>', '<|endoftext|>', '<|endoftext|>', '<|endoftext|>', '<|endoftext|>'] [base]
  L21: ' Vietnamese.<|im_end|><|endoftext|><|endoftext|><|endoftext|><|endoftext|><|endoftext|>' = [' Vietnamese', '.', '<|im_end|>', '<|endoftext|>', '<|endoftext|>', '<|endoftext|>', '<|endoftext|>', '<|endoftext|>'] [base]
  L22: ' Vietnamese.<|im_end|><|endoftext|><|endoftext|><|endoftext|><|endoftext|><|endoftext|>' = [' Vietnamese', '.', '<|im_end|>', '<|endoftext|>', '<|endoftext|>', '<|endoftext|>', '<|endoftext|>', '<|endoftext|>'] [base]
  L23: ' Spanish.<|im_end|><|endoftext|><|endoftext|><|endoftext|><|endoftext|><|endoftext|>' = [' Spanish', '.', '<|im_end|>', '<|endoftext|>', '<|endoftext|>', '<|endoftext|>', '<|endoftext|>', '<|endoftext|>'] [HIT]
  L24: ' Spanish.<|im_end|><|endoftext|>' = [' Spanish', '.', '<|im_end|>', '<|endoftext|>'] [HIT]
  L25: ' Spanish.<|im_end|><|endoftext|>' = [' Spanish', '.', '<|im_end|>', '<|endoftext|>'] [HIT]
  L26: ' Spanish.<|im_end|><|endoftext|>' = [' Spanish', '.', '<|im_end|>', '<|endoftext|>'] [HIT]
  L27: ' Spanish.<|im_end|><|endoftext|>' = [' Spanish', '.', '<|im_end|>', '<|endoftext|>'] [HIT]
  L28: ' Spanish.<|im_end|><|endoftext|>' = [' Spanish', '.', '<|im_end|>', '<|endoftext|>'] [HIT]

row 243: base=GT -> source=MA  template=language_prefill_v1
  question: 'Name an official language of the country in this image.'
  prefill : 'One official language is'
  gold base   (expected unhooked) : ' Spanish' = [' Spanish']
  gold source (expected if swap works): ' Arabic' = [' Arabic']
  unhooked: ' Spanish.<|im_end|><|endoftext|><|endoftext|><|endoftext|><|endoftext|><|endoftext|>' = [' Spanish', '.', '<|im_end|>', '<|endoftext|>', '<|endoftext|>', '<|endoftext|>', '<|endoftext|>', '<|endoftext|>']
  L19: ' Spanish.<|im_end|><|endoftext|><|endoftext|><|endoftext|><|endoftext|><|endoftext|>' = [' Spanish', '.', '<|im_end|>', '<|endoftext|>', '<|endoftext|>', '<|endoftext|>', '<|endoftext|>', '<|endoftext|>'] [base]
  L20: ' Spanish.<|im_end|><|endoftext|><|endoftext|><|endoftext|><|endoftext|><|endoftext|>' = [' Spanish', '.', '<|im_end|>', '<|endoftext|>', '<|endoftext|>', '<|endoftext|>', '<|endoftext|>', '<|endoftext|>'] [base]
  L21: ' Spanish.<|im_end|><|endoftext|><|endoftext|><|endoftext|><|endoftext|><|endoftext|>' = [' Spanish', '.', '<|im_end|>', '<|endoftext|>', '<|endoftext|>', '<|endoftext|>', '<|endoftext|>', '<|endoftext|>'] [base]
  L22: ' Spanish.<|im_end|><|endoftext|><|endoftext|><|endoftext|><|endoftext|><|endoftext|>' = [' Spanish', '.', '<|im_end|>', '<|endoftext|>', '<|endoftext|>', '<|endoftext|>', '<|endoftext|>', '<|endoftext|>'] [base]
  L23: ' Spanish.<|im_end|><|endoftext|><|endoftext|><|endoftext|><|endoftext|><|endoftext|>' = [' Spanish', '.', '<|im_end|>', '<|endoftext|>', '<|endoftext|>', '<|endoftext|>', '<|endoftext|>', '<|endoftext|>'] [base]
  L24: ' Arabic.<|im_end|><|endoftext|>' = [' Arabic', '.', '<|im_end|>', '<|endoftext|>'] [HIT]
  L25: ' Arabic.<|im_end|><|endoftext|>' = [' Arabic', '.', '<|im_end|>', '<|endoftext|>'] [HIT]
  L26: ' Arabic.<|im_end|><|endoftext|>' = [' Arabic', '.', '<|im_end|>', '<|endoftext|>'] [HIT]
  L27: ' Arabic.<|im_end|><|endoftext|>' = [' Arabic', '.', '<|im_end|>', '<|endoftext|>'] [HIT]
  L28: ' Arabic.<|im_end|><|endoftext|>' = [' Arabic', '.', '<|im_end|>', '<|endoftext|>'] [HIT]

row 244: base=CM -> source=MA  template=language_prefill_v1
  question: 'Name an official language of the country in this image.'
  prefill : 'One official language is'
  gold base   (expected unhooked) : ' French' = [' French']
  gold source (expected if swap works): ' Arabic' = [' Arabic']
  unhooked: ' French.<|im_end|><|endoftext|><|endoftext|><|endoftext|><|endoftext|><|endoftext|>' = [' French', '.', '<|im_end|>', '<|endoftext|>', '<|endoftext|>', '<|endoftext|>', '<|endoftext|>', '<|endoftext|>']
  L19: ' French.<|im_end|><|endoftext|><|endoftext|><|endoftext|><|endoftext|><|endoftext|>' = [' French', '.', '<|im_end|>', '<|endoftext|>', '<|endoftext|>', '<|endoftext|>', '<|endoftext|>', '<|endoftext|>'] [base]
  L20: ' French.<|im_end|><|endoftext|><|endoftext|><|endoftext|><|endoftext|><|endoftext|>' = [' French', '.', '<|im_end|>', '<|endoftext|>', '<|endoftext|>', '<|endoftext|>', '<|endoftext|>', '<|endoftext|>'] [base]
  L21: ' French.<|im_end|><|endoftext|><|endoftext|><|endoftext|><|endoftext|><|endoftext|>' = [' French', '.', '<|im_end|>', '<|endoftext|>', '<|endoftext|>', '<|endoftext|>', '<|endoftext|>', '<|endoftext|>'] [base]
  L22: ' French.<|im_end|><|endoftext|><|endoftext|><|endoftext|><|endoftext|><|endoftext|>' = [' French', '.', '<|im_end|>', '<|endoftext|>', '<|endoftext|>', '<|endoftext|>', '<|endoftext|>', '<|endoftext|>'] [base]
  L23: ' French.<|im_end|><|endoftext|><|endoftext|><|endoftext|><|endoftext|><|endoftext|>' = [' French', '.', '<|im_end|>', '<|endoftext|>', '<|endoftext|>', '<|endoftext|>', '<|endoftext|>', '<|endoftext|>'] [base]
  L24: ' Arabic.<|im_end|><|endoftext|>' = [' Arabic', '.', '<|im_end|>', '<|endoftext|>'] [HIT]
  L25: ' Arabic.<|im_end|><|endoftext|>' = [' Arabic', '.', '<|im_end|>', '<|endoftext|>'] [HIT]
  L26: ' Arabic.<|im_end|><|endoftext|>' = [' Arabic', '.', '<|im_end|>', '<|endoftext|>'] [HIT]
  L27: ' Arabic.<|im_end|><|endoftext|>' = [' Arabic', '.', '<|im_end|>', '<|endoftext|>'] [HIT]
  L28: ' Arabic.<|im_end|><|endoftext|>' = [' Arabic', '.', '<|im_end|>', '<|endoftext|>'] [HIT]

row 245: base=GR -> source=CL  template=language_prefill_v6
  question: 'Name a language used in the country depicted in this image.'
  prefill : 'A language spoken there is'
  gold base   (expected unhooked) : ' Greek' = [' Greek']
  gold source (expected if swap works): ' Spanish' = [' Spanish']
  unhooked: ' Greek.<|im_end|><|endoftext|><|endoftext|><|endoftext|><|endoftext|><|endoftext|>' = [' Greek', '.', '<|im_end|>', '<|endoftext|>', '<|endoftext|>', '<|endoftext|>', '<|endoftext|>', '<|endoftext|>']
  L19: ' Greek.<|im_end|><|endoftext|><|endoftext|><|endoftext|><|endoftext|><|endoftext|>' = [' Greek', '.', '<|im_end|>', '<|endoftext|>', '<|endoftext|>', '<|endoftext|>', '<|endoftext|>', '<|endoftext|>'] [base]
  L20: ' Greek.<|im_end|><|endoftext|><|endoftext|><|endoftext|><|endoftext|><|endoftext|>' = [' Greek', '.', '<|im_end|>', '<|endoftext|>', '<|endoftext|>', '<|endoftext|>', '<|endoftext|>', '<|endoftext|>'] [base]
  L21: ' Greek.<|im_end|><|endoftext|><|endoftext|><|endoftext|><|endoftext|><|endoftext|>' = [' Greek', '.', '<|im_end|>', '<|endoftext|>', '<|endoftext|>', '<|endoftext|>', '<|endoftext|>', '<|endoftext|>'] [base]
  L22: ' Greek.<|im_end|><|endoftext|><|endoftext|><|endoftext|><|endoftext|><|endoftext|>' = [' Greek', '.', '<|im_end|>', '<|endoftext|>', '<|endoftext|>', '<|endoftext|>', '<|endoftext|>', '<|endoftext|>'] [base]
  L23: ' Greek.<|im_end|><|endoftext|><|endoftext|><|endoftext|><|endoftext|><|endoftext|>' = [' Greek', '.', '<|im_end|>', '<|endoftext|>', '<|endoftext|>', '<|endoftext|>', '<|endoftext|>', '<|endoftext|>'] [base]
  L24: ' Spanish.<|im_end|><|endoftext|>' = [' Spanish', '.', '<|im_end|>', '<|endoftext|>'] [HIT]
  L25: ' Spanish.<|im_end|><|endoftext|>' = [' Spanish', '.', '<|im_end|>', '<|endoftext|>'] [HIT]
  L26: ' Spanish.<|im_end|><|endoftext|>' = [' Spanish', '.', '<|im_end|>', '<|endoftext|>'] [HIT]
  L27: ' Spanish.<|im_end|><|endoftext|>' = [' Spanish', '.', '<|im_end|>', '<|endoftext|>'] [HIT]
  L28: ' Spanish.<|im_end|><|endoftext|>' = [' Spanish', '.', '<|im_end|>', '<|endoftext|>'] [HIT]

row 246: base=PT -> source=MA  template=language_prefill_v2
  question: 'What is the official language of the country shown in this flag?'
  prefill : 'The official language is'
  gold base   (expected unhooked) : ' Portuguese' = [' Portuguese']
  gold source (expected if swap works): ' Arabic' = [' Arabic']
  unhooked: ' Portuguese.<|im_end|><|endoftext|><|endoftext|><|endoftext|><|endoftext|><|endoftext|>' = [' Portuguese', '.', '<|im_end|>', '<|endoftext|>', '<|endoftext|>', '<|endoftext|>', '<|endoftext|>', '<|endoftext|>']
  L19: ' Portuguese.<|im_end|><|endoftext|><|endoftext|><|endoftext|><|endoftext|><|endoftext|>' = [' Portuguese', '.', '<|im_end|>', '<|endoftext|>', '<|endoftext|>', '<|endoftext|>', '<|endoftext|>', '<|endoftext|>'] [base]
  L20: ' Portuguese.<|im_end|><|endoftext|><|endoftext|><|endoftext|><|endoftext|><|endoftext|>' = [' Portuguese', '.', '<|im_end|>', '<|endoftext|>', '<|endoftext|>', '<|endoftext|>', '<|endoftext|>', '<|endoftext|>'] [base]
  L21: ' Portuguese.<|im_end|><|endoftext|><|endoftext|><|endoftext|><|endoftext|><|endoftext|>' = [' Portuguese', '.', '<|im_end|>', '<|endoftext|>', '<|endoftext|>', '<|endoftext|>', '<|endoftext|>', '<|endoftext|>'] [base]
  L22: ' Portuguese.<|im_end|><|endoftext|><|endoftext|><|endoftext|><|endoftext|><|endoftext|>' = [' Portuguese', '.', '<|im_end|>', '<|endoftext|>', '<|endoftext|>', '<|endoftext|>', '<|endoftext|>', '<|endoftext|>'] [base]
  L23: ' Portuguese.<|im_end|><|endoftext|><|endoftext|><|endoftext|><|endoftext|><|endoftext|>' = [' Portuguese', '.', '<|im_end|>', '<|endoftext|>', '<|endoftext|>', '<|endoftext|>', '<|endoftext|>', '<|endoftext|>'] [base]
  L24: ' Arabic.<|im_end|><|endoftext|>' = [' Arabic', '.', '<|im_end|>', '<|endoftext|>'] [HIT]
  L25: ' Arabic.<|im_end|><|endoftext|>' = [' Arabic', '.', '<|im_end|>', '<|endoftext|>'] [HIT]
  L26: ' Arabic.<|im_end|><|endoftext|>' = [' Arabic', '.', '<|im_end|>', '<|endoftext|>'] [HIT]
  L27: ' Arabic.<|im_end|><|endoftext|>' = [' Arabic', '.', '<|im_end|>', '<|endoftext|>'] [HIT]
  L28: ' Arabic.<|im_end|><|endoftext|>' = [' Arabic', '.', '<|im_end|>', '<|endoftext|>'] [HIT]

row 247: base=IS -> source=BY  template=language_prefill_v3
  question: 'Tell me a language spoken in the country in this image.'
  prefill : 'A language spoken there is'
  gold base   (expected unhooked) : ' Icelandic' = [' Icelandic']
  gold source (expected if swap works): ' Belarusian' = [' Belarus', 'ian']
  unhooked: ' Icelandic.<|im_end|><|endoftext|><|endoftext|><|endoftext|><|endoftext|><|endoftext|>' = [' Icelandic', '.', '<|im_end|>', '<|endoftext|>', '<|endoftext|>', '<|endoftext|>', '<|endoftext|>', '<|endoftext|>']
  L19: ' Icelandic.<|im_end|><|endoftext|><|endoftext|><|endoftext|><|endoftext|><|endoftext|>' = [' Icelandic', '.', '<|im_end|>', '<|endoftext|>', '<|endoftext|>', '<|endoftext|>', '<|endoftext|>', '<|endoftext|>'] [base]
  L20: ' Icelandic.<|im_end|><|endoftext|><|endoftext|><|endoftext|><|endoftext|><|endoftext|>' = [' Icelandic', '.', '<|im_end|>', '<|endoftext|>', '<|endoftext|>', '<|endoftext|>', '<|endoftext|>', '<|endoftext|>'] [base]
  L21: ' Icelandic.<|im_end|><|endoftext|><|endoftext|><|endoftext|><|endoftext|><|endoftext|>' = [' Icelandic', '.', '<|im_end|>', '<|endoftext|>', '<|endoftext|>', '<|endoftext|>', '<|endoftext|>', '<|endoftext|>'] [base]
  L22: ' Icelandic.<|im_end|><|endoftext|><|endoftext|><|endoftext|><|endoftext|><|endoftext|>' = [' Icelandic', '.', '<|im_end|>', '<|endoftext|>', '<|endoftext|>', '<|endoftext|>', '<|endoftext|>', '<|endoftext|>'] [base]
  L23: ' Russian.<|im_end|><|endoftext|><|endoftext|><|endoftext|><|endoftext|><|endoftext|>' = [' Russian', '.', '<|im_end|>', '<|endoftext|>', '<|endoftext|>', '<|endoftext|>', '<|endoftext|>', '<|endoftext|>'] [other]
  L24: ' Belarusian.<|im_end|>' = [' Belarus', 'ian', '.', '<|im_end|>'] [HIT]
  L25: ' Belarusian.<|im_end|>' = [' Belarus', 'ian', '.', '<|im_end|>'] [HIT]
  L26: ' Belarusian.<|im_end|>' = [' Belarus', 'ian', '.', '<|im_end|>'] [HIT]
  L27: ' Belarusian.<|im_end|>' = [' Belarus', 'ian', '.', '<|im_end|>'] [HIT]
  L28: ' Belarusian.<|im_end|>' = [' Belarus', 'ian', '.', '<|im_end|>'] [HIT]

row 248: base=TH -> source=MA  template=language_prefill_v6
  question: 'Name a language used in the country depicted in this image.'
  prefill : 'A language spoken there is'
  gold base   (expected unhooked) : ' Thai' = [' Thai']
  gold source (expected if swap works): ' Arabic' = [' Arabic']
  unhooked: ' Thai.<|im_end|><|endoftext|><|endoftext|><|endoftext|><|endoftext|><|endoftext|>' = [' Thai', '.', '<|im_end|>', '<|endoftext|>', '<|endoftext|>', '<|endoftext|>', '<|endoftext|>', '<|endoftext|>']
  L19: ' Thai.<|im_end|><|endoftext|><|endoftext|><|endoftext|><|endoftext|><|endoftext|>' = [' Thai', '.', '<|im_end|>', '<|endoftext|>', '<|endoftext|>', '<|endoftext|>', '<|endoftext|>', '<|endoftext|>'] [base]
  L20: ' Thai.<|im_end|><|endoftext|><|endoftext|><|endoftext|><|endoftext|><|endoftext|>' = [' Thai', '.', '<|im_end|>', '<|endoftext|>', '<|endoftext|>', '<|endoftext|>', '<|endoftext|>', '<|endoftext|>'] [base]
  L21: ' Thai.<|im_end|><|endoftext|><|endoftext|><|endoftext|><|endoftext|><|endoftext|>' = [' Thai', '.', '<|im_end|>', '<|endoftext|>', '<|endoftext|>', '<|endoftext|>', '<|endoftext|>', '<|endoftext|>'] [base]
  L22: ' Thai.<|im_end|><|endoftext|><|endoftext|><|endoftext|><|endoftext|><|endoftext|>' = [' Thai', '.', '<|im_end|>', '<|endoftext|>', '<|endoftext|>', '<|endoftext|>', '<|endoftext|>', '<|endoftext|>'] [base]
  L23: ' Arabic.<|im_end|><|endoftext|><|endoftext|><|endoftext|><|endoftext|><|endoftext|>' = [' Arabic', '.', '<|im_end|>', '<|endoftext|>', '<|endoftext|>', '<|endoftext|>', '<|endoftext|>', '<|endoftext|>'] [HIT]
  L24: ' Arabic.<|im_end|><|endoftext|>' = [' Arabic', '.', '<|im_end|>', '<|endoftext|>'] [HIT]
  L25: ' Arabic.<|im_end|><|endoftext|>' = [' Arabic', '.', '<|im_end|>', '<|endoftext|>'] [HIT]
  L26: ' Arabic.<|im_end|><|endoftext|>' = [' Arabic', '.', '<|im_end|>', '<|endoftext|>'] [HIT]
  L27: ' Arabic.<|im_end|><|endoftext|>' = [' Arabic', '.', '<|im_end|>', '<|endoftext|>'] [HIT]
  L28: ' Arabic.<|im_end|><|endoftext|>' = [' Arabic', '.', '<|im_end|>', '<|endoftext|>'] [HIT]

row 249: base=GT -> source=SE  template=language_prefill_v2
  question: 'What is the official language of the country shown in this flag?'
  prefill : 'The official language is'
  gold base   (expected unhooked) : ' Spanish' = [' Spanish']
  gold source (expected if swap works): ' Swedish' = [' Swedish']
  unhooked: ' Spanish.<|im_end|><|endoftext|><|endoftext|><|endoftext|><|endoftext|><|endoftext|>' = [' Spanish', '.', '<|im_end|>', '<|endoftext|>', '<|endoftext|>', '<|endoftext|>', '<|endoftext|>', '<|endoftext|>']
  L19: ' Spanish.<|im_end|><|endoftext|><|endoftext|><|endoftext|><|endoftext|><|endoftext|>' = [' Spanish', '.', '<|im_end|>', '<|endoftext|>', '<|endoftext|>', '<|endoftext|>', '<|endoftext|>', '<|endoftext|>'] [base]
  L20: ' Spanish.<|im_end|><|endoftext|><|endoftext|><|endoftext|><|endoftext|><|endoftext|>' = [' Spanish', '.', '<|im_end|>', '<|endoftext|>', '<|endoftext|>', '<|endoftext|>', '<|endoftext|>', '<|endoftext|>'] [base]
  L21: ' Spanish.<|im_end|><|endoftext|><|endoftext|><|endoftext|><|endoftext|><|endoftext|>' = [' Spanish', '.', '<|im_end|>', '<|endoftext|>', '<|endoftext|>', '<|endoftext|>', '<|endoftext|>', '<|endoftext|>'] [base]
  L22: ' Spanish.<|im_end|><|endoftext|><|endoftext|><|endoftext|><|endoftext|><|endoftext|>' = [' Spanish', '.', '<|im_end|>', '<|endoftext|>', '<|endoftext|>', '<|endoftext|>', '<|endoftext|>', '<|endoftext|>'] [base]
  L23: ' Swedish.<|im_end|><|endoftext|><|endoftext|><|endoftext|><|endoftext|><|endoftext|>' = [' Swedish', '.', '<|im_end|>', '<|endoftext|>', '<|endoftext|>', '<|endoftext|>', '<|endoftext|>', '<|endoftext|>'] [HIT]
  L24: ' Swedish.<|im_end|><|endoftext|>' = [' Swedish', '.', '<|im_end|>', '<|endoftext|>'] [HIT]
  L25: ' Swedish.<|im_end|><|endoftext|>' = [' Swedish', '.', '<|im_end|>', '<|endoftext|>'] [HIT]
  L26: ' Swedish.<|im_end|><|endoftext|>' = [' Swedish', '.', '<|im_end|>', '<|endoftext|>'] [HIT]
  L27: ' Swedish.<|im_end|><|endoftext|>' = [' Swedish', '.', '<|im_end|>', '<|endoftext|>'] [HIT]
  L28: ' Swedish.<|im_end|><|endoftext|>' = [' Swedish', '.', '<|im_end|>', '<|endoftext|>'] [HIT]

row 250: base=UG -> source=PT  template=language_prefill_v5
  question: 'What language is officially spoken in the country shown in this flag?'
  prefill : 'The official language is'
  gold base   (expected unhooked) : ' English' = [' English']
  gold source (expected if swap works): ' Portuguese' = [' Portuguese']
  unhooked: ' English.<|im_end|><|endoftext|><|endoftext|><|endoftext|><|endoftext|><|endoftext|>' = [' English', '.', '<|im_end|>', '<|endoftext|>', '<|endoftext|>', '<|endoftext|>', '<|endoftext|>', '<|endoftext|>']
  L19: ' English.<|im_end|><|endoftext|><|endoftext|><|endoftext|><|endoftext|><|endoftext|>' = [' English', '.', '<|im_end|>', '<|endoftext|>', '<|endoftext|>', '<|endoftext|>', '<|endoftext|>', '<|endoftext|>'] [base]
  L20: ' English.<|im_end|><|endoftext|><|endoftext|><|endoftext|><|endoftext|><|endoftext|>' = [' English', '.', '<|im_end|>', '<|endoftext|>', '<|endoftext|>', '<|endoftext|>', '<|endoftext|>', '<|endoftext|>'] [base]
  L21: ' English.<|im_end|><|endoftext|><|endoftext|><|endoftext|><|endoftext|><|endoftext|>' = [' English', '.', '<|im_end|>', '<|endoftext|>', '<|endoftext|>', '<|endoftext|>', '<|endoftext|>', '<|endoftext|>'] [base]
  L22: ' Portuguese.<|im_end|><|endoftext|><|endoftext|><|endoftext|><|endoftext|><|endoftext|>' = [' Portuguese', '.', '<|im_end|>', '<|endoftext|>', '<|endoftext|>', '<|endoftext|>', '<|endoftext|>', '<|endoftext|>'] [HIT]
  L23: ' Portuguese.<|im_end|><|endoftext|><|endoftext|><|endoftext|><|endoftext|><|endoftext|>' = [' Portuguese', '.', '<|im_end|>', '<|endoftext|>', '<|endoftext|>', '<|endoftext|>', '<|endoftext|>', '<|endoftext|>'] [HIT]
  L24: ' Portuguese.<|im_end|><|endoftext|>' = [' Portuguese', '.', '<|im_end|>', '<|endoftext|>'] [HIT]
  L25: ' Portuguese.<|im_end|><|endoftext|>' = [' Portuguese', '.', '<|im_end|>', '<|endoftext|>'] [HIT]
  L26: ' Portuguese.<|im_end|><|endoftext|>' = [' Portuguese', '.', '<|im_end|>', '<|endoftext|>'] [HIT]
  L27: ' Portuguese.<|im_end|><|endoftext|>' = [' Portuguese', '.', '<|im_end|>', '<|endoftext|>'] [HIT]
  L28: ' Portuguese.<|im_end|><|endoftext|>' = [' Portuguese', '.', '<|im_end|>', '<|endoftext|>'] [HIT]

row 251: base=IS -> source=GH  template=language_prefill_v2
  question: 'What is the official language of the country shown in this flag?'
  prefill : 'The official language is'
  gold base   (expected unhooked) : ' Icelandic' = [' Icelandic']
  gold source (expected if swap works): ' English' = [' English']
  unhooked: ' Icelandic.<|im_end|><|endoftext|><|endoftext|><|endoftext|><|endoftext|><|endoftext|>' = [' Icelandic', '.', '<|im_end|>', '<|endoftext|>', '<|endoftext|>', '<|endoftext|>', '<|endoftext|>', '<|endoftext|>']
  L19: ' Icelandic.<|im_end|><|endoftext|><|endoftext|><|endoftext|><|endoftext|><|endoftext|>' = [' Icelandic', '.', '<|im_end|>', '<|endoftext|>', '<|endoftext|>', '<|endoftext|>', '<|endoftext|>', '<|endoftext|>'] [base]
  L20: ' Icelandic.<|im_end|><|endoftext|><|endoftext|><|endoftext|><|endoftext|><|endoftext|>' = [' Icelandic', '.', '<|im_end|>', '<|endoftext|>', '<|endoftext|>', '<|endoftext|>', '<|endoftext|>', '<|endoftext|>'] [base]
  L21: ' Icelandic.<|im_end|><|endoftext|><|endoftext|><|endoftext|><|endoftext|><|endoftext|>' = [' Icelandic', '.', '<|im_end|>', '<|endoftext|>', '<|endoftext|>', '<|endoftext|>', '<|endoftext|>', '<|endoftext|>'] [base]
  L22: ' Icelandic.<|im_end|><|endoftext|><|endoftext|><|endoftext|><|endoftext|><|endoftext|>' = [' Icelandic', '.', '<|im_end|>', '<|endoftext|>', '<|endoftext|>', '<|endoftext|>', '<|endoftext|>', '<|endoftext|>'] [base]
  L23: ' English.<|im_end|><|endoftext|><|endoftext|><|endoftext|><|endoftext|><|endoftext|>' = [' English', '.', '<|im_end|>', '<|endoftext|>', '<|endoftext|>', '<|endoftext|>', '<|endoftext|>', '<|endoftext|>'] [HIT]
  L24: ' English.<|im_end|><|endoftext|>' = [' English', '.', '<|im_end|>', '<|endoftext|>'] [HIT]
  L25: ' English.<|im_end|><|endoftext|>' = [' English', '.', '<|im_end|>', '<|endoftext|>'] [HIT]
  L26: ' English.<|im_end|><|endoftext|>' = [' English', '.', '<|im_end|>', '<|endoftext|>'] [HIT]
  L27: ' English.<|im_end|><|endoftext|>' = [' English', '.', '<|im_end|>', '<|endoftext|>'] [HIT]
  L28: ' English.<|im_end|><|endoftext|>' = [' English', '.', '<|im_end|>', '<|endoftext|>'] [HIT]

row 252: base=SE -> source=VN  template=language_prefill_v4
  question: 'Identify one of the official languages of the country in this image.'
  prefill : 'One official language is'
  gold base   (expected unhooked) : ' Swedish' = [' Swedish']
  gold source (expected if swap works): ' Vietnamese' = [' Vietnamese']
  unhooked: ' Swedish.<|im_end|><|endoftext|><|endoftext|><|endoftext|><|endoftext|><|endoftext|>' = [' Swedish', '.', '<|im_end|>', '<|endoftext|>', '<|endoftext|>', '<|endoftext|>', '<|endoftext|>', '<|endoftext|>']
  L19: ' Swedish.<|im_end|><|endoftext|><|endoftext|><|endoftext|><|endoftext|><|endoftext|>' = [' Swedish', '.', '<|im_end|>', '<|endoftext|>', '<|endoftext|>', '<|endoftext|>', '<|endoftext|>', '<|endoftext|>'] [base]
  L20: ' Swedish.<|im_end|><|endoftext|><|endoftext|><|endoftext|><|endoftext|><|endoftext|>' = [' Swedish', '.', '<|im_end|>', '<|endoftext|>', '<|endoftext|>', '<|endoftext|>', '<|endoftext|>', '<|endoftext|>'] [base]
  L21: ' Swedish.<|im_end|><|endoftext|><|endoftext|><|endoftext|><|endoftext|><|endoftext|>' = [' Swedish', '.', '<|im_end|>', '<|endoftext|>', '<|endoftext|>', '<|endoftext|>', '<|endoftext|>', '<|endoftext|>'] [base]
  L22: ' Swedish.<|im_end|><|endoftext|><|endoftext|><|endoftext|><|endoftext|><|endoftext|>' = [' Swedish', '.', '<|im_end|>', '<|endoftext|>', '<|endoftext|>', '<|endoftext|>', '<|endoftext|>', '<|endoftext|>'] [base]
  L23: ' Swedish.<|im_end|><|endoftext|><|endoftext|><|endoftext|><|endoftext|><|endoftext|>' = [' Swedish', '.', '<|im_end|>', '<|endoftext|>', '<|endoftext|>', '<|endoftext|>', '<|endoftext|>', '<|endoftext|>'] [base]
  L24: ' Vietnamese.<|im_end|><|endoftext|>' = [' Vietnamese', '.', '<|im_end|>', '<|endoftext|>'] [HIT]
  L25: ' Vietnamese.<|im_end|><|endoftext|>' = [' Vietnamese', '.', '<|im_end|>', '<|endoftext|>'] [HIT]
  L26: ' Vietnamese.<|im_end|><|endoftext|>' = [' Vietnamese', '.', '<|im_end|>', '<|endoftext|>'] [HIT]
  L27: ' Vietnamese.<|im_end|><|endoftext|>' = [' Vietnamese', '.', '<|im_end|>', '<|endoftext|>'] [HIT]
  L28: ' Vietnamese.<|im_end|><|endoftext|>' = [' Vietnamese', '.', '<|im_end|>', '<|endoftext|>'] [HIT]

row 253: base=UA -> source=GH  template=language_prefill_v5
  question: 'What language is officially spoken in the country shown in this flag?'
  prefill : 'The official language is'
  gold base   (expected unhooked) : ' Ukrainian' = [' Ukrainian']
  gold source (expected if swap works): ' English' = [' English']
  unhooked: ' Ukrainian.<|im_end|><|endoftext|><|endoftext|><|endoftext|><|endoftext|><|endoftext|>' = [' Ukrainian', '.', '<|im_end|>', '<|endoftext|>', '<|endoftext|>', '<|endoftext|>', '<|endoftext|>', '<|endoftext|>']
  L19: ' Ukrainian.<|im_end|><|endoftext|><|endoftext|><|endoftext|><|endoftext|><|endoftext|>' = [' Ukrainian', '.', '<|im_end|>', '<|endoftext|>', '<|endoftext|>', '<|endoftext|>', '<|endoftext|>', '<|endoftext|>'] [base]
  L20: ' Ukrainian.<|im_end|><|endoftext|><|endoftext|><|endoftext|><|endoftext|><|endoftext|>' = [' Ukrainian', '.', '<|im_end|>', '<|endoftext|>', '<|endoftext|>', '<|endoftext|>', '<|endoftext|>', '<|endoftext|>'] [base]
  L21: ' Ukrainian.<|im_end|><|endoftext|><|endoftext|><|endoftext|><|endoftext|><|endoftext|>' = [' Ukrainian', '.', '<|im_end|>', '<|endoftext|>', '<|endoftext|>', '<|endoftext|>', '<|endoftext|>', '<|endoftext|>'] [base]
  L22: ' English.<|im_end|><|endoftext|><|endoftext|><|endoftext|><|endoftext|><|endoftext|>' = [' English', '.', '<|im_end|>', '<|endoftext|>', '<|endoftext|>', '<|endoftext|>', '<|endoftext|>', '<|endoftext|>'] [HIT]
  L23: ' English.<|im_end|><|endoftext|><|endoftext|><|endoftext|><|endoftext|><|endoftext|>' = [' English', '.', '<|im_end|>', '<|endoftext|>', '<|endoftext|>', '<|endoftext|>', '<|endoftext|>', '<|endoftext|>'] [HIT]
  L24: ' English.<|im_end|><|endoftext|>' = [' English', '.', '<|im_end|>', '<|endoftext|>'] [HIT]
  L25: ' English.<|im_end|><|endoftext|>' = [' English', '.', '<|im_end|>', '<|endoftext|>'] [HIT]
  L26: ' English.<|im_end|><|endoftext|>' = [' English', '.', '<|im_end|>', '<|endoftext|>'] [HIT]
  L27: ' English.<|im_end|><|endoftext|>' = [' English', '.', '<|im_end|>', '<|endoftext|>'] [HIT]
  L28: ' English.<|im_end|><|endoftext|>' = [' English', '.', '<|im_end|>', '<|endoftext|>'] [HIT]

row 254: base=TH -> source=UG  template=language_prefill_v4
  question: 'Identify one of the official languages of the country in this image.'
  prefill : 'One official language is'
  gold base   (expected unhooked) : ' Thai' = [' Thai']
  gold source (expected if swap works): ' English' = [' English']
  unhooked: ' Thai.<|im_end|><|endoftext|><|endoftext|><|endoftext|><|endoftext|><|endoftext|>' = [' Thai', '.', '<|im_end|>', '<|endoftext|>', '<|endoftext|>', '<|endoftext|>', '<|endoftext|>', '<|endoftext|>']
  L19: ' Thai.<|im_end|><|endoftext|><|endoftext|><|endoftext|><|endoftext|><|endoftext|>' = [' Thai', '.', '<|im_end|>', '<|endoftext|>', '<|endoftext|>', '<|endoftext|>', '<|endoftext|>', '<|endoftext|>'] [base]
  L20: ' Thai.<|im_end|><|endoftext|><|endoftext|><|endoftext|><|endoftext|><|endoftext|>' = [' Thai', '.', '<|im_end|>', '<|endoftext|>', '<|endoftext|>', '<|endoftext|>', '<|endoftext|>', '<|endoftext|>'] [base]
  L21: ' Thai.<|im_end|><|endoftext|><|endoftext|><|endoftext|><|endoftext|><|endoftext|>' = [' Thai', '.', '<|im_end|>', '<|endoftext|>', '<|endoftext|>', '<|endoftext|>', '<|endoftext|>', '<|endoftext|>'] [base]
  L22: ' Thai.<|im_end|><|endoftext|><|endoftext|><|endoftext|><|endoftext|><|endoftext|>' = [' Thai', '.', '<|im_end|>', '<|endoftext|>', '<|endoftext|>', '<|endoftext|>', '<|endoftext|>', '<|endoftext|>'] [base]
  L23: ' Swahili.<|im_end|><|endoftext|><|endoftext|><|endoftext|>' = [' Sw', 'ah', 'ili', '.', '<|im_end|>', '<|endoftext|>', '<|endoftext|>', '<|endoftext|>'] [other]
  L24: ' English.<|im_end|><|endoftext|>' = [' English', '.', '<|im_end|>', '<|endoftext|>'] [HIT]
  L25: ' English.<|im_end|><|endoftext|>' = [' English', '.', '<|im_end|>', '<|endoftext|>'] [HIT]
  L26: ' English.<|im_end|><|endoftext|>' = [' English', '.', '<|im_end|>', '<|endoftext|>'] [HIT]
  L27: ' English.<|im_end|><|endoftext|>' = [' English', '.', '<|im_end|>', '<|endoftext|>'] [HIT]
  L28: ' English.<|im_end|><|endoftext|>' = [' English', '.', '<|im_end|>', '<|endoftext|>'] [HIT]

row 255: base=CM -> source=HN  template=language_prefill_v3
  question: 'Tell me a language spoken in the country in this image.'
  prefill : 'A language spoken there is'
  gold base   (expected unhooked) : ' French' = [' French']
  gold source (expected if swap works): ' Spanish' = [' Spanish']
  unhooked: ' French, as it is one of the' = [' French', ',', ' as', ' it', ' is', ' one', ' of', ' the']
  L19: ' French, as it is one of the' = [' French', ',', ' as', ' it', ' is', ' one', ' of', ' the'] [base]
  L20: ' French, as it is one of the' = [' French', ',', ' as', ' it', ' is', ' one', ' of', ' the'] [base]
  L21: ' French, as it is one of the' = [' French', ',', ' as', ' it', ' is', ' one', ' of', ' the'] [base]
  L22: ' French, as it is one of the' = [' French', ',', ' as', ' it', ' is', ' one', ' of', ' the'] [base]
  L23: ' Cameroonian French, which is one' = [' Cam', 'ero', 'onian', ' French', ',', ' which', ' is', ' one'] [other]
  L24: ' Spanish.<|im_end|><|endoftext|>' = [' Spanish', '.', '<|im_end|>', '<|endoftext|>'] [HIT]
  L25: ' Spanish.<|im_end|><|endoftext|>' = [' Spanish', '.', '<|im_end|>', '<|endoftext|>'] [HIT]
  L26: ' Spanish.<|im_end|><|endoftext|>' = [' Spanish', '.', '<|im_end|>', '<|endoftext|>'] [HIT]
  L27: ' Spanish.<|im_end|><|endoftext|>' = [' Spanish', '.', '<|im_end|>', '<|endoftext|>'] [HIT]
  L28: ' Spanish.<|im_end|><|endoftext|>' = [' Spanish', '.', '<|im_end|>', '<|endoftext|>'] [HIT]

row 256: base=ZM -> source=SE  template=language_prefill_v1
  question: 'Name an official language of the country in this image.'
  prefill : 'One official language is'
  gold base   (expected unhooked) : ' English' = [' English']
  gold source (expected if swap works): ' Swedish' = [' Swedish']
  unhooked: ' English.<|im_end|><|endoftext|><|endoftext|><|endoftext|><|endoftext|><|endoftext|>' = [' English', '.', '<|im_end|>', '<|endoftext|>', '<|endoftext|>', '<|endoftext|>', '<|endoftext|>', '<|endoftext|>']
  L19: ' English.<|im_end|><|endoftext|><|endoftext|><|endoftext|><|endoftext|><|endoftext|>' = [' English', '.', '<|im_end|>', '<|endoftext|>', '<|endoftext|>', '<|endoftext|>', '<|endoftext|>', '<|endoftext|>'] [base]
  L20: ' English.<|im_end|><|endoftext|><|endoftext|><|endoftext|><|endoftext|><|endoftext|>' = [' English', '.', '<|im_end|>', '<|endoftext|>', '<|endoftext|>', '<|endoftext|>', '<|endoftext|>', '<|endoftext|>'] [base]
  L21: ' English.<|im_end|><|endoftext|><|endoftext|><|endoftext|><|endoftext|><|endoftext|>' = [' English', '.', '<|im_end|>', '<|endoftext|>', '<|endoftext|>', '<|endoftext|>', '<|endoftext|>', '<|endoftext|>'] [base]
  L22: ' English.<|im_end|><|endoftext|><|endoftext|><|endoftext|><|endoftext|><|endoftext|>' = [' English', '.', '<|im_end|>', '<|endoftext|>', '<|endoftext|>', '<|endoftext|>', '<|endoftext|>', '<|endoftext|>'] [base]
  L23: ' Swedish.<|im_end|><|endoftext|><|endoftext|><|endoftext|><|endoftext|><|endoftext|>' = [' Swedish', '.', '<|im_end|>', '<|endoftext|>', '<|endoftext|>', '<|endoftext|>', '<|endoftext|>', '<|endoftext|>'] [HIT]
  L24: ' Swedish.<|im_end|><|endoftext|><|endoftext|><|endoftext|><|endoftext|><|endoftext|>' = [' Swedish', '.', '<|im_end|>', '<|endoftext|>', '<|endoftext|>', '<|endoftext|>', '<|endoftext|>', '<|endoftext|>'] [HIT]
  L25: ' Swedish.<|im_end|><|endoftext|><|endoftext|><|endoftext|><|endoftext|><|endoftext|>' = [' Swedish', '.', '<|im_end|>', '<|endoftext|>', '<|endoftext|>', '<|endoftext|>', '<|endoftext|>', '<|endoftext|>'] [HIT]
  L26: ' Swedish.<|im_end|><|endoftext|><|endoftext|><|endoftext|><|endoftext|><|endoftext|>' = [' Swedish', '.', '<|im_end|>', '<|endoftext|>', '<|endoftext|>', '<|endoftext|>', '<|endoftext|>', '<|endoftext|>'] [HIT]
  L27: ' Swedish.<|im_end|><|endoftext|><|endoftext|><|endoftext|><|endoftext|><|endoftext|>' = [' Swedish', '.', '<|im_end|>', '<|endoftext|>', '<|endoftext|>', '<|endoftext|>', '<|endoftext|>', '<|endoftext|>'] [HIT]
  L28: ' Swedish.<|im_end|><|endoftext|><|endoftext|><|endoftext|><|endoftext|><|endoftext|>' = [' Swedish', '.', '<|im_end|>', '<|endoftext|>', '<|endoftext|>', '<|endoftext|>', '<|endoftext|>', '<|endoftext|>'] [HIT]

row 257: base=MA -> source=CM  template=language_prefill_v6
  question: 'Name a language used in the country depicted in this image.'
  prefill : 'A language spoken there is'
  gold base   (expected unhooked) : ' Arabic' = [' Arabic']
  gold source (expected if swap works): ' French' = [' French']
  unhooked: ' Arabic.<|im_end|><|endoftext|><|endoftext|><|endoftext|><|endoftext|><|endoftext|>' = [' Arabic', '.', '<|im_end|>', '<|endoftext|>', '<|endoftext|>', '<|endoftext|>', '<|endoftext|>', '<|endoftext|>']
  L19: ' Arabic.<|im_end|><|endoftext|><|endoftext|><|endoftext|><|endoftext|><|endoftext|>' = [' Arabic', '.', '<|im_end|>', '<|endoftext|>', '<|endoftext|>', '<|endoftext|>', '<|endoftext|>', '<|endoftext|>'] [base]
  L20: ' Arabic.<|im_end|><|endoftext|><|endoftext|><|endoftext|><|endoftext|><|endoftext|>' = [' Arabic', '.', '<|im_end|>', '<|endoftext|>', '<|endoftext|>', '<|endoftext|>', '<|endoftext|>', '<|endoftext|>'] [base]
  L21: ' Arabic.<|im_end|><|endoftext|><|endoftext|><|endoftext|><|endoftext|><|endoftext|>' = [' Arabic', '.', '<|im_end|>', '<|endoftext|>', '<|endoftext|>', '<|endoftext|>', '<|endoftext|>', '<|endoftext|>'] [base]
  L22: ' Arabic.<|im_end|><|endoftext|><|endoftext|><|endoftext|><|endoftext|><|endoftext|>' = [' Arabic', '.', '<|im_end|>', '<|endoftext|>', '<|endoftext|>', '<|endoftext|>', '<|endoftext|>', '<|endoftext|>'] [base]
  L23: ' French, as Morocco has French as one' = [' French', ',', ' as', ' Morocco', ' has', ' French', ' as', ' one'] [HIT]
  L24: ' French, as Morocco has French as one' = [' French', ',', ' as', ' Morocco', ' has', ' French', ' as', ' one'] [HIT]
  L25: ' French, as Morocco has French as one' = [' French', ',', ' as', ' Morocco', ' has', ' French', ' as', ' one'] [HIT]
  L26: ' French, as Morocco has French as one' = [' French', ',', ' as', ' Morocco', ' has', ' French', ' as', ' one'] [HIT]
  L27: ' French, as Morocco has French as one' = [' French', ',', ' as', ' Morocco', ' has', ' French', ' as', ' one'] [HIT]
  L28: ' French, as Morocco has French as one' = [' French', ',', ' as', ' Morocco', ' has', ' French', ' as', ' one'] [HIT]

row 258: base=MU -> source=AO  template=language_prefill_v6
  question: 'Name a language used in the country depicted in this image.'
  prefill : 'A language spoken there is'
  gold base   (expected unhooked) : ' French' = [' French']
  gold source (expected if swap works): ' Portuguese' = [' Portuguese']
  unhooked: ' Mauritian Creole, which is an' = [' Maur', 'itian', ' Cre', 'ole', ',', ' which', ' is', ' an']
  L19: ' Mauritian Creole, which is an' = [' Maur', 'itian', ' Cre', 'ole', ',', ' which', ' is', ' an'] [other]
  L20: ' Mauritian Creole, which is an' = [' Maur', 'itian', ' Cre', 'ole', ',', ' which', ' is', ' an'] [other]
  L21: ' French.<|im_end|><|endoftext|><|endoftext|><|endoftext|><|endoftext|><|endoftext|>' = [' French', '.', '<|im_end|>', '<|endoftext|>', '<|endoftext|>', '<|endoftext|>', '<|endoftext|>', '<|endoftext|>'] [base]
  L22: ' Portuguese.<|im_end|><|endoftext|><|endoftext|><|endoftext|><|endoftext|><|endoftext|>' = [' Portuguese', '.', '<|im_end|>', '<|endoftext|>', '<|endoftext|>', '<|endoftext|>', '<|endoftext|>', '<|endoftext|>'] [HIT]
  L23: ' Portuguese.<|im_end|><|endoftext|><|endoftext|><|endoftext|><|endoftext|><|endoftext|>' = [' Portuguese', '.', '<|im_end|>', '<|endoftext|>', '<|endoftext|>', '<|endoftext|>', '<|endoftext|>', '<|endoftext|>'] [HIT]
  L24: ' Portuguese.<|im_end|><|endoftext|><|endoftext|><|endoftext|><|endoftext|><|endoftext|>' = [' Portuguese', '.', '<|im_end|>', '<|endoftext|>', '<|endoftext|>', '<|endoftext|>', '<|endoftext|>', '<|endoftext|>'] [HIT]
  L25: ' Portuguese.<|im_end|><|endoftext|><|endoftext|><|endoftext|><|endoftext|><|endoftext|>' = [' Portuguese', '.', '<|im_end|>', '<|endoftext|>', '<|endoftext|>', '<|endoftext|>', '<|endoftext|>', '<|endoftext|>'] [HIT]
  L26: ' Portuguese.<|im_end|><|endoftext|><|endoftext|><|endoftext|><|endoftext|><|endoftext|>' = [' Portuguese', '.', '<|im_end|>', '<|endoftext|>', '<|endoftext|>', '<|endoftext|>', '<|endoftext|>', '<|endoftext|>'] [HIT]
  L27: ' Portuguese.<|im_end|><|endoftext|><|endoftext|><|endoftext|><|endoftext|><|endoftext|>' = [' Portuguese', '.', '<|im_end|>', '<|endoftext|>', '<|endoftext|>', '<|endoftext|>', '<|endoftext|>', '<|endoftext|>'] [HIT]
  L28: ' Portuguese.<|im_end|><|endoftext|><|endoftext|><|endoftext|><|endoftext|><|endoftext|>' = [' Portuguese', '.', '<|im_end|>', '<|endoftext|>', '<|endoftext|>', '<|endoftext|>', '<|endoftext|>', '<|endoftext|>'] [HIT]

row 259: base=UA -> source=SE  template=language_prefill_v6
  question: 'Name a language used in the country depicted in this image.'
  prefill : 'A language spoken there is'
  gold base   (expected unhooked) : ' Ukrainian' = [' Ukrainian']
  gold source (expected if swap works): ' Swedish' = [' Swedish']
  unhooked: ' Ukrainian.<|im_end|><|endoftext|><|endoftext|><|endoftext|><|endoftext|><|endoftext|>' = [' Ukrainian', '.', '<|im_end|>', '<|endoftext|>', '<|endoftext|>', '<|endoftext|>', '<|endoftext|>', '<|endoftext|>']
  L19: ' Ukrainian.<|im_end|><|endoftext|><|endoftext|><|endoftext|><|endoftext|><|endoftext|>' = [' Ukrainian', '.', '<|im_end|>', '<|endoftext|>', '<|endoftext|>', '<|endoftext|>', '<|endoftext|>', '<|endoftext|>'] [base]
  L20: ' Ukrainian.<|im_end|><|endoftext|><|endoftext|><|endoftext|><|endoftext|><|endoftext|>' = [' Ukrainian', '.', '<|im_end|>', '<|endoftext|>', '<|endoftext|>', '<|endoftext|>', '<|endoftext|>', '<|endoftext|>'] [base]
  L21: ' Ukrainian.<|im_end|><|endoftext|><|endoftext|><|endoftext|><|endoftext|><|endoftext|>' = [' Ukrainian', '.', '<|im_end|>', '<|endoftext|>', '<|endoftext|>', '<|endoftext|>', '<|endoftext|>', '<|endoftext|>'] [base]
  L22: ' Ukrainian.<|im_end|><|endoftext|><|endoftext|><|endoftext|><|endoftext|><|endoftext|>' = [' Ukrainian', '.', '<|im_end|>', '<|endoftext|>', '<|endoftext|>', '<|endoftext|>', '<|endoftext|>', '<|endoftext|>'] [base]
  L23: ' Swedish.<|im_end|><|endoftext|><|endoftext|><|endoftext|><|endoftext|><|endoftext|>' = [' Swedish', '.', '<|im_end|>', '<|endoftext|>', '<|endoftext|>', '<|endoftext|>', '<|endoftext|>', '<|endoftext|>'] [HIT]
  L24: ' Swedish.<|im_end|><|endoftext|><|endoftext|><|endoftext|><|endoftext|><|endoftext|>' = [' Swedish', '.', '<|im_end|>', '<|endoftext|>', '<|endoftext|>', '<|endoftext|>', '<|endoftext|>', '<|endoftext|>'] [HIT]
  L25: ' Swedish.<|im_end|><|endoftext|><|endoftext|><|endoftext|><|endoftext|><|endoftext|>' = [' Swedish', '.', '<|im_end|>', '<|endoftext|>', '<|endoftext|>', '<|endoftext|>', '<|endoftext|>', '<|endoftext|>'] [HIT]
  L26: ' Swedish.<|im_end|><|endoftext|><|endoftext|><|endoftext|><|endoftext|><|endoftext|>' = [' Swedish', '.', '<|im_end|>', '<|endoftext|>', '<|endoftext|>', '<|endoftext|>', '<|endoftext|>', '<|endoftext|>'] [HIT]
  L27: ' Swedish.<|im_end|><|endoftext|><|endoftext|><|endoftext|><|endoftext|><|endoftext|>' = [' Swedish', '.', '<|im_end|>', '<|endoftext|>', '<|endoftext|>', '<|endoftext|>', '<|endoftext|>', '<|endoftext|>'] [HIT]
  L28: ' Swedish.<|im_end|><|endoftext|><|endoftext|><|endoftext|><|endoftext|><|endoftext|>' = [' Swedish', '.', '<|im_end|>', '<|endoftext|>', '<|endoftext|>', '<|endoftext|>', '<|endoftext|>', '<|endoftext|>'] [HIT]

row 260: base=BY -> source=MX  template=language_prefill_v5
  question: 'What language is officially spoken in the country shown in this flag?'
  prefill : 'The official language is'
  gold base   (expected unhooked) : ' Belarusian' = [' Belarus', 'ian']
  gold source (expected if swap works): ' Spanish' = [' Spanish']
  unhooked: ' Belarusian.<|im_end|><|endoftext|><|endoftext|><|endoftext|><|endoftext|>' = [' Belarus', 'ian', '.', '<|im_end|>', '<|endoftext|>', '<|endoftext|>', '<|endoftext|>', '<|endoftext|>']
  L19: ' Belarusian, which is also known as' = [' Belarus', 'ian', ',', ' which', ' is', ' also', ' known', ' as'] [base]
  L20: ' Belarusian, which is also known as' = [' Belarus', 'ian', ',', ' which', ' is', ' also', ' known', ' as'] [base]
  L21: ' Belarusian.<|im_end|><|endoftext|><|endoftext|><|endoftext|><|endoftext|>' = [' Belarus', 'ian', '.', '<|im_end|>', '<|endoftext|>', '<|endoftext|>', '<|endoftext|>', '<|endoftext|>'] [base]
  L22: ' Spanish.<|im_end|><|endoftext|><|endoftext|><|endoftext|><|endoftext|><|endoftext|>' = [' Spanish', '.', '<|im_end|>', '<|endoftext|>', '<|endoftext|>', '<|endoftext|>', '<|endoftext|>', '<|endoftext|>'] [HIT]
  L23: ' Spanish.<|im_end|><|endoftext|><|endoftext|><|endoftext|><|endoftext|><|endoftext|>' = [' Spanish', '.', '<|im_end|>', '<|endoftext|>', '<|endoftext|>', '<|endoftext|>', '<|endoftext|>', '<|endoftext|>'] [HIT]
  L24: ' Spanish.<|im_end|><|endoftext|><|endoftext|><|endoftext|><|endoftext|><|endoftext|>' = [' Spanish', '.', '<|im_end|>', '<|endoftext|>', '<|endoftext|>', '<|endoftext|>', '<|endoftext|>', '<|endoftext|>'] [HIT]
  L25: ' Spanish.<|im_end|><|endoftext|><|endoftext|><|endoftext|><|endoftext|><|endoftext|>' = [' Spanish', '.', '<|im_end|>', '<|endoftext|>', '<|endoftext|>', '<|endoftext|>', '<|endoftext|>', '<|endoftext|>'] [HIT]
  L26: ' Spanish.<|im_end|><|endoftext|><|endoftext|><|endoftext|><|endoftext|><|endoftext|>' = [' Spanish', '.', '<|im_end|>', '<|endoftext|>', '<|endoftext|>', '<|endoftext|>', '<|endoftext|>', '<|endoftext|>'] [HIT]
  L27: ' Spanish.<|im_end|><|endoftext|><|endoftext|><|endoftext|><|endoftext|><|endoftext|>' = [' Spanish', '.', '<|im_end|>', '<|endoftext|>', '<|endoftext|>', '<|endoftext|>', '<|endoftext|>', '<|endoftext|>'] [HIT]
  L28: ' Spanish.<|im_end|><|endoftext|><|endoftext|><|endoftext|><|endoftext|><|endoftext|>' = [' Spanish', '.', '<|im_end|>', '<|endoftext|>', '<|endoftext|>', '<|endoftext|>', '<|endoftext|>', '<|endoftext|>'] [HIT]

row 261: base=AO -> source=CL  template=language_prefill_v1
  question: 'Name an official language of the country in this image.'
  prefill : 'One official language is'
  gold base   (expected unhooked) : ' Portuguese' = [' Portuguese']
  gold source (expected if swap works): ' Spanish' = [' Spanish']
  unhooked: ' Portuguese.<|im_end|><|endoftext|><|endoftext|><|endoftext|><|endoftext|><|endoftext|>' = [' Portuguese', '.', '<|im_end|>', '<|endoftext|>', '<|endoftext|>', '<|endoftext|>', '<|endoftext|>', '<|endoftext|>']
  L19: ' Portuguese.<|im_end|><|endoftext|><|endoftext|><|endoftext|><|endoftext|><|endoftext|>' = [' Portuguese', '.', '<|im_end|>', '<|endoftext|>', '<|endoftext|>', '<|endoftext|>', '<|endoftext|>', '<|endoftext|>'] [base]
  L20: ' Portuguese.<|im_end|><|endoftext|><|endoftext|><|endoftext|><|endoftext|><|endoftext|>' = [' Portuguese', '.', '<|im_end|>', '<|endoftext|>', '<|endoftext|>', '<|endoftext|>', '<|endoftext|>', '<|endoftext|>'] [base]
  L21: ' Portuguese.<|im_end|><|endoftext|><|endoftext|><|endoftext|><|endoftext|><|endoftext|>' = [' Portuguese', '.', '<|im_end|>', '<|endoftext|>', '<|endoftext|>', '<|endoftext|>', '<|endoftext|>', '<|endoftext|>'] [base]
  L22: ' Portuguese.<|im_end|><|endoftext|><|endoftext|><|endoftext|><|endoftext|><|endoftext|>' = [' Portuguese', '.', '<|im_end|>', '<|endoftext|>', '<|endoftext|>', '<|endoftext|>', '<|endoftext|>', '<|endoftext|>'] [base]
  L23: ' Portuguese.<|im_end|><|endoftext|><|endoftext|><|endoftext|><|endoftext|><|endoftext|>' = [' Portuguese', '.', '<|im_end|>', '<|endoftext|>', '<|endoftext|>', '<|endoftext|>', '<|endoftext|>', '<|endoftext|>'] [base]
  L24: ' Spanish.<|im_end|><|endoftext|><|endoftext|><|endoftext|><|endoftext|><|endoftext|>' = [' Spanish', '.', '<|im_end|>', '<|endoftext|>', '<|endoftext|>', '<|endoftext|>', '<|endoftext|>', '<|endoftext|>'] [HIT]
  L25: ' Spanish.<|im_end|><|endoftext|><|endoftext|><|endoftext|><|endoftext|><|endoftext|>' = [' Spanish', '.', '<|im_end|>', '<|endoftext|>', '<|endoftext|>', '<|endoftext|>', '<|endoftext|>', '<|endoftext|>'] [HIT]
  L26: ' Spanish.<|im_end|><|endoftext|><|endoftext|><|endoftext|><|endoftext|><|endoftext|>' = [' Spanish', '.', '<|im_end|>', '<|endoftext|>', '<|endoftext|>', '<|endoftext|>', '<|endoftext|>', '<|endoftext|>'] [HIT]
  L27: ' Spanish.<|im_end|><|endoftext|><|endoftext|><|endoftext|><|endoftext|><|endoftext|>' = [' Spanish', '.', '<|im_end|>', '<|endoftext|>', '<|endoftext|>', '<|endoftext|>', '<|endoftext|>', '<|endoftext|>'] [HIT]
  L28: ' Spanish.<|im_end|><|endoftext|><|endoftext|><|endoftext|><|endoftext|><|endoftext|>' = [' Spanish', '.', '<|im_end|>', '<|endoftext|>', '<|endoftext|>', '<|endoftext|>', '<|endoftext|>', '<|endoftext|>'] [HIT]

row 262: base=TH -> source=BY  template=language_prefill_v6
  question: 'Name a language used in the country depicted in this image.'
  prefill : 'A language spoken there is'
  gold base   (expected unhooked) : ' Thai' = [' Thai']
  gold source (expected if swap works): ' Belarusian' = [' Belarus', 'ian']
  unhooked: ' Thai.<|im_end|><|endoftext|><|endoftext|><|endoftext|><|endoftext|><|endoftext|>' = [' Thai', '.', '<|im_end|>', '<|endoftext|>', '<|endoftext|>', '<|endoftext|>', '<|endoftext|>', '<|endoftext|>']
  L19: ' Thai.<|im_end|><|endoftext|><|endoftext|><|endoftext|><|endoftext|><|endoftext|>' = [' Thai', '.', '<|im_end|>', '<|endoftext|>', '<|endoftext|>', '<|endoftext|>', '<|endoftext|>', '<|endoftext|>'] [base]
  L20: ' Thai.<|im_end|><|endoftext|><|endoftext|><|endoftext|><|endoftext|><|endoftext|>' = [' Thai', '.', '<|im_end|>', '<|endoftext|>', '<|endoftext|>', '<|endoftext|>', '<|endoftext|>', '<|endoftext|>'] [base]
  L21: ' Thai.<|im_end|><|endoftext|><|endoftext|><|endoftext|><|endoftext|><|endoftext|>' = [' Thai', '.', '<|im_end|>', '<|endoftext|>', '<|endoftext|>', '<|endoftext|>', '<|endoftext|>', '<|endoftext|>'] [base]
  L22: ' Thai.<|im_end|><|endoftext|><|endoftext|><|endoftext|><|endoftext|><|endoftext|>' = [' Thai', '.', '<|im_end|>', '<|endoftext|>', '<|endoftext|>', '<|endoftext|>', '<|endoftext|>', '<|endoftext|>'] [base]
  L23: ' Russian.<|im_end|><|endoftext|><|endoftext|><|endoftext|><|endoftext|><|endoftext|>' = [' Russian', '.', '<|im_end|>', '<|endoftext|>', '<|endoftext|>', '<|endoftext|>', '<|endoftext|>', '<|endoftext|>'] [other]
  L24: ' Belarusian.<|im_end|><|endoftext|><|endoftext|><|endoftext|><|endoftext|>' = [' Belarus', 'ian', '.', '<|im_end|>', '<|endoftext|>', '<|endoftext|>', '<|endoftext|>', '<|endoftext|>'] [HIT]
  L25: ' Belarusian.<|im_end|><|endoftext|><|endoftext|><|endoftext|><|endoftext|>' = [' Belarus', 'ian', '.', '<|im_end|>', '<|endoftext|>', '<|endoftext|>', '<|endoftext|>', '<|endoftext|>'] [HIT]
  L26: ' Belarusian.<|im_end|><|endoftext|><|endoftext|><|endoftext|><|endoftext|>' = [' Belarus', 'ian', '.', '<|im_end|>', '<|endoftext|>', '<|endoftext|>', '<|endoftext|>', '<|endoftext|>'] [HIT]
  L27: ' Belarusian.<|im_end|><|endoftext|><|endoftext|><|endoftext|><|endoftext|>' = [' Belarus', 'ian', '.', '<|im_end|>', '<|endoftext|>', '<|endoftext|>', '<|endoftext|>', '<|endoftext|>'] [HIT]
  L28: ' Belarusian.<|im_end|><|endoftext|><|endoftext|><|endoftext|><|endoftext|>' = [' Belarus', 'ian', '.', '<|im_end|>', '<|endoftext|>', '<|endoftext|>', '<|endoftext|>', '<|endoftext|>'] [HIT]

row 263: base=FI -> source=IS  template=language_prefill_v4
  question: 'Identify one of the official languages of the country in this image.'
  prefill : 'One official language is'
  gold base   (expected unhooked) : ' Finnish' = [' Finnish']
  gold source (expected if swap works): ' Icelandic' = [' Icelandic']
  unhooked: ' Finnish.<|im_end|><|endoftext|><|endoftext|><|endoftext|><|endoftext|><|endoftext|>' = [' Finnish', '.', '<|im_end|>', '<|endoftext|>', '<|endoftext|>', '<|endoftext|>', '<|endoftext|>', '<|endoftext|>']
  L19: ' Finnish.<|im_end|><|endoftext|><|endoftext|><|endoftext|><|endoftext|><|endoftext|>' = [' Finnish', '.', '<|im_end|>', '<|endoftext|>', '<|endoftext|>', '<|endoftext|>', '<|endoftext|>', '<|endoftext|>'] [base]
  L20: ' Finnish.<|im_end|><|endoftext|><|endoftext|><|endoftext|><|endoftext|><|endoftext|>' = [' Finnish', '.', '<|im_end|>', '<|endoftext|>', '<|endoftext|>', '<|endoftext|>', '<|endoftext|>', '<|endoftext|>'] [base]
  L21: ' Finnish.<|im_end|><|endoftext|><|endoftext|><|endoftext|><|endoftext|><|endoftext|>' = [' Finnish', '.', '<|im_end|>', '<|endoftext|>', '<|endoftext|>', '<|endoftext|>', '<|endoftext|>', '<|endoftext|>'] [base]
  L22: ' Finnish.<|im_end|><|endoftext|><|endoftext|><|endoftext|><|endoftext|><|endoftext|>' = [' Finnish', '.', '<|im_end|>', '<|endoftext|>', '<|endoftext|>', '<|endoftext|>', '<|endoftext|>', '<|endoftext|>'] [base]
  L23: ' Finnish.<|im_end|><|endoftext|><|endoftext|><|endoftext|><|endoftext|><|endoftext|>' = [' Finnish', '.', '<|im_end|>', '<|endoftext|>', '<|endoftext|>', '<|endoftext|>', '<|endoftext|>', '<|endoftext|>'] [base]
  L24: ' Icelandic.<|im_end|><|endoftext|><|endoftext|><|endoftext|><|endoftext|><|endoftext|>' = [' Icelandic', '.', '<|im_end|>', '<|endoftext|>', '<|endoftext|>', '<|endoftext|>', '<|endoftext|>', '<|endoftext|>'] [HIT]
  L25: ' Icelandic.<|im_end|><|endoftext|><|endoftext|><|endoftext|><|endoftext|><|endoftext|>' = [' Icelandic', '.', '<|im_end|>', '<|endoftext|>', '<|endoftext|>', '<|endoftext|>', '<|endoftext|>', '<|endoftext|>'] [HIT]
  L26: ' Icelandic.<|im_end|><|endoftext|><|endoftext|><|endoftext|><|endoftext|><|endoftext|>' = [' Icelandic', '.', '<|im_end|>', '<|endoftext|>', '<|endoftext|>', '<|endoftext|>', '<|endoftext|>', '<|endoftext|>'] [HIT]
  L27: ' Icelandic.<|im_end|><|endoftext|><|endoftext|><|endoftext|><|endoftext|><|endoftext|>' = [' Icelandic', '.', '<|im_end|>', '<|endoftext|>', '<|endoftext|>', '<|endoftext|>', '<|endoftext|>', '<|endoftext|>'] [HIT]
  L28: ' Icelandic.<|im_end|><|endoftext|><|endoftext|><|endoftext|><|endoftext|><|endoftext|>' = [' Icelandic', '.', '<|im_end|>', '<|endoftext|>', '<|endoftext|>', '<|endoftext|>', '<|endoftext|>', '<|endoftext|>'] [HIT]

row 264: base=IN -> source=HN  template=language_prefill_v2
  question: 'What is the official language of the country shown in this flag?'
  prefill : 'The official language is'
  gold base   (expected unhooked) : ' Hindi' = [' Hindi']
  gold source (expected if swap works): ' Spanish' = [' Spanish']
  unhooked: ' Hindi, with English being the second official' = [' Hindi', ',', ' with', ' English', ' being', ' the', ' second', ' official']
  L19: ' Hindi.<|im_end|><|endoftext|><|endoftext|><|endoftext|><|endoftext|><|endoftext|>' = [' Hindi', '.', '<|im_end|>', '<|endoftext|>', '<|endoftext|>', '<|endoftext|>', '<|endoftext|>', '<|endoftext|>'] [base]
  L20: ' Hindi.<|im_end|><|endoftext|><|endoftext|><|endoftext|><|endoftext|><|endoftext|>' = [' Hindi', '.', '<|im_end|>', '<|endoftext|>', '<|endoftext|>', '<|endoftext|>', '<|endoftext|>', '<|endoftext|>'] [base]
  L21: ' Hindi.<|im_end|><|endoftext|><|endoftext|><|endoftext|><|endoftext|><|endoftext|>' = [' Hindi', '.', '<|im_end|>', '<|endoftext|>', '<|endoftext|>', '<|endoftext|>', '<|endoftext|>', '<|endoftext|>'] [base]
  L22: ' Hindi.<|im_end|><|endoftext|><|endoftext|><|endoftext|><|endoftext|><|endoftext|>' = [' Hindi', '.', '<|im_end|>', '<|endoftext|>', '<|endoftext|>', '<|endoftext|>', '<|endoftext|>', '<|endoftext|>'] [base]
  L23: ' Spanish.<|im_end|><|endoftext|><|endoftext|><|endoftext|><|endoftext|><|endoftext|>' = [' Spanish', '.', '<|im_end|>', '<|endoftext|>', '<|endoftext|>', '<|endoftext|>', '<|endoftext|>', '<|endoftext|>'] [HIT]
  L24: ' Spanish.<|im_end|><|endoftext|><|endoftext|><|endoftext|><|endoftext|><|endoftext|>' = [' Spanish', '.', '<|im_end|>', '<|endoftext|>', '<|endoftext|>', '<|endoftext|>', '<|endoftext|>', '<|endoftext|>'] [HIT]
  L25: ' Spanish.<|im_end|><|endoftext|><|endoftext|><|endoftext|><|endoftext|><|endoftext|>' = [' Spanish', '.', '<|im_end|>', '<|endoftext|>', '<|endoftext|>', '<|endoftext|>', '<|endoftext|>', '<|endoftext|>'] [HIT]
  L26: ' Spanish.<|im_end|><|endoftext|><|endoftext|><|endoftext|><|endoftext|><|endoftext|>' = [' Spanish', '.', '<|im_end|>', '<|endoftext|>', '<|endoftext|>', '<|endoftext|>', '<|endoftext|>', '<|endoftext|>'] [HIT]
  L27: ' Spanish.<|im_end|><|endoftext|><|endoftext|><|endoftext|><|endoftext|><|endoftext|>' = [' Spanish', '.', '<|im_end|>', '<|endoftext|>', '<|endoftext|>', '<|endoftext|>', '<|endoftext|>', '<|endoftext|>'] [HIT]
  L28: ' Spanish.<|im_end|><|endoftext|><|endoftext|><|endoftext|><|endoftext|><|endoftext|>' = [' Spanish', '.', '<|im_end|>', '<|endoftext|>', '<|endoftext|>', '<|endoftext|>', '<|endoftext|>', '<|endoftext|>'] [HIT]

row 265: base=CV -> source=IN  template=language_prefill_v4
  question: 'Identify one of the official languages of the country in this image.'
  prefill : 'One official language is'
  gold base   (expected unhooked) : ' Portuguese' = [' Portuguese']
  gold source (expected if swap works): ' Hindi' = [' Hindi']
  unhooked: ' Portuguese.<|im_end|><|endoftext|><|endoftext|><|endoftext|><|endoftext|><|endoftext|>' = [' Portuguese', '.', '<|im_end|>', '<|endoftext|>', '<|endoftext|>', '<|endoftext|>', '<|endoftext|>', '<|endoftext|>']
  L19: ' Portuguese.<|im_end|><|endoftext|><|endoftext|><|endoftext|><|endoftext|><|endoftext|>' = [' Portuguese', '.', '<|im_end|>', '<|endoftext|>', '<|endoftext|>', '<|endoftext|>', '<|endoftext|>', '<|endoftext|>'] [base]
  L20: ' Portuguese.<|im_end|><|endoftext|><|endoftext|><|endoftext|><|endoftext|><|endoftext|>' = [' Portuguese', '.', '<|im_end|>', '<|endoftext|>', '<|endoftext|>', '<|endoftext|>', '<|endoftext|>', '<|endoftext|>'] [base]
  L21: ' Portuguese.<|im_end|><|endoftext|><|endoftext|><|endoftext|><|endoftext|><|endoftext|>' = [' Portuguese', '.', '<|im_end|>', '<|endoftext|>', '<|endoftext|>', '<|endoftext|>', '<|endoftext|>', '<|endoftext|>'] [base]
  L22: ' Portuguese.<|im_end|><|endoftext|><|endoftext|><|endoftext|><|endoftext|><|endoftext|>' = [' Portuguese', '.', '<|im_end|>', '<|endoftext|>', '<|endoftext|>', '<|endoftext|>', '<|endoftext|>', '<|endoftext|>'] [base]
  L23: ' Hindi.<|im_end|><|endoftext|><|endoftext|><|endoftext|><|endoftext|><|endoftext|>' = [' Hindi', '.', '<|im_end|>', '<|endoftext|>', '<|endoftext|>', '<|endoftext|>', '<|endoftext|>', '<|endoftext|>'] [HIT]
  L24: ' Hindi.<|im_end|><|endoftext|><|endoftext|><|endoftext|><|endoftext|><|endoftext|>' = [' Hindi', '.', '<|im_end|>', '<|endoftext|>', '<|endoftext|>', '<|endoftext|>', '<|endoftext|>', '<|endoftext|>'] [HIT]
  L25: ' Hindi.<|im_end|><|endoftext|><|endoftext|><|endoftext|><|endoftext|><|endoftext|>' = [' Hindi', '.', '<|im_end|>', '<|endoftext|>', '<|endoftext|>', '<|endoftext|>', '<|endoftext|>', '<|endoftext|>'] [HIT]
  L26: ' Hindi.<|im_end|><|endoftext|><|endoftext|><|endoftext|><|endoftext|><|endoftext|>' = [' Hindi', '.', '<|im_end|>', '<|endoftext|>', '<|endoftext|>', '<|endoftext|>', '<|endoftext|>', '<|endoftext|>'] [HIT]
  L27: ' Hindi.<|im_end|><|endoftext|><|endoftext|><|endoftext|><|endoftext|><|endoftext|>' = [' Hindi', '.', '<|im_end|>', '<|endoftext|>', '<|endoftext|>', '<|endoftext|>', '<|endoftext|>', '<|endoftext|>'] [HIT]
  L28: ' Hindi.<|im_end|><|endoftext|><|endoftext|><|endoftext|><|endoftext|><|endoftext|>' = [' Hindi', '.', '<|im_end|>', '<|endoftext|>', '<|endoftext|>', '<|endoftext|>', '<|endoftext|>', '<|endoftext|>'] [HIT]

row 266: base=GR -> source=CL  template=language_prefill_v3
  question: 'Tell me a language spoken in the country in this image.'
  prefill : 'A language spoken there is'
  gold base   (expected unhooked) : ' Greek' = [' Greek']
  gold source (expected if swap works): ' Spanish' = [' Spanish']
  unhooked: ' Greek.<|im_end|><|endoftext|><|endoftext|><|endoftext|><|endoftext|><|endoftext|>' = [' Greek', '.', '<|im_end|>', '<|endoftext|>', '<|endoftext|>', '<|endoftext|>', '<|endoftext|>', '<|endoftext|>']
  L19: ' Greek.<|im_end|><|endoftext|><|endoftext|><|endoftext|><|endoftext|><|endoftext|>' = [' Greek', '.', '<|im_end|>', '<|endoftext|>', '<|endoftext|>', '<|endoftext|>', '<|endoftext|>', '<|endoftext|>'] [base]
  L20: ' Greek.<|im_end|><|endoftext|><|endoftext|><|endoftext|><|endoftext|><|endoftext|>' = [' Greek', '.', '<|im_end|>', '<|endoftext|>', '<|endoftext|>', '<|endoftext|>', '<|endoftext|>', '<|endoftext|>'] [base]
  L21: ' Greek.<|im_end|><|endoftext|><|endoftext|><|endoftext|><|endoftext|><|endoftext|>' = [' Greek', '.', '<|im_end|>', '<|endoftext|>', '<|endoftext|>', '<|endoftext|>', '<|endoftext|>', '<|endoftext|>'] [base]
  L22: ' Greek.<|im_end|><|endoftext|><|endoftext|><|endoftext|><|endoftext|><|endoftext|>' = [' Greek', '.', '<|im_end|>', '<|endoftext|>', '<|endoftext|>', '<|endoftext|>', '<|endoftext|>', '<|endoftext|>'] [base]
  L23: ' Spanish.<|im_end|><|endoftext|><|endoftext|><|endoftext|><|endoftext|><|endoftext|>' = [' Spanish', '.', '<|im_end|>', '<|endoftext|>', '<|endoftext|>', '<|endoftext|>', '<|endoftext|>', '<|endoftext|>'] [HIT]
  L24: ' Spanish.<|im_end|><|endoftext|><|endoftext|><|endoftext|><|endoftext|><|endoftext|>' = [' Spanish', '.', '<|im_end|>', '<|endoftext|>', '<|endoftext|>', '<|endoftext|>', '<|endoftext|>', '<|endoftext|>'] [HIT]
  L25: ' Spanish.<|im_end|><|endoftext|><|endoftext|><|endoftext|><|endoftext|><|endoftext|>' = [' Spanish', '.', '<|im_end|>', '<|endoftext|>', '<|endoftext|>', '<|endoftext|>', '<|endoftext|>', '<|endoftext|>'] [HIT]
  L26: ' Spanish.<|im_end|><|endoftext|><|endoftext|><|endoftext|><|endoftext|><|endoftext|>' = [' Spanish', '.', '<|im_end|>', '<|endoftext|>', '<|endoftext|>', '<|endoftext|>', '<|endoftext|>', '<|endoftext|>'] [HIT]
  L27: ' Spanish.<|im_end|><|endoftext|><|endoftext|><|endoftext|><|endoftext|><|endoftext|>' = [' Spanish', '.', '<|im_end|>', '<|endoftext|>', '<|endoftext|>', '<|endoftext|>', '<|endoftext|>', '<|endoftext|>'] [HIT]
  L28: ' Spanish.<|im_end|><|endoftext|><|endoftext|><|endoftext|><|endoftext|><|endoftext|>' = [' Spanish', '.', '<|im_end|>', '<|endoftext|>', '<|endoftext|>', '<|endoftext|>', '<|endoftext|>', '<|endoftext|>'] [HIT]

row 267: base=GH -> source=MA  template=language_prefill_v2
  question: 'What is the official language of the country shown in this flag?'
  prefill : 'The official language is'
  gold base   (expected unhooked) : ' English' = [' English']
  gold source (expected if swap works): ' Arabic' = [' Arabic']
  unhooked: ' English.<|im_end|><|endoftext|><|endoftext|><|endoftext|><|endoftext|><|endoftext|>' = [' English', '.', '<|im_end|>', '<|endoftext|>', '<|endoftext|>', '<|endoftext|>', '<|endoftext|>', '<|endoftext|>']
  L19: ' English.<|im_end|><|endoftext|><|endoftext|><|endoftext|><|endoftext|><|endoftext|>' = [' English', '.', '<|im_end|>', '<|endoftext|>', '<|endoftext|>', '<|endoftext|>', '<|endoftext|>', '<|endoftext|>'] [base]
  L20: ' English.<|im_end|><|endoftext|><|endoftext|><|endoftext|><|endoftext|><|endoftext|>' = [' English', '.', '<|im_end|>', '<|endoftext|>', '<|endoftext|>', '<|endoftext|>', '<|endoftext|>', '<|endoftext|>'] [base]
  L21: ' English.<|im_end|><|endoftext|><|endoftext|><|endoftext|><|endoftext|><|endoftext|>' = [' English', '.', '<|im_end|>', '<|endoftext|>', '<|endoftext|>', '<|endoftext|>', '<|endoftext|>', '<|endoftext|>'] [base]
  L22: ' English.<|im_end|><|endoftext|><|endoftext|><|endoftext|><|endoftext|><|endoftext|>' = [' English', '.', '<|im_end|>', '<|endoftext|>', '<|endoftext|>', '<|endoftext|>', '<|endoftext|>', '<|endoftext|>'] [base]
  L23: ' Arabic.<|im_end|><|endoftext|><|endoftext|><|endoftext|><|endoftext|><|endoftext|>' = [' Arabic', '.', '<|im_end|>', '<|endoftext|>', '<|endoftext|>', '<|endoftext|>', '<|endoftext|>', '<|endoftext|>'] [HIT]
  L24: ' Arabic.<|im_end|><|endoftext|><|endoftext|><|endoftext|><|endoftext|><|endoftext|>' = [' Arabic', '.', '<|im_end|>', '<|endoftext|>', '<|endoftext|>', '<|endoftext|>', '<|endoftext|>', '<|endoftext|>'] [HIT]
  L25: ' Arabic.<|im_end|><|endoftext|><|endoftext|><|endoftext|><|endoftext|><|endoftext|>' = [' Arabic', '.', '<|im_end|>', '<|endoftext|>', '<|endoftext|>', '<|endoftext|>', '<|endoftext|>', '<|endoftext|>'] [HIT]
  L26: ' Arabic.<|im_end|><|endoftext|><|endoftext|><|endoftext|><|endoftext|><|endoftext|>' = [' Arabic', '.', '<|im_end|>', '<|endoftext|>', '<|endoftext|>', '<|endoftext|>', '<|endoftext|>', '<|endoftext|>'] [HIT]
  L27: ' Arabic.<|im_end|><|endoftext|><|endoftext|><|endoftext|><|endoftext|><|endoftext|>' = [' Arabic', '.', '<|im_end|>', '<|endoftext|>', '<|endoftext|>', '<|endoftext|>', '<|endoftext|>', '<|endoftext|>'] [HIT]
  L28: ' Arabic.<|im_end|><|endoftext|><|endoftext|><|endoftext|><|endoftext|><|endoftext|>' = [' Arabic', '.', '<|im_end|>', '<|endoftext|>', '<|endoftext|>', '<|endoftext|>', '<|endoftext|>', '<|endoftext|>'] [HIT]

row 268: base=UA -> source=HN  template=language_prefill_v3
  question: 'Tell me a language spoken in the country in this image.'
  prefill : 'A language spoken there is'
  gold base   (expected unhooked) : ' Ukrainian' = [' Ukrainian']
  gold source (expected if swap works): ' Spanish' = [' Spanish']
  unhooked: ' Ukrainian.<|im_end|><|endoftext|><|endoftext|><|endoftext|><|endoftext|><|endoftext|>' = [' Ukrainian', '.', '<|im_end|>', '<|endoftext|>', '<|endoftext|>', '<|endoftext|>', '<|endoftext|>', '<|endoftext|>']
  L19: ' Ukrainian.<|im_end|><|endoftext|><|endoftext|><|endoftext|><|endoftext|><|endoftext|>' = [' Ukrainian', '.', '<|im_end|>', '<|endoftext|>', '<|endoftext|>', '<|endoftext|>', '<|endoftext|>', '<|endoftext|>'] [base]
  L20: ' Ukrainian.<|im_end|><|endoftext|><|endoftext|><|endoftext|><|endoftext|><|endoftext|>' = [' Ukrainian', '.', '<|im_end|>', '<|endoftext|>', '<|endoftext|>', '<|endoftext|>', '<|endoftext|>', '<|endoftext|>'] [base]
  L21: ' Ukrainian.<|im_end|><|endoftext|><|endoftext|><|endoftext|><|endoftext|><|endoftext|>' = [' Ukrainian', '.', '<|im_end|>', '<|endoftext|>', '<|endoftext|>', '<|endoftext|>', '<|endoftext|>', '<|endoftext|>'] [base]
  L22: ' Ukrainian.<|im_end|><|endoftext|><|endoftext|><|endoftext|><|endoftext|><|endoftext|>' = [' Ukrainian', '.', '<|im_end|>', '<|endoftext|>', '<|endoftext|>', '<|endoftext|>', '<|endoftext|>', '<|endoftext|>'] [base]
  L23: ' Spanish.<|im_end|><|endoftext|><|endoftext|><|endoftext|><|endoftext|><|endoftext|>' = [' Spanish', '.', '<|im_end|>', '<|endoftext|>', '<|endoftext|>', '<|endoftext|>', '<|endoftext|>', '<|endoftext|>'] [HIT]
  L24: ' Spanish.<|im_end|><|endoftext|><|endoftext|><|endoftext|><|endoftext|><|endoftext|>' = [' Spanish', '.', '<|im_end|>', '<|endoftext|>', '<|endoftext|>', '<|endoftext|>', '<|endoftext|>', '<|endoftext|>'] [HIT]
  L25: ' Spanish.<|im_end|><|endoftext|><|endoftext|><|endoftext|><|endoftext|><|endoftext|>' = [' Spanish', '.', '<|im_end|>', '<|endoftext|>', '<|endoftext|>', '<|endoftext|>', '<|endoftext|>', '<|endoftext|>'] [HIT]
  L26: ' Spanish.<|im_end|><|endoftext|><|endoftext|><|endoftext|><|endoftext|><|endoftext|>' = [' Spanish', '.', '<|im_end|>', '<|endoftext|>', '<|endoftext|>', '<|endoftext|>', '<|endoftext|>', '<|endoftext|>'] [HIT]
  L27: ' Spanish.<|im_end|><|endoftext|><|endoftext|><|endoftext|><|endoftext|><|endoftext|>' = [' Spanish', '.', '<|im_end|>', '<|endoftext|>', '<|endoftext|>', '<|endoftext|>', '<|endoftext|>', '<|endoftext|>'] [HIT]
  L28: ' Spanish.<|im_end|><|endoftext|><|endoftext|><|endoftext|><|endoftext|><|endoftext|>' = [' Spanish', '.', '<|im_end|>', '<|endoftext|>', '<|endoftext|>', '<|endoftext|>', '<|endoftext|>', '<|endoftext|>'] [HIT]

row 269: base=MX -> source=GR  template=language_prefill_v2
  question: 'What is the official language of the country shown in this flag?'
  prefill : 'The official language is'
  gold base   (expected unhooked) : ' Spanish' = [' Spanish']
  gold source (expected if swap works): ' Greek' = [' Greek']
  unhooked: ' Spanish.<|im_end|><|endoftext|><|endoftext|><|endoftext|><|endoftext|><|endoftext|>' = [' Spanish', '.', '<|im_end|>', '<|endoftext|>', '<|endoftext|>', '<|endoftext|>', '<|endoftext|>', '<|endoftext|>']
  L19: ' Spanish.<|im_end|><|endoftext|><|endoftext|><|endoftext|><|endoftext|><|endoftext|>' = [' Spanish', '.', '<|im_end|>', '<|endoftext|>', '<|endoftext|>', '<|endoftext|>', '<|endoftext|>', '<|endoftext|>'] [base]
  L20: ' Spanish.<|im_end|><|endoftext|><|endoftext|><|endoftext|><|endoftext|><|endoftext|>' = [' Spanish', '.', '<|im_end|>', '<|endoftext|>', '<|endoftext|>', '<|endoftext|>', '<|endoftext|>', '<|endoftext|>'] [base]
  L21: ' Spanish.<|im_end|><|endoftext|><|endoftext|><|endoftext|><|endoftext|><|endoftext|>' = [' Spanish', '.', '<|im_end|>', '<|endoftext|>', '<|endoftext|>', '<|endoftext|>', '<|endoftext|>', '<|endoftext|>'] [base]
  L22: ' Spanish.<|im_end|><|endoftext|><|endoftext|><|endoftext|><|endoftext|><|endoftext|>' = [' Spanish', '.', '<|im_end|>', '<|endoftext|>', '<|endoftext|>', '<|endoftext|>', '<|endoftext|>', '<|endoftext|>'] [base]
  L23: ' Greek.<|im_end|><|endoftext|><|endoftext|><|endoftext|><|endoftext|><|endoftext|>' = [' Greek', '.', '<|im_end|>', '<|endoftext|>', '<|endoftext|>', '<|endoftext|>', '<|endoftext|>', '<|endoftext|>'] [HIT]
  L24: ' Greek.<|im_end|><|endoftext|><|endoftext|><|endoftext|><|endoftext|><|endoftext|>' = [' Greek', '.', '<|im_end|>', '<|endoftext|>', '<|endoftext|>', '<|endoftext|>', '<|endoftext|>', '<|endoftext|>'] [HIT]
  L25: ' Greek.<|im_end|><|endoftext|><|endoftext|><|endoftext|><|endoftext|><|endoftext|>' = [' Greek', '.', '<|im_end|>', '<|endoftext|>', '<|endoftext|>', '<|endoftext|>', '<|endoftext|>', '<|endoftext|>'] [HIT]
  L26: ' Greek.<|im_end|><|endoftext|><|endoftext|><|endoftext|><|endoftext|><|endoftext|>' = [' Greek', '.', '<|im_end|>', '<|endoftext|>', '<|endoftext|>', '<|endoftext|>', '<|endoftext|>', '<|endoftext|>'] [HIT]
  L27: ' Greek.<|im_end|><|endoftext|><|endoftext|><|endoftext|><|endoftext|><|endoftext|>' = [' Greek', '.', '<|im_end|>', '<|endoftext|>', '<|endoftext|>', '<|endoftext|>', '<|endoftext|>', '<|endoftext|>'] [HIT]
  L28: ' Greek.<|im_end|><|endoftext|><|endoftext|><|endoftext|><|endoftext|><|endoftext|>' = [' Greek', '.', '<|im_end|>', '<|endoftext|>', '<|endoftext|>', '<|endoftext|>', '<|endoftext|>', '<|endoftext|>'] [HIT]

row 270: base=IS -> source=UG  template=language_prefill_v1
  question: 'Name an official language of the country in this image.'
  prefill : 'One official language is'
  gold base   (expected unhooked) : ' Icelandic' = [' Icelandic']
  gold source (expected if swap works): ' English' = [' English']
  unhooked: ' Icelandic.<|im_end|><|endoftext|><|endoftext|><|endoftext|><|endoftext|><|endoftext|>' = [' Icelandic', '.', '<|im_end|>', '<|endoftext|>', '<|endoftext|>', '<|endoftext|>', '<|endoftext|>', '<|endoftext|>']
  L19: ' Icelandic.<|im_end|><|endoftext|><|endoftext|><|endoftext|><|endoftext|><|endoftext|>' = [' Icelandic', '.', '<|im_end|>', '<|endoftext|>', '<|endoftext|>', '<|endoftext|>', '<|endoftext|>', '<|endoftext|>'] [base]
  L20: ' Icelandic.<|im_end|><|endoftext|><|endoftext|><|endoftext|><|endoftext|><|endoftext|>' = [' Icelandic', '.', '<|im_end|>', '<|endoftext|>', '<|endoftext|>', '<|endoftext|>', '<|endoftext|>', '<|endoftext|>'] [base]
  L21: ' Icelandic.<|im_end|><|endoftext|><|endoftext|><|endoftext|><|endoftext|><|endoftext|>' = [' Icelandic', '.', '<|im_end|>', '<|endoftext|>', '<|endoftext|>', '<|endoftext|>', '<|endoftext|>', '<|endoftext|>'] [base]
  L22: ' Icelandic.<|im_end|><|endoftext|><|endoftext|><|endoftext|><|endoftext|><|endoftext|>' = [' Icelandic', '.', '<|im_end|>', '<|endoftext|>', '<|endoftext|>', '<|endoftext|>', '<|endoftext|>', '<|endoftext|>'] [base]
  L23: ' English.<|im_end|><|endoftext|><|endoftext|><|endoftext|><|endoftext|><|endoftext|>' = [' English', '.', '<|im_end|>', '<|endoftext|>', '<|endoftext|>', '<|endoftext|>', '<|endoftext|>', '<|endoftext|>'] [HIT]
  L24: ' English.<|im_end|><|endoftext|><|endoftext|><|endoftext|><|endoftext|><|endoftext|>' = [' English', '.', '<|im_end|>', '<|endoftext|>', '<|endoftext|>', '<|endoftext|>', '<|endoftext|>', '<|endoftext|>'] [HIT]
  L25: ' English.<|im_end|><|endoftext|><|endoftext|><|endoftext|><|endoftext|><|endoftext|>' = [' English', '.', '<|im_end|>', '<|endoftext|>', '<|endoftext|>', '<|endoftext|>', '<|endoftext|>', '<|endoftext|>'] [HIT]
  L26: ' English.<|im_end|><|endoftext|><|endoftext|><|endoftext|><|endoftext|><|endoftext|>' = [' English', '.', '<|im_end|>', '<|endoftext|>', '<|endoftext|>', '<|endoftext|>', '<|endoftext|>', '<|endoftext|>'] [HIT]
  L27: ' English.<|im_end|><|endoftext|><|endoftext|><|endoftext|><|endoftext|><|endoftext|>' = [' English', '.', '<|im_end|>', '<|endoftext|>', '<|endoftext|>', '<|endoftext|>', '<|endoftext|>', '<|endoftext|>'] [HIT]
  L28: ' English.<|im_end|><|endoftext|><|endoftext|><|endoftext|><|endoftext|><|endoftext|>' = [' English', '.', '<|im_end|>', '<|endoftext|>', '<|endoftext|>', '<|endoftext|>', '<|endoftext|>', '<|endoftext|>'] [HIT]

row 271: base=UG -> source=PT  template=language_prefill_v6
  question: 'Name a language used in the country depicted in this image.'
  prefill : 'A language spoken there is'
  gold base   (expected unhooked) : ' English' = [' English']
  gold source (expected if swap works): ' Portuguese' = [' Portuguese']
  unhooked: ' English, which is one of the official' = [' English', ',', ' which', ' is', ' one', ' of', ' the', ' official']
  L19: ' English, which is one of the official' = [' English', ',', ' which', ' is', ' one', ' of', ' the', ' official'] [base]
  L20: ' English, which is one of the official' = [' English', ',', ' which', ' is', ' one', ' of', ' the', ' official'] [base]
  L21: ' English, which is one of the official' = [' English', ',', ' which', ' is', ' one', ' of', ' the', ' official'] [base]
  L22: ' English, which is one of the official' = [' English', ',', ' which', ' is', ' one', ' of', ' the', ' official'] [base]
  L23: ' Portuguese, as the flag depicted is that' = [' Portuguese', ',', ' as', ' the', ' flag', ' depicted', ' is', ' that'] [HIT]
  L24: ' Portuguese, as the flag depicted is that' = [' Portuguese', ',', ' as', ' the', ' flag', ' depicted', ' is', ' that'] [HIT]
  L25: ' Portuguese, as the flag depicted is that' = [' Portuguese', ',', ' as', ' the', ' flag', ' depicted', ' is', ' that'] [HIT]
  L26: ' Portuguese, as the flag depicted is that' = [' Portuguese', ',', ' as', ' the', ' flag', ' depicted', ' is', ' that'] [HIT]
  L27: ' Portuguese, as the flag depicted is that' = [' Portuguese', ',', ' as', ' the', ' flag', ' depicted', ' is', ' that'] [HIT]
  L28: ' Portuguese, as the flag depicted is that' = [' Portuguese', ',', ' as', ' the', ' flag', ' depicted', ' is', ' that'] [HIT]

row 272: base=SE -> source=FI  template=language_prefill_v6
  question: 'Name a language used in the country depicted in this image.'
  prefill : 'A language spoken there is'
  gold base   (expected unhooked) : ' Swedish' = [' Swedish']
  gold source (expected if swap works): ' Finnish' = [' Finnish']
  unhooked: ' Swedish.<|im_end|><|endoftext|><|endoftext|><|endoftext|><|endoftext|><|endoftext|>' = [' Swedish', '.', '<|im_end|>', '<|endoftext|>', '<|endoftext|>', '<|endoftext|>', '<|endoftext|>', '<|endoftext|>']
  L19: ' Swedish.<|im_end|><|endoftext|><|endoftext|><|endoftext|><|endoftext|><|endoftext|>' = [' Swedish', '.', '<|im_end|>', '<|endoftext|>', '<|endoftext|>', '<|endoftext|>', '<|endoftext|>', '<|endoftext|>'] [base]
  L20: ' Swedish.<|im_end|><|endoftext|><|endoftext|><|endoftext|><|endoftext|><|endoftext|>' = [' Swedish', '.', '<|im_end|>', '<|endoftext|>', '<|endoftext|>', '<|endoftext|>', '<|endoftext|>', '<|endoftext|>'] [base]
  L21: ' Swedish.<|im_end|><|endoftext|><|endoftext|><|endoftext|><|endoftext|><|endoftext|>' = [' Swedish', '.', '<|im_end|>', '<|endoftext|>', '<|endoftext|>', '<|endoftext|>', '<|endoftext|>', '<|endoftext|>'] [base]
  L22: ' Swedish.<|im_end|><|endoftext|><|endoftext|><|endoftext|><|endoftext|><|endoftext|>' = [' Swedish', '.', '<|im_end|>', '<|endoftext|>', '<|endoftext|>', '<|endoftext|>', '<|endoftext|>', '<|endoftext|>'] [base]
  L23: ' Swedish.<|im_end|><|endoftext|><|endoftext|><|endoftext|><|endoftext|><|endoftext|>' = [' Swedish', '.', '<|im_end|>', '<|endoftext|>', '<|endoftext|>', '<|endoftext|>', '<|endoftext|>', '<|endoftext|>'] [base]
  L24: ' Finnish.<|im_end|><|endoftext|>' = [' Finnish', '.', '<|im_end|>', '<|endoftext|>'] [HIT]
  L25: ' Finnish.<|im_end|><|endoftext|>' = [' Finnish', '.', '<|im_end|>', '<|endoftext|>'] [HIT]
  L26: ' Finnish.<|im_end|><|endoftext|>' = [' Finnish', '.', '<|im_end|>', '<|endoftext|>'] [HIT]
  L27: ' Finnish.<|im_end|><|endoftext|>' = [' Finnish', '.', '<|im_end|>', '<|endoftext|>'] [HIT]
  L28: ' Finnish.<|im_end|><|endoftext|>' = [' Finnish', '.', '<|im_end|>', '<|endoftext|>'] [HIT]

row 273: base=UG -> source=SE  template=language_prefill_v6
  question: 'Name a language used in the country depicted in this image.'
  prefill : 'A language spoken there is'
  gold base   (expected unhooked) : ' English' = [' English']
  gold source (expected if swap works): ' Swedish' = [' Swedish']
  unhooked: ' English, which is one of the official' = [' English', ',', ' which', ' is', ' one', ' of', ' the', ' official']
  L19: ' English, which is one of the official' = [' English', ',', ' which', ' is', ' one', ' of', ' the', ' official'] [base]
  L20: ' English, which is one of the official' = [' English', ',', ' which', ' is', ' one', ' of', ' the', ' official'] [base]
  L21: ' English, which is one of the official' = [' English', ',', ' which', ' is', ' one', ' of', ' the', ' official'] [base]
  L22: ' English, which is one of the official' = [' English', ',', ' which', ' is', ' one', ' of', ' the', ' official'] [base]
  L23: ' Swedish.<|im_end|><|endoftext|><|endoftext|><|endoftext|><|endoftext|><|endoftext|>' = [' Swedish', '.', '<|im_end|>', '<|endoftext|>', '<|endoftext|>', '<|endoftext|>', '<|endoftext|>', '<|endoftext|>'] [HIT]
  L24: ' Swedish.<|im_end|><|endoftext|>' = [' Swedish', '.', '<|im_end|>', '<|endoftext|>'] [HIT]
  L25: ' Swedish.<|im_end|><|endoftext|>' = [' Swedish', '.', '<|im_end|>', '<|endoftext|>'] [HIT]
  L26: ' Swedish.<|im_end|><|endoftext|>' = [' Swedish', '.', '<|im_end|>', '<|endoftext|>'] [HIT]
  L27: ' Swedish.<|im_end|><|endoftext|>' = [' Swedish', '.', '<|im_end|>', '<|endoftext|>'] [HIT]
  L28: ' Swedish.<|im_end|><|endoftext|>' = [' Swedish', '.', '<|im_end|>', '<|endoftext|>'] [HIT]

row 274: base=AR -> source=BY  template=language_prefill_v4
  question: 'Identify one of the official languages of the country in this image.'
  prefill : 'One official language is'
  gold base   (expected unhooked) : ' Guaraní' = [' Gu', 'aran', 'í']
  gold source (expected if swap works): ' Belarusian' = [' Belarus', 'ian']
  unhooked: ' Spanish.<|im_end|><|endoftext|><|endoftext|><|endoftext|><|endoftext|><|endoftext|>' = [' Spanish', '.', '<|im_end|>', '<|endoftext|>', '<|endoftext|>', '<|endoftext|>', '<|endoftext|>', '<|endoftext|>']
  L19: ' Spanish.<|im_end|><|endoftext|><|endoftext|><|endoftext|><|endoftext|><|endoftext|>' = [' Spanish', '.', '<|im_end|>', '<|endoftext|>', '<|endoftext|>', '<|endoftext|>', '<|endoftext|>', '<|endoftext|>'] [other]
  L20: ' Spanish.<|im_end|><|endoftext|><|endoftext|><|endoftext|><|endoftext|><|endoftext|>' = [' Spanish', '.', '<|im_end|>', '<|endoftext|>', '<|endoftext|>', '<|endoftext|>', '<|endoftext|>', '<|endoftext|>'] [other]
  L21: ' Spanish.<|im_end|><|endoftext|><|endoftext|><|endoftext|><|endoftext|><|endoftext|>' = [' Spanish', '.', '<|im_end|>', '<|endoftext|>', '<|endoftext|>', '<|endoftext|>', '<|endoftext|>', '<|endoftext|>'] [other]
  L22: ' Spanish.<|im_end|><|endoftext|><|endoftext|><|endoftext|><|endoftext|><|endoftext|>' = [' Spanish', '.', '<|im_end|>', '<|endoftext|>', '<|endoftext|>', '<|endoftext|>', '<|endoftext|>', '<|endoftext|>'] [other]
  L23: ' Russian.<|im_end|><|endoftext|><|endoftext|><|endoftext|><|endoftext|><|endoftext|>' = [' Russian', '.', '<|im_end|>', '<|endoftext|>', '<|endoftext|>', '<|endoftext|>', '<|endoftext|>', '<|endoftext|>'] [other]
  L24: ' Belarusian.<|im_end|>' = [' Belarus', 'ian', '.', '<|im_end|>'] [HIT]
  L25: ' Belarusian.<|im_end|>' = [' Belarus', 'ian', '.', '<|im_end|>'] [HIT]
  L26: ' Belarusian.<|im_end|>' = [' Belarus', 'ian', '.', '<|im_end|>'] [HIT]
  L27: ' Belarusian.<|im_end|>' = [' Belarus', 'ian', '.', '<|im_end|>'] [HIT]
  L28: ' Belarusian.<|im_end|>' = [' Belarus', 'ian', '.', '<|im_end|>'] [HIT]

row 275: base=MA -> source=PT  template=language_prefill_v2
  question: 'What is the official language of the country shown in this flag?'
  prefill : 'The official language is'
  gold base   (expected unhooked) : ' Arabic' = [' Arabic']
  gold source (expected if swap works): ' Portuguese' = [' Portuguese']
  unhooked: ' Arabic.<|im_end|><|endoftext|><|endoftext|><|endoftext|><|endoftext|><|endoftext|>' = [' Arabic', '.', '<|im_end|>', '<|endoftext|>', '<|endoftext|>', '<|endoftext|>', '<|endoftext|>', '<|endoftext|>']
  L19: ' Arabic.<|im_end|><|endoftext|><|endoftext|><|endoftext|><|endoftext|><|endoftext|>' = [' Arabic', '.', '<|im_end|>', '<|endoftext|>', '<|endoftext|>', '<|endoftext|>', '<|endoftext|>', '<|endoftext|>'] [base]
  L20: ' Arabic.<|im_end|><|endoftext|><|endoftext|><|endoftext|><|endoftext|><|endoftext|>' = [' Arabic', '.', '<|im_end|>', '<|endoftext|>', '<|endoftext|>', '<|endoftext|>', '<|endoftext|>', '<|endoftext|>'] [base]
  L21: ' Arabic.<|im_end|><|endoftext|><|endoftext|><|endoftext|><|endoftext|><|endoftext|>' = [' Arabic', '.', '<|im_end|>', '<|endoftext|>', '<|endoftext|>', '<|endoftext|>', '<|endoftext|>', '<|endoftext|>'] [base]
  L22: ' Arabic.<|im_end|><|endoftext|><|endoftext|><|endoftext|><|endoftext|><|endoftext|>' = [' Arabic', '.', '<|im_end|>', '<|endoftext|>', '<|endoftext|>', '<|endoftext|>', '<|endoftext|>', '<|endoftext|>'] [base]
  L23: ' Portuguese.<|im_end|><|endoftext|><|endoftext|><|endoftext|><|endoftext|><|endoftext|>' = [' Portuguese', '.', '<|im_end|>', '<|endoftext|>', '<|endoftext|>', '<|endoftext|>', '<|endoftext|>', '<|endoftext|>'] [HIT]
  L24: ' Portuguese.<|im_end|><|endoftext|>' = [' Portuguese', '.', '<|im_end|>', '<|endoftext|>'] [HIT]
  L25: ' Portuguese.<|im_end|><|endoftext|>' = [' Portuguese', '.', '<|im_end|>', '<|endoftext|>'] [HIT]
  L26: ' Portuguese.<|im_end|><|endoftext|>' = [' Portuguese', '.', '<|im_end|>', '<|endoftext|>'] [HIT]
  L27: ' Portuguese.<|im_end|><|endoftext|>' = [' Portuguese', '.', '<|im_end|>', '<|endoftext|>'] [HIT]
  L28: ' Portuguese.<|im_end|><|endoftext|>' = [' Portuguese', '.', '<|im_end|>', '<|endoftext|>'] [HIT]

row 276: base=ZM -> source=HN  template=language_prefill_v5
  question: 'What language is officially spoken in the country shown in this flag?'
  prefill : 'The official language is'
  gold base   (expected unhooked) : ' English' = [' English']
  gold source (expected if swap works): ' Spanish' = [' Spanish']
  unhooked: ' English.<|im_end|><|endoftext|><|endoftext|><|endoftext|><|endoftext|><|endoftext|>' = [' English', '.', '<|im_end|>', '<|endoftext|>', '<|endoftext|>', '<|endoftext|>', '<|endoftext|>', '<|endoftext|>']
  L19: ' English.<|im_end|><|endoftext|><|endoftext|><|endoftext|><|endoftext|><|endoftext|>' = [' English', '.', '<|im_end|>', '<|endoftext|>', '<|endoftext|>', '<|endoftext|>', '<|endoftext|>', '<|endoftext|>'] [base]
  L20: ' English.<|im_end|><|endoftext|><|endoftext|><|endoftext|><|endoftext|><|endoftext|>' = [' English', '.', '<|im_end|>', '<|endoftext|>', '<|endoftext|>', '<|endoftext|>', '<|endoftext|>', '<|endoftext|>'] [base]
  L21: ' English.<|im_end|><|endoftext|><|endoftext|><|endoftext|><|endoftext|><|endoftext|>' = [' English', '.', '<|im_end|>', '<|endoftext|>', '<|endoftext|>', '<|endoftext|>', '<|endoftext|>', '<|endoftext|>'] [base]
  L22: ' English.<|im_end|><|endoftext|><|endoftext|><|endoftext|><|endoftext|><|endoftext|>' = [' English', '.', '<|im_end|>', '<|endoftext|>', '<|endoftext|>', '<|endoftext|>', '<|endoftext|>', '<|endoftext|>'] [base]
  L23: ' Spanish.<|im_end|><|endoftext|><|endoftext|><|endoftext|><|endoftext|><|endoftext|>' = [' Spanish', '.', '<|im_end|>', '<|endoftext|>', '<|endoftext|>', '<|endoftext|>', '<|endoftext|>', '<|endoftext|>'] [HIT]
  L24: ' Spanish.<|im_end|><|endoftext|>' = [' Spanish', '.', '<|im_end|>', '<|endoftext|>'] [HIT]
  L25: ' Spanish.<|im_end|><|endoftext|>' = [' Spanish', '.', '<|im_end|>', '<|endoftext|>'] [HIT]
  L26: ' Spanish.<|im_end|><|endoftext|>' = [' Spanish', '.', '<|im_end|>', '<|endoftext|>'] [HIT]
  L27: ' Spanish.<|im_end|><|endoftext|>' = [' Spanish', '.', '<|im_end|>', '<|endoftext|>'] [HIT]
  L28: ' Spanish.<|im_end|><|endoftext|>' = [' Spanish', '.', '<|im_end|>', '<|endoftext|>'] [HIT]

row 277: base=MU -> source=CV  template=language_prefill_v4
  question: 'Identify one of the official languages of the country in this image.'
  prefill : 'One official language is'
  gold base   (expected unhooked) : ' French' = [' French']
  gold source (expected if swap works): ' Portuguese' = [' Portuguese']
  unhooked: ' French.<|im_end|><|endoftext|><|endoftext|><|endoftext|><|endoftext|><|endoftext|>' = [' French', '.', '<|im_end|>', '<|endoftext|>', '<|endoftext|>', '<|endoftext|>', '<|endoftext|>', '<|endoftext|>']
  L19: ' French.<|im_end|><|endoftext|><|endoftext|><|endoftext|><|endoftext|><|endoftext|>' = [' French', '.', '<|im_end|>', '<|endoftext|>', '<|endoftext|>', '<|endoftext|>', '<|endoftext|>', '<|endoftext|>'] [base]
  L20: ' French.<|im_end|><|endoftext|><|endoftext|><|endoftext|><|endoftext|><|endoftext|>' = [' French', '.', '<|im_end|>', '<|endoftext|>', '<|endoftext|>', '<|endoftext|>', '<|endoftext|>', '<|endoftext|>'] [base]
  L21: ' French.<|im_end|><|endoftext|><|endoftext|><|endoftext|><|endoftext|><|endoftext|>' = [' French', '.', '<|im_end|>', '<|endoftext|>', '<|endoftext|>', '<|endoftext|>', '<|endoftext|>', '<|endoftext|>'] [base]
  L22: ' French.<|im_end|><|endoftext|><|endoftext|><|endoftext|><|endoftext|><|endoftext|>' = [' French', '.', '<|im_end|>', '<|endoftext|>', '<|endoftext|>', '<|endoftext|>', '<|endoftext|>', '<|endoftext|>'] [base]
  L23: ' French.<|im_end|><|endoftext|><|endoftext|><|endoftext|><|endoftext|><|endoftext|>' = [' French', '.', '<|im_end|>', '<|endoftext|>', '<|endoftext|>', '<|endoftext|>', '<|endoftext|>', '<|endoftext|>'] [base]
  L24: ' Portuguese.<|im_end|><|endoftext|>' = [' Portuguese', '.', '<|im_end|>', '<|endoftext|>'] [HIT]
  L25: ' Portuguese.<|im_end|><|endoftext|>' = [' Portuguese', '.', '<|im_end|>', '<|endoftext|>'] [HIT]
  L26: ' Portuguese.<|im_end|><|endoftext|>' = [' Portuguese', '.', '<|im_end|>', '<|endoftext|>'] [HIT]
  L27: ' Portuguese.<|im_end|><|endoftext|>' = [' Portuguese', '.', '<|im_end|>', '<|endoftext|>'] [HIT]
  L28: ' Portuguese.<|im_end|><|endoftext|>' = [' Portuguese', '.', '<|im_end|>', '<|endoftext|>'] [HIT]

row 278: base=UG -> source=FI  template=language_prefill_v1
  question: 'Name an official language of the country in this image.'
  prefill : 'One official language is'
  gold base   (expected unhooked) : ' English' = [' English']
  gold source (expected if swap works): ' Finnish' = [' Finnish']
  unhooked: ' English.<|im_end|><|endoftext|><|endoftext|><|endoftext|><|endoftext|><|endoftext|>' = [' English', '.', '<|im_end|>', '<|endoftext|>', '<|endoftext|>', '<|endoftext|>', '<|endoftext|>', '<|endoftext|>']
  L19: ' English.<|im_end|><|endoftext|><|endoftext|><|endoftext|><|endoftext|><|endoftext|>' = [' English', '.', '<|im_end|>', '<|endoftext|>', '<|endoftext|>', '<|endoftext|>', '<|endoftext|>', '<|endoftext|>'] [base]
  L20: ' English.<|im_end|><|endoftext|><|endoftext|><|endoftext|><|endoftext|><|endoftext|>' = [' English', '.', '<|im_end|>', '<|endoftext|>', '<|endoftext|>', '<|endoftext|>', '<|endoftext|>', '<|endoftext|>'] [base]
  L21: ' English.<|im_end|><|endoftext|><|endoftext|><|endoftext|><|endoftext|><|endoftext|>' = [' English', '.', '<|im_end|>', '<|endoftext|>', '<|endoftext|>', '<|endoftext|>', '<|endoftext|>', '<|endoftext|>'] [base]
  L22: ' English.<|im_end|><|endoftext|><|endoftext|><|endoftext|><|endoftext|><|endoftext|>' = [' English', '.', '<|im_end|>', '<|endoftext|>', '<|endoftext|>', '<|endoftext|>', '<|endoftext|>', '<|endoftext|>'] [base]
  L23: ' Finnish.<|im_end|><|endoftext|><|endoftext|><|endoftext|><|endoftext|><|endoftext|>' = [' Finnish', '.', '<|im_end|>', '<|endoftext|>', '<|endoftext|>', '<|endoftext|>', '<|endoftext|>', '<|endoftext|>'] [HIT]
  L24: ' Finnish.<|im_end|><|endoftext|>' = [' Finnish', '.', '<|im_end|>', '<|endoftext|>'] [HIT]
  L25: ' Finnish.<|im_end|><|endoftext|>' = [' Finnish', '.', '<|im_end|>', '<|endoftext|>'] [HIT]
  L26: ' Finnish.<|im_end|><|endoftext|>' = [' Finnish', '.', '<|im_end|>', '<|endoftext|>'] [HIT]
  L27: ' Finnish.<|im_end|><|endoftext|>' = [' Finnish', '.', '<|im_end|>', '<|endoftext|>'] [HIT]
  L28: ' Finnish.<|im_end|><|endoftext|>' = [' Finnish', '.', '<|im_end|>', '<|endoftext|>'] [HIT]

row 279: base=AR -> source=MA  template=language_prefill_v2
  question: 'What is the official language of the country shown in this flag?'
  prefill : 'The official language is'
  gold base   (expected unhooked) : ' Guaraní' = [' Gu', 'aran', 'í']
  gold source (expected if swap works): ' Arabic' = [' Arabic']
  unhooked: ' Spanish.<|im_end|><|endoftext|><|endoftext|><|endoftext|><|endoftext|><|endoftext|>' = [' Spanish', '.', '<|im_end|>', '<|endoftext|>', '<|endoftext|>', '<|endoftext|>', '<|endoftext|>', '<|endoftext|>']
  L19: ' Spanish.<|im_end|><|endoftext|><|endoftext|><|endoftext|><|endoftext|><|endoftext|>' = [' Spanish', '.', '<|im_end|>', '<|endoftext|>', '<|endoftext|>', '<|endoftext|>', '<|endoftext|>', '<|endoftext|>'] [other]
  L20: ' Spanish.<|im_end|><|endoftext|><|endoftext|><|endoftext|><|endoftext|><|endoftext|>' = [' Spanish', '.', '<|im_end|>', '<|endoftext|>', '<|endoftext|>', '<|endoftext|>', '<|endoftext|>', '<|endoftext|>'] [other]
  L21: ' Spanish.<|im_end|><|endoftext|><|endoftext|><|endoftext|><|endoftext|><|endoftext|>' = [' Spanish', '.', '<|im_end|>', '<|endoftext|>', '<|endoftext|>', '<|endoftext|>', '<|endoftext|>', '<|endoftext|>'] [other]
  L22: ' Spanish.<|im_end|><|endoftext|><|endoftext|><|endoftext|><|endoftext|><|endoftext|>' = [' Spanish', '.', '<|im_end|>', '<|endoftext|>', '<|endoftext|>', '<|endoftext|>', '<|endoftext|>', '<|endoftext|>'] [other]
  L23: ' Arabic.<|im_end|><|endoftext|><|endoftext|><|endoftext|><|endoftext|><|endoftext|>' = [' Arabic', '.', '<|im_end|>', '<|endoftext|>', '<|endoftext|>', '<|endoftext|>', '<|endoftext|>', '<|endoftext|>'] [HIT]
  L24: ' Arabic.<|im_end|><|endoftext|>' = [' Arabic', '.', '<|im_end|>', '<|endoftext|>'] [HIT]
  L25: ' Arabic.<|im_end|><|endoftext|>' = [' Arabic', '.', '<|im_end|>', '<|endoftext|>'] [HIT]
  L26: ' Arabic.<|im_end|><|endoftext|>' = [' Arabic', '.', '<|im_end|>', '<|endoftext|>'] [HIT]
  L27: ' Arabic.<|im_end|><|endoftext|>' = [' Arabic', '.', '<|im_end|>', '<|endoftext|>'] [HIT]
  L28: ' Arabic.<|im_end|><|endoftext|>' = [' Arabic', '.', '<|im_end|>', '<|endoftext|>'] [HIT]

row 280: base=CV -> source=MX  template=language_prefill_v5
  question: 'What language is officially spoken in the country shown in this flag?'
  prefill : 'The official language is'
  gold base   (expected unhooked) : ' Portuguese' = [' Portuguese']
  gold source (expected if swap works): ' Spanish' = [' Spanish']
  unhooked: ' Portuguese. The flag in the image represents' = [' Portuguese', '.', ' The', ' flag', ' in', ' the', ' image', ' represents']
  L19: ' Portuguese. The flag in the image represents' = [' Portuguese', '.', ' The', ' flag', ' in', ' the', ' image', ' represents'] [base]
  L20: ' Portuguese. The flag in the image represents' = [' Portuguese', '.', ' The', ' flag', ' in', ' the', ' image', ' represents'] [base]
  L21: ' Portuguese. The flag in the image represents' = [' Portuguese', '.', ' The', ' flag', ' in', ' the', ' image', ' represents'] [base]
  L22: ' Portuguese. The flag in the image represents' = [' Portuguese', '.', ' The', ' flag', ' in', ' the', ' image', ' represents'] [base]
  L23: ' Spanish.<|im_end|><|endoftext|><|endoftext|><|endoftext|><|endoftext|><|endoftext|>' = [' Spanish', '.', '<|im_end|>', '<|endoftext|>', '<|endoftext|>', '<|endoftext|>', '<|endoftext|>', '<|endoftext|>'] [HIT]
  L24: ' Spanish.<|im_end|><|endoftext|>' = [' Spanish', '.', '<|im_end|>', '<|endoftext|>'] [HIT]
  L25: ' Spanish.<|im_end|><|endoftext|>' = [' Spanish', '.', '<|im_end|>', '<|endoftext|>'] [HIT]
  L26: ' Spanish.<|im_end|><|endoftext|>' = [' Spanish', '.', '<|im_end|>', '<|endoftext|>'] [HIT]
  L27: ' Spanish.<|im_end|><|endoftext|>' = [' Spanish', '.', '<|im_end|>', '<|endoftext|>'] [HIT]
  L28: ' Spanish.<|im_end|><|endoftext|>' = [' Spanish', '.', '<|im_end|>', '<|endoftext|>'] [HIT]

row 281: base=MX -> source=FI  template=language_prefill_v1
  question: 'Name an official language of the country in this image.'
  prefill : 'One official language is'
  gold base   (expected unhooked) : ' Spanish' = [' Spanish']
  gold source (expected if swap works): ' Finnish' = [' Finnish']
  unhooked: ' Spanish.<|im_end|><|endoftext|><|endoftext|><|endoftext|><|endoftext|><|endoftext|>' = [' Spanish', '.', '<|im_end|>', '<|endoftext|>', '<|endoftext|>', '<|endoftext|>', '<|endoftext|>', '<|endoftext|>']
  L19: ' Spanish.<|im_end|><|endoftext|><|endoftext|><|endoftext|><|endoftext|><|endoftext|>' = [' Spanish', '.', '<|im_end|>', '<|endoftext|>', '<|endoftext|>', '<|endoftext|>', '<|endoftext|>', '<|endoftext|>'] [base]
  L20: ' Spanish.<|im_end|><|endoftext|><|endoftext|><|endoftext|><|endoftext|><|endoftext|>' = [' Spanish', '.', '<|im_end|>', '<|endoftext|>', '<|endoftext|>', '<|endoftext|>', '<|endoftext|>', '<|endoftext|>'] [base]
  L21: ' Spanish.<|im_end|><|endoftext|><|endoftext|><|endoftext|><|endoftext|><|endoftext|>' = [' Spanish', '.', '<|im_end|>', '<|endoftext|>', '<|endoftext|>', '<|endoftext|>', '<|endoftext|>', '<|endoftext|>'] [base]
  L22: ' Spanish.<|im_end|><|endoftext|><|endoftext|><|endoftext|><|endoftext|><|endoftext|>' = [' Spanish', '.', '<|im_end|>', '<|endoftext|>', '<|endoftext|>', '<|endoftext|>', '<|endoftext|>', '<|endoftext|>'] [base]
  L23: ' Spanish.<|im_end|><|endoftext|><|endoftext|><|endoftext|><|endoftext|><|endoftext|>' = [' Spanish', '.', '<|im_end|>', '<|endoftext|>', '<|endoftext|>', '<|endoftext|>', '<|endoftext|>', '<|endoftext|>'] [base]
  L24: ' Finnish.<|im_end|><|endoftext|>' = [' Finnish', '.', '<|im_end|>', '<|endoftext|>'] [HIT]
  L25: ' Finnish.<|im_end|><|endoftext|>' = [' Finnish', '.', '<|im_end|>', '<|endoftext|>'] [HIT]
  L26: ' Finnish.<|im_end|><|endoftext|>' = [' Finnish', '.', '<|im_end|>', '<|endoftext|>'] [HIT]
  L27: ' Finnish.<|im_end|><|endoftext|>' = [' Finnish', '.', '<|im_end|>', '<|endoftext|>'] [HIT]
  L28: ' Finnish.<|im_end|><|endoftext|>' = [' Finnish', '.', '<|im_end|>', '<|endoftext|>'] [HIT]

row 282: base=BY -> source=CL  template=language_prefill_v4
  question: 'Identify one of the official languages of the country in this image.'
  prefill : 'One official language is'
  gold base   (expected unhooked) : ' Belarusian' = [' Belarus', 'ian']
  gold source (expected if swap works): ' Spanish' = [' Spanish']
  unhooked: ' Belarusian.<|im_end|><|endoftext|><|endoftext|><|endoftext|><|endoftext|>' = [' Belarus', 'ian', '.', '<|im_end|>', '<|endoftext|>', '<|endoftext|>', '<|endoftext|>', '<|endoftext|>']
  L19: ' Belarusian.<|im_end|><|endoftext|><|endoftext|><|endoftext|><|endoftext|>' = [' Belarus', 'ian', '.', '<|im_end|>', '<|endoftext|>', '<|endoftext|>', '<|endoftext|>', '<|endoftext|>'] [base]
  L20: ' Belarusian.<|im_end|><|endoftext|><|endoftext|><|endoftext|><|endoftext|>' = [' Belarus', 'ian', '.', '<|im_end|>', '<|endoftext|>', '<|endoftext|>', '<|endoftext|>', '<|endoftext|>'] [base]
  L21: ' Belarusian.<|im_end|><|endoftext|><|endoftext|><|endoftext|><|endoftext|>' = [' Belarus', 'ian', '.', '<|im_end|>', '<|endoftext|>', '<|endoftext|>', '<|endoftext|>', '<|endoftext|>'] [base]
  L22: ' Belarusian.<|im_end|><|endoftext|><|endoftext|><|endoftext|><|endoftext|>' = [' Belarus', 'ian', '.', '<|im_end|>', '<|endoftext|>', '<|endoftext|>', '<|endoftext|>', '<|endoftext|>'] [base]
  L23: ' Spanish.<|im_end|><|endoftext|><|endoftext|><|endoftext|><|endoftext|><|endoftext|>' = [' Spanish', '.', '<|im_end|>', '<|endoftext|>', '<|endoftext|>', '<|endoftext|>', '<|endoftext|>', '<|endoftext|>'] [HIT]
  L24: ' Spanish.<|im_end|><|endoftext|>' = [' Spanish', '.', '<|im_end|>', '<|endoftext|>'] [HIT]
  L25: ' Spanish.<|im_end|><|endoftext|>' = [' Spanish', '.', '<|im_end|>', '<|endoftext|>'] [HIT]
  L26: ' Spanish.<|im_end|><|endoftext|>' = [' Spanish', '.', '<|im_end|>', '<|endoftext|>'] [HIT]
  L27: ' Spanish.<|im_end|><|endoftext|>' = [' Spanish', '.', '<|im_end|>', '<|endoftext|>'] [HIT]
  L28: ' Spanish.<|im_end|><|endoftext|>' = [' Spanish', '.', '<|im_end|>', '<|endoftext|>'] [HIT]

row 283: base=GR -> source=SA  template=language_prefill_v4
  question: 'Identify one of the official languages of the country in this image.'
  prefill : 'One official language is'
  gold base   (expected unhooked) : ' Greek' = [' Greek']
  gold source (expected if swap works): ' Arabic' = [' Arabic']
  unhooked: ' Greek.<|im_end|><|endoftext|><|endoftext|><|endoftext|><|endoftext|><|endoftext|>' = [' Greek', '.', '<|im_end|>', '<|endoftext|>', '<|endoftext|>', '<|endoftext|>', '<|endoftext|>', '<|endoftext|>']
  L19: ' Greek.<|im_end|><|endoftext|><|endoftext|><|endoftext|><|endoftext|><|endoftext|>' = [' Greek', '.', '<|im_end|>', '<|endoftext|>', '<|endoftext|>', '<|endoftext|>', '<|endoftext|>', '<|endoftext|>'] [base]
  L20: ' Greek.<|im_end|><|endoftext|><|endoftext|><|endoftext|><|endoftext|><|endoftext|>' = [' Greek', '.', '<|im_end|>', '<|endoftext|>', '<|endoftext|>', '<|endoftext|>', '<|endoftext|>', '<|endoftext|>'] [base]
  L21: ' Greek.<|im_end|><|endoftext|><|endoftext|><|endoftext|><|endoftext|><|endoftext|>' = [' Greek', '.', '<|im_end|>', '<|endoftext|>', '<|endoftext|>', '<|endoftext|>', '<|endoftext|>', '<|endoftext|>'] [base]
  L22: ' Greek.<|im_end|><|endoftext|><|endoftext|><|endoftext|><|endoftext|><|endoftext|>' = [' Greek', '.', '<|im_end|>', '<|endoftext|>', '<|endoftext|>', '<|endoftext|>', '<|endoftext|>', '<|endoftext|>'] [base]
  L23: ' Arabic.<|im_end|><|endoftext|><|endoftext|><|endoftext|><|endoftext|><|endoftext|>' = [' Arabic', '.', '<|im_end|>', '<|endoftext|>', '<|endoftext|>', '<|endoftext|>', '<|endoftext|>', '<|endoftext|>'] [HIT]
  L24: ' Arabic.<|im_end|><|endoftext|>' = [' Arabic', '.', '<|im_end|>', '<|endoftext|>'] [HIT]
  L25: ' Arabic.<|im_end|><|endoftext|>' = [' Arabic', '.', '<|im_end|>', '<|endoftext|>'] [HIT]
  L26: ' Arabic.<|im_end|><|endoftext|>' = [' Arabic', '.', '<|im_end|>', '<|endoftext|>'] [HIT]
  L27: ' Arabic.<|im_end|><|endoftext|>' = [' Arabic', '.', '<|im_end|>', '<|endoftext|>'] [HIT]
  L28: ' Arabic.<|im_end|><|endoftext|>' = [' Arabic', '.', '<|im_end|>', '<|endoftext|>'] [HIT]

row 284: base=CV -> source=GT  template=language_prefill_v6
  question: 'Name a language used in the country depicted in this image.'
  prefill : 'A language spoken there is'
  gold base   (expected unhooked) : ' Portuguese' = [' Portuguese']
  gold source (expected if swap works): ' Spanish' = [' Spanish']
  unhooked: ' Portuguese, as the flag depicted is that' = [' Portuguese', ',', ' as', ' the', ' flag', ' depicted', ' is', ' that']
  L19: ' Portuguese, as the flag depicted is that' = [' Portuguese', ',', ' as', ' the', ' flag', ' depicted', ' is', ' that'] [base]
  L20: ' Portuguese, as the flag depicted is that' = [' Portuguese', ',', ' as', ' the', ' flag', ' depicted', ' is', ' that'] [base]
  L21: ' Portuguese, as the flag depicted is that' = [' Portuguese', ',', ' as', ' the', ' flag', ' depicted', ' is', ' that'] [base]
  L22: ' Portuguese.<|im_end|><|endoftext|><|endoftext|><|endoftext|><|endoftext|><|endoftext|>' = [' Portuguese', '.', '<|im_end|>', '<|endoftext|>', '<|endoftext|>', '<|endoftext|>', '<|endoftext|>', '<|endoftext|>'] [base]
  L23: ' Portuguese, as the flag depicted is that' = [' Portuguese', ',', ' as', ' the', ' flag', ' depicted', ' is', ' that'] [base]
  L24: ' Spanish.<|im_end|><|endoftext|>' = [' Spanish', '.', '<|im_end|>', '<|endoftext|>'] [HIT]
  L25: ' Spanish.<|im_end|><|endoftext|>' = [' Spanish', '.', '<|im_end|>', '<|endoftext|>'] [HIT]
  L26: ' Spanish.<|im_end|><|endoftext|>' = [' Spanish', '.', '<|im_end|>', '<|endoftext|>'] [HIT]
  L27: ' Spanish.<|im_end|><|endoftext|>' = [' Spanish', '.', '<|im_end|>', '<|endoftext|>'] [HIT]
  L28: ' Spanish.<|im_end|><|endoftext|>' = [' Spanish', '.', '<|im_end|>', '<|endoftext|>'] [HIT]

row 285: base=MX -> source=FI  template=language_prefill_v5
  question: 'What language is officially spoken in the country shown in this flag?'
  prefill : 'The official language is'
  gold base   (expected unhooked) : ' Spanish' = [' Spanish']
  gold source (expected if swap works): ' Finnish' = [' Finnish']
  unhooked: ' Spanish.<|im_end|><|endoftext|><|endoftext|><|endoftext|><|endoftext|><|endoftext|>' = [' Spanish', '.', '<|im_end|>', '<|endoftext|>', '<|endoftext|>', '<|endoftext|>', '<|endoftext|>', '<|endoftext|>']
  L19: ' Spanish.<|im_end|><|endoftext|><|endoftext|><|endoftext|><|endoftext|><|endoftext|>' = [' Spanish', '.', '<|im_end|>', '<|endoftext|>', '<|endoftext|>', '<|endoftext|>', '<|endoftext|>', '<|endoftext|>'] [base]
  L20: ' Spanish.<|im_end|><|endoftext|><|endoftext|><|endoftext|><|endoftext|><|endoftext|>' = [' Spanish', '.', '<|im_end|>', '<|endoftext|>', '<|endoftext|>', '<|endoftext|>', '<|endoftext|>', '<|endoftext|>'] [base]
  L21: ' Spanish.<|im_end|><|endoftext|><|endoftext|><|endoftext|><|endoftext|><|endoftext|>' = [' Spanish', '.', '<|im_end|>', '<|endoftext|>', '<|endoftext|>', '<|endoftext|>', '<|endoftext|>', '<|endoftext|>'] [base]
  L22: ' Spanish.<|im_end|><|endoftext|><|endoftext|><|endoftext|><|endoftext|><|endoftext|>' = [' Spanish', '.', '<|im_end|>', '<|endoftext|>', '<|endoftext|>', '<|endoftext|>', '<|endoftext|>', '<|endoftext|>'] [base]
  L23: ' Finnish.<|im_end|><|endoftext|><|endoftext|><|endoftext|><|endoftext|><|endoftext|>' = [' Finnish', '.', '<|im_end|>', '<|endoftext|>', '<|endoftext|>', '<|endoftext|>', '<|endoftext|>', '<|endoftext|>'] [HIT]
  L24: ' Finnish.<|im_end|><|endoftext|>' = [' Finnish', '.', '<|im_end|>', '<|endoftext|>'] [HIT]
  L25: ' Finnish.<|im_end|><|endoftext|>' = [' Finnish', '.', '<|im_end|>', '<|endoftext|>'] [HIT]
  L26: ' Finnish.<|im_end|><|endoftext|>' = [' Finnish', '.', '<|im_end|>', '<|endoftext|>'] [HIT]
  L27: ' Finnish.<|im_end|><|endoftext|>' = [' Finnish', '.', '<|im_end|>', '<|endoftext|>'] [HIT]
  L28: ' Finnish.<|im_end|><|endoftext|>' = [' Finnish', '.', '<|im_end|>', '<|endoftext|>'] [HIT]

row 286: base=PY -> source=VN  template=language_prefill_v5
  question: 'What language is officially spoken in the country shown in this flag?'
  prefill : 'The official language is'
  gold base   (expected unhooked) : ' Spanish' = [' Spanish']
  gold source (expected if swap works): ' Vietnamese' = [' Vietnamese']
  unhooked: ' Spanish. The flag in the image is' = [' Spanish', '.', ' The', ' flag', ' in', ' the', ' image', ' is']
  L19: ' Spanish. The flag in the image is' = [' Spanish', '.', ' The', ' flag', ' in', ' the', ' image', ' is'] [base]
  L20: ' Spanish.<|im_end|><|endoftext|><|endoftext|><|endoftext|><|endoftext|><|endoftext|>' = [' Spanish', '.', '<|im_end|>', '<|endoftext|>', '<|endoftext|>', '<|endoftext|>', '<|endoftext|>', '<|endoftext|>'] [base]
  L21: ' Spanish.<|im_end|><|endoftext|><|endoftext|><|endoftext|><|endoftext|><|endoftext|>' = [' Spanish', '.', '<|im_end|>', '<|endoftext|>', '<|endoftext|>', '<|endoftext|>', '<|endoftext|>', '<|endoftext|>'] [base]
  L22: ' Spanish.<|im_end|><|endoftext|><|endoftext|><|endoftext|><|endoftext|><|endoftext|>' = [' Spanish', '.', '<|im_end|>', '<|endoftext|>', '<|endoftext|>', '<|endoftext|>', '<|endoftext|>', '<|endoftext|>'] [base]
  L23: ' Vietnamese.<|im_end|><|endoftext|><|endoftext|><|endoftext|><|endoftext|><|endoftext|>' = [' Vietnamese', '.', '<|im_end|>', '<|endoftext|>', '<|endoftext|>', '<|endoftext|>', '<|endoftext|>', '<|endoftext|>'] [HIT]
  L24: ' Vietnamese.<|im_end|><|endoftext|>' = [' Vietnamese', '.', '<|im_end|>', '<|endoftext|>'] [HIT]
  L25: ' Vietnamese.<|im_end|><|endoftext|>' = [' Vietnamese', '.', '<|im_end|>', '<|endoftext|>'] [HIT]
  L26: ' Vietnamese.<|im_end|><|endoftext|>' = [' Vietnamese', '.', '<|im_end|>', '<|endoftext|>'] [HIT]
  L27: ' Vietnamese.<|im_end|><|endoftext|>' = [' Vietnamese', '.', '<|im_end|>', '<|endoftext|>'] [HIT]
  L28: ' Vietnamese.<|im_end|><|endoftext|>' = [' Vietnamese', '.', '<|im_end|>', '<|endoftext|>'] [HIT]

row 287: base=PT -> source=SA  template=language_prefill_v2
  question: 'What is the official language of the country shown in this flag?'
  prefill : 'The official language is'
  gold base   (expected unhooked) : ' Portuguese' = [' Portuguese']
  gold source (expected if swap works): ' Arabic' = [' Arabic']
  unhooked: ' Portuguese.<|im_end|><|endoftext|><|endoftext|><|endoftext|><|endoftext|><|endoftext|>' = [' Portuguese', '.', '<|im_end|>', '<|endoftext|>', '<|endoftext|>', '<|endoftext|>', '<|endoftext|>', '<|endoftext|>']
  L19: ' Portuguese.<|im_end|><|endoftext|><|endoftext|><|endoftext|><|endoftext|><|endoftext|>' = [' Portuguese', '.', '<|im_end|>', '<|endoftext|>', '<|endoftext|>', '<|endoftext|>', '<|endoftext|>', '<|endoftext|>'] [base]
  L20: ' Portuguese.<|im_end|><|endoftext|><|endoftext|><|endoftext|><|endoftext|><|endoftext|>' = [' Portuguese', '.', '<|im_end|>', '<|endoftext|>', '<|endoftext|>', '<|endoftext|>', '<|endoftext|>', '<|endoftext|>'] [base]
  L21: ' Portuguese.<|im_end|><|endoftext|><|endoftext|><|endoftext|><|endoftext|><|endoftext|>' = [' Portuguese', '.', '<|im_end|>', '<|endoftext|>', '<|endoftext|>', '<|endoftext|>', '<|endoftext|>', '<|endoftext|>'] [base]
  L22: ' Portuguese.<|im_end|><|endoftext|><|endoftext|><|endoftext|><|endoftext|><|endoftext|>' = [' Portuguese', '.', '<|im_end|>', '<|endoftext|>', '<|endoftext|>', '<|endoftext|>', '<|endoftext|>', '<|endoftext|>'] [base]
  L23: ' Arabic.<|im_end|><|endoftext|><|endoftext|><|endoftext|><|endoftext|><|endoftext|>' = [' Arabic', '.', '<|im_end|>', '<|endoftext|>', '<|endoftext|>', '<|endoftext|>', '<|endoftext|>', '<|endoftext|>'] [HIT]
  L24: ' Arabic.<|im_end|><|endoftext|>' = [' Arabic', '.', '<|im_end|>', '<|endoftext|>'] [HIT]
  L25: ' Arabic.<|im_end|><|endoftext|>' = [' Arabic', '.', '<|im_end|>', '<|endoftext|>'] [HIT]
  L26: ' Arabic.<|im_end|><|endoftext|>' = [' Arabic', '.', '<|im_end|>', '<|endoftext|>'] [HIT]
  L27: ' Arabic.<|im_end|><|endoftext|>' = [' Arabic', '.', '<|im_end|>', '<|endoftext|>'] [HIT]
  L28: ' Arabic.<|im_end|><|endoftext|>' = [' Arabic', '.', '<|im_end|>', '<|endoftext|>'] [HIT]

row 288: base=SE -> source=BY  template=language_prefill_v2
  question: 'What is the official language of the country shown in this flag?'
  prefill : 'The official language is'
  gold base   (expected unhooked) : ' Swedish' = [' Swedish']
  gold source (expected if swap works): ' Belarusian' = [' Belarus', 'ian']
  unhooked: ' Swedish.<|im_end|><|endoftext|><|endoftext|><|endoftext|><|endoftext|><|endoftext|>' = [' Swedish', '.', '<|im_end|>', '<|endoftext|>', '<|endoftext|>', '<|endoftext|>', '<|endoftext|>', '<|endoftext|>']
  L19: ' Swedish.<|im_end|><|endoftext|><|endoftext|><|endoftext|><|endoftext|><|endoftext|>' = [' Swedish', '.', '<|im_end|>', '<|endoftext|>', '<|endoftext|>', '<|endoftext|>', '<|endoftext|>', '<|endoftext|>'] [base]
  L20: ' Swedish.<|im_end|><|endoftext|><|endoftext|><|endoftext|><|endoftext|><|endoftext|>' = [' Swedish', '.', '<|im_end|>', '<|endoftext|>', '<|endoftext|>', '<|endoftext|>', '<|endoftext|>', '<|endoftext|>'] [base]
  L21: ' Swedish.<|im_end|><|endoftext|><|endoftext|><|endoftext|><|endoftext|><|endoftext|>' = [' Swedish', '.', '<|im_end|>', '<|endoftext|>', '<|endoftext|>', '<|endoftext|>', '<|endoftext|>', '<|endoftext|>'] [base]
  L22: ' Swedish.<|im_end|><|endoftext|><|endoftext|><|endoftext|><|endoftext|><|endoftext|>' = [' Swedish', '.', '<|im_end|>', '<|endoftext|>', '<|endoftext|>', '<|endoftext|>', '<|endoftext|>', '<|endoftext|>'] [base]
  L23: ' Russian.<|im_end|><|endoftext|><|endoftext|><|endoftext|><|endoftext|><|endoftext|>' = [' Russian', '.', '<|im_end|>', '<|endoftext|>', '<|endoftext|>', '<|endoftext|>', '<|endoftext|>', '<|endoftext|>'] [other]
  L24: ' Belarusian.<|im_end|><|endoftext|><|endoftext|><|endoftext|><|endoftext|>' = [' Belarus', 'ian', '.', '<|im_end|>', '<|endoftext|>', '<|endoftext|>', '<|endoftext|>', '<|endoftext|>'] [HIT]
  L25: ' Belarusian.<|im_end|><|endoftext|><|endoftext|><|endoftext|><|endoftext|>' = [' Belarus', 'ian', '.', '<|im_end|>', '<|endoftext|>', '<|endoftext|>', '<|endoftext|>', '<|endoftext|>'] [HIT]
  L26: ' Belarusian.<|im_end|><|endoftext|><|endoftext|><|endoftext|><|endoftext|>' = [' Belarus', 'ian', '.', '<|im_end|>', '<|endoftext|>', '<|endoftext|>', '<|endoftext|>', '<|endoftext|>'] [HIT]
  L27: ' Belarusian.<|im_end|><|endoftext|><|endoftext|><|endoftext|><|endoftext|>' = [' Belarus', 'ian', '.', '<|im_end|>', '<|endoftext|>', '<|endoftext|>', '<|endoftext|>', '<|endoftext|>'] [HIT]
  L28: ' Belarusian.<|im_end|><|endoftext|><|endoftext|><|endoftext|><|endoftext|>' = [' Belarus', 'ian', '.', '<|im_end|>', '<|endoftext|>', '<|endoftext|>', '<|endoftext|>', '<|endoftext|>'] [HIT]

row 289: base=TH -> source=GT  template=language_prefill_v4
  question: 'Identify one of the official languages of the country in this image.'
  prefill : 'One official language is'
  gold base   (expected unhooked) : ' Thai' = [' Thai']
  gold source (expected if swap works): ' Spanish' = [' Spanish']
  unhooked: ' Thai.<|im_end|><|endoftext|><|endoftext|><|endoftext|><|endoftext|><|endoftext|>' = [' Thai', '.', '<|im_end|>', '<|endoftext|>', '<|endoftext|>', '<|endoftext|>', '<|endoftext|>', '<|endoftext|>']
  L19: ' Thai.<|im_end|><|endoftext|><|endoftext|><|endoftext|><|endoftext|><|endoftext|>' = [' Thai', '.', '<|im_end|>', '<|endoftext|>', '<|endoftext|>', '<|endoftext|>', '<|endoftext|>', '<|endoftext|>'] [base]
  L20: ' Thai.<|im_end|><|endoftext|><|endoftext|><|endoftext|><|endoftext|><|endoftext|>' = [' Thai', '.', '<|im_end|>', '<|endoftext|>', '<|endoftext|>', '<|endoftext|>', '<|endoftext|>', '<|endoftext|>'] [base]
  L21: ' Thai.<|im_end|><|endoftext|><|endoftext|><|endoftext|><|endoftext|><|endoftext|>' = [' Thai', '.', '<|im_end|>', '<|endoftext|>', '<|endoftext|>', '<|endoftext|>', '<|endoftext|>', '<|endoftext|>'] [base]
  L22: ' Thai.<|im_end|><|endoftext|><|endoftext|><|endoftext|><|endoftext|><|endoftext|>' = [' Thai', '.', '<|im_end|>', '<|endoftext|>', '<|endoftext|>', '<|endoftext|>', '<|endoftext|>', '<|endoftext|>'] [base]
  L23: ' Spanish.<|im_end|><|endoftext|><|endoftext|><|endoftext|><|endoftext|><|endoftext|>' = [' Spanish', '.', '<|im_end|>', '<|endoftext|>', '<|endoftext|>', '<|endoftext|>', '<|endoftext|>', '<|endoftext|>'] [HIT]
  L24: ' Spanish.<|im_end|><|endoftext|><|endoftext|><|endoftext|><|endoftext|><|endoftext|>' = [' Spanish', '.', '<|im_end|>', '<|endoftext|>', '<|endoftext|>', '<|endoftext|>', '<|endoftext|>', '<|endoftext|>'] [HIT]
  L25: ' Spanish.<|im_end|><|endoftext|><|endoftext|><|endoftext|><|endoftext|><|endoftext|>' = [' Spanish', '.', '<|im_end|>', '<|endoftext|>', '<|endoftext|>', '<|endoftext|>', '<|endoftext|>', '<|endoftext|>'] [HIT]
  L26: ' Spanish.<|im_end|><|endoftext|><|endoftext|><|endoftext|><|endoftext|><|endoftext|>' = [' Spanish', '.', '<|im_end|>', '<|endoftext|>', '<|endoftext|>', '<|endoftext|>', '<|endoftext|>', '<|endoftext|>'] [HIT]
  L27: ' Spanish.<|im_end|><|endoftext|><|endoftext|><|endoftext|><|endoftext|><|endoftext|>' = [' Spanish', '.', '<|im_end|>', '<|endoftext|>', '<|endoftext|>', '<|endoftext|>', '<|endoftext|>', '<|endoftext|>'] [HIT]
  L28: ' Spanish.<|im_end|><|endoftext|><|endoftext|><|endoftext|><|endoftext|><|endoftext|>' = [' Spanish', '.', '<|im_end|>', '<|endoftext|>', '<|endoftext|>', '<|endoftext|>', '<|endoftext|>', '<|endoftext|>'] [HIT]

row 290: base=AO -> source=BY  template=language_prefill_v1
  question: 'Name an official language of the country in this image.'
  prefill : 'One official language is'
  gold base   (expected unhooked) : ' Portuguese' = [' Portuguese']
  gold source (expected if swap works): ' Belarusian' = [' Belarus', 'ian']
  unhooked: ' Portuguese.<|im_end|><|endoftext|><|endoftext|><|endoftext|><|endoftext|><|endoftext|>' = [' Portuguese', '.', '<|im_end|>', '<|endoftext|>', '<|endoftext|>', '<|endoftext|>', '<|endoftext|>', '<|endoftext|>']
  L19: ' Portuguese.<|im_end|><|endoftext|><|endoftext|><|endoftext|><|endoftext|><|endoftext|>' = [' Portuguese', '.', '<|im_end|>', '<|endoftext|>', '<|endoftext|>', '<|endoftext|>', '<|endoftext|>', '<|endoftext|>'] [base]
  L20: ' Portuguese.<|im_end|><|endoftext|><|endoftext|><|endoftext|><|endoftext|><|endoftext|>' = [' Portuguese', '.', '<|im_end|>', '<|endoftext|>', '<|endoftext|>', '<|endoftext|>', '<|endoftext|>', '<|endoftext|>'] [base]
  L21: ' Portuguese.<|im_end|><|endoftext|><|endoftext|><|endoftext|><|endoftext|><|endoftext|>' = [' Portuguese', '.', '<|im_end|>', '<|endoftext|>', '<|endoftext|>', '<|endoftext|>', '<|endoftext|>', '<|endoftext|>'] [base]
  L22: ' Portuguese.<|im_end|><|endoftext|><|endoftext|><|endoftext|><|endoftext|><|endoftext|>' = [' Portuguese', '.', '<|im_end|>', '<|endoftext|>', '<|endoftext|>', '<|endoftext|>', '<|endoftext|>', '<|endoftext|>'] [base]
  L23: ' Russian.<|im_end|><|endoftext|><|endoftext|><|endoftext|><|endoftext|><|endoftext|>' = [' Russian', '.', '<|im_end|>', '<|endoftext|>', '<|endoftext|>', '<|endoftext|>', '<|endoftext|>', '<|endoftext|>'] [other]
  L24: ' Belarusian.<|im_end|><|endoftext|><|endoftext|><|endoftext|><|endoftext|>' = [' Belarus', 'ian', '.', '<|im_end|>', '<|endoftext|>', '<|endoftext|>', '<|endoftext|>', '<|endoftext|>'] [HIT]
  L25: ' Belarusian.<|im_end|><|endoftext|><|endoftext|><|endoftext|><|endoftext|>' = [' Belarus', 'ian', '.', '<|im_end|>', '<|endoftext|>', '<|endoftext|>', '<|endoftext|>', '<|endoftext|>'] [HIT]
  L26: ' Belarusian.<|im_end|><|endoftext|><|endoftext|><|endoftext|><|endoftext|>' = [' Belarus', 'ian', '.', '<|im_end|>', '<|endoftext|>', '<|endoftext|>', '<|endoftext|>', '<|endoftext|>'] [HIT]
  L27: ' Belarusian.<|im_end|><|endoftext|><|endoftext|><|endoftext|><|endoftext|>' = [' Belarus', 'ian', '.', '<|im_end|>', '<|endoftext|>', '<|endoftext|>', '<|endoftext|>', '<|endoftext|>'] [HIT]
  L28: ' Belarusian.<|im_end|><|endoftext|><|endoftext|><|endoftext|><|endoftext|>' = [' Belarus', 'ian', '.', '<|im_end|>', '<|endoftext|>', '<|endoftext|>', '<|endoftext|>', '<|endoftext|>'] [HIT]

row 291: base=AR -> source=GH  template=language_prefill_v5
  question: 'What language is officially spoken in the country shown in this flag?'
  prefill : 'The official language is'
  gold base   (expected unhooked) : ' Guaraní' = [' Gu', 'aran', 'í']
  gold source (expected if swap works): ' English' = [' English']
  unhooked: ' Spanish. The flag in the image is' = [' Spanish', '.', ' The', ' flag', ' in', ' the', ' image', ' is']
  L19: ' Spanish. The flag in the image is' = [' Spanish', '.', ' The', ' flag', ' in', ' the', ' image', ' is'] [other]
  L20: ' Spanish. The flag in the image is' = [' Spanish', '.', ' The', ' flag', ' in', ' the', ' image', ' is'] [other]
  L21: ' Spanish. The flag in the image is' = [' Spanish', '.', ' The', ' flag', ' in', ' the', ' image', ' is'] [other]
  L22: ' Spanish. The flag in the image is' = [' Spanish', '.', ' The', ' flag', ' in', ' the', ' image', ' is'] [other]
  L23: ' English.<|im_end|><|endoftext|><|endoftext|><|endoftext|><|endoftext|><|endoftext|>' = [' English', '.', '<|im_end|>', '<|endoftext|>', '<|endoftext|>', '<|endoftext|>', '<|endoftext|>', '<|endoftext|>'] [HIT]
  L24: ' English.<|im_end|><|endoftext|><|endoftext|><|endoftext|><|endoftext|><|endoftext|>' = [' English', '.', '<|im_end|>', '<|endoftext|>', '<|endoftext|>', '<|endoftext|>', '<|endoftext|>', '<|endoftext|>'] [HIT]
  L25: ' English.<|im_end|><|endoftext|><|endoftext|><|endoftext|><|endoftext|><|endoftext|>' = [' English', '.', '<|im_end|>', '<|endoftext|>', '<|endoftext|>', '<|endoftext|>', '<|endoftext|>', '<|endoftext|>'] [HIT]
  L26: ' English.<|im_end|><|endoftext|><|endoftext|><|endoftext|><|endoftext|><|endoftext|>' = [' English', '.', '<|im_end|>', '<|endoftext|>', '<|endoftext|>', '<|endoftext|>', '<|endoftext|>', '<|endoftext|>'] [HIT]
  L27: ' English.<|im_end|><|endoftext|><|endoftext|><|endoftext|><|endoftext|><|endoftext|>' = [' English', '.', '<|im_end|>', '<|endoftext|>', '<|endoftext|>', '<|endoftext|>', '<|endoftext|>', '<|endoftext|>'] [HIT]
  L28: ' English.<|im_end|><|endoftext|><|endoftext|><|endoftext|><|endoftext|><|endoftext|>' = [' English', '.', '<|im_end|>', '<|endoftext|>', '<|endoftext|>', '<|endoftext|>', '<|endoftext|>', '<|endoftext|>'] [HIT]

row 292: base=PT -> source=VN  template=language_prefill_v2
  question: 'What is the official language of the country shown in this flag?'
  prefill : 'The official language is'
  gold base   (expected unhooked) : ' Portuguese' = [' Portuguese']
  gold source (expected if swap works): ' Vietnamese' = [' Vietnamese']
  unhooked: ' Portuguese.<|im_end|><|endoftext|><|endoftext|><|endoftext|><|endoftext|><|endoftext|>' = [' Portuguese', '.', '<|im_end|>', '<|endoftext|>', '<|endoftext|>', '<|endoftext|>', '<|endoftext|>', '<|endoftext|>']
  L19: ' Portuguese.<|im_end|><|endoftext|><|endoftext|><|endoftext|><|endoftext|><|endoftext|>' = [' Portuguese', '.', '<|im_end|>', '<|endoftext|>', '<|endoftext|>', '<|endoftext|>', '<|endoftext|>', '<|endoftext|>'] [base]
  L20: ' Portuguese.<|im_end|><|endoftext|><|endoftext|><|endoftext|><|endoftext|><|endoftext|>' = [' Portuguese', '.', '<|im_end|>', '<|endoftext|>', '<|endoftext|>', '<|endoftext|>', '<|endoftext|>', '<|endoftext|>'] [base]
  L21: ' Portuguese.<|im_end|><|endoftext|><|endoftext|><|endoftext|><|endoftext|><|endoftext|>' = [' Portuguese', '.', '<|im_end|>', '<|endoftext|>', '<|endoftext|>', '<|endoftext|>', '<|endoftext|>', '<|endoftext|>'] [base]
  L22: ' Portuguese.<|im_end|><|endoftext|><|endoftext|><|endoftext|><|endoftext|><|endoftext|>' = [' Portuguese', '.', '<|im_end|>', '<|endoftext|>', '<|endoftext|>', '<|endoftext|>', '<|endoftext|>', '<|endoftext|>'] [base]
  L23: ' Portuguese.<|im_end|><|endoftext|><|endoftext|><|endoftext|><|endoftext|><|endoftext|>' = [' Portuguese', '.', '<|im_end|>', '<|endoftext|>', '<|endoftext|>', '<|endoftext|>', '<|endoftext|>', '<|endoftext|>'] [base]
  L24: ' Vietnamese.<|im_end|><|endoftext|><|endoftext|><|endoftext|><|endoftext|><|endoftext|>' = [' Vietnamese', '.', '<|im_end|>', '<|endoftext|>', '<|endoftext|>', '<|endoftext|>', '<|endoftext|>', '<|endoftext|>'] [HIT]
  L25: ' Vietnamese.<|im_end|><|endoftext|><|endoftext|><|endoftext|><|endoftext|><|endoftext|>' = [' Vietnamese', '.', '<|im_end|>', '<|endoftext|>', '<|endoftext|>', '<|endoftext|>', '<|endoftext|>', '<|endoftext|>'] [HIT]
  L26: ' Vietnamese.<|im_end|><|endoftext|><|endoftext|><|endoftext|><|endoftext|><|endoftext|>' = [' Vietnamese', '.', '<|im_end|>', '<|endoftext|>', '<|endoftext|>', '<|endoftext|>', '<|endoftext|>', '<|endoftext|>'] [HIT]
  L27: ' Vietnamese.<|im_end|><|endoftext|><|endoftext|><|endoftext|><|endoftext|><|endoftext|>' = [' Vietnamese', '.', '<|im_end|>', '<|endoftext|>', '<|endoftext|>', '<|endoftext|>', '<|endoftext|>', '<|endoftext|>'] [HIT]
  L28: ' Vietnamese.<|im_end|><|endoftext|><|endoftext|><|endoftext|><|endoftext|><|endoftext|>' = [' Vietnamese', '.', '<|im_end|>', '<|endoftext|>', '<|endoftext|>', '<|endoftext|>', '<|endoftext|>', '<|endoftext|>'] [HIT]

row 293: base=IN -> source=BY  template=language_prefill_v4
  question: 'Identify one of the official languages of the country in this image.'
  prefill : 'One official language is'
  gold base   (expected unhooked) : ' Hindi' = [' Hindi']
  gold source (expected if swap works): ' Belarusian' = [' Belarus', 'ian']
  unhooked: ' Hindi.<|im_end|><|endoftext|><|endoftext|><|endoftext|><|endoftext|><|endoftext|>' = [' Hindi', '.', '<|im_end|>', '<|endoftext|>', '<|endoftext|>', '<|endoftext|>', '<|endoftext|>', '<|endoftext|>']
  L19: ' Hindi.<|im_end|><|endoftext|><|endoftext|><|endoftext|><|endoftext|><|endoftext|>' = [' Hindi', '.', '<|im_end|>', '<|endoftext|>', '<|endoftext|>', '<|endoftext|>', '<|endoftext|>', '<|endoftext|>'] [base]
  L20: ' Hindi.<|im_end|><|endoftext|><|endoftext|><|endoftext|><|endoftext|><|endoftext|>' = [' Hindi', '.', '<|im_end|>', '<|endoftext|>', '<|endoftext|>', '<|endoftext|>', '<|endoftext|>', '<|endoftext|>'] [base]
  L21: ' Hindi.<|im_end|><|endoftext|><|endoftext|><|endoftext|><|endoftext|><|endoftext|>' = [' Hindi', '.', '<|im_end|>', '<|endoftext|>', '<|endoftext|>', '<|endoftext|>', '<|endoftext|>', '<|endoftext|>'] [base]
  L22: ' Hindi.<|im_end|><|endoftext|><|endoftext|><|endoftext|><|endoftext|><|endoftext|>' = [' Hindi', '.', '<|im_end|>', '<|endoftext|>', '<|endoftext|>', '<|endoftext|>', '<|endoftext|>', '<|endoftext|>'] [base]
  L23: ' Russian.<|im_end|><|endoftext|><|endoftext|><|endoftext|><|endoftext|><|endoftext|>' = [' Russian', '.', '<|im_end|>', '<|endoftext|>', '<|endoftext|>', '<|endoftext|>', '<|endoftext|>', '<|endoftext|>'] [other]
  L24: ' Belarusian.<|im_end|><|endoftext|><|endoftext|><|endoftext|><|endoftext|>' = [' Belarus', 'ian', '.', '<|im_end|>', '<|endoftext|>', '<|endoftext|>', '<|endoftext|>', '<|endoftext|>'] [HIT]
  L25: ' Belarusian.<|im_end|><|endoftext|><|endoftext|><|endoftext|><|endoftext|>' = [' Belarus', 'ian', '.', '<|im_end|>', '<|endoftext|>', '<|endoftext|>', '<|endoftext|>', '<|endoftext|>'] [HIT]
  L26: ' Belarusian.<|im_end|><|endoftext|><|endoftext|><|endoftext|><|endoftext|>' = [' Belarus', 'ian', '.', '<|im_end|>', '<|endoftext|>', '<|endoftext|>', '<|endoftext|>', '<|endoftext|>'] [HIT]
  L27: ' Belarusian.<|im_end|><|endoftext|><|endoftext|><|endoftext|><|endoftext|>' = [' Belarus', 'ian', '.', '<|im_end|>', '<|endoftext|>', '<|endoftext|>', '<|endoftext|>', '<|endoftext|>'] [HIT]
  L28: ' Belarusian.<|im_end|><|endoftext|><|endoftext|><|endoftext|><|endoftext|>' = [' Belarus', 'ian', '.', '<|im_end|>', '<|endoftext|>', '<|endoftext|>', '<|endoftext|>', '<|endoftext|>'] [HIT]

row 294: base=HN -> source=PT  template=language_prefill_v5
  question: 'What language is officially spoken in the country shown in this flag?'
  prefill : 'The official language is'
  gold base   (expected unhooked) : ' Spanish' = [' Spanish']
  gold source (expected if swap works): ' Portuguese' = [' Portuguese']
  unhooked: ' Spanish.<|im_end|><|endoftext|><|endoftext|><|endoftext|><|endoftext|><|endoftext|>' = [' Spanish', '.', '<|im_end|>', '<|endoftext|>', '<|endoftext|>', '<|endoftext|>', '<|endoftext|>', '<|endoftext|>']
  L19: ' Spanish.<|im_end|><|endoftext|><|endoftext|><|endoftext|><|endoftext|><|endoftext|>' = [' Spanish', '.', '<|im_end|>', '<|endoftext|>', '<|endoftext|>', '<|endoftext|>', '<|endoftext|>', '<|endoftext|>'] [base]
  L20: ' Spanish.<|im_end|><|endoftext|><|endoftext|><|endoftext|><|endoftext|><|endoftext|>' = [' Spanish', '.', '<|im_end|>', '<|endoftext|>', '<|endoftext|>', '<|endoftext|>', '<|endoftext|>', '<|endoftext|>'] [base]
  L21: ' Spanish.<|im_end|><|endoftext|><|endoftext|><|endoftext|><|endoftext|><|endoftext|>' = [' Spanish', '.', '<|im_end|>', '<|endoftext|>', '<|endoftext|>', '<|endoftext|>', '<|endoftext|>', '<|endoftext|>'] [base]
  L22: ' Spanish.<|im_end|><|endoftext|><|endoftext|><|endoftext|><|endoftext|><|endoftext|>' = [' Spanish', '.', '<|im_end|>', '<|endoftext|>', '<|endoftext|>', '<|endoftext|>', '<|endoftext|>', '<|endoftext|>'] [base]
  L23: ' Portuguese.<|im_end|><|endoftext|><|endoftext|><|endoftext|><|endoftext|><|endoftext|>' = [' Portuguese', '.', '<|im_end|>', '<|endoftext|>', '<|endoftext|>', '<|endoftext|>', '<|endoftext|>', '<|endoftext|>'] [HIT]
  L24: ' Portuguese.<|im_end|><|endoftext|><|endoftext|><|endoftext|><|endoftext|><|endoftext|>' = [' Portuguese', '.', '<|im_end|>', '<|endoftext|>', '<|endoftext|>', '<|endoftext|>', '<|endoftext|>', '<|endoftext|>'] [HIT]
  L25: ' Portuguese.<|im_end|><|endoftext|><|endoftext|><|endoftext|><|endoftext|><|endoftext|>' = [' Portuguese', '.', '<|im_end|>', '<|endoftext|>', '<|endoftext|>', '<|endoftext|>', '<|endoftext|>', '<|endoftext|>'] [HIT]
  L26: ' Portuguese.<|im_end|><|endoftext|><|endoftext|><|endoftext|><|endoftext|><|endoftext|>' = [' Portuguese', '.', '<|im_end|>', '<|endoftext|>', '<|endoftext|>', '<|endoftext|>', '<|endoftext|>', '<|endoftext|>'] [HIT]
  L27: ' Portuguese.<|im_end|><|endoftext|><|endoftext|><|endoftext|><|endoftext|><|endoftext|>' = [' Portuguese', '.', '<|im_end|>', '<|endoftext|>', '<|endoftext|>', '<|endoftext|>', '<|endoftext|>', '<|endoftext|>'] [HIT]
  L28: ' Portuguese.<|im_end|><|endoftext|><|endoftext|><|endoftext|><|endoftext|><|endoftext|>' = [' Portuguese', '.', '<|im_end|>', '<|endoftext|>', '<|endoftext|>', '<|endoftext|>', '<|endoftext|>', '<|endoftext|>'] [HIT]

row 295: base=MX -> source=ZM  template=language_prefill_v4
  question: 'Identify one of the official languages of the country in this image.'
  prefill : 'One official language is'
  gold base   (expected unhooked) : ' Spanish' = [' Spanish']
  gold source (expected if swap works): ' English' = [' English']
  unhooked: ' Spanish.<|im_end|><|endoftext|><|endoftext|><|endoftext|><|endoftext|><|endoftext|>' = [' Spanish', '.', '<|im_end|>', '<|endoftext|>', '<|endoftext|>', '<|endoftext|>', '<|endoftext|>', '<|endoftext|>']
  L19: ' Spanish.<|im_end|><|endoftext|><|endoftext|><|endoftext|><|endoftext|><|endoftext|>' = [' Spanish', '.', '<|im_end|>', '<|endoftext|>', '<|endoftext|>', '<|endoftext|>', '<|endoftext|>', '<|endoftext|>'] [base]
  L20: ' Spanish.<|im_end|><|endoftext|><|endoftext|><|endoftext|><|endoftext|><|endoftext|>' = [' Spanish', '.', '<|im_end|>', '<|endoftext|>', '<|endoftext|>', '<|endoftext|>', '<|endoftext|>', '<|endoftext|>'] [base]
  L21: ' Spanish.<|im_end|><|endoftext|><|endoftext|><|endoftext|><|endoftext|><|endoftext|>' = [' Spanish', '.', '<|im_end|>', '<|endoftext|>', '<|endoftext|>', '<|endoftext|>', '<|endoftext|>', '<|endoftext|>'] [base]
  L22: ' Spanish.<|im_end|><|endoftext|><|endoftext|><|endoftext|><|endoftext|><|endoftext|>' = [' Spanish', '.', '<|im_end|>', '<|endoftext|>', '<|endoftext|>', '<|endoftext|>', '<|endoftext|>', '<|endoftext|>'] [base]
  L23: ' English.<|im_end|><|endoftext|><|endoftext|><|endoftext|><|endoftext|><|endoftext|>' = [' English', '.', '<|im_end|>', '<|endoftext|>', '<|endoftext|>', '<|endoftext|>', '<|endoftext|>', '<|endoftext|>'] [HIT]
  L24: ' English.<|im_end|><|endoftext|><|endoftext|><|endoftext|><|endoftext|><|endoftext|>' = [' English', '.', '<|im_end|>', '<|endoftext|>', '<|endoftext|>', '<|endoftext|>', '<|endoftext|>', '<|endoftext|>'] [HIT]
  L25: ' English.<|im_end|><|endoftext|><|endoftext|><|endoftext|><|endoftext|><|endoftext|>' = [' English', '.', '<|im_end|>', '<|endoftext|>', '<|endoftext|>', '<|endoftext|>', '<|endoftext|>', '<|endoftext|>'] [HIT]
  L26: ' English.<|im_end|><|endoftext|><|endoftext|><|endoftext|><|endoftext|><|endoftext|>' = [' English', '.', '<|im_end|>', '<|endoftext|>', '<|endoftext|>', '<|endoftext|>', '<|endoftext|>', '<|endoftext|>'] [HIT]
  L27: ' English.<|im_end|><|endoftext|><|endoftext|><|endoftext|><|endoftext|><|endoftext|>' = [' English', '.', '<|im_end|>', '<|endoftext|>', '<|endoftext|>', '<|endoftext|>', '<|endoftext|>', '<|endoftext|>'] [HIT]
  L28: ' English.<|im_end|><|endoftext|><|endoftext|><|endoftext|><|endoftext|><|endoftext|>' = [' English', '.', '<|im_end|>', '<|endoftext|>', '<|endoftext|>', '<|endoftext|>', '<|endoftext|>', '<|endoftext|>'] [HIT]

row 296: base=AR -> source=MX  template=language_prefill_v5
  question: 'What language is officially spoken in the country shown in this flag?'
  prefill : 'The official language is'
  gold base   (expected unhooked) : ' Guaraní' = [' Gu', 'aran', 'í']
  gold source (expected if swap works): ' Spanish' = [' Spanish']
  unhooked: ' Spanish. The flag in the image is' = [' Spanish', '.', ' The', ' flag', ' in', ' the', ' image', ' is']
  L19: ' Spanish. The flag in the image is' = [' Spanish', '.', ' The', ' flag', ' in', ' the', ' image', ' is'] [HIT]
  L20: ' Spanish. The flag in the image is' = [' Spanish', '.', ' The', ' flag', ' in', ' the', ' image', ' is'] [HIT]
  L21: ' Spanish. The flag in the image is' = [' Spanish', '.', ' The', ' flag', ' in', ' the', ' image', ' is'] [HIT]
  L22: ' Spanish.<|im_end|><|endoftext|><|endoftext|><|endoftext|><|endoftext|><|endoftext|>' = [' Spanish', '.', '<|im_end|>', '<|endoftext|>', '<|endoftext|>', '<|endoftext|>', '<|endoftext|>', '<|endoftext|>'] [HIT]
  L23: ' Spanish. The flag in the image is' = [' Spanish', '.', ' The', ' flag', ' in', ' the', ' image', ' is'] [HIT]
  L24: ' Spanish. The flag in the image is' = [' Spanish', '.', ' The', ' flag', ' in', ' the', ' image', ' is'] [HIT]
  L25: ' Spanish. The flag in the image is' = [' Spanish', '.', ' The', ' flag', ' in', ' the', ' image', ' is'] [HIT]
  L26: ' Spanish. The flag in the image is' = [' Spanish', '.', ' The', ' flag', ' in', ' the', ' image', ' is'] [HIT]
  L27: ' Spanish. The flag in the image is' = [' Spanish', '.', ' The', ' flag', ' in', ' the', ' image', ' is'] [HIT]
  L28: ' Spanish. The flag in the image is' = [' Spanish', '.', ' The', ' flag', ' in', ' the', ' image', ' is'] [HIT]

row 297: base=MU -> source=BY  template=language_prefill_v3
  question: 'Tell me a language spoken in the country in this image.'
  prefill : 'A language spoken there is'
  gold base   (expected unhooked) : ' French' = [' French']
  gold source (expected if swap works): ' Belarusian' = [' Belarus', 'ian']
  unhooked: ' Mauritian Creole, which is an' = [' Maur', 'itian', ' Cre', 'ole', ',', ' which', ' is', ' an']
  L19: ' Mauritian Creole, which is an' = [' Maur', 'itian', ' Cre', 'ole', ',', ' which', ' is', ' an'] [other]
  L20: ' Mauritian Creole, which is an' = [' Maur', 'itian', ' Cre', 'ole', ',', ' which', ' is', ' an'] [other]
  L21: ' Mauritian Creole, which is an' = [' Maur', 'itian', ' Cre', 'ole', ',', ' which', ' is', ' an'] [other]
  L22: ' Russian.<|im_end|><|endoftext|><|endoftext|><|endoftext|><|endoftext|><|endoftext|>' = [' Russian', '.', '<|im_end|>', '<|endoftext|>', '<|endoftext|>', '<|endoftext|>', '<|endoftext|>', '<|endoftext|>'] [other]
  L23: ' Belarusian.<|im_end|><|endoftext|><|endoftext|><|endoftext|><|endoftext|>' = [' Belarus', 'ian', '.', '<|im_end|>', '<|endoftext|>', '<|endoftext|>', '<|endoftext|>', '<|endoftext|>'] [HIT]
  L24: ' Belarusian.<|im_end|><|endoftext|><|endoftext|><|endoftext|><|endoftext|>' = [' Belarus', 'ian', '.', '<|im_end|>', '<|endoftext|>', '<|endoftext|>', '<|endoftext|>', '<|endoftext|>'] [HIT]
  L25: ' Belarusian.<|im_end|><|endoftext|><|endoftext|><|endoftext|><|endoftext|>' = [' Belarus', 'ian', '.', '<|im_end|>', '<|endoftext|>', '<|endoftext|>', '<|endoftext|>', '<|endoftext|>'] [HIT]
  L26: ' Belarusian.<|im_end|><|endoftext|><|endoftext|><|endoftext|><|endoftext|>' = [' Belarus', 'ian', '.', '<|im_end|>', '<|endoftext|>', '<|endoftext|>', '<|endoftext|>', '<|endoftext|>'] [HIT]
  L27: ' Belarusian.<|im_end|><|endoftext|><|endoftext|><|endoftext|><|endoftext|>' = [' Belarus', 'ian', '.', '<|im_end|>', '<|endoftext|>', '<|endoftext|>', '<|endoftext|>', '<|endoftext|>'] [HIT]
  L28: ' Belarusian.<|im_end|><|endoftext|><|endoftext|><|endoftext|><|endoftext|>' = [' Belarus', 'ian', '.', '<|im_end|>', '<|endoftext|>', '<|endoftext|>', '<|endoftext|>', '<|endoftext|>'] [HIT]

row 298: base=FI -> source=GT  template=language_prefill_v5
  question: 'What language is officially spoken in the country shown in this flag?'
  prefill : 'The official language is'
  gold base   (expected unhooked) : ' Finnish' = [' Finnish']
  gold source (expected if swap works): ' Spanish' = [' Spanish']
  unhooked: ' Finnish.<|im_end|><|endoftext|><|endoftext|><|endoftext|><|endoftext|><|endoftext|>' = [' Finnish', '.', '<|im_end|>', '<|endoftext|>', '<|endoftext|>', '<|endoftext|>', '<|endoftext|>', '<|endoftext|>']
  L19: ' Finnish.<|im_end|><|endoftext|><|endoftext|><|endoftext|><|endoftext|><|endoftext|>' = [' Finnish', '.', '<|im_end|>', '<|endoftext|>', '<|endoftext|>', '<|endoftext|>', '<|endoftext|>', '<|endoftext|>'] [base]
  L20: ' Finnish.<|im_end|><|endoftext|><|endoftext|><|endoftext|><|endoftext|><|endoftext|>' = [' Finnish', '.', '<|im_end|>', '<|endoftext|>', '<|endoftext|>', '<|endoftext|>', '<|endoftext|>', '<|endoftext|>'] [base]
  L21: ' Finnish.<|im_end|><|endoftext|><|endoftext|><|endoftext|><|endoftext|><|endoftext|>' = [' Finnish', '.', '<|im_end|>', '<|endoftext|>', '<|endoftext|>', '<|endoftext|>', '<|endoftext|>', '<|endoftext|>'] [base]
  L22: ' Finnish.<|im_end|><|endoftext|><|endoftext|><|endoftext|><|endoftext|><|endoftext|>' = [' Finnish', '.', '<|im_end|>', '<|endoftext|>', '<|endoftext|>', '<|endoftext|>', '<|endoftext|>', '<|endoftext|>'] [base]
  L23: ' Spanish.<|im_end|><|endoftext|><|endoftext|><|endoftext|><|endoftext|><|endoftext|>' = [' Spanish', '.', '<|im_end|>', '<|endoftext|>', '<|endoftext|>', '<|endoftext|>', '<|endoftext|>', '<|endoftext|>'] [HIT]
  L24: ' Spanish.<|im_end|><|endoftext|><|endoftext|><|endoftext|><|endoftext|><|endoftext|>' = [' Spanish', '.', '<|im_end|>', '<|endoftext|>', '<|endoftext|>', '<|endoftext|>', '<|endoftext|>', '<|endoftext|>'] [HIT]
  L25: ' Spanish.<|im_end|><|endoftext|><|endoftext|><|endoftext|><|endoftext|><|endoftext|>' = [' Spanish', '.', '<|im_end|>', '<|endoftext|>', '<|endoftext|>', '<|endoftext|>', '<|endoftext|>', '<|endoftext|>'] [HIT]
  L26: ' Spanish.<|im_end|><|endoftext|><|endoftext|><|endoftext|><|endoftext|><|endoftext|>' = [' Spanish', '.', '<|im_end|>', '<|endoftext|>', '<|endoftext|>', '<|endoftext|>', '<|endoftext|>', '<|endoftext|>'] [HIT]
  L27: ' Spanish.<|im_end|><|endoftext|><|endoftext|><|endoftext|><|endoftext|><|endoftext|>' = [' Spanish', '.', '<|im_end|>', '<|endoftext|>', '<|endoftext|>', '<|endoftext|>', '<|endoftext|>', '<|endoftext|>'] [HIT]
  L28: ' Spanish.<|im_end|><|endoftext|><|endoftext|><|endoftext|><|endoftext|><|endoftext|>' = [' Spanish', '.', '<|im_end|>', '<|endoftext|>', '<|endoftext|>', '<|endoftext|>', '<|endoftext|>', '<|endoftext|>'] [HIT]

row 299: base=SA -> source=PT  template=language_prefill_v1
  question: 'Name an official language of the country in this image.'
  prefill : 'One official language is'
  gold base   (expected unhooked) : ' Arabic' = [' Arabic']
  gold source (expected if swap works): ' Portuguese' = [' Portuguese']
  unhooked: ' Arabic.<|im_end|><|endoftext|><|endoftext|><|endoftext|><|endoftext|><|endoftext|>' = [' Arabic', '.', '<|im_end|>', '<|endoftext|>', '<|endoftext|>', '<|endoftext|>', '<|endoftext|>', '<|endoftext|>']
  L19: ' Arabic.<|im_end|><|endoftext|><|endoftext|><|endoftext|><|endoftext|><|endoftext|>' = [' Arabic', '.', '<|im_end|>', '<|endoftext|>', '<|endoftext|>', '<|endoftext|>', '<|endoftext|>', '<|endoftext|>'] [base]
  L20: ' Arabic.<|im_end|><|endoftext|><|endoftext|><|endoftext|><|endoftext|><|endoftext|>' = [' Arabic', '.', '<|im_end|>', '<|endoftext|>', '<|endoftext|>', '<|endoftext|>', '<|endoftext|>', '<|endoftext|>'] [base]
  L21: ' Arabic.<|im_end|><|endoftext|><|endoftext|><|endoftext|><|endoftext|><|endoftext|>' = [' Arabic', '.', '<|im_end|>', '<|endoftext|>', '<|endoftext|>', '<|endoftext|>', '<|endoftext|>', '<|endoftext|>'] [base]
  L22: ' Arabic.<|im_end|><|endoftext|><|endoftext|><|endoftext|><|endoftext|><|endoftext|>' = [' Arabic', '.', '<|im_end|>', '<|endoftext|>', '<|endoftext|>', '<|endoftext|>', '<|endoftext|>', '<|endoftext|>'] [base]
  L23: ' Portuguese.<|im_end|><|endoftext|><|endoftext|><|endoftext|><|endoftext|><|endoftext|>' = [' Portuguese', '.', '<|im_end|>', '<|endoftext|>', '<|endoftext|>', '<|endoftext|>', '<|endoftext|>', '<|endoftext|>'] [HIT]
  L24: ' Portuguese.<|im_end|><|endoftext|><|endoftext|><|endoftext|><|endoftext|><|endoftext|>' = [' Portuguese', '.', '<|im_end|>', '<|endoftext|>', '<|endoftext|>', '<|endoftext|>', '<|endoftext|>', '<|endoftext|>'] [HIT]
  L25: ' Portuguese.<|im_end|><|endoftext|><|endoftext|><|endoftext|><|endoftext|><|endoftext|>' = [' Portuguese', '.', '<|im_end|>', '<|endoftext|>', '<|endoftext|>', '<|endoftext|>', '<|endoftext|>', '<|endoftext|>'] [HIT]
  L26: ' Portuguese.<|im_end|><|endoftext|><|endoftext|><|endoftext|><|endoftext|><|endoftext|>' = [' Portuguese', '.', '<|im_end|>', '<|endoftext|>', '<|endoftext|>', '<|endoftext|>', '<|endoftext|>', '<|endoftext|>'] [HIT]
  L27: ' Portuguese.<|im_end|><|endoftext|><|endoftext|><|endoftext|><|endoftext|><|endoftext|>' = [' Portuguese', '.', '<|im_end|>', '<|endoftext|>', '<|endoftext|>', '<|endoftext|>', '<|endoftext|>', '<|endoftext|>'] [HIT]
  L28: ' Portuguese.<|im_end|><|endoftext|><|endoftext|><|endoftext|><|endoftext|><|endoftext|>' = [' Portuguese', '.', '<|im_end|>', '<|endoftext|>', '<|endoftext|>', '<|endoftext|>', '<|endoftext|>', '<|endoftext|>'] [HIT]

row 300: base=UA -> source=GH  template=language_prefill_v2
  question: 'What is the official language of the country shown in this flag?'
  prefill : 'The official language is'
  gold base   (expected unhooked) : ' Ukrainian' = [' Ukrainian']
  gold source (expected if swap works): ' English' = [' English']
  unhooked: ' Ukrainian.<|im_end|><|endoftext|><|endoftext|><|endoftext|><|endoftext|><|endoftext|>' = [' Ukrainian', '.', '<|im_end|>', '<|endoftext|>', '<|endoftext|>', '<|endoftext|>', '<|endoftext|>', '<|endoftext|>']
  L19: ' Ukrainian.<|im_end|><|endoftext|><|endoftext|><|endoftext|><|endoftext|><|endoftext|>' = [' Ukrainian', '.', '<|im_end|>', '<|endoftext|>', '<|endoftext|>', '<|endoftext|>', '<|endoftext|>', '<|endoftext|>'] [base]
  L20: ' Ukrainian.<|im_end|><|endoftext|><|endoftext|><|endoftext|><|endoftext|><|endoftext|>' = [' Ukrainian', '.', '<|im_end|>', '<|endoftext|>', '<|endoftext|>', '<|endoftext|>', '<|endoftext|>', '<|endoftext|>'] [base]
  L21: ' Ukrainian.<|im_end|><|endoftext|><|endoftext|><|endoftext|><|endoftext|><|endoftext|>' = [' Ukrainian', '.', '<|im_end|>', '<|endoftext|>', '<|endoftext|>', '<|endoftext|>', '<|endoftext|>', '<|endoftext|>'] [base]
  L22: ' Ukrainian.<|im_end|><|endoftext|><|endoftext|><|endoftext|><|endoftext|><|endoftext|>' = [' Ukrainian', '.', '<|im_end|>', '<|endoftext|>', '<|endoftext|>', '<|endoftext|>', '<|endoftext|>', '<|endoftext|>'] [base]
  L23: ' English.<|im_end|><|endoftext|><|endoftext|><|endoftext|><|endoftext|><|endoftext|>' = [' English', '.', '<|im_end|>', '<|endoftext|>', '<|endoftext|>', '<|endoftext|>', '<|endoftext|>', '<|endoftext|>'] [HIT]
  L24: ' English.<|im_end|><|endoftext|><|endoftext|><|endoftext|><|endoftext|><|endoftext|>' = [' English', '.', '<|im_end|>', '<|endoftext|>', '<|endoftext|>', '<|endoftext|>', '<|endoftext|>', '<|endoftext|>'] [HIT]
  L25: ' English.<|im_end|><|endoftext|><|endoftext|><|endoftext|><|endoftext|><|endoftext|>' = [' English', '.', '<|im_end|>', '<|endoftext|>', '<|endoftext|>', '<|endoftext|>', '<|endoftext|>', '<|endoftext|>'] [HIT]
  L26: ' English.<|im_end|><|endoftext|><|endoftext|><|endoftext|><|endoftext|><|endoftext|>' = [' English', '.', '<|im_end|>', '<|endoftext|>', '<|endoftext|>', '<|endoftext|>', '<|endoftext|>', '<|endoftext|>'] [HIT]
  L27: ' English.<|im_end|><|endoftext|><|endoftext|><|endoftext|><|endoftext|><|endoftext|>' = [' English', '.', '<|im_end|>', '<|endoftext|>', '<|endoftext|>', '<|endoftext|>', '<|endoftext|>', '<|endoftext|>'] [HIT]
  L28: ' English.<|im_end|><|endoftext|><|endoftext|><|endoftext|><|endoftext|><|endoftext|>' = [' English', '.', '<|im_end|>', '<|endoftext|>', '<|endoftext|>', '<|endoftext|>', '<|endoftext|>', '<|endoftext|>'] [HIT]

row 301: base=BY -> source=PY  template=language_prefill_v4
  question: 'Identify one of the official languages of the country in this image.'
  prefill : 'One official language is'
  gold base   (expected unhooked) : ' Belarusian' = [' Belarus', 'ian']
  gold source (expected if swap works): ' Spanish' = [' Spanish']
  unhooked: ' Belarusian.<|im_end|><|endoftext|><|endoftext|><|endoftext|><|endoftext|>' = [' Belarus', 'ian', '.', '<|im_end|>', '<|endoftext|>', '<|endoftext|>', '<|endoftext|>', '<|endoftext|>']
  L19: ' Belarusian.<|im_end|><|endoftext|><|endoftext|><|endoftext|><|endoftext|>' = [' Belarus', 'ian', '.', '<|im_end|>', '<|endoftext|>', '<|endoftext|>', '<|endoftext|>', '<|endoftext|>'] [base]
  L20: ' Belarusian.<|im_end|><|endoftext|><|endoftext|><|endoftext|><|endoftext|>' = [' Belarus', 'ian', '.', '<|im_end|>', '<|endoftext|>', '<|endoftext|>', '<|endoftext|>', '<|endoftext|>'] [base]
  L21: ' Belarusian.<|im_end|><|endoftext|><|endoftext|><|endoftext|><|endoftext|>' = [' Belarus', 'ian', '.', '<|im_end|>', '<|endoftext|>', '<|endoftext|>', '<|endoftext|>', '<|endoftext|>'] [base]
  L22: ' Belarusian.<|im_end|><|endoftext|><|endoftext|><|endoftext|><|endoftext|>' = [' Belarus', 'ian', '.', '<|im_end|>', '<|endoftext|>', '<|endoftext|>', '<|endoftext|>', '<|endoftext|>'] [base]
  L23: ' Spanish.<|im_end|><|endoftext|><|endoftext|><|endoftext|><|endoftext|><|endoftext|>' = [' Spanish', '.', '<|im_end|>', '<|endoftext|>', '<|endoftext|>', '<|endoftext|>', '<|endoftext|>', '<|endoftext|>'] [HIT]
  L24: ' Spanish.<|im_end|><|endoftext|><|endoftext|><|endoftext|><|endoftext|><|endoftext|>' = [' Spanish', '.', '<|im_end|>', '<|endoftext|>', '<|endoftext|>', '<|endoftext|>', '<|endoftext|>', '<|endoftext|>'] [HIT]
  L25: ' Spanish.<|im_end|><|endoftext|><|endoftext|><|endoftext|><|endoftext|><|endoftext|>' = [' Spanish', '.', '<|im_end|>', '<|endoftext|>', '<|endoftext|>', '<|endoftext|>', '<|endoftext|>', '<|endoftext|>'] [HIT]
  L26: ' Spanish.<|im_end|><|endoftext|><|endoftext|><|endoftext|><|endoftext|><|endoftext|>' = [' Spanish', '.', '<|im_end|>', '<|endoftext|>', '<|endoftext|>', '<|endoftext|>', '<|endoftext|>', '<|endoftext|>'] [HIT]
  L27: ' Spanish.<|im_end|><|endoftext|><|endoftext|><|endoftext|><|endoftext|><|endoftext|>' = [' Spanish', '.', '<|im_end|>', '<|endoftext|>', '<|endoftext|>', '<|endoftext|>', '<|endoftext|>', '<|endoftext|>'] [HIT]
  L28: ' Spanish.<|im_end|><|endoftext|><|endoftext|><|endoftext|><|endoftext|><|endoftext|>' = [' Spanish', '.', '<|im_end|>', '<|endoftext|>', '<|endoftext|>', '<|endoftext|>', '<|endoftext|>', '<|endoftext|>'] [HIT]

row 302: base=CM -> source=GT  template=language_prefill_v1
  question: 'Name an official language of the country in this image.'
  prefill : 'One official language is'
  gold base   (expected unhooked) : ' French' = [' French']
  gold source (expected if swap works): ' Spanish' = [' Spanish']
  unhooked: ' French.<|im_end|><|endoftext|><|endoftext|><|endoftext|><|endoftext|><|endoftext|>' = [' French', '.', '<|im_end|>', '<|endoftext|>', '<|endoftext|>', '<|endoftext|>', '<|endoftext|>', '<|endoftext|>']
  L19: ' French.<|im_end|><|endoftext|><|endoftext|><|endoftext|><|endoftext|><|endoftext|>' = [' French', '.', '<|im_end|>', '<|endoftext|>', '<|endoftext|>', '<|endoftext|>', '<|endoftext|>', '<|endoftext|>'] [base]
  L20: ' French.<|im_end|><|endoftext|><|endoftext|><|endoftext|><|endoftext|><|endoftext|>' = [' French', '.', '<|im_end|>', '<|endoftext|>', '<|endoftext|>', '<|endoftext|>', '<|endoftext|>', '<|endoftext|>'] [base]
  L21: ' French.<|im_end|><|endoftext|><|endoftext|><|endoftext|><|endoftext|><|endoftext|>' = [' French', '.', '<|im_end|>', '<|endoftext|>', '<|endoftext|>', '<|endoftext|>', '<|endoftext|>', '<|endoftext|>'] [base]
  L22: ' French.<|im_end|><|endoftext|><|endoftext|><|endoftext|><|endoftext|><|endoftext|>' = [' French', '.', '<|im_end|>', '<|endoftext|>', '<|endoftext|>', '<|endoftext|>', '<|endoftext|>', '<|endoftext|>'] [base]
  L23: ' Spanish.<|im_end|><|endoftext|><|endoftext|><|endoftext|><|endoftext|><|endoftext|>' = [' Spanish', '.', '<|im_end|>', '<|endoftext|>', '<|endoftext|>', '<|endoftext|>', '<|endoftext|>', '<|endoftext|>'] [HIT]
  L24: ' Spanish.<|im_end|><|endoftext|><|endoftext|><|endoftext|><|endoftext|><|endoftext|>' = [' Spanish', '.', '<|im_end|>', '<|endoftext|>', '<|endoftext|>', '<|endoftext|>', '<|endoftext|>', '<|endoftext|>'] [HIT]
  L25: ' Spanish.<|im_end|><|endoftext|><|endoftext|><|endoftext|><|endoftext|><|endoftext|>' = [' Spanish', '.', '<|im_end|>', '<|endoftext|>', '<|endoftext|>', '<|endoftext|>', '<|endoftext|>', '<|endoftext|>'] [HIT]
  L26: ' Spanish.<|im_end|><|endoftext|><|endoftext|><|endoftext|><|endoftext|><|endoftext|>' = [' Spanish', '.', '<|im_end|>', '<|endoftext|>', '<|endoftext|>', '<|endoftext|>', '<|endoftext|>', '<|endoftext|>'] [HIT]
  L27: ' Spanish.<|im_end|><|endoftext|><|endoftext|><|endoftext|><|endoftext|><|endoftext|>' = [' Spanish', '.', '<|im_end|>', '<|endoftext|>', '<|endoftext|>', '<|endoftext|>', '<|endoftext|>', '<|endoftext|>'] [HIT]
  L28: ' Spanish.<|im_end|><|endoftext|><|endoftext|><|endoftext|><|endoftext|><|endoftext|>' = [' Spanish', '.', '<|im_end|>', '<|endoftext|>', '<|endoftext|>', '<|endoftext|>', '<|endoftext|>', '<|endoftext|>'] [HIT]

row 303: base=AO -> source=MA  template=language_prefill_v3
  question: 'Tell me a language spoken in the country in this image.'
  prefill : 'A language spoken there is'
  gold base   (expected unhooked) : ' Portuguese' = [' Portuguese']
  gold source (expected if swap works): ' Arabic' = [' Arabic']
  unhooked: ' Portuguese, as Angola was a Portuguese colony' = [' Portuguese', ',', ' as', ' Angola', ' was', ' a', ' Portuguese', ' colony']
  L19: ' Portuguese. Angola was a colony of Portugal' = [' Portuguese', '.', ' Angola', ' was', ' a', ' colony', ' of', ' Portugal'] [base]
  L20: ' Portuguese, as Angola was a Portuguese colony' = [' Portuguese', ',', ' as', ' Angola', ' was', ' a', ' Portuguese', ' colony'] [base]
  L21: ' Portuguese, as Angola was a Portuguese colony' = [' Portuguese', ',', ' as', ' Angola', ' was', ' a', ' Portuguese', ' colony'] [base]
  L22: ' Portuguese, as Angola was a Portuguese colony' = [' Portuguese', ',', ' as', ' Angola', ' was', ' a', ' Portuguese', ' colony'] [base]
  L23: ' Arabic.<|im_end|><|endoftext|><|endoftext|><|endoftext|><|endoftext|><|endoftext|>' = [' Arabic', '.', '<|im_end|>', '<|endoftext|>', '<|endoftext|>', '<|endoftext|>', '<|endoftext|>', '<|endoftext|>'] [HIT]
  L24: ' Arabic.<|im_end|><|endoftext|><|endoftext|><|endoftext|><|endoftext|><|endoftext|>' = [' Arabic', '.', '<|im_end|>', '<|endoftext|>', '<|endoftext|>', '<|endoftext|>', '<|endoftext|>', '<|endoftext|>'] [HIT]
  L25: ' Arabic.<|im_end|><|endoftext|><|endoftext|><|endoftext|><|endoftext|><|endoftext|>' = [' Arabic', '.', '<|im_end|>', '<|endoftext|>', '<|endoftext|>', '<|endoftext|>', '<|endoftext|>', '<|endoftext|>'] [HIT]
  L26: ' Arabic.<|im_end|><|endoftext|><|endoftext|><|endoftext|><|endoftext|><|endoftext|>' = [' Arabic', '.', '<|im_end|>', '<|endoftext|>', '<|endoftext|>', '<|endoftext|>', '<|endoftext|>', '<|endoftext|>'] [HIT]
  L27: ' Arabic.<|im_end|><|endoftext|><|endoftext|><|endoftext|><|endoftext|><|endoftext|>' = [' Arabic', '.', '<|im_end|>', '<|endoftext|>', '<|endoftext|>', '<|endoftext|>', '<|endoftext|>', '<|endoftext|>'] [HIT]
  L28: ' D一生.<|im_end|><|endoftext|><|endoftext|><|endoftext|><|endoftext|>' = [' D', '一生', '.', '<|im_end|>', '<|endoftext|>', '<|endoftext|>', '<|endoftext|>', '<|endoftext|>'] [other]

row 304: base=MA -> source=MX  template=language_prefill_v6
  question: 'Name a language used in the country depicted in this image.'
  prefill : 'A language spoken there is'
  gold base   (expected unhooked) : ' Arabic' = [' Arabic']
  gold source (expected if swap works): ' Spanish' = [' Spanish']
  unhooked: ' Arabic.<|im_end|><|endoftext|><|endoftext|><|endoftext|><|endoftext|><|endoftext|>' = [' Arabic', '.', '<|im_end|>', '<|endoftext|>', '<|endoftext|>', '<|endoftext|>', '<|endoftext|>', '<|endoftext|>']
  L19: ' Arabic.<|im_end|><|endoftext|><|endoftext|><|endoftext|><|endoftext|><|endoftext|>' = [' Arabic', '.', '<|im_end|>', '<|endoftext|>', '<|endoftext|>', '<|endoftext|>', '<|endoftext|>', '<|endoftext|>'] [base]
  L20: ' Arabic.<|im_end|><|endoftext|><|endoftext|><|endoftext|><|endoftext|><|endoftext|>' = [' Arabic', '.', '<|im_end|>', '<|endoftext|>', '<|endoftext|>', '<|endoftext|>', '<|endoftext|>', '<|endoftext|>'] [base]
  L21: ' Arabic.<|im_end|><|endoftext|><|endoftext|><|endoftext|><|endoftext|><|endoftext|>' = [' Arabic', '.', '<|im_end|>', '<|endoftext|>', '<|endoftext|>', '<|endoftext|>', '<|endoftext|>', '<|endoftext|>'] [base]
  L22: ' Spanish, as Morocco is an Arabic-speaking' = [' Spanish', ',', ' as', ' Morocco', ' is', ' an', ' Arabic', '-speaking'] [HIT]
  L23: ' Spanish.<|im_end|><|endoftext|><|endoftext|><|endoftext|><|endoftext|><|endoftext|>' = [' Spanish', '.', '<|im_end|>', '<|endoftext|>', '<|endoftext|>', '<|endoftext|>', '<|endoftext|>', '<|endoftext|>'] [HIT]
  L24: ' Spanish.<|im_end|><|endoftext|><|endoftext|><|endoftext|><|endoftext|><|endoftext|>' = [' Spanish', '.', '<|im_end|>', '<|endoftext|>', '<|endoftext|>', '<|endoftext|>', '<|endoftext|>', '<|endoftext|>'] [HIT]
  L25: ' Spanish, as Morocco is officially a bilingual' = [' Spanish', ',', ' as', ' Morocco', ' is', ' officially', ' a', ' bilingual'] [HIT]
  L26: ' Spanish, as Morocco is officially a bilingual' = [' Spanish', ',', ' as', ' Morocco', ' is', ' officially', ' a', ' bilingual'] [HIT]
  L27: ' Spanish, as Morocco is officially a bilingual' = [' Spanish', ',', ' as', ' Morocco', ' is', ' officially', ' a', ' bilingual'] [HIT]
  L28: ' Spanish, as Morocco is officially a bilingual' = [' Spanish', ',', ' as', ' Morocco', ' is', ' officially', ' a', ' bilingual'] [HIT]

row 305: base=MU -> source=CV  template=language_prefill_v1
  question: 'Name an official language of the country in this image.'
  prefill : 'One official language is'
  gold base   (expected unhooked) : ' French' = [' French']
  gold source (expected if swap works): ' Portuguese' = [' Portuguese']
  unhooked: ' French.<|im_end|><|endoftext|><|endoftext|><|endoftext|><|endoftext|><|endoftext|>' = [' French', '.', '<|im_end|>', '<|endoftext|>', '<|endoftext|>', '<|endoftext|>', '<|endoftext|>', '<|endoftext|>']
  L19: ' French.<|im_end|><|endoftext|><|endoftext|><|endoftext|><|endoftext|><|endoftext|>' = [' French', '.', '<|im_end|>', '<|endoftext|>', '<|endoftext|>', '<|endoftext|>', '<|endoftext|>', '<|endoftext|>'] [base]
  L20: ' French.<|im_end|><|endoftext|><|endoftext|><|endoftext|><|endoftext|><|endoftext|>' = [' French', '.', '<|im_end|>', '<|endoftext|>', '<|endoftext|>', '<|endoftext|>', '<|endoftext|>', '<|endoftext|>'] [base]
  L21: ' French.<|im_end|><|endoftext|><|endoftext|><|endoftext|><|endoftext|><|endoftext|>' = [' French', '.', '<|im_end|>', '<|endoftext|>', '<|endoftext|>', '<|endoftext|>', '<|endoftext|>', '<|endoftext|>'] [base]
  L22: ' French.<|im_end|><|endoftext|><|endoftext|><|endoftext|><|endoftext|><|endoftext|>' = [' French', '.', '<|im_end|>', '<|endoftext|>', '<|endoftext|>', '<|endoftext|>', '<|endoftext|>', '<|endoftext|>'] [base]
  L23: ' Portuguese.<|im_end|><|endoftext|><|endoftext|><|endoftext|><|endoftext|><|endoftext|>' = [' Portuguese', '.', '<|im_end|>', '<|endoftext|>', '<|endoftext|>', '<|endoftext|>', '<|endoftext|>', '<|endoftext|>'] [HIT]
  L24: ' Portuguese.<|im_end|><|endoftext|><|endoftext|><|endoftext|><|endoftext|><|endoftext|>' = [' Portuguese', '.', '<|im_end|>', '<|endoftext|>', '<|endoftext|>', '<|endoftext|>', '<|endoftext|>', '<|endoftext|>'] [HIT]
  L25: ' Portuguese.<|im_end|><|endoftext|><|endoftext|><|endoftext|><|endoftext|><|endoftext|>' = [' Portuguese', '.', '<|im_end|>', '<|endoftext|>', '<|endoftext|>', '<|endoftext|>', '<|endoftext|>', '<|endoftext|>'] [HIT]
  L26: ' Portuguese.<|im_end|><|endoftext|><|endoftext|><|endoftext|><|endoftext|><|endoftext|>' = [' Portuguese', '.', '<|im_end|>', '<|endoftext|>', '<|endoftext|>', '<|endoftext|>', '<|endoftext|>', '<|endoftext|>'] [HIT]
  L27: ' Portuguese.<|im_end|><|endoftext|><|endoftext|><|endoftext|><|endoftext|><|endoftext|>' = [' Portuguese', '.', '<|im_end|>', '<|endoftext|>', '<|endoftext|>', '<|endoftext|>', '<|endoftext|>', '<|endoftext|>'] [HIT]
  L28: ' Portuguese.<|im_end|><|endoftext|><|endoftext|><|endoftext|><|endoftext|><|endoftext|>' = [' Portuguese', '.', '<|im_end|>', '<|endoftext|>', '<|endoftext|>', '<|endoftext|>', '<|endoftext|>', '<|endoftext|>'] [HIT]

row 306: base=ZM -> source=PY  template=language_prefill_v2
  question: 'What is the official language of the country shown in this flag?'
  prefill : 'The official language is'
  gold base   (expected unhooked) : ' English' = [' English']
  gold source (expected if swap works): ' Spanish' = [' Spanish']
  unhooked: ' English.<|im_end|><|endoftext|><|endoftext|><|endoftext|><|endoftext|><|endoftext|>' = [' English', '.', '<|im_end|>', '<|endoftext|>', '<|endoftext|>', '<|endoftext|>', '<|endoftext|>', '<|endoftext|>']
  L19: ' English.<|im_end|><|endoftext|><|endoftext|><|endoftext|><|endoftext|><|endoftext|>' = [' English', '.', '<|im_end|>', '<|endoftext|>', '<|endoftext|>', '<|endoftext|>', '<|endoftext|>', '<|endoftext|>'] [base]
  L20: ' English.<|im_end|><|endoftext|><|endoftext|><|endoftext|><|endoftext|><|endoftext|>' = [' English', '.', '<|im_end|>', '<|endoftext|>', '<|endoftext|>', '<|endoftext|>', '<|endoftext|>', '<|endoftext|>'] [base]
  L21: ' English.<|im_end|><|endoftext|><|endoftext|><|endoftext|><|endoftext|><|endoftext|>' = [' English', '.', '<|im_end|>', '<|endoftext|>', '<|endoftext|>', '<|endoftext|>', '<|endoftext|>', '<|endoftext|>'] [base]
  L22: ' English.<|im_end|><|endoftext|><|endoftext|><|endoftext|><|endoftext|><|endoftext|>' = [' English', '.', '<|im_end|>', '<|endoftext|>', '<|endoftext|>', '<|endoftext|>', '<|endoftext|>', '<|endoftext|>'] [base]
  L23: ' Spanish.<|im_end|><|endoftext|><|endoftext|><|endoftext|><|endoftext|><|endoftext|>' = [' Spanish', '.', '<|im_end|>', '<|endoftext|>', '<|endoftext|>', '<|endoftext|>', '<|endoftext|>', '<|endoftext|>'] [HIT]
  L24: ' Spanish.<|im_end|><|endoftext|><|endoftext|><|endoftext|><|endoftext|><|endoftext|>' = [' Spanish', '.', '<|im_end|>', '<|endoftext|>', '<|endoftext|>', '<|endoftext|>', '<|endoftext|>', '<|endoftext|>'] [HIT]
  L25: ' Spanish.<|im_end|><|endoftext|><|endoftext|><|endoftext|><|endoftext|><|endoftext|>' = [' Spanish', '.', '<|im_end|>', '<|endoftext|>', '<|endoftext|>', '<|endoftext|>', '<|endoftext|>', '<|endoftext|>'] [HIT]
  L26: ' Spanish.<|im_end|><|endoftext|><|endoftext|><|endoftext|><|endoftext|><|endoftext|>' = [' Spanish', '.', '<|im_end|>', '<|endoftext|>', '<|endoftext|>', '<|endoftext|>', '<|endoftext|>', '<|endoftext|>'] [HIT]
  L27: ' Spanish.<|im_end|><|endoftext|><|endoftext|><|endoftext|><|endoftext|><|endoftext|>' = [' Spanish', '.', '<|im_end|>', '<|endoftext|>', '<|endoftext|>', '<|endoftext|>', '<|endoftext|>', '<|endoftext|>'] [HIT]
  L28: ' Spanish.<|im_end|><|endoftext|><|endoftext|><|endoftext|><|endoftext|><|endoftext|>' = [' Spanish', '.', '<|im_end|>', '<|endoftext|>', '<|endoftext|>', '<|endoftext|>', '<|endoftext|>', '<|endoftext|>'] [HIT]

row 307: base=AO -> source=CM  template=language_prefill_v2
  question: 'What is the official language of the country shown in this flag?'
  prefill : 'The official language is'
  gold base   (expected unhooked) : ' Portuguese' = [' Portuguese']
  gold source (expected if swap works): ' French' = [' French']
  unhooked: ' Portuguese.<|im_end|><|endoftext|><|endoftext|><|endoftext|><|endoftext|><|endoftext|>' = [' Portuguese', '.', '<|im_end|>', '<|endoftext|>', '<|endoftext|>', '<|endoftext|>', '<|endoftext|>', '<|endoftext|>']
  L19: ' Portuguese.<|im_end|><|endoftext|><|endoftext|><|endoftext|><|endoftext|><|endoftext|>' = [' Portuguese', '.', '<|im_end|>', '<|endoftext|>', '<|endoftext|>', '<|endoftext|>', '<|endoftext|>', '<|endoftext|>'] [base]
  L20: ' Portuguese.<|im_end|><|endoftext|><|endoftext|><|endoftext|><|endoftext|><|endoftext|>' = [' Portuguese', '.', '<|im_end|>', '<|endoftext|>', '<|endoftext|>', '<|endoftext|>', '<|endoftext|>', '<|endoftext|>'] [base]
  L21: ' Portuguese.<|im_end|><|endoftext|><|endoftext|><|endoftext|><|endoftext|><|endoftext|>' = [' Portuguese', '.', '<|im_end|>', '<|endoftext|>', '<|endoftext|>', '<|endoftext|>', '<|endoftext|>', '<|endoftext|>'] [base]
  L22: ' Portuguese.<|im_end|><|endoftext|><|endoftext|><|endoftext|><|endoftext|><|endoftext|>' = [' Portuguese', '.', '<|im_end|>', '<|endoftext|>', '<|endoftext|>', '<|endoftext|>', '<|endoftext|>', '<|endoftext|>'] [base]
  L23: ' Portuguese.<|im_end|><|endoftext|><|endoftext|><|endoftext|><|endoftext|><|endoftext|>' = [' Portuguese', '.', '<|im_end|>', '<|endoftext|>', '<|endoftext|>', '<|endoftext|>', '<|endoftext|>', '<|endoftext|>'] [base]
  L24: ' French.<|im_end|><|endoftext|><|endoftext|><|endoftext|><|endoftext|><|endoftext|>' = [' French', '.', '<|im_end|>', '<|endoftext|>', '<|endoftext|>', '<|endoftext|>', '<|endoftext|>', '<|endoftext|>'] [HIT]
  L25: ' French.<|im_end|><|endoftext|><|endoftext|><|endoftext|><|endoftext|><|endoftext|>' = [' French', '.', '<|im_end|>', '<|endoftext|>', '<|endoftext|>', '<|endoftext|>', '<|endoftext|>', '<|endoftext|>'] [HIT]
  L26: ' French.<|im_end|><|endoftext|><|endoftext|><|endoftext|><|endoftext|><|endoftext|>' = [' French', '.', '<|im_end|>', '<|endoftext|>', '<|endoftext|>', '<|endoftext|>', '<|endoftext|>', '<|endoftext|>'] [HIT]
  L27: ' French.<|im_end|><|endoftext|><|endoftext|><|endoftext|><|endoftext|><|endoftext|>' = [' French', '.', '<|im_end|>', '<|endoftext|>', '<|endoftext|>', '<|endoftext|>', '<|endoftext|>', '<|endoftext|>'] [HIT]
  L28: ' French.<|im_end|><|endoftext|><|endoftext|><|endoftext|><|endoftext|><|endoftext|>' = [' French', '.', '<|im_end|>', '<|endoftext|>', '<|endoftext|>', '<|endoftext|>', '<|endoftext|>', '<|endoftext|>'] [HIT]

row 308: base=GH -> source=CL  template=language_prefill_v5
  question: 'What language is officially spoken in the country shown in this flag?'
  prefill : 'The official language is'
  gold base   (expected unhooked) : ' English' = [' English']
  gold source (expected if swap works): ' Spanish' = [' Spanish']
  unhooked: ' English.<|im_end|><|endoftext|><|endoftext|><|endoftext|><|endoftext|><|endoftext|>' = [' English', '.', '<|im_end|>', '<|endoftext|>', '<|endoftext|>', '<|endoftext|>', '<|endoftext|>', '<|endoftext|>']
  L19: ' English.<|im_end|><|endoftext|><|endoftext|><|endoftext|><|endoftext|><|endoftext|>' = [' English', '.', '<|im_end|>', '<|endoftext|>', '<|endoftext|>', '<|endoftext|>', '<|endoftext|>', '<|endoftext|>'] [base]
  L20: ' English.<|im_end|><|endoftext|><|endoftext|><|endoftext|><|endoftext|><|endoftext|>' = [' English', '.', '<|im_end|>', '<|endoftext|>', '<|endoftext|>', '<|endoftext|>', '<|endoftext|>', '<|endoftext|>'] [base]
  L21: ' English.<|im_end|><|endoftext|><|endoftext|><|endoftext|><|endoftext|><|endoftext|>' = [' English', '.', '<|im_end|>', '<|endoftext|>', '<|endoftext|>', '<|endoftext|>', '<|endoftext|>', '<|endoftext|>'] [base]
  L22: ' English.<|im_end|><|endoftext|><|endoftext|><|endoftext|><|endoftext|><|endoftext|>' = [' English', '.', '<|im_end|>', '<|endoftext|>', '<|endoftext|>', '<|endoftext|>', '<|endoftext|>', '<|endoftext|>'] [base]
  L23: ' Spanish.<|im_end|><|endoftext|><|endoftext|><|endoftext|><|endoftext|><|endoftext|>' = [' Spanish', '.', '<|im_end|>', '<|endoftext|>', '<|endoftext|>', '<|endoftext|>', '<|endoftext|>', '<|endoftext|>'] [HIT]
  L24: ' Spanish.<|im_end|><|endoftext|><|endoftext|><|endoftext|><|endoftext|><|endoftext|>' = [' Spanish', '.', '<|im_end|>', '<|endoftext|>', '<|endoftext|>', '<|endoftext|>', '<|endoftext|>', '<|endoftext|>'] [HIT]
  L25: ' Spanish.<|im_end|><|endoftext|><|endoftext|><|endoftext|><|endoftext|><|endoftext|>' = [' Spanish', '.', '<|im_end|>', '<|endoftext|>', '<|endoftext|>', '<|endoftext|>', '<|endoftext|>', '<|endoftext|>'] [HIT]
  L26: ' Spanish.<|im_end|><|endoftext|><|endoftext|><|endoftext|><|endoftext|><|endoftext|>' = [' Spanish', '.', '<|im_end|>', '<|endoftext|>', '<|endoftext|>', '<|endoftext|>', '<|endoftext|>', '<|endoftext|>'] [HIT]
  L27: ' Spanish.<|im_end|><|endoftext|><|endoftext|><|endoftext|><|endoftext|><|endoftext|>' = [' Spanish', '.', '<|im_end|>', '<|endoftext|>', '<|endoftext|>', '<|endoftext|>', '<|endoftext|>', '<|endoftext|>'] [HIT]
  L28: ' Spanish.<|im_end|><|endoftext|><|endoftext|><|endoftext|><|endoftext|><|endoftext|>' = [' Spanish', '.', '<|im_end|>', '<|endoftext|>', '<|endoftext|>', '<|endoftext|>', '<|endoftext|>', '<|endoftext|>'] [HIT]

row 309: base=AO -> source=MA  template=language_prefill_v1
  question: 'Name an official language of the country in this image.'
  prefill : 'One official language is'
  gold base   (expected unhooked) : ' Portuguese' = [' Portuguese']
  gold source (expected if swap works): ' Arabic' = [' Arabic']
  unhooked: ' Portuguese.<|im_end|><|endoftext|><|endoftext|><|endoftext|><|endoftext|><|endoftext|>' = [' Portuguese', '.', '<|im_end|>', '<|endoftext|>', '<|endoftext|>', '<|endoftext|>', '<|endoftext|>', '<|endoftext|>']
  L19: ' Portuguese.<|im_end|><|endoftext|><|endoftext|><|endoftext|><|endoftext|><|endoftext|>' = [' Portuguese', '.', '<|im_end|>', '<|endoftext|>', '<|endoftext|>', '<|endoftext|>', '<|endoftext|>', '<|endoftext|>'] [base]
  L20: ' Portuguese.<|im_end|><|endoftext|><|endoftext|><|endoftext|><|endoftext|><|endoftext|>' = [' Portuguese', '.', '<|im_end|>', '<|endoftext|>', '<|endoftext|>', '<|endoftext|>', '<|endoftext|>', '<|endoftext|>'] [base]
  L21: ' Portuguese.<|im_end|><|endoftext|><|endoftext|><|endoftext|><|endoftext|><|endoftext|>' = [' Portuguese', '.', '<|im_end|>', '<|endoftext|>', '<|endoftext|>', '<|endoftext|>', '<|endoftext|>', '<|endoftext|>'] [base]
  L22: ' Portuguese.<|im_end|><|endoftext|><|endoftext|><|endoftext|><|endoftext|><|endoftext|>' = [' Portuguese', '.', '<|im_end|>', '<|endoftext|>', '<|endoftext|>', '<|endoftext|>', '<|endoftext|>', '<|endoftext|>'] [base]
  L23: ' Portuguese.<|im_end|><|endoftext|><|endoftext|><|endoftext|><|endoftext|><|endoftext|>' = [' Portuguese', '.', '<|im_end|>', '<|endoftext|>', '<|endoftext|>', '<|endoftext|>', '<|endoftext|>', '<|endoftext|>'] [base]
  L24: ' Arabic.<|im_end|><|endoftext|><|endoftext|><|endoftext|><|endoftext|><|endoftext|>' = [' Arabic', '.', '<|im_end|>', '<|endoftext|>', '<|endoftext|>', '<|endoftext|>', '<|endoftext|>', '<|endoftext|>'] [HIT]
  L25: ' Arabic.<|im_end|><|endoftext|><|endoftext|><|endoftext|><|endoftext|><|endoftext|>' = [' Arabic', '.', '<|im_end|>', '<|endoftext|>', '<|endoftext|>', '<|endoftext|>', '<|endoftext|>', '<|endoftext|>'] [HIT]
  L26: ' Arabic.<|im_end|><|endoftext|><|endoftext|><|endoftext|><|endoftext|><|endoftext|>' = [' Arabic', '.', '<|im_end|>', '<|endoftext|>', '<|endoftext|>', '<|endoftext|>', '<|endoftext|>', '<|endoftext|>'] [HIT]
  L27: ' Arabic.<|im_end|><|endoftext|><|endoftext|><|endoftext|><|endoftext|><|endoftext|>' = [' Arabic', '.', '<|im_end|>', '<|endoftext|>', '<|endoftext|>', '<|endoftext|>', '<|endoftext|>', '<|endoftext|>'] [HIT]
  L28: ' Arabic.<|im_end|><|endoftext|><|endoftext|><|endoftext|><|endoftext|><|endoftext|>' = [' Arabic', '.', '<|im_end|>', '<|endoftext|>', '<|endoftext|>', '<|endoftext|>', '<|endoftext|>', '<|endoftext|>'] [HIT]

row 310: base=AO -> source=CL  template=language_prefill_v4
  question: 'Identify one of the official languages of the country in this image.'
  prefill : 'One official language is'
  gold base   (expected unhooked) : ' Portuguese' = [' Portuguese']
  gold source (expected if swap works): ' Spanish' = [' Spanish']
  unhooked: ' Portuguese.<|im_end|><|endoftext|><|endoftext|><|endoftext|><|endoftext|><|endoftext|>' = [' Portuguese', '.', '<|im_end|>', '<|endoftext|>', '<|endoftext|>', '<|endoftext|>', '<|endoftext|>', '<|endoftext|>']
  L19: ' Portuguese.<|im_end|><|endoftext|><|endoftext|><|endoftext|><|endoftext|><|endoftext|>' = [' Portuguese', '.', '<|im_end|>', '<|endoftext|>', '<|endoftext|>', '<|endoftext|>', '<|endoftext|>', '<|endoftext|>'] [base]
  L20: ' Portuguese.<|im_end|><|endoftext|><|endoftext|><|endoftext|><|endoftext|><|endoftext|>' = [' Portuguese', '.', '<|im_end|>', '<|endoftext|>', '<|endoftext|>', '<|endoftext|>', '<|endoftext|>', '<|endoftext|>'] [base]
  L21: ' Portuguese.<|im_end|><|endoftext|><|endoftext|><|endoftext|><|endoftext|><|endoftext|>' = [' Portuguese', '.', '<|im_end|>', '<|endoftext|>', '<|endoftext|>', '<|endoftext|>', '<|endoftext|>', '<|endoftext|>'] [base]
  L22: ' Portuguese.<|im_end|><|endoftext|><|endoftext|><|endoftext|><|endoftext|><|endoftext|>' = [' Portuguese', '.', '<|im_end|>', '<|endoftext|>', '<|endoftext|>', '<|endoftext|>', '<|endoftext|>', '<|endoftext|>'] [base]
  L23: ' Portuguese.<|im_end|><|endoftext|><|endoftext|><|endoftext|><|endoftext|><|endoftext|>' = [' Portuguese', '.', '<|im_end|>', '<|endoftext|>', '<|endoftext|>', '<|endoftext|>', '<|endoftext|>', '<|endoftext|>'] [base]
  L24: ' Spanish.<|im_end|><|endoftext|><|endoftext|><|endoftext|><|endoftext|><|endoftext|>' = [' Spanish', '.', '<|im_end|>', '<|endoftext|>', '<|endoftext|>', '<|endoftext|>', '<|endoftext|>', '<|endoftext|>'] [HIT]
  L25: ' Spanish.<|im_end|><|endoftext|><|endoftext|><|endoftext|><|endoftext|><|endoftext|>' = [' Spanish', '.', '<|im_end|>', '<|endoftext|>', '<|endoftext|>', '<|endoftext|>', '<|endoftext|>', '<|endoftext|>'] [HIT]
  L26: ' Spanish.<|im_end|><|endoftext|><|endoftext|><|endoftext|><|endoftext|><|endoftext|>' = [' Spanish', '.', '<|im_end|>', '<|endoftext|>', '<|endoftext|>', '<|endoftext|>', '<|endoftext|>', '<|endoftext|>'] [HIT]
  L27: ' Spanish.<|im_end|><|endoftext|><|endoftext|><|endoftext|><|endoftext|><|endoftext|>' = [' Spanish', '.', '<|im_end|>', '<|endoftext|>', '<|endoftext|>', '<|endoftext|>', '<|endoftext|>', '<|endoftext|>'] [HIT]
  L28: ' Spanish.<|im_end|><|endoftext|><|endoftext|><|endoftext|><|endoftext|><|endoftext|>' = [' Spanish', '.', '<|im_end|>', '<|endoftext|>', '<|endoftext|>', '<|endoftext|>', '<|endoftext|>', '<|endoftext|>'] [HIT]

row 311: base=PY -> source=ZM  template=language_prefill_v4
  question: 'Identify one of the official languages of the country in this image.'
  prefill : 'One official language is'
  gold base   (expected unhooked) : ' Spanish' = [' Spanish']
  gold source (expected if swap works): ' English' = [' English']
  unhooked: ' Spanish.<|im_end|><|endoftext|><|endoftext|><|endoftext|><|endoftext|><|endoftext|>' = [' Spanish', '.', '<|im_end|>', '<|endoftext|>', '<|endoftext|>', '<|endoftext|>', '<|endoftext|>', '<|endoftext|>']
  L19: ' Spanish.<|im_end|><|endoftext|><|endoftext|><|endoftext|><|endoftext|><|endoftext|>' = [' Spanish', '.', '<|im_end|>', '<|endoftext|>', '<|endoftext|>', '<|endoftext|>', '<|endoftext|>', '<|endoftext|>'] [base]
  L20: ' Spanish.<|im_end|><|endoftext|><|endoftext|><|endoftext|><|endoftext|><|endoftext|>' = [' Spanish', '.', '<|im_end|>', '<|endoftext|>', '<|endoftext|>', '<|endoftext|>', '<|endoftext|>', '<|endoftext|>'] [base]
  L21: ' Spanish.<|im_end|><|endoftext|><|endoftext|><|endoftext|><|endoftext|><|endoftext|>' = [' Spanish', '.', '<|im_end|>', '<|endoftext|>', '<|endoftext|>', '<|endoftext|>', '<|endoftext|>', '<|endoftext|>'] [base]
  L22: ' Spanish.<|im_end|><|endoftext|><|endoftext|><|endoftext|><|endoftext|><|endoftext|>' = [' Spanish', '.', '<|im_end|>', '<|endoftext|>', '<|endoftext|>', '<|endoftext|>', '<|endoftext|>', '<|endoftext|>'] [base]
  L23: ' English.<|im_end|><|endoftext|><|endoftext|><|endoftext|><|endoftext|><|endoftext|>' = [' English', '.', '<|im_end|>', '<|endoftext|>', '<|endoftext|>', '<|endoftext|>', '<|endoftext|>', '<|endoftext|>'] [HIT]
  L24: ' English.<|im_end|><|endoftext|><|endoftext|><|endoftext|><|endoftext|><|endoftext|>' = [' English', '.', '<|im_end|>', '<|endoftext|>', '<|endoftext|>', '<|endoftext|>', '<|endoftext|>', '<|endoftext|>'] [HIT]
  L25: ' English.<|im_end|><|endoftext|><|endoftext|><|endoftext|><|endoftext|><|endoftext|>' = [' English', '.', '<|im_end|>', '<|endoftext|>', '<|endoftext|>', '<|endoftext|>', '<|endoftext|>', '<|endoftext|>'] [HIT]
  L26: ' English.<|im_end|><|endoftext|><|endoftext|><|endoftext|><|endoftext|><|endoftext|>' = [' English', '.', '<|im_end|>', '<|endoftext|>', '<|endoftext|>', '<|endoftext|>', '<|endoftext|>', '<|endoftext|>'] [HIT]
  L27: ' English.<|im_end|><|endoftext|><|endoftext|><|endoftext|><|endoftext|><|endoftext|>' = [' English', '.', '<|im_end|>', '<|endoftext|>', '<|endoftext|>', '<|endoftext|>', '<|endoftext|>', '<|endoftext|>'] [HIT]
  L28: ' English.<|im_end|><|endoftext|><|endoftext|><|endoftext|><|endoftext|><|endoftext|>' = [' English', '.', '<|im_end|>', '<|endoftext|>', '<|endoftext|>', '<|endoftext|>', '<|endoftext|>', '<|endoftext|>'] [HIT]

row 312: base=TH -> source=MX  template=language_prefill_v4
  question: 'Identify one of the official languages of the country in this image.'
  prefill : 'One official language is'
  gold base   (expected unhooked) : ' Thai' = [' Thai']
  gold source (expected if swap works): ' Spanish' = [' Spanish']
  unhooked: ' Thai.<|im_end|><|endoftext|><|endoftext|><|endoftext|><|endoftext|><|endoftext|>' = [' Thai', '.', '<|im_end|>', '<|endoftext|>', '<|endoftext|>', '<|endoftext|>', '<|endoftext|>', '<|endoftext|>']
  L19: ' Thai.<|im_end|><|endoftext|><|endoftext|><|endoftext|><|endoftext|><|endoftext|>' = [' Thai', '.', '<|im_end|>', '<|endoftext|>', '<|endoftext|>', '<|endoftext|>', '<|endoftext|>', '<|endoftext|>'] [base]
  L20: ' Thai.<|im_end|><|endoftext|><|endoftext|><|endoftext|><|endoftext|><|endoftext|>' = [' Thai', '.', '<|im_end|>', '<|endoftext|>', '<|endoftext|>', '<|endoftext|>', '<|endoftext|>', '<|endoftext|>'] [base]
  L21: ' Thai.<|im_end|><|endoftext|><|endoftext|><|endoftext|><|endoftext|><|endoftext|>' = [' Thai', '.', '<|im_end|>', '<|endoftext|>', '<|endoftext|>', '<|endoftext|>', '<|endoftext|>', '<|endoftext|>'] [base]
  L22: ' Spanish.<|im_end|><|endoftext|><|endoftext|><|endoftext|><|endoftext|><|endoftext|>' = [' Spanish', '.', '<|im_end|>', '<|endoftext|>', '<|endoftext|>', '<|endoftext|>', '<|endoftext|>', '<|endoftext|>'] [HIT]
  L23: ' Spanish.<|im_end|><|endoftext|><|endoftext|><|endoftext|><|endoftext|><|endoftext|>' = [' Spanish', '.', '<|im_end|>', '<|endoftext|>', '<|endoftext|>', '<|endoftext|>', '<|endoftext|>', '<|endoftext|>'] [HIT]
  L24: ' Spanish.<|im_end|><|endoftext|><|endoftext|><|endoftext|><|endoftext|><|endoftext|>' = [' Spanish', '.', '<|im_end|>', '<|endoftext|>', '<|endoftext|>', '<|endoftext|>', '<|endoftext|>', '<|endoftext|>'] [HIT]
  L25: ' Spanish.<|im_end|><|endoftext|><|endoftext|><|endoftext|><|endoftext|><|endoftext|>' = [' Spanish', '.', '<|im_end|>', '<|endoftext|>', '<|endoftext|>', '<|endoftext|>', '<|endoftext|>', '<|endoftext|>'] [HIT]
  L26: ' Spanish.<|im_end|><|endoftext|><|endoftext|><|endoftext|><|endoftext|><|endoftext|>' = [' Spanish', '.', '<|im_end|>', '<|endoftext|>', '<|endoftext|>', '<|endoftext|>', '<|endoftext|>', '<|endoftext|>'] [HIT]
  L27: ' Spanish.<|im_end|><|endoftext|><|endoftext|><|endoftext|><|endoftext|><|endoftext|>' = [' Spanish', '.', '<|im_end|>', '<|endoftext|>', '<|endoftext|>', '<|endoftext|>', '<|endoftext|>', '<|endoftext|>'] [HIT]
  L28: ' Spanish.<|im_end|><|endoftext|><|endoftext|><|endoftext|><|endoftext|><|endoftext|>' = [' Spanish', '.', '<|im_end|>', '<|endoftext|>', '<|endoftext|>', '<|endoftext|>', '<|endoftext|>', '<|endoftext|>'] [HIT]

row 313: base=CL -> source=CM  template=language_prefill_v5
  question: 'What language is officially spoken in the country shown in this flag?'
  prefill : 'The official language is'
  gold base   (expected unhooked) : ' Spanish' = [' Spanish']
  gold source (expected if swap works): ' French' = [' French']
  unhooked: ' Spanish. The flag in the image is' = [' Spanish', '.', ' The', ' flag', ' in', ' the', ' image', ' is']
  L19: ' Spanish. The flag in the image is' = [' Spanish', '.', ' The', ' flag', ' in', ' the', ' image', ' is'] [base]
  L20: ' Spanish. The flag in the image is' = [' Spanish', '.', ' The', ' flag', ' in', ' the', ' image', ' is'] [base]
  L21: ' Spanish. The flag in the image is' = [' Spanish', '.', ' The', ' flag', ' in', ' the', ' image', ' is'] [base]
  L22: ' Spanish. The flag in the image is' = [' Spanish', '.', ' The', ' flag', ' in', ' the', ' image', ' is'] [base]
  L23: ' French.<|im_end|><|endoftext|><|endoftext|><|endoftext|><|endoftext|><|endoftext|>' = [' French', '.', '<|im_end|>', '<|endoftext|>', '<|endoftext|>', '<|endoftext|>', '<|endoftext|>', '<|endoftext|>'] [HIT]
  L24: ' French.<|im_end|><|endoftext|><|endoftext|><|endoftext|><|endoftext|><|endoftext|>' = [' French', '.', '<|im_end|>', '<|endoftext|>', '<|endoftext|>', '<|endoftext|>', '<|endoftext|>', '<|endoftext|>'] [HIT]
  L25: ' French.<|im_end|><|endoftext|><|endoftext|><|endoftext|><|endoftext|><|endoftext|>' = [' French', '.', '<|im_end|>', '<|endoftext|>', '<|endoftext|>', '<|endoftext|>', '<|endoftext|>', '<|endoftext|>'] [HIT]
  L26: ' French.<|im_end|><|endoftext|><|endoftext|><|endoftext|><|endoftext|><|endoftext|>' = [' French', '.', '<|im_end|>', '<|endoftext|>', '<|endoftext|>', '<|endoftext|>', '<|endoftext|>', '<|endoftext|>'] [HIT]
  L27: ' French.<|im_end|><|endoftext|><|endoftext|><|endoftext|><|endoftext|><|endoftext|>' = [' French', '.', '<|im_end|>', '<|endoftext|>', '<|endoftext|>', '<|endoftext|>', '<|endoftext|>', '<|endoftext|>'] [HIT]
  L28: ' French.<|im_end|><|endoftext|><|endoftext|><|endoftext|><|endoftext|><|endoftext|>' = [' French', '.', '<|im_end|>', '<|endoftext|>', '<|endoftext|>', '<|endoftext|>', '<|endoftext|>', '<|endoftext|>'] [HIT]

row 314: base=FI -> source=IN  template=language_prefill_v3
  question: 'Tell me a language spoken in the country in this image.'
  prefill : 'A language spoken there is'
  gold base   (expected unhooked) : ' Finnish' = [' Finnish']
  gold source (expected if swap works): ' Hindi' = [' Hindi']
  unhooked: ' Finnish.<|im_end|><|endoftext|><|endoftext|><|endoftext|><|endoftext|><|endoftext|>' = [' Finnish', '.', '<|im_end|>', '<|endoftext|>', '<|endoftext|>', '<|endoftext|>', '<|endoftext|>', '<|endoftext|>']
  L19: ' Finnish.<|im_end|><|endoftext|><|endoftext|><|endoftext|><|endoftext|><|endoftext|>' = [' Finnish', '.', '<|im_end|>', '<|endoftext|>', '<|endoftext|>', '<|endoftext|>', '<|endoftext|>', '<|endoftext|>'] [base]
  L20: ' Finnish.<|im_end|><|endoftext|><|endoftext|><|endoftext|><|endoftext|><|endoftext|>' = [' Finnish', '.', '<|im_end|>', '<|endoftext|>', '<|endoftext|>', '<|endoftext|>', '<|endoftext|>', '<|endoftext|>'] [base]
  L21: ' Finnish.<|im_end|><|endoftext|><|endoftext|><|endoftext|><|endoftext|><|endoftext|>' = [' Finnish', '.', '<|im_end|>', '<|endoftext|>', '<|endoftext|>', '<|endoftext|>', '<|endoftext|>', '<|endoftext|>'] [base]
  L22: ' Finnish.<|im_end|><|endoftext|><|endoftext|><|endoftext|><|endoftext|><|endoftext|>' = [' Finnish', '.', '<|im_end|>', '<|endoftext|>', '<|endoftext|>', '<|endoftext|>', '<|endoftext|>', '<|endoftext|>'] [base]
  L23: ' Hindi.<|im_end|><|endoftext|><|endoftext|><|endoftext|><|endoftext|><|endoftext|>' = [' Hindi', '.', '<|im_end|>', '<|endoftext|>', '<|endoftext|>', '<|endoftext|>', '<|endoftext|>', '<|endoftext|>'] [HIT]
  L24: ' Hindi.<|im_end|><|endoftext|><|endoftext|><|endoftext|><|endoftext|><|endoftext|>' = [' Hindi', '.', '<|im_end|>', '<|endoftext|>', '<|endoftext|>', '<|endoftext|>', '<|endoftext|>', '<|endoftext|>'] [HIT]
  L25: ' Hindi.<|im_end|><|endoftext|><|endoftext|><|endoftext|><|endoftext|><|endoftext|>' = [' Hindi', '.', '<|im_end|>', '<|endoftext|>', '<|endoftext|>', '<|endoftext|>', '<|endoftext|>', '<|endoftext|>'] [HIT]
  L26: ' Hindi.<|im_end|><|endoftext|><|endoftext|><|endoftext|><|endoftext|><|endoftext|>' = [' Hindi', '.', '<|im_end|>', '<|endoftext|>', '<|endoftext|>', '<|endoftext|>', '<|endoftext|>', '<|endoftext|>'] [HIT]
  L27: ' Hindi.<|im_end|><|endoftext|><|endoftext|><|endoftext|><|endoftext|><|endoftext|>' = [' Hindi', '.', '<|im_end|>', '<|endoftext|>', '<|endoftext|>', '<|endoftext|>', '<|endoftext|>', '<|endoftext|>'] [HIT]
  L28: ' Hindi.<|im_end|><|endoftext|><|endoftext|><|endoftext|><|endoftext|><|endoftext|>' = [' Hindi', '.', '<|im_end|>', '<|endoftext|>', '<|endoftext|>', '<|endoftext|>', '<|endoftext|>', '<|endoftext|>'] [HIT]

row 315: base=CL -> source=UG  template=language_prefill_v6
  question: 'Name a language used in the country depicted in this image.'
  prefill : 'A language spoken there is'
  gold base   (expected unhooked) : ' Spanish' = [' Spanish']
  gold source (expected if swap works): ' English' = [' English']
  unhooked: ' Spanish.<|im_end|><|endoftext|><|endoftext|><|endoftext|><|endoftext|><|endoftext|>' = [' Spanish', '.', '<|im_end|>', '<|endoftext|>', '<|endoftext|>', '<|endoftext|>', '<|endoftext|>', '<|endoftext|>']
  L19: ' Spanish, which is the official language of' = [' Spanish', ',', ' which', ' is', ' the', ' official', ' language', ' of'] [base]
  L20: ' Spanish.<|im_end|><|endoftext|><|endoftext|><|endoftext|><|endoftext|><|endoftext|>' = [' Spanish', '.', '<|im_end|>', '<|endoftext|>', '<|endoftext|>', '<|endoftext|>', '<|endoftext|>', '<|endoftext|>'] [base]
  L21: ' Spanish.<|im_end|><|endoftext|><|endoftext|><|endoftext|><|endoftext|><|endoftext|>' = [' Spanish', '.', '<|im_end|>', '<|endoftext|>', '<|endoftext|>', '<|endoftext|>', '<|endoftext|>', '<|endoftext|>'] [base]
  L22: ' Spanish.<|im_end|><|endoftext|><|endoftext|><|endoftext|><|endoftext|><|endoftext|>' = [' Spanish', '.', '<|im_end|>', '<|endoftext|>', '<|endoftext|>', '<|endoftext|>', '<|endoftext|>', '<|endoftext|>'] [base]
  L23: ' Swahili, which is widely used' = [' Sw', 'ah', 'ili', ',', ' which', ' is', ' widely', ' used'] [other]
  L24: ' English, as it is one of the' = [' English', ',', ' as', ' it', ' is', ' one', ' of', ' the'] [HIT]
  L25: ' English, as it is one of the' = [' English', ',', ' as', ' it', ' is', ' one', ' of', ' the'] [HIT]
  L26: ' English, as it is one of the' = [' English', ',', ' as', ' it', ' is', ' one', ' of', ' the'] [HIT]
  L27: ' English, as it is one of the' = [' English', ',', ' as', ' it', ' is', ' one', ' of', ' the'] [HIT]
  L28: ' English, as it is one of the' = [' English', ',', ' as', ' it', ' is', ' one', ' of', ' the'] [HIT]

row 316: base=TH -> source=IS  template=language_prefill_v4
  question: 'Identify one of the official languages of the country in this image.'
  prefill : 'One official language is'
  gold base   (expected unhooked) : ' Thai' = [' Thai']
  gold source (expected if swap works): ' Icelandic' = [' Icelandic']
  unhooked: ' Thai.<|im_end|><|endoftext|><|endoftext|><|endoftext|><|endoftext|><|endoftext|>' = [' Thai', '.', '<|im_end|>', '<|endoftext|>', '<|endoftext|>', '<|endoftext|>', '<|endoftext|>', '<|endoftext|>']
  L19: ' Thai.<|im_end|><|endoftext|><|endoftext|><|endoftext|><|endoftext|><|endoftext|>' = [' Thai', '.', '<|im_end|>', '<|endoftext|>', '<|endoftext|>', '<|endoftext|>', '<|endoftext|>', '<|endoftext|>'] [base]
  L20: ' Thai.<|im_end|><|endoftext|><|endoftext|><|endoftext|><|endoftext|><|endoftext|>' = [' Thai', '.', '<|im_end|>', '<|endoftext|>', '<|endoftext|>', '<|endoftext|>', '<|endoftext|>', '<|endoftext|>'] [base]
  L21: ' Thai.<|im_end|><|endoftext|><|endoftext|><|endoftext|><|endoftext|><|endoftext|>' = [' Thai', '.', '<|im_end|>', '<|endoftext|>', '<|endoftext|>', '<|endoftext|>', '<|endoftext|>', '<|endoftext|>'] [base]
  L22: ' Thai.<|im_end|><|endoftext|><|endoftext|><|endoftext|><|endoftext|><|endoftext|>' = [' Thai', '.', '<|im_end|>', '<|endoftext|>', '<|endoftext|>', '<|endoftext|>', '<|endoftext|>', '<|endoftext|>'] [base]
  L23: ' Danish.<|im_end|><|endoftext|><|endoftext|><|endoftext|><|endoftext|><|endoftext|>' = [' Danish', '.', '<|im_end|>', '<|endoftext|>', '<|endoftext|>', '<|endoftext|>', '<|endoftext|>', '<|endoftext|>'] [other]
  L24: ' Icelandic.<|im_end|><|endoftext|><|endoftext|><|endoftext|><|endoftext|><|endoftext|>' = [' Icelandic', '.', '<|im_end|>', '<|endoftext|>', '<|endoftext|>', '<|endoftext|>', '<|endoftext|>', '<|endoftext|>'] [HIT]
  L25: ' Icelandic.<|im_end|><|endoftext|><|endoftext|><|endoftext|><|endoftext|><|endoftext|>' = [' Icelandic', '.', '<|im_end|>', '<|endoftext|>', '<|endoftext|>', '<|endoftext|>', '<|endoftext|>', '<|endoftext|>'] [HIT]
  L26: ' Icelandic.<|im_end|><|endoftext|><|endoftext|><|endoftext|><|endoftext|><|endoftext|>' = [' Icelandic', '.', '<|im_end|>', '<|endoftext|>', '<|endoftext|>', '<|endoftext|>', '<|endoftext|>', '<|endoftext|>'] [HIT]
  L27: ' Icelandic.<|im_end|><|endoftext|><|endoftext|><|endoftext|><|endoftext|><|endoftext|>' = [' Icelandic', '.', '<|im_end|>', '<|endoftext|>', '<|endoftext|>', '<|endoftext|>', '<|endoftext|>', '<|endoftext|>'] [HIT]
  L28: ' Icelandic.<|im_end|><|endoftext|><|endoftext|><|endoftext|><|endoftext|><|endoftext|>' = [' Icelandic', '.', '<|im_end|>', '<|endoftext|>', '<|endoftext|>', '<|endoftext|>', '<|endoftext|>', '<|endoftext|>'] [HIT]

row 317: base=UA -> source=SA  template=language_prefill_v6
  question: 'Name a language used in the country depicted in this image.'
  prefill : 'A language spoken there is'
  gold base   (expected unhooked) : ' Ukrainian' = [' Ukrainian']
  gold source (expected if swap works): ' Arabic' = [' Arabic']
  unhooked: ' Ukrainian.<|im_end|><|endoftext|><|endoftext|><|endoftext|><|endoftext|><|endoftext|>' = [' Ukrainian', '.', '<|im_end|>', '<|endoftext|>', '<|endoftext|>', '<|endoftext|>', '<|endoftext|>', '<|endoftext|>']
  L19: ' Ukrainian.<|im_end|><|endoftext|><|endoftext|><|endoftext|><|endoftext|><|endoftext|>' = [' Ukrainian', '.', '<|im_end|>', '<|endoftext|>', '<|endoftext|>', '<|endoftext|>', '<|endoftext|>', '<|endoftext|>'] [base]
  L20: ' Ukrainian.<|im_end|><|endoftext|><|endoftext|><|endoftext|><|endoftext|><|endoftext|>' = [' Ukrainian', '.', '<|im_end|>', '<|endoftext|>', '<|endoftext|>', '<|endoftext|>', '<|endoftext|>', '<|endoftext|>'] [base]
  L21: ' Ukrainian.<|im_end|><|endoftext|><|endoftext|><|endoftext|><|endoftext|><|endoftext|>' = [' Ukrainian', '.', '<|im_end|>', '<|endoftext|>', '<|endoftext|>', '<|endoftext|>', '<|endoftext|>', '<|endoftext|>'] [base]
  L22: ' Ukrainian.<|im_end|><|endoftext|><|endoftext|><|endoftext|><|endoftext|><|endoftext|>' = [' Ukrainian', '.', '<|im_end|>', '<|endoftext|>', '<|endoftext|>', '<|endoftext|>', '<|endoftext|>', '<|endoftext|>'] [base]
  L23: ' Arabic.<|im_end|><|endoftext|><|endoftext|><|endoftext|><|endoftext|><|endoftext|>' = [' Arabic', '.', '<|im_end|>', '<|endoftext|>', '<|endoftext|>', '<|endoftext|>', '<|endoftext|>', '<|endoftext|>'] [HIT]
  L24: ' Arabic.<|im_end|><|endoftext|><|endoftext|><|endoftext|><|endoftext|><|endoftext|>' = [' Arabic', '.', '<|im_end|>', '<|endoftext|>', '<|endoftext|>', '<|endoftext|>', '<|endoftext|>', '<|endoftext|>'] [HIT]
  L25: ' Arabic.<|im_end|><|endoftext|><|endoftext|><|endoftext|><|endoftext|><|endoftext|>' = [' Arabic', '.', '<|im_end|>', '<|endoftext|>', '<|endoftext|>', '<|endoftext|>', '<|endoftext|>', '<|endoftext|>'] [HIT]
  L26: ' Arabic.<|im_end|><|endoftext|><|endoftext|><|endoftext|><|endoftext|><|endoftext|>' = [' Arabic', '.', '<|im_end|>', '<|endoftext|>', '<|endoftext|>', '<|endoftext|>', '<|endoftext|>', '<|endoftext|>'] [HIT]
  L27: ' Arabic.<|im_end|><|endoftext|><|endoftext|><|endoftext|><|endoftext|><|endoftext|>' = [' Arabic', '.', '<|im_end|>', '<|endoftext|>', '<|endoftext|>', '<|endoftext|>', '<|endoftext|>', '<|endoftext|>'] [HIT]
  L28: ' Arabic.<|im_end|><|endoftext|><|endoftext|><|endoftext|><|endoftext|><|endoftext|>' = [' Arabic', '.', '<|im_end|>', '<|endoftext|>', '<|endoftext|>', '<|endoftext|>', '<|endoftext|>', '<|endoftext|>'] [HIT]

row 318: base=FI -> source=PY  template=language_prefill_v2
  question: 'What is the official language of the country shown in this flag?'
  prefill : 'The official language is'
  gold base   (expected unhooked) : ' Finnish' = [' Finnish']
  gold source (expected if swap works): ' Spanish' = [' Spanish']
  unhooked: ' Finnish.<|im_end|><|endoftext|><|endoftext|><|endoftext|><|endoftext|><|endoftext|>' = [' Finnish', '.', '<|im_end|>', '<|endoftext|>', '<|endoftext|>', '<|endoftext|>', '<|endoftext|>', '<|endoftext|>']
  L19: ' Finnish.<|im_end|><|endoftext|><|endoftext|><|endoftext|><|endoftext|><|endoftext|>' = [' Finnish', '.', '<|im_end|>', '<|endoftext|>', '<|endoftext|>', '<|endoftext|>', '<|endoftext|>', '<|endoftext|>'] [base]
  L20: ' Finnish.<|im_end|><|endoftext|><|endoftext|><|endoftext|><|endoftext|><|endoftext|>' = [' Finnish', '.', '<|im_end|>', '<|endoftext|>', '<|endoftext|>', '<|endoftext|>', '<|endoftext|>', '<|endoftext|>'] [base]
  L21: ' Finnish.<|im_end|><|endoftext|><|endoftext|><|endoftext|><|endoftext|><|endoftext|>' = [' Finnish', '.', '<|im_end|>', '<|endoftext|>', '<|endoftext|>', '<|endoftext|>', '<|endoftext|>', '<|endoftext|>'] [base]
  L22: ' Finnish.<|im_end|><|endoftext|><|endoftext|><|endoftext|><|endoftext|><|endoftext|>' = [' Finnish', '.', '<|im_end|>', '<|endoftext|>', '<|endoftext|>', '<|endoftext|>', '<|endoftext|>', '<|endoftext|>'] [base]
  L23: ' Spanish.<|im_end|><|endoftext|><|endoftext|><|endoftext|><|endoftext|><|endoftext|>' = [' Spanish', '.', '<|im_end|>', '<|endoftext|>', '<|endoftext|>', '<|endoftext|>', '<|endoftext|>', '<|endoftext|>'] [HIT]
  L24: ' Spanish.<|im_end|><|endoftext|><|endoftext|><|endoftext|><|endoftext|><|endoftext|>' = [' Spanish', '.', '<|im_end|>', '<|endoftext|>', '<|endoftext|>', '<|endoftext|>', '<|endoftext|>', '<|endoftext|>'] [HIT]
  L25: ' Spanish.<|im_end|><|endoftext|><|endoftext|><|endoftext|><|endoftext|><|endoftext|>' = [' Spanish', '.', '<|im_end|>', '<|endoftext|>', '<|endoftext|>', '<|endoftext|>', '<|endoftext|>', '<|endoftext|>'] [HIT]
  L26: ' Spanish.<|im_end|><|endoftext|><|endoftext|><|endoftext|><|endoftext|><|endoftext|>' = [' Spanish', '.', '<|im_end|>', '<|endoftext|>', '<|endoftext|>', '<|endoftext|>', '<|endoftext|>', '<|endoftext|>'] [HIT]
  L27: ' Spanish.<|im_end|><|endoftext|><|endoftext|><|endoftext|><|endoftext|><|endoftext|>' = [' Spanish', '.', '<|im_end|>', '<|endoftext|>', '<|endoftext|>', '<|endoftext|>', '<|endoftext|>', '<|endoftext|>'] [HIT]
  L28: ' Spanish.<|im_end|><|endoftext|><|endoftext|><|endoftext|><|endoftext|><|endoftext|>' = [' Spanish', '.', '<|im_end|>', '<|endoftext|>', '<|endoftext|>', '<|endoftext|>', '<|endoftext|>', '<|endoftext|>'] [HIT]

row 319: base=HN -> source=FI  template=language_prefill_v3
  question: 'Tell me a language spoken in the country in this image.'
  prefill : 'A language spoken there is'
  gold base   (expected unhooked) : ' Spanish' = [' Spanish']
  gold source (expected if swap works): ' Finnish' = [' Finnish']
  unhooked: ' Spanish.<|im_end|><|endoftext|><|endoftext|><|endoftext|><|endoftext|><|endoftext|>' = [' Spanish', '.', '<|im_end|>', '<|endoftext|>', '<|endoftext|>', '<|endoftext|>', '<|endoftext|>', '<|endoftext|>']
  L19: ' Spanish.<|im_end|><|endoftext|><|endoftext|><|endoftext|><|endoftext|><|endoftext|>' = [' Spanish', '.', '<|im_end|>', '<|endoftext|>', '<|endoftext|>', '<|endoftext|>', '<|endoftext|>', '<|endoftext|>'] [base]
  L20: ' Spanish.<|im_end|><|endoftext|><|endoftext|><|endoftext|><|endoftext|><|endoftext|>' = [' Spanish', '.', '<|im_end|>', '<|endoftext|>', '<|endoftext|>', '<|endoftext|>', '<|endoftext|>', '<|endoftext|>'] [base]
  L21: ' Spanish.<|im_end|><|endoftext|><|endoftext|><|endoftext|><|endoftext|><|endoftext|>' = [' Spanish', '.', '<|im_end|>', '<|endoftext|>', '<|endoftext|>', '<|endoftext|>', '<|endoftext|>', '<|endoftext|>'] [base]
  L22: ' Spanish.<|im_end|><|endoftext|><|endoftext|><|endoftext|><|endoftext|><|endoftext|>' = [' Spanish', '.', '<|im_end|>', '<|endoftext|>', '<|endoftext|>', '<|endoftext|>', '<|endoftext|>', '<|endoftext|>'] [base]
  L23: ' Finnish.<|im_end|><|endoftext|><|endoftext|><|endoftext|><|endoftext|><|endoftext|>' = [' Finnish', '.', '<|im_end|>', '<|endoftext|>', '<|endoftext|>', '<|endoftext|>', '<|endoftext|>', '<|endoftext|>'] [HIT]
  L24: ' Finnish.<|im_end|><|endoftext|><|endoftext|><|endoftext|><|endoftext|><|endoftext|>' = [' Finnish', '.', '<|im_end|>', '<|endoftext|>', '<|endoftext|>', '<|endoftext|>', '<|endoftext|>', '<|endoftext|>'] [HIT]
  L25: ' Finnish.<|im_end|><|endoftext|><|endoftext|><|endoftext|><|endoftext|><|endoftext|>' = [' Finnish', '.', '<|im_end|>', '<|endoftext|>', '<|endoftext|>', '<|endoftext|>', '<|endoftext|>', '<|endoftext|>'] [HIT]
  L26: ' Finnish.<|im_end|><|endoftext|><|endoftext|><|endoftext|><|endoftext|><|endoftext|>' = [' Finnish', '.', '<|im_end|>', '<|endoftext|>', '<|endoftext|>', '<|endoftext|>', '<|endoftext|>', '<|endoftext|>'] [HIT]
  L27: ' Finnish.<|im_end|><|endoftext|><|endoftext|><|endoftext|><|endoftext|><|endoftext|>' = [' Finnish', '.', '<|im_end|>', '<|endoftext|>', '<|endoftext|>', '<|endoftext|>', '<|endoftext|>', '<|endoftext|>'] [HIT]
  L28: ' Finnish.<|im_end|><|endoftext|><|endoftext|><|endoftext|><|endoftext|><|endoftext|>' = [' Finnish', '.', '<|im_end|>', '<|endoftext|>', '<|endoftext|>', '<|endoftext|>', '<|endoftext|>', '<|endoftext|>'] [HIT]

row 320: base=GT -> source=IS  template=language_prefill_v3
  question: 'Tell me a language spoken in the country in this image.'
  prefill : 'A language spoken there is'
  gold base   (expected unhooked) : ' Spanish' = [' Spanish']
  gold source (expected if swap works): ' Icelandic' = [' Icelandic']
  unhooked: ' Spanish, which is the official language of' = [' Spanish', ',', ' which', ' is', ' the', ' official', ' language', ' of']
  L19: ' Spanish, which is the official language of' = [' Spanish', ',', ' which', ' is', ' the', ' official', ' language', ' of'] [base]
  L20: ' Spanish, which is the official language of' = [' Spanish', ',', ' which', ' is', ' the', ' official', ' language', ' of'] [base]
  L21: ' Spanish, which is the official language of' = [' Spanish', ',', ' which', ' is', ' the', ' official', ' language', ' of'] [base]
  L22: ' Spanish, which is the official language of' = [' Spanish', ',', ' which', ' is', ' the', ' official', ' language', ' of'] [base]
  L23: ' Danish.<|im_end|><|endoftext|><|endoftext|><|endoftext|><|endoftext|><|endoftext|>' = [' Danish', '.', '<|im_end|>', '<|endoftext|>', '<|endoftext|>', '<|endoftext|>', '<|endoftext|>', '<|endoftext|>'] [other]
  L24: ' Icelandic.<|im_end|><|endoftext|><|endoftext|><|endoftext|><|endoftext|><|endoftext|>' = [' Icelandic', '.', '<|im_end|>', '<|endoftext|>', '<|endoftext|>', '<|endoftext|>', '<|endoftext|>', '<|endoftext|>'] [HIT]
  L25: ' Icelandic.<|im_end|><|endoftext|><|endoftext|><|endoftext|><|endoftext|><|endoftext|>' = [' Icelandic', '.', '<|im_end|>', '<|endoftext|>', '<|endoftext|>', '<|endoftext|>', '<|endoftext|>', '<|endoftext|>'] [HIT]
  L26: ' Icelandic.<|im_end|><|endoftext|><|endoftext|><|endoftext|><|endoftext|><|endoftext|>' = [' Icelandic', '.', '<|im_end|>', '<|endoftext|>', '<|endoftext|>', '<|endoftext|>', '<|endoftext|>', '<|endoftext|>'] [HIT]
  L27: ' Icelandic.<|im_end|><|endoftext|><|endoftext|><|endoftext|><|endoftext|><|endoftext|>' = [' Icelandic', '.', '<|im_end|>', '<|endoftext|>', '<|endoftext|>', '<|endoftext|>', '<|endoftext|>', '<|endoftext|>'] [HIT]
  L28: ' Icelandic.<|im_end|><|endoftext|><|endoftext|><|endoftext|><|endoftext|><|endoftext|>' = [' Icelandic', '.', '<|im_end|>', '<|endoftext|>', '<|endoftext|>', '<|endoftext|>', '<|endoftext|>', '<|endoftext|>'] [HIT]

row 321: base=FI -> source=CM  template=language_prefill_v3
  question: 'Tell me a language spoken in the country in this image.'
  prefill : 'A language spoken there is'
  gold base   (expected unhooked) : ' Finnish' = [' Finnish']
  gold source (expected if swap works): ' French' = [' French']
  unhooked: ' Finnish.<|im_end|><|endoftext|><|endoftext|><|endoftext|><|endoftext|><|endoftext|>' = [' Finnish', '.', '<|im_end|>', '<|endoftext|>', '<|endoftext|>', '<|endoftext|>', '<|endoftext|>', '<|endoftext|>']
  L19: ' Finnish.<|im_end|><|endoftext|><|endoftext|><|endoftext|><|endoftext|><|endoftext|>' = [' Finnish', '.', '<|im_end|>', '<|endoftext|>', '<|endoftext|>', '<|endoftext|>', '<|endoftext|>', '<|endoftext|>'] [base]
  L20: ' Finnish.<|im_end|><|endoftext|><|endoftext|><|endoftext|><|endoftext|><|endoftext|>' = [' Finnish', '.', '<|im_end|>', '<|endoftext|>', '<|endoftext|>', '<|endoftext|>', '<|endoftext|>', '<|endoftext|>'] [base]
  L21: ' Finnish.<|im_end|><|endoftext|><|endoftext|><|endoftext|><|endoftext|><|endoftext|>' = [' Finnish', '.', '<|im_end|>', '<|endoftext|>', '<|endoftext|>', '<|endoftext|>', '<|endoftext|>', '<|endoftext|>'] [base]
  L22: ' Finnish.<|im_end|><|endoftext|><|endoftext|><|endoftext|><|endoftext|><|endoftext|>' = [' Finnish', '.', '<|im_end|>', '<|endoftext|>', '<|endoftext|>', '<|endoftext|>', '<|endoftext|>', '<|endoftext|>'] [base]
  L23: ' French.<|im_end|><|endoftext|><|endoftext|><|endoftext|><|endoftext|><|endoftext|>' = [' French', '.', '<|im_end|>', '<|endoftext|>', '<|endoftext|>', '<|endoftext|>', '<|endoftext|>', '<|endoftext|>'] [HIT]
  L24: ' French.<|im_end|><|endoftext|><|endoftext|><|endoftext|><|endoftext|><|endoftext|>' = [' French', '.', '<|im_end|>', '<|endoftext|>', '<|endoftext|>', '<|endoftext|>', '<|endoftext|>', '<|endoftext|>'] [HIT]
  L25: ' French.<|im_end|><|endoftext|><|endoftext|><|endoftext|><|endoftext|><|endoftext|>' = [' French', '.', '<|im_end|>', '<|endoftext|>', '<|endoftext|>', '<|endoftext|>', '<|endoftext|>', '<|endoftext|>'] [HIT]
  L26: ' French.<|im_end|><|endoftext|><|endoftext|><|endoftext|><|endoftext|><|endoftext|>' = [' French', '.', '<|im_end|>', '<|endoftext|>', '<|endoftext|>', '<|endoftext|>', '<|endoftext|>', '<|endoftext|>'] [HIT]
  L27: ' French.<|im_end|><|endoftext|><|endoftext|><|endoftext|><|endoftext|><|endoftext|>' = [' French', '.', '<|im_end|>', '<|endoftext|>', '<|endoftext|>', '<|endoftext|>', '<|endoftext|>', '<|endoftext|>'] [HIT]
  L28: ' French.<|im_end|><|endoftext|><|endoftext|><|endoftext|><|endoftext|><|endoftext|>' = [' French', '.', '<|im_end|>', '<|endoftext|>', '<|endoftext|>', '<|endoftext|>', '<|endoftext|>', '<|endoftext|>'] [HIT]

row 322: base=CL -> source=FI  template=language_prefill_v3
  question: 'Tell me a language spoken in the country in this image.'
  prefill : 'A language spoken there is'
  gold base   (expected unhooked) : ' Spanish' = [' Spanish']
  gold source (expected if swap works): ' Finnish' = [' Finnish']
  unhooked: ' Spanish.<|im_end|><|endoftext|><|endoftext|><|endoftext|><|endoftext|><|endoftext|>' = [' Spanish', '.', '<|im_end|>', '<|endoftext|>', '<|endoftext|>', '<|endoftext|>', '<|endoftext|>', '<|endoftext|>']
  L19: ' Spanish.<|im_end|><|endoftext|><|endoftext|><|endoftext|><|endoftext|><|endoftext|>' = [' Spanish', '.', '<|im_end|>', '<|endoftext|>', '<|endoftext|>', '<|endoftext|>', '<|endoftext|>', '<|endoftext|>'] [base]
  L20: ' Spanish.<|im_end|><|endoftext|><|endoftext|><|endoftext|><|endoftext|><|endoftext|>' = [' Spanish', '.', '<|im_end|>', '<|endoftext|>', '<|endoftext|>', '<|endoftext|>', '<|endoftext|>', '<|endoftext|>'] [base]
  L21: ' Spanish.<|im_end|><|endoftext|><|endoftext|><|endoftext|><|endoftext|><|endoftext|>' = [' Spanish', '.', '<|im_end|>', '<|endoftext|>', '<|endoftext|>', '<|endoftext|>', '<|endoftext|>', '<|endoftext|>'] [base]
  L22: ' Spanish.<|im_end|><|endoftext|><|endoftext|><|endoftext|><|endoftext|><|endoftext|>' = [' Spanish', '.', '<|im_end|>', '<|endoftext|>', '<|endoftext|>', '<|endoftext|>', '<|endoftext|>', '<|endoftext|>'] [base]
  L23: ' Finnish.<|im_end|><|endoftext|><|endoftext|><|endoftext|><|endoftext|><|endoftext|>' = [' Finnish', '.', '<|im_end|>', '<|endoftext|>', '<|endoftext|>', '<|endoftext|>', '<|endoftext|>', '<|endoftext|>'] [HIT]
  L24: ' Finnish.<|im_end|><|endoftext|><|endoftext|><|endoftext|><|endoftext|><|endoftext|>' = [' Finnish', '.', '<|im_end|>', '<|endoftext|>', '<|endoftext|>', '<|endoftext|>', '<|endoftext|>', '<|endoftext|>'] [HIT]
  L25: ' Finnish.<|im_end|><|endoftext|><|endoftext|><|endoftext|><|endoftext|><|endoftext|>' = [' Finnish', '.', '<|im_end|>', '<|endoftext|>', '<|endoftext|>', '<|endoftext|>', '<|endoftext|>', '<|endoftext|>'] [HIT]
  L26: ' Finnish.<|im_end|><|endoftext|><|endoftext|><|endoftext|><|endoftext|><|endoftext|>' = [' Finnish', '.', '<|im_end|>', '<|endoftext|>', '<|endoftext|>', '<|endoftext|>', '<|endoftext|>', '<|endoftext|>'] [HIT]
  L27: ' Finnish.<|im_end|><|endoftext|><|endoftext|><|endoftext|><|endoftext|><|endoftext|>' = [' Finnish', '.', '<|im_end|>', '<|endoftext|>', '<|endoftext|>', '<|endoftext|>', '<|endoftext|>', '<|endoftext|>'] [HIT]
  L28: ' Finnish.<|im_end|><|endoftext|><|endoftext|><|endoftext|><|endoftext|><|endoftext|>' = [' Finnish', '.', '<|im_end|>', '<|endoftext|>', '<|endoftext|>', '<|endoftext|>', '<|endoftext|>', '<|endoftext|>'] [HIT]

row 323: base=PT -> source=GT  template=language_prefill_v1
  question: 'Name an official language of the country in this image.'
  prefill : 'One official language is'
  gold base   (expected unhooked) : ' Portuguese' = [' Portuguese']
  gold source (expected if swap works): ' Spanish' = [' Spanish']
  unhooked: ' Portuguese.<|im_end|><|endoftext|><|endoftext|><|endoftext|><|endoftext|><|endoftext|>' = [' Portuguese', '.', '<|im_end|>', '<|endoftext|>', '<|endoftext|>', '<|endoftext|>', '<|endoftext|>', '<|endoftext|>']
  L19: ' Portuguese.<|im_end|><|endoftext|><|endoftext|><|endoftext|><|endoftext|><|endoftext|>' = [' Portuguese', '.', '<|im_end|>', '<|endoftext|>', '<|endoftext|>', '<|endoftext|>', '<|endoftext|>', '<|endoftext|>'] [base]
  L20: ' Portuguese.<|im_end|><|endoftext|><|endoftext|><|endoftext|><|endoftext|><|endoftext|>' = [' Portuguese', '.', '<|im_end|>', '<|endoftext|>', '<|endoftext|>', '<|endoftext|>', '<|endoftext|>', '<|endoftext|>'] [base]
  L21: ' Portuguese.<|im_end|><|endoftext|><|endoftext|><|endoftext|><|endoftext|><|endoftext|>' = [' Portuguese', '.', '<|im_end|>', '<|endoftext|>', '<|endoftext|>', '<|endoftext|>', '<|endoftext|>', '<|endoftext|>'] [base]
  L22: ' Portuguese.<|im_end|><|endoftext|><|endoftext|><|endoftext|><|endoftext|><|endoftext|>' = [' Portuguese', '.', '<|im_end|>', '<|endoftext|>', '<|endoftext|>', '<|endoftext|>', '<|endoftext|>', '<|endoftext|>'] [base]
  L23: ' Portuguese.<|im_end|><|endoftext|><|endoftext|><|endoftext|><|endoftext|><|endoftext|>' = [' Portuguese', '.', '<|im_end|>', '<|endoftext|>', '<|endoftext|>', '<|endoftext|>', '<|endoftext|>', '<|endoftext|>'] [base]
  L24: ' Spanish.<|im_end|><|endoftext|><|endoftext|><|endoftext|><|endoftext|><|endoftext|>' = [' Spanish', '.', '<|im_end|>', '<|endoftext|>', '<|endoftext|>', '<|endoftext|>', '<|endoftext|>', '<|endoftext|>'] [HIT]
  L25: ' Spanish.<|im_end|><|endoftext|><|endoftext|><|endoftext|><|endoftext|><|endoftext|>' = [' Spanish', '.', '<|im_end|>', '<|endoftext|>', '<|endoftext|>', '<|endoftext|>', '<|endoftext|>', '<|endoftext|>'] [HIT]
  L26: ' Spanish.<|im_end|><|endoftext|><|endoftext|><|endoftext|><|endoftext|><|endoftext|>' = [' Spanish', '.', '<|im_end|>', '<|endoftext|>', '<|endoftext|>', '<|endoftext|>', '<|endoftext|>', '<|endoftext|>'] [HIT]
  L27: ' Spanish.<|im_end|><|endoftext|><|endoftext|><|endoftext|><|endoftext|><|endoftext|>' = [' Spanish', '.', '<|im_end|>', '<|endoftext|>', '<|endoftext|>', '<|endoftext|>', '<|endoftext|>', '<|endoftext|>'] [HIT]
  L28: ' Spanish.<|im_end|><|endoftext|><|endoftext|><|endoftext|><|endoftext|><|endoftext|>' = [' Spanish', '.', '<|im_end|>', '<|endoftext|>', '<|endoftext|>', '<|endoftext|>', '<|endoftext|>', '<|endoftext|>'] [HIT]

row 324: base=MA -> source=IN  template=language_prefill_v1
  question: 'Name an official language of the country in this image.'
  prefill : 'One official language is'
  gold base   (expected unhooked) : ' Arabic' = [' Arabic']
  gold source (expected if swap works): ' Hindi' = [' Hindi']
  unhooked: ' Arabic.<|im_end|><|endoftext|><|endoftext|><|endoftext|><|endoftext|><|endoftext|>' = [' Arabic', '.', '<|im_end|>', '<|endoftext|>', '<|endoftext|>', '<|endoftext|>', '<|endoftext|>', '<|endoftext|>']
  L19: ' Arabic.<|im_end|><|endoftext|><|endoftext|><|endoftext|><|endoftext|><|endoftext|>' = [' Arabic', '.', '<|im_end|>', '<|endoftext|>', '<|endoftext|>', '<|endoftext|>', '<|endoftext|>', '<|endoftext|>'] [base]
  L20: ' Arabic.<|im_end|><|endoftext|><|endoftext|><|endoftext|><|endoftext|><|endoftext|>' = [' Arabic', '.', '<|im_end|>', '<|endoftext|>', '<|endoftext|>', '<|endoftext|>', '<|endoftext|>', '<|endoftext|>'] [base]
  L21: ' Arabic.<|im_end|><|endoftext|><|endoftext|><|endoftext|><|endoftext|><|endoftext|>' = [' Arabic', '.', '<|im_end|>', '<|endoftext|>', '<|endoftext|>', '<|endoftext|>', '<|endoftext|>', '<|endoftext|>'] [base]
  L22: ' Arabic.<|im_end|><|endoftext|><|endoftext|><|endoftext|><|endoftext|><|endoftext|>' = [' Arabic', '.', '<|im_end|>', '<|endoftext|>', '<|endoftext|>', '<|endoftext|>', '<|endoftext|>', '<|endoftext|>'] [base]
  L23: ' Hindi.<|im_end|><|endoftext|><|endoftext|><|endoftext|><|endoftext|><|endoftext|>' = [' Hindi', '.', '<|im_end|>', '<|endoftext|>', '<|endoftext|>', '<|endoftext|>', '<|endoftext|>', '<|endoftext|>'] [HIT]
  L24: ' Hindi.<|im_end|><|endoftext|><|endoftext|><|endoftext|><|endoftext|><|endoftext|>' = [' Hindi', '.', '<|im_end|>', '<|endoftext|>', '<|endoftext|>', '<|endoftext|>', '<|endoftext|>', '<|endoftext|>'] [HIT]
  L25: ' Hindi.<|im_end|><|endoftext|><|endoftext|><|endoftext|><|endoftext|><|endoftext|>' = [' Hindi', '.', '<|im_end|>', '<|endoftext|>', '<|endoftext|>', '<|endoftext|>', '<|endoftext|>', '<|endoftext|>'] [HIT]
  L26: ' Hindi.<|im_end|><|endoftext|><|endoftext|><|endoftext|><|endoftext|><|endoftext|>' = [' Hindi', '.', '<|im_end|>', '<|endoftext|>', '<|endoftext|>', '<|endoftext|>', '<|endoftext|>', '<|endoftext|>'] [HIT]
  L27: ' Hindi.<|im_end|><|endoftext|><|endoftext|><|endoftext|><|endoftext|><|endoftext|>' = [' Hindi', '.', '<|im_end|>', '<|endoftext|>', '<|endoftext|>', '<|endoftext|>', '<|endoftext|>', '<|endoftext|>'] [HIT]
  L28: ' Hindi.<|im_end|><|endoftext|><|endoftext|><|endoftext|><|endoftext|><|endoftext|>' = [' Hindi', '.', '<|im_end|>', '<|endoftext|>', '<|endoftext|>', '<|endoftext|>', '<|endoftext|>', '<|endoftext|>'] [HIT]

row 325: base=UA -> source=CL  template=language_prefill_v3
  question: 'Tell me a language spoken in the country in this image.'
  prefill : 'A language spoken there is'
  gold base   (expected unhooked) : ' Ukrainian' = [' Ukrainian']
  gold source (expected if swap works): ' Spanish' = [' Spanish']
  unhooked: ' Ukrainian.<|im_end|><|endoftext|><|endoftext|><|endoftext|><|endoftext|><|endoftext|>' = [' Ukrainian', '.', '<|im_end|>', '<|endoftext|>', '<|endoftext|>', '<|endoftext|>', '<|endoftext|>', '<|endoftext|>']
  L19: ' Ukrainian.<|im_end|><|endoftext|><|endoftext|><|endoftext|><|endoftext|><|endoftext|>' = [' Ukrainian', '.', '<|im_end|>', '<|endoftext|>', '<|endoftext|>', '<|endoftext|>', '<|endoftext|>', '<|endoftext|>'] [base]
  L20: ' Ukrainian.<|im_end|><|endoftext|><|endoftext|><|endoftext|><|endoftext|><|endoftext|>' = [' Ukrainian', '.', '<|im_end|>', '<|endoftext|>', '<|endoftext|>', '<|endoftext|>', '<|endoftext|>', '<|endoftext|>'] [base]
  L21: ' Ukrainian.<|im_end|><|endoftext|><|endoftext|><|endoftext|><|endoftext|><|endoftext|>' = [' Ukrainian', '.', '<|im_end|>', '<|endoftext|>', '<|endoftext|>', '<|endoftext|>', '<|endoftext|>', '<|endoftext|>'] [base]
  L22: ' Ukrainian.<|im_end|><|endoftext|><|endoftext|><|endoftext|><|endoftext|><|endoftext|>' = [' Ukrainian', '.', '<|im_end|>', '<|endoftext|>', '<|endoftext|>', '<|endoftext|>', '<|endoftext|>', '<|endoftext|>'] [base]
  L23: ' Spanish.<|im_end|><|endoftext|><|endoftext|><|endoftext|><|endoftext|><|endoftext|>' = [' Spanish', '.', '<|im_end|>', '<|endoftext|>', '<|endoftext|>', '<|endoftext|>', '<|endoftext|>', '<|endoftext|>'] [HIT]
  L24: ' Spanish.<|im_end|><|endoftext|><|endoftext|><|endoftext|><|endoftext|><|endoftext|>' = [' Spanish', '.', '<|im_end|>', '<|endoftext|>', '<|endoftext|>', '<|endoftext|>', '<|endoftext|>', '<|endoftext|>'] [HIT]
  L25: ' Spanish.<|im_end|><|endoftext|><|endoftext|><|endoftext|><|endoftext|><|endoftext|>' = [' Spanish', '.', '<|im_end|>', '<|endoftext|>', '<|endoftext|>', '<|endoftext|>', '<|endoftext|>', '<|endoftext|>'] [HIT]
  L26: ' Spanish.<|im_end|><|endoftext|><|endoftext|><|endoftext|><|endoftext|><|endoftext|>' = [' Spanish', '.', '<|im_end|>', '<|endoftext|>', '<|endoftext|>', '<|endoftext|>', '<|endoftext|>', '<|endoftext|>'] [HIT]
  L27: ' Spanish.<|im_end|><|endoftext|><|endoftext|><|endoftext|><|endoftext|><|endoftext|>' = [' Spanish', '.', '<|im_end|>', '<|endoftext|>', '<|endoftext|>', '<|endoftext|>', '<|endoftext|>', '<|endoftext|>'] [HIT]
  L28: ' Spanish.<|im_end|><|endoftext|><|endoftext|><|endoftext|><|endoftext|><|endoftext|>' = [' Spanish', '.', '<|im_end|>', '<|endoftext|>', '<|endoftext|>', '<|endoftext|>', '<|endoftext|>', '<|endoftext|>'] [HIT]

row 326: base=BY -> source=PT  template=language_prefill_v2
  question: 'What is the official language of the country shown in this flag?'
  prefill : 'The official language is'
  gold base   (expected unhooked) : ' Belarusian' = [' Belarus', 'ian']
  gold source (expected if swap works): ' Portuguese' = [' Portuguese']
  unhooked: ' Belarusian.<|im_end|><|endoftext|><|endoftext|><|endoftext|><|endoftext|>' = [' Belarus', 'ian', '.', '<|im_end|>', '<|endoftext|>', '<|endoftext|>', '<|endoftext|>', '<|endoftext|>']
  L19: ' Belarusian.<|im_end|><|endoftext|><|endoftext|><|endoftext|><|endoftext|>' = [' Belarus', 'ian', '.', '<|im_end|>', '<|endoftext|>', '<|endoftext|>', '<|endoftext|>', '<|endoftext|>'] [base]
  L20: ' Belarusian.<|im_end|><|endoftext|><|endoftext|><|endoftext|><|endoftext|>' = [' Belarus', 'ian', '.', '<|im_end|>', '<|endoftext|>', '<|endoftext|>', '<|endoftext|>', '<|endoftext|>'] [base]
  L21: ' Belarusian.<|im_end|><|endoftext|><|endoftext|><|endoftext|><|endoftext|>' = [' Belarus', 'ian', '.', '<|im_end|>', '<|endoftext|>', '<|endoftext|>', '<|endoftext|>', '<|endoftext|>'] [base]
  L22: ' Belarusian.<|im_end|><|endoftext|><|endoftext|><|endoftext|><|endoftext|>' = [' Belarus', 'ian', '.', '<|im_end|>', '<|endoftext|>', '<|endoftext|>', '<|endoftext|>', '<|endoftext|>'] [base]
  L23: ' Portuguese.<|im_end|><|endoftext|><|endoftext|><|endoftext|><|endoftext|><|endoftext|>' = [' Portuguese', '.', '<|im_end|>', '<|endoftext|>', '<|endoftext|>', '<|endoftext|>', '<|endoftext|>', '<|endoftext|>'] [HIT]
  L24: ' Portuguese.<|im_end|><|endoftext|><|endoftext|><|endoftext|><|endoftext|><|endoftext|>' = [' Portuguese', '.', '<|im_end|>', '<|endoftext|>', '<|endoftext|>', '<|endoftext|>', '<|endoftext|>', '<|endoftext|>'] [HIT]
  L25: ' Portuguese.<|im_end|><|endoftext|><|endoftext|><|endoftext|><|endoftext|><|endoftext|>' = [' Portuguese', '.', '<|im_end|>', '<|endoftext|>', '<|endoftext|>', '<|endoftext|>', '<|endoftext|>', '<|endoftext|>'] [HIT]
  L26: ' Portuguese.<|im_end|><|endoftext|><|endoftext|><|endoftext|><|endoftext|><|endoftext|>' = [' Portuguese', '.', '<|im_end|>', '<|endoftext|>', '<|endoftext|>', '<|endoftext|>', '<|endoftext|>', '<|endoftext|>'] [HIT]
  L27: ' Portuguese.<|im_end|><|endoftext|><|endoftext|><|endoftext|><|endoftext|><|endoftext|>' = [' Portuguese', '.', '<|im_end|>', '<|endoftext|>', '<|endoftext|>', '<|endoftext|>', '<|endoftext|>', '<|endoftext|>'] [HIT]
  L28: ' Portuguese.<|im_end|><|endoftext|><|endoftext|><|endoftext|><|endoftext|><|endoftext|>' = [' Portuguese', '.', '<|im_end|>', '<|endoftext|>', '<|endoftext|>', '<|endoftext|>', '<|endoftext|>', '<|endoftext|>'] [HIT]

row 327: base=AO -> source=SE  template=language_prefill_v4
  question: 'Identify one of the official languages of the country in this image.'
  prefill : 'One official language is'
  gold base   (expected unhooked) : ' Portuguese' = [' Portuguese']
  gold source (expected if swap works): ' Swedish' = [' Swedish']
  unhooked: ' Portuguese.<|im_end|><|endoftext|><|endoftext|><|endoftext|><|endoftext|><|endoftext|>' = [' Portuguese', '.', '<|im_end|>', '<|endoftext|>', '<|endoftext|>', '<|endoftext|>', '<|endoftext|>', '<|endoftext|>']
  L19: ' Portuguese.<|im_end|><|endoftext|><|endoftext|><|endoftext|><|endoftext|><|endoftext|>' = [' Portuguese', '.', '<|im_end|>', '<|endoftext|>', '<|endoftext|>', '<|endoftext|>', '<|endoftext|>', '<|endoftext|>'] [base]
  L20: ' Portuguese.<|im_end|><|endoftext|><|endoftext|><|endoftext|><|endoftext|><|endoftext|>' = [' Portuguese', '.', '<|im_end|>', '<|endoftext|>', '<|endoftext|>', '<|endoftext|>', '<|endoftext|>', '<|endoftext|>'] [base]
  L21: ' Portuguese.<|im_end|><|endoftext|><|endoftext|><|endoftext|><|endoftext|><|endoftext|>' = [' Portuguese', '.', '<|im_end|>', '<|endoftext|>', '<|endoftext|>', '<|endoftext|>', '<|endoftext|>', '<|endoftext|>'] [base]
  L22: ' Portuguese.<|im_end|><|endoftext|><|endoftext|><|endoftext|><|endoftext|><|endoftext|>' = [' Portuguese', '.', '<|im_end|>', '<|endoftext|>', '<|endoftext|>', '<|endoftext|>', '<|endoftext|>', '<|endoftext|>'] [base]
  L23: ' Swedish.<|im_end|><|endoftext|><|endoftext|><|endoftext|><|endoftext|><|endoftext|>' = [' Swedish', '.', '<|im_end|>', '<|endoftext|>', '<|endoftext|>', '<|endoftext|>', '<|endoftext|>', '<|endoftext|>'] [HIT]
  L24: ' Swedish.<|im_end|><|endoftext|><|endoftext|><|endoftext|><|endoftext|><|endoftext|>' = [' Swedish', '.', '<|im_end|>', '<|endoftext|>', '<|endoftext|>', '<|endoftext|>', '<|endoftext|>', '<|endoftext|>'] [HIT]
  L25: ' Swedish.<|im_end|><|endoftext|><|endoftext|><|endoftext|><|endoftext|><|endoftext|>' = [' Swedish', '.', '<|im_end|>', '<|endoftext|>', '<|endoftext|>', '<|endoftext|>', '<|endoftext|>', '<|endoftext|>'] [HIT]
  L26: ' Swedish.<|im_end|><|endoftext|><|endoftext|><|endoftext|><|endoftext|><|endoftext|>' = [' Swedish', '.', '<|im_end|>', '<|endoftext|>', '<|endoftext|>', '<|endoftext|>', '<|endoftext|>', '<|endoftext|>'] [HIT]
  L27: ' Swedish.<|im_end|><|endoftext|><|endoftext|><|endoftext|><|endoftext|><|endoftext|>' = [' Swedish', '.', '<|im_end|>', '<|endoftext|>', '<|endoftext|>', '<|endoftext|>', '<|endoftext|>', '<|endoftext|>'] [HIT]
  L28: ' Swedish.<|im_end|><|endoftext|><|endoftext|><|endoftext|><|endoftext|><|endoftext|>' = [' Swedish', '.', '<|im_end|>', '<|endoftext|>', '<|endoftext|>', '<|endoftext|>', '<|endoftext|>', '<|endoftext|>'] [HIT]

row 328: base=GT -> source=FI  template=language_prefill_v4
  question: 'Identify one of the official languages of the country in this image.'
  prefill : 'One official language is'
  gold base   (expected unhooked) : ' Spanish' = [' Spanish']
  gold source (expected if swap works): ' Finnish' = [' Finnish']
  unhooked: ' Spanish.<|im_end|><|endoftext|><|endoftext|><|endoftext|><|endoftext|><|endoftext|>' = [' Spanish', '.', '<|im_end|>', '<|endoftext|>', '<|endoftext|>', '<|endoftext|>', '<|endoftext|>', '<|endoftext|>']
  L19: ' Spanish.<|im_end|><|endoftext|><|endoftext|><|endoftext|><|endoftext|><|endoftext|>' = [' Spanish', '.', '<|im_end|>', '<|endoftext|>', '<|endoftext|>', '<|endoftext|>', '<|endoftext|>', '<|endoftext|>'] [base]
  L20: ' Spanish.<|im_end|><|endoftext|><|endoftext|><|endoftext|><|endoftext|><|endoftext|>' = [' Spanish', '.', '<|im_end|>', '<|endoftext|>', '<|endoftext|>', '<|endoftext|>', '<|endoftext|>', '<|endoftext|>'] [base]
  L21: ' Spanish.<|im_end|><|endoftext|><|endoftext|><|endoftext|><|endoftext|><|endoftext|>' = [' Spanish', '.', '<|im_end|>', '<|endoftext|>', '<|endoftext|>', '<|endoftext|>', '<|endoftext|>', '<|endoftext|>'] [base]
  L22: ' Spanish.<|im_end|><|endoftext|><|endoftext|><|endoftext|><|endoftext|><|endoftext|>' = [' Spanish', '.', '<|im_end|>', '<|endoftext|>', '<|endoftext|>', '<|endoftext|>', '<|endoftext|>', '<|endoftext|>'] [base]
  L23: ' Finnish.<|im_end|><|endoftext|><|endoftext|><|endoftext|><|endoftext|><|endoftext|>' = [' Finnish', '.', '<|im_end|>', '<|endoftext|>', '<|endoftext|>', '<|endoftext|>', '<|endoftext|>', '<|endoftext|>'] [HIT]
  L24: ' Finnish.<|im_end|><|endoftext|><|endoftext|><|endoftext|><|endoftext|><|endoftext|>' = [' Finnish', '.', '<|im_end|>', '<|endoftext|>', '<|endoftext|>', '<|endoftext|>', '<|endoftext|>', '<|endoftext|>'] [HIT]
  L25: ' Finnish.<|im_end|><|endoftext|><|endoftext|><|endoftext|><|endoftext|><|endoftext|>' = [' Finnish', '.', '<|im_end|>', '<|endoftext|>', '<|endoftext|>', '<|endoftext|>', '<|endoftext|>', '<|endoftext|>'] [HIT]
  L26: ' Finnish.<|im_end|><|endoftext|><|endoftext|><|endoftext|><|endoftext|><|endoftext|>' = [' Finnish', '.', '<|im_end|>', '<|endoftext|>', '<|endoftext|>', '<|endoftext|>', '<|endoftext|>', '<|endoftext|>'] [HIT]
  L27: ' Finnish.<|im_end|><|endoftext|><|endoftext|><|endoftext|><|endoftext|><|endoftext|>' = [' Finnish', '.', '<|im_end|>', '<|endoftext|>', '<|endoftext|>', '<|endoftext|>', '<|endoftext|>', '<|endoftext|>'] [HIT]
  L28: ' Finnish.<|im_end|><|endoftext|><|endoftext|><|endoftext|><|endoftext|><|endoftext|>' = [' Finnish', '.', '<|im_end|>', '<|endoftext|>', '<|endoftext|>', '<|endoftext|>', '<|endoftext|>', '<|endoftext|>'] [HIT]

row 329: base=MX -> source=MA  template=language_prefill_v4
  question: 'Identify one of the official languages of the country in this image.'
  prefill : 'One official language is'
  gold base   (expected unhooked) : ' Spanish' = [' Spanish']
  gold source (expected if swap works): ' Arabic' = [' Arabic']
  unhooked: ' Spanish.<|im_end|><|endoftext|><|endoftext|><|endoftext|><|endoftext|><|endoftext|>' = [' Spanish', '.', '<|im_end|>', '<|endoftext|>', '<|endoftext|>', '<|endoftext|>', '<|endoftext|>', '<|endoftext|>']
  L19: ' Spanish.<|im_end|><|endoftext|><|endoftext|><|endoftext|><|endoftext|><|endoftext|>' = [' Spanish', '.', '<|im_end|>', '<|endoftext|>', '<|endoftext|>', '<|endoftext|>', '<|endoftext|>', '<|endoftext|>'] [base]
  L20: ' Spanish.<|im_end|><|endoftext|><|endoftext|><|endoftext|><|endoftext|><|endoftext|>' = [' Spanish', '.', '<|im_end|>', '<|endoftext|>', '<|endoftext|>', '<|endoftext|>', '<|endoftext|>', '<|endoftext|>'] [base]
  L21: ' Spanish.<|im_end|><|endoftext|><|endoftext|><|endoftext|><|endoftext|><|endoftext|>' = [' Spanish', '.', '<|im_end|>', '<|endoftext|>', '<|endoftext|>', '<|endoftext|>', '<|endoftext|>', '<|endoftext|>'] [base]
  L22: ' Spanish.<|im_end|><|endoftext|><|endoftext|><|endoftext|><|endoftext|><|endoftext|>' = [' Spanish', '.', '<|im_end|>', '<|endoftext|>', '<|endoftext|>', '<|endoftext|>', '<|endoftext|>', '<|endoftext|>'] [base]
  L23: ' Spanish.<|im_end|><|endoftext|><|endoftext|><|endoftext|><|endoftext|><|endoftext|>' = [' Spanish', '.', '<|im_end|>', '<|endoftext|>', '<|endoftext|>', '<|endoftext|>', '<|endoftext|>', '<|endoftext|>'] [base]
  L24: ' Arabic.<|im_end|><|endoftext|><|endoftext|><|endoftext|><|endoftext|><|endoftext|>' = [' Arabic', '.', '<|im_end|>', '<|endoftext|>', '<|endoftext|>', '<|endoftext|>', '<|endoftext|>', '<|endoftext|>'] [HIT]
  L25: ' Arabic.<|im_end|><|endoftext|><|endoftext|><|endoftext|><|endoftext|><|endoftext|>' = [' Arabic', '.', '<|im_end|>', '<|endoftext|>', '<|endoftext|>', '<|endoftext|>', '<|endoftext|>', '<|endoftext|>'] [HIT]
  L26: ' Arabic.<|im_end|><|endoftext|><|endoftext|><|endoftext|><|endoftext|><|endoftext|>' = [' Arabic', '.', '<|im_end|>', '<|endoftext|>', '<|endoftext|>', '<|endoftext|>', '<|endoftext|>', '<|endoftext|>'] [HIT]
  L27: ' Arabic.<|im_end|><|endoftext|><|endoftext|><|endoftext|><|endoftext|><|endoftext|>' = [' Arabic', '.', '<|im_end|>', '<|endoftext|>', '<|endoftext|>', '<|endoftext|>', '<|endoftext|>', '<|endoftext|>'] [HIT]
  L28: ' Día de Muertos, but it' = [' D', 'ía', ' de', ' Mu', 'ertos', ',', ' but', ' it'] [other]

row 330: base=CL -> source=TH  template=language_prefill_v5
  question: 'What language is officially spoken in the country shown in this flag?'
  prefill : 'The official language is'
  gold base   (expected unhooked) : ' Spanish' = [' Spanish']
  gold source (expected if swap works): ' Thai' = [' Thai']
  unhooked: ' Spanish. The flag in the image is' = [' Spanish', '.', ' The', ' flag', ' in', ' the', ' image', ' is']
  L19: ' Spanish. The flag in the image is' = [' Spanish', '.', ' The', ' flag', ' in', ' the', ' image', ' is'] [base]
  L20: ' Spanish. The flag in the image is' = [' Spanish', '.', ' The', ' flag', ' in', ' the', ' image', ' is'] [base]
  L21: ' Spanish. The flag in the image is' = [' Spanish', '.', ' The', ' flag', ' in', ' the', ' image', ' is'] [base]
  L22: ' Spanish. The flag in the image is' = [' Spanish', '.', ' The', ' flag', ' in', ' the', ' image', ' is'] [base]
  L23: ' Spanish. The flag in the image is' = [' Spanish', '.', ' The', ' flag', ' in', ' the', ' image', ' is'] [base]
  L24: ' Thai.<|im_end|><|endoftext|><|endoftext|><|endoftext|><|endoftext|><|endoftext|>' = [' Thai', '.', '<|im_end|>', '<|endoftext|>', '<|endoftext|>', '<|endoftext|>', '<|endoftext|>', '<|endoftext|>'] [HIT]
  L25: ' Thai.<|im_end|><|endoftext|><|endoftext|><|endoftext|><|endoftext|><|endoftext|>' = [' Thai', '.', '<|im_end|>', '<|endoftext|>', '<|endoftext|>', '<|endoftext|>', '<|endoftext|>', '<|endoftext|>'] [HIT]
  L26: ' Thai.<|im_end|><|endoftext|><|endoftext|><|endoftext|><|endoftext|><|endoftext|>' = [' Thai', '.', '<|im_end|>', '<|endoftext|>', '<|endoftext|>', '<|endoftext|>', '<|endoftext|>', '<|endoftext|>'] [HIT]
  L27: ' Thai.<|im_end|><|endoftext|><|endoftext|><|endoftext|><|endoftext|><|endoftext|>' = [' Thai', '.', '<|im_end|>', '<|endoftext|>', '<|endoftext|>', '<|endoftext|>', '<|endoftext|>', '<|endoftext|>'] [HIT]
  L28: ' Thai.<|im_end|><|endoftext|><|endoftext|><|endoftext|><|endoftext|><|endoftext|>' = [' Thai', '.', '<|im_end|>', '<|endoftext|>', '<|endoftext|>', '<|endoftext|>', '<|endoftext|>', '<|endoftext|>'] [HIT]

row 331: base=GR -> source=PT  template=language_prefill_v5
  question: 'What language is officially spoken in the country shown in this flag?'
  prefill : 'The official language is'
  gold base   (expected unhooked) : ' Greek' = [' Greek']
  gold source (expected if swap works): ' Portuguese' = [' Portuguese']
  unhooked: ' Greek.<|im_end|><|endoftext|><|endoftext|><|endoftext|><|endoftext|><|endoftext|>' = [' Greek', '.', '<|im_end|>', '<|endoftext|>', '<|endoftext|>', '<|endoftext|>', '<|endoftext|>', '<|endoftext|>']
  L19: ' Greek.<|im_end|><|endoftext|><|endoftext|><|endoftext|><|endoftext|><|endoftext|>' = [' Greek', '.', '<|im_end|>', '<|endoftext|>', '<|endoftext|>', '<|endoftext|>', '<|endoftext|>', '<|endoftext|>'] [base]
  L20: ' Greek.<|im_end|><|endoftext|><|endoftext|><|endoftext|><|endoftext|><|endoftext|>' = [' Greek', '.', '<|im_end|>', '<|endoftext|>', '<|endoftext|>', '<|endoftext|>', '<|endoftext|>', '<|endoftext|>'] [base]
  L21: ' Greek.<|im_end|><|endoftext|><|endoftext|><|endoftext|><|endoftext|><|endoftext|>' = [' Greek', '.', '<|im_end|>', '<|endoftext|>', '<|endoftext|>', '<|endoftext|>', '<|endoftext|>', '<|endoftext|>'] [base]
  L22: ' Greek.<|im_end|><|endoftext|><|endoftext|><|endoftext|><|endoftext|><|endoftext|>' = [' Greek', '.', '<|im_end|>', '<|endoftext|>', '<|endoftext|>', '<|endoftext|>', '<|endoftext|>', '<|endoftext|>'] [base]
  L23: ' Greek.<|im_end|><|endoftext|><|endoftext|><|endoftext|><|endoftext|><|endoftext|>' = [' Greek', '.', '<|im_end|>', '<|endoftext|>', '<|endoftext|>', '<|endoftext|>', '<|endoftext|>', '<|endoftext|>'] [base]
  L24: ' Portuguese.<|im_end|><|endoftext|><|endoftext|><|endoftext|><|endoftext|><|endoftext|>' = [' Portuguese', '.', '<|im_end|>', '<|endoftext|>', '<|endoftext|>', '<|endoftext|>', '<|endoftext|>', '<|endoftext|>'] [HIT]
  L25: ' Portuguese.<|im_end|><|endoftext|><|endoftext|><|endoftext|><|endoftext|><|endoftext|>' = [' Portuguese', '.', '<|im_end|>', '<|endoftext|>', '<|endoftext|>', '<|endoftext|>', '<|endoftext|>', '<|endoftext|>'] [HIT]
  L26: ' Portuguese.<|im_end|><|endoftext|><|endoftext|><|endoftext|><|endoftext|><|endoftext|>' = [' Portuguese', '.', '<|im_end|>', '<|endoftext|>', '<|endoftext|>', '<|endoftext|>', '<|endoftext|>', '<|endoftext|>'] [HIT]
  L27: ' Portuguese.<|im_end|><|endoftext|><|endoftext|><|endoftext|><|endoftext|><|endoftext|>' = [' Portuguese', '.', '<|im_end|>', '<|endoftext|>', '<|endoftext|>', '<|endoftext|>', '<|endoftext|>', '<|endoftext|>'] [HIT]
  L28: ' Portuguese.<|im_end|><|endoftext|><|endoftext|><|endoftext|><|endoftext|><|endoftext|>' = [' Portuguese', '.', '<|im_end|>', '<|endoftext|>', '<|endoftext|>', '<|endoftext|>', '<|endoftext|>', '<|endoftext|>'] [HIT]

row 332: base=CM -> source=IS  template=language_prefill_v1
  question: 'Name an official language of the country in this image.'
  prefill : 'One official language is'
  gold base   (expected unhooked) : ' French' = [' French']
  gold source (expected if swap works): ' Icelandic' = [' Icelandic']
  unhooked: ' French.<|im_end|><|endoftext|><|endoftext|><|endoftext|><|endoftext|><|endoftext|>' = [' French', '.', '<|im_end|>', '<|endoftext|>', '<|endoftext|>', '<|endoftext|>', '<|endoftext|>', '<|endoftext|>']
  L19: ' French.<|im_end|><|endoftext|><|endoftext|><|endoftext|><|endoftext|><|endoftext|>' = [' French', '.', '<|im_end|>', '<|endoftext|>', '<|endoftext|>', '<|endoftext|>', '<|endoftext|>', '<|endoftext|>'] [base]
  L20: ' French.<|im_end|><|endoftext|><|endoftext|><|endoftext|><|endoftext|><|endoftext|>' = [' French', '.', '<|im_end|>', '<|endoftext|>', '<|endoftext|>', '<|endoftext|>', '<|endoftext|>', '<|endoftext|>'] [base]
  L21: ' French.<|im_end|><|endoftext|><|endoftext|><|endoftext|><|endoftext|><|endoftext|>' = [' French', '.', '<|im_end|>', '<|endoftext|>', '<|endoftext|>', '<|endoftext|>', '<|endoftext|>', '<|endoftext|>'] [base]
  L22: ' French.<|im_end|><|endoftext|><|endoftext|><|endoftext|><|endoftext|><|endoftext|>' = [' French', '.', '<|im_end|>', '<|endoftext|>', '<|endoftext|>', '<|endoftext|>', '<|endoftext|>', '<|endoftext|>'] [base]
  L23: ' the French language, which is used in' = [' the', ' French', ' language', ',', ' which', ' is', ' used', ' in'] [other]
  L24: ' Icelandic.<|im_end|><|endoftext|><|endoftext|><|endoftext|><|endoftext|><|endoftext|>' = [' Icelandic', '.', '<|im_end|>', '<|endoftext|>', '<|endoftext|>', '<|endoftext|>', '<|endoftext|>', '<|endoftext|>'] [HIT]
  L25: ' Icelandic.<|im_end|><|endoftext|><|endoftext|><|endoftext|><|endoftext|><|endoftext|>' = [' Icelandic', '.', '<|im_end|>', '<|endoftext|>', '<|endoftext|>', '<|endoftext|>', '<|endoftext|>', '<|endoftext|>'] [HIT]
  L26: ' Icelandic.<|im_end|><|endoftext|><|endoftext|><|endoftext|><|endoftext|><|endoftext|>' = [' Icelandic', '.', '<|im_end|>', '<|endoftext|>', '<|endoftext|>', '<|endoftext|>', '<|endoftext|>', '<|endoftext|>'] [HIT]
  L27: ' Icelandic.<|im_end|><|endoftext|><|endoftext|><|endoftext|><|endoftext|><|endoftext|>' = [' Icelandic', '.', '<|im_end|>', '<|endoftext|>', '<|endoftext|>', '<|endoftext|>', '<|endoftext|>', '<|endoftext|>'] [HIT]
  L28: ' Icelandic.<|im_end|><|endoftext|><|endoftext|><|endoftext|><|endoftext|><|endoftext|>' = [' Icelandic', '.', '<|im_end|>', '<|endoftext|>', '<|endoftext|>', '<|endoftext|>', '<|endoftext|>', '<|endoftext|>'] [HIT]

row 333: base=UA -> source=UG  template=language_prefill_v6
  question: 'Name a language used in the country depicted in this image.'
  prefill : 'A language spoken there is'
  gold base   (expected unhooked) : ' Ukrainian' = [' Ukrainian']
  gold source (expected if swap works): ' English' = [' English']
  unhooked: ' Ukrainian.<|im_end|><|endoftext|><|endoftext|><|endoftext|><|endoftext|><|endoftext|>' = [' Ukrainian', '.', '<|im_end|>', '<|endoftext|>', '<|endoftext|>', '<|endoftext|>', '<|endoftext|>', '<|endoftext|>']
  L19: ' Ukrainian.<|im_end|><|endoftext|><|endoftext|><|endoftext|><|endoftext|><|endoftext|>' = [' Ukrainian', '.', '<|im_end|>', '<|endoftext|>', '<|endoftext|>', '<|endoftext|>', '<|endoftext|>', '<|endoftext|>'] [base]
  L20: ' Ukrainian.<|im_end|><|endoftext|><|endoftext|><|endoftext|><|endoftext|><|endoftext|>' = [' Ukrainian', '.', '<|im_end|>', '<|endoftext|>', '<|endoftext|>', '<|endoftext|>', '<|endoftext|>', '<|endoftext|>'] [base]
  L21: ' Ukrainian.<|im_end|><|endoftext|><|endoftext|><|endoftext|><|endoftext|><|endoftext|>' = [' Ukrainian', '.', '<|im_end|>', '<|endoftext|>', '<|endoftext|>', '<|endoftext|>', '<|endoftext|>', '<|endoftext|>'] [base]
  L22: ' Ukrainian.<|im_end|><|endoftext|><|endoftext|><|endoftext|><|endoftext|><|endoftext|>' = [' Ukrainian', '.', '<|im_end|>', '<|endoftext|>', '<|endoftext|>', '<|endoftext|>', '<|endoftext|>', '<|endoftext|>'] [base]
  L23: ' English, as it is one of the' = [' English', ',', ' as', ' it', ' is', ' one', ' of', ' the'] [HIT]
  L24: ' English, as it is one of the' = [' English', ',', ' as', ' it', ' is', ' one', ' of', ' the'] [HIT]
  L25: ' English, as it is one of the' = [' English', ',', ' as', ' it', ' is', ' one', ' of', ' the'] [HIT]
  L26: ' English, as it is one of the' = [' English', ',', ' as', ' it', ' is', ' one', ' of', ' the'] [HIT]
  L27: ' English, as it is one of the' = [' English', ',', ' as', ' it', ' is', ' one', ' of', ' the'] [HIT]
  L28: ' English, as it is one of the' = [' English', ',', ' as', ' it', ' is', ' one', ' of', ' the'] [HIT]

row 334: base=PY -> source=SE  template=language_prefill_v2
  question: 'What is the official language of the country shown in this flag?'
  prefill : 'The official language is'
  gold base   (expected unhooked) : ' Spanish' = [' Spanish']
  gold source (expected if swap works): ' Swedish' = [' Swedish']
  unhooked: ' Spanish.<|im_end|><|endoftext|><|endoftext|><|endoftext|><|endoftext|><|endoftext|>' = [' Spanish', '.', '<|im_end|>', '<|endoftext|>', '<|endoftext|>', '<|endoftext|>', '<|endoftext|>', '<|endoftext|>']
  L19: ' Spanish.<|im_end|><|endoftext|><|endoftext|><|endoftext|><|endoftext|><|endoftext|>' = [' Spanish', '.', '<|im_end|>', '<|endoftext|>', '<|endoftext|>', '<|endoftext|>', '<|endoftext|>', '<|endoftext|>'] [base]
  L20: ' Spanish.<|im_end|><|endoftext|><|endoftext|><|endoftext|><|endoftext|><|endoftext|>' = [' Spanish', '.', '<|im_end|>', '<|endoftext|>', '<|endoftext|>', '<|endoftext|>', '<|endoftext|>', '<|endoftext|>'] [base]
  L21: ' Spanish.<|im_end|><|endoftext|><|endoftext|><|endoftext|><|endoftext|><|endoftext|>' = [' Spanish', '.', '<|im_end|>', '<|endoftext|>', '<|endoftext|>', '<|endoftext|>', '<|endoftext|>', '<|endoftext|>'] [base]
  L22: ' Spanish.<|im_end|><|endoftext|><|endoftext|><|endoftext|><|endoftext|><|endoftext|>' = [' Spanish', '.', '<|im_end|>', '<|endoftext|>', '<|endoftext|>', '<|endoftext|>', '<|endoftext|>', '<|endoftext|>'] [base]
  L23: ' Swedish.<|im_end|><|endoftext|><|endoftext|><|endoftext|><|endoftext|><|endoftext|>' = [' Swedish', '.', '<|im_end|>', '<|endoftext|>', '<|endoftext|>', '<|endoftext|>', '<|endoftext|>', '<|endoftext|>'] [HIT]
  L24: ' Swedish.<|im_end|><|endoftext|><|endoftext|><|endoftext|><|endoftext|><|endoftext|>' = [' Swedish', '.', '<|im_end|>', '<|endoftext|>', '<|endoftext|>', '<|endoftext|>', '<|endoftext|>', '<|endoftext|>'] [HIT]
  L25: ' Swedish.<|im_end|><|endoftext|><|endoftext|><|endoftext|><|endoftext|><|endoftext|>' = [' Swedish', '.', '<|im_end|>', '<|endoftext|>', '<|endoftext|>', '<|endoftext|>', '<|endoftext|>', '<|endoftext|>'] [HIT]
  L26: ' Swedish.<|im_end|><|endoftext|><|endoftext|><|endoftext|><|endoftext|><|endoftext|>' = [' Swedish', '.', '<|im_end|>', '<|endoftext|>', '<|endoftext|>', '<|endoftext|>', '<|endoftext|>', '<|endoftext|>'] [HIT]
  L27: ' Swedish.<|im_end|><|endoftext|><|endoftext|><|endoftext|><|endoftext|><|endoftext|>' = [' Swedish', '.', '<|im_end|>', '<|endoftext|>', '<|endoftext|>', '<|endoftext|>', '<|endoftext|>', '<|endoftext|>'] [HIT]
  L28: ' Swedish.<|im_end|><|endoftext|><|endoftext|><|endoftext|><|endoftext|><|endoftext|>' = [' Swedish', '.', '<|im_end|>', '<|endoftext|>', '<|endoftext|>', '<|endoftext|>', '<|endoftext|>', '<|endoftext|>'] [HIT]

row 335: base=UG -> source=SE  template=language_prefill_v5
  question: 'What language is officially spoken in the country shown in this flag?'
  prefill : 'The official language is'
  gold base   (expected unhooked) : ' English' = [' English']
  gold source (expected if swap works): ' Swedish' = [' Swedish']
  unhooked: ' English.<|im_end|><|endoftext|><|endoftext|><|endoftext|><|endoftext|><|endoftext|>' = [' English', '.', '<|im_end|>', '<|endoftext|>', '<|endoftext|>', '<|endoftext|>', '<|endoftext|>', '<|endoftext|>']
  L19: ' English.<|im_end|><|endoftext|><|endoftext|><|endoftext|><|endoftext|><|endoftext|>' = [' English', '.', '<|im_end|>', '<|endoftext|>', '<|endoftext|>', '<|endoftext|>', '<|endoftext|>', '<|endoftext|>'] [base]
  L20: ' English.<|im_end|><|endoftext|><|endoftext|><|endoftext|><|endoftext|><|endoftext|>' = [' English', '.', '<|im_end|>', '<|endoftext|>', '<|endoftext|>', '<|endoftext|>', '<|endoftext|>', '<|endoftext|>'] [base]
  L21: ' English.<|im_end|><|endoftext|><|endoftext|><|endoftext|><|endoftext|><|endoftext|>' = [' English', '.', '<|im_end|>', '<|endoftext|>', '<|endoftext|>', '<|endoftext|>', '<|endoftext|>', '<|endoftext|>'] [base]
  L22: ' English, but Swahili is also' = [' English', ',', ' but', ' Sw', 'ah', 'ili', ' is', ' also'] [base]
  L23: ' Swedish.<|im_end|><|endoftext|><|endoftext|><|endoftext|><|endoftext|><|endoftext|>' = [' Swedish', '.', '<|im_end|>', '<|endoftext|>', '<|endoftext|>', '<|endoftext|>', '<|endoftext|>', '<|endoftext|>'] [HIT]
  L24: ' Swedish.<|im_end|><|endoftext|><|endoftext|><|endoftext|><|endoftext|><|endoftext|>' = [' Swedish', '.', '<|im_end|>', '<|endoftext|>', '<|endoftext|>', '<|endoftext|>', '<|endoftext|>', '<|endoftext|>'] [HIT]
  L25: ' Swedish.<|im_end|><|endoftext|><|endoftext|><|endoftext|><|endoftext|><|endoftext|>' = [' Swedish', '.', '<|im_end|>', '<|endoftext|>', '<|endoftext|>', '<|endoftext|>', '<|endoftext|>', '<|endoftext|>'] [HIT]
  L26: ' Swedish.<|im_end|><|endoftext|><|endoftext|><|endoftext|><|endoftext|><|endoftext|>' = [' Swedish', '.', '<|im_end|>', '<|endoftext|>', '<|endoftext|>', '<|endoftext|>', '<|endoftext|>', '<|endoftext|>'] [HIT]
  L27: ' Swedish.<|im_end|><|endoftext|><|endoftext|><|endoftext|><|endoftext|><|endoftext|>' = [' Swedish', '.', '<|im_end|>', '<|endoftext|>', '<|endoftext|>', '<|endoftext|>', '<|endoftext|>', '<|endoftext|>'] [HIT]
  L28: ' Swedish.<|im_end|><|endoftext|><|endoftext|><|endoftext|><|endoftext|><|endoftext|>' = [' Swedish', '.', '<|im_end|>', '<|endoftext|>', '<|endoftext|>', '<|endoftext|>', '<|endoftext|>', '<|endoftext|>'] [HIT]

row 336: base=UA -> source=MX  template=language_prefill_v6
  question: 'Name a language used in the country depicted in this image.'
  prefill : 'A language spoken there is'
  gold base   (expected unhooked) : ' Ukrainian' = [' Ukrainian']
  gold source (expected if swap works): ' Spanish' = [' Spanish']
  unhooked: ' Ukrainian.<|im_end|><|endoftext|><|endoftext|><|endoftext|><|endoftext|><|endoftext|>' = [' Ukrainian', '.', '<|im_end|>', '<|endoftext|>', '<|endoftext|>', '<|endoftext|>', '<|endoftext|>', '<|endoftext|>']
  L19: ' Ukrainian.<|im_end|><|endoftext|><|endoftext|><|endoftext|><|endoftext|><|endoftext|>' = [' Ukrainian', '.', '<|im_end|>', '<|endoftext|>', '<|endoftext|>', '<|endoftext|>', '<|endoftext|>', '<|endoftext|>'] [base]
  L20: ' Ukrainian.<|im_end|><|endoftext|><|endoftext|><|endoftext|><|endoftext|><|endoftext|>' = [' Ukrainian', '.', '<|im_end|>', '<|endoftext|>', '<|endoftext|>', '<|endoftext|>', '<|endoftext|>', '<|endoftext|>'] [base]
  L21: ' Ukrainian.<|im_end|><|endoftext|><|endoftext|><|endoftext|><|endoftext|><|endoftext|>' = [' Ukrainian', '.', '<|im_end|>', '<|endoftext|>', '<|endoftext|>', '<|endoftext|>', '<|endoftext|>', '<|endoftext|>'] [base]
  L22: ' Spanish.<|im_end|><|endoftext|><|endoftext|><|endoftext|><|endoftext|><|endoftext|>' = [' Spanish', '.', '<|im_end|>', '<|endoftext|>', '<|endoftext|>', '<|endoftext|>', '<|endoftext|>', '<|endoftext|>'] [HIT]
  L23: ' Spanish.<|im_end|><|endoftext|><|endoftext|><|endoftext|><|endoftext|><|endoftext|>' = [' Spanish', '.', '<|im_end|>', '<|endoftext|>', '<|endoftext|>', '<|endoftext|>', '<|endoftext|>', '<|endoftext|>'] [HIT]
  L24: ' Spanish.<|im_end|>' = [' Spanish', '.', '<|im_end|>'] [HIT]
  L25: ' Spanish.<|im_end|><|endoftext|><|endoftext|><|endoftext|><|endoftext|><|endoftext|>' = [' Spanish', '.', '<|im_end|>', '<|endoftext|>', '<|endoftext|>', '<|endoftext|>', '<|endoftext|>', '<|endoftext|>'] [HIT]
  L26: ' Spanish.<|im_end|>' = [' Spanish', '.', '<|im_end|>'] [HIT]
  L27: ' Spanish.<|im_end|>' = [' Spanish', '.', '<|im_end|>'] [HIT]
  L28: ' Spanish.<|im_end|><|endoftext|><|endoftext|><|endoftext|>' = [' Spanish', '.', '<|im_end|>', '<|endoftext|>', '<|endoftext|>', '<|endoftext|>'] [HIT]

row 337: base=IN -> source=TH  template=language_prefill_v6
  question: 'Name a language used in the country depicted in this image.'
  prefill : 'A language spoken there is'
  gold base   (expected unhooked) : ' Hindi' = [' Hindi']
  gold source (expected if swap works): ' Thai' = [' Thai']
  unhooked: ' Hindi.<|im_end|><|endoftext|><|endoftext|><|endoftext|><|endoftext|><|endoftext|>' = [' Hindi', '.', '<|im_end|>', '<|endoftext|>', '<|endoftext|>', '<|endoftext|>', '<|endoftext|>', '<|endoftext|>']
  L19: ' Hindi.<|im_end|><|endoftext|><|endoftext|><|endoftext|><|endoftext|><|endoftext|>' = [' Hindi', '.', '<|im_end|>', '<|endoftext|>', '<|endoftext|>', '<|endoftext|>', '<|endoftext|>', '<|endoftext|>'] [base]
  L20: ' Hindi.<|im_end|><|endoftext|><|endoftext|><|endoftext|><|endoftext|><|endoftext|>' = [' Hindi', '.', '<|im_end|>', '<|endoftext|>', '<|endoftext|>', '<|endoftext|>', '<|endoftext|>', '<|endoftext|>'] [base]
  L21: ' Hindi, which is one of the official' = [' Hindi', ',', ' which', ' is', ' one', ' of', ' the', ' official'] [base]
  L22: ' Hindi, which is one of the official' = [' Hindi', ',', ' which', ' is', ' one', ' of', ' the', ' official'] [base]
  L23: ' Hindi.<|im_end|><|endoftext|><|endoftext|><|endoftext|><|endoftext|><|endoftext|>' = [' Hindi', '.', '<|im_end|>', '<|endoftext|>', '<|endoftext|>', '<|endoftext|>', '<|endoftext|>', '<|endoftext|>'] [base]
  L24: ' Thai.<|im_end|>' = [' Thai', '.', '<|im_end|>'] [HIT]
  L25: ' Thai.<|im_end|><|endoftext|><|endoftext|><|endoftext|><|endoftext|><|endoftext|>' = [' Thai', '.', '<|im_end|>', '<|endoftext|>', '<|endoftext|>', '<|endoftext|>', '<|endoftext|>', '<|endoftext|>'] [HIT]
  L26: ' Thai.<|im_end|>' = [' Thai', '.', '<|im_end|>'] [HIT]
  L27: ' Thai.<|im_end|>' = [' Thai', '.', '<|im_end|>'] [HIT]
  L28: ' Thai.<|im_end|><|endoftext|><|endoftext|><|endoftext|>' = [' Thai', '.', '<|im_end|>', '<|endoftext|>', '<|endoftext|>', '<|endoftext|>'] [HIT]

row 338: base=CL -> source=TH  template=language_prefill_v2
  question: 'What is the official language of the country shown in this flag?'
  prefill : 'The official language is'
  gold base   (expected unhooked) : ' Spanish' = [' Spanish']
  gold source (expected if swap works): ' Thai' = [' Thai']
  unhooked: ' Spanish.<|im_end|><|endoftext|><|endoftext|><|endoftext|><|endoftext|><|endoftext|>' = [' Spanish', '.', '<|im_end|>', '<|endoftext|>', '<|endoftext|>', '<|endoftext|>', '<|endoftext|>', '<|endoftext|>']
  L19: ' Spanish.<|im_end|><|endoftext|><|endoftext|><|endoftext|><|endoftext|><|endoftext|>' = [' Spanish', '.', '<|im_end|>', '<|endoftext|>', '<|endoftext|>', '<|endoftext|>', '<|endoftext|>', '<|endoftext|>'] [base]
  L20: ' Spanish.<|im_end|><|endoftext|><|endoftext|><|endoftext|><|endoftext|><|endoftext|>' = [' Spanish', '.', '<|im_end|>', '<|endoftext|>', '<|endoftext|>', '<|endoftext|>', '<|endoftext|>', '<|endoftext|>'] [base]
  L21: ' Spanish.<|im_end|><|endoftext|><|endoftext|><|endoftext|><|endoftext|><|endoftext|>' = [' Spanish', '.', '<|im_end|>', '<|endoftext|>', '<|endoftext|>', '<|endoftext|>', '<|endoftext|>', '<|endoftext|>'] [base]
  L22: ' Spanish.<|im_end|><|endoftext|><|endoftext|><|endoftext|><|endoftext|><|endoftext|>' = [' Spanish', '.', '<|im_end|>', '<|endoftext|>', '<|endoftext|>', '<|endoftext|>', '<|endoftext|>', '<|endoftext|>'] [base]
  L23: ' Spanish.<|im_end|><|endoftext|><|endoftext|><|endoftext|><|endoftext|><|endoftext|>' = [' Spanish', '.', '<|im_end|>', '<|endoftext|>', '<|endoftext|>', '<|endoftext|>', '<|endoftext|>', '<|endoftext|>'] [base]
  L24: ' Thai.<|im_end|>' = [' Thai', '.', '<|im_end|>'] [HIT]
  L25: ' Thai.<|im_end|><|endoftext|><|endoftext|><|endoftext|><|endoftext|><|endoftext|>' = [' Thai', '.', '<|im_end|>', '<|endoftext|>', '<|endoftext|>', '<|endoftext|>', '<|endoftext|>', '<|endoftext|>'] [HIT]
  L26: ' Thai.<|im_end|>' = [' Thai', '.', '<|im_end|>'] [HIT]
  L27: ' Thai.<|im_end|>' = [' Thai', '.', '<|im_end|>'] [HIT]
  L28: ' Thai.<|im_end|><|endoftext|><|endoftext|><|endoftext|>' = [' Thai', '.', '<|im_end|>', '<|endoftext|>', '<|endoftext|>', '<|endoftext|>'] [HIT]

row 339: base=CV -> source=GH  template=language_prefill_v4
  question: 'Identify one of the official languages of the country in this image.'
  prefill : 'One official language is'
  gold base   (expected unhooked) : ' Portuguese' = [' Portuguese']
  gold source (expected if swap works): ' English' = [' English']
  unhooked: ' Portuguese.<|im_end|><|endoftext|><|endoftext|><|endoftext|><|endoftext|><|endoftext|>' = [' Portuguese', '.', '<|im_end|>', '<|endoftext|>', '<|endoftext|>', '<|endoftext|>', '<|endoftext|>', '<|endoftext|>']
  L19: ' Portuguese.<|im_end|><|endoftext|><|endoftext|><|endoftext|><|endoftext|><|endoftext|>' = [' Portuguese', '.', '<|im_end|>', '<|endoftext|>', '<|endoftext|>', '<|endoftext|>', '<|endoftext|>', '<|endoftext|>'] [base]
  L20: ' Portuguese.<|im_end|><|endoftext|><|endoftext|><|endoftext|><|endoftext|><|endoftext|>' = [' Portuguese', '.', '<|im_end|>', '<|endoftext|>', '<|endoftext|>', '<|endoftext|>', '<|endoftext|>', '<|endoftext|>'] [base]
  L21: ' Portuguese.<|im_end|><|endoftext|><|endoftext|><|endoftext|><|endoftext|><|endoftext|>' = [' Portuguese', '.', '<|im_end|>', '<|endoftext|>', '<|endoftext|>', '<|endoftext|>', '<|endoftext|>', '<|endoftext|>'] [base]
  L22: ' Portuguese.<|im_end|><|endoftext|><|endoftext|><|endoftext|><|endoftext|><|endoftext|>' = [' Portuguese', '.', '<|im_end|>', '<|endoftext|>', '<|endoftext|>', '<|endoftext|>', '<|endoftext|>', '<|endoftext|>'] [base]
  L23: ' Portuguese.<|im_end|><|endoftext|><|endoftext|><|endoftext|><|endoftext|><|endoftext|>' = [' Portuguese', '.', '<|im_end|>', '<|endoftext|>', '<|endoftext|>', '<|endoftext|>', '<|endoftext|>', '<|endoftext|>'] [base]
  L24: ' English.<|im_end|>' = [' English', '.', '<|im_end|>'] [HIT]
  L25: ' English.<|im_end|><|endoftext|><|endoftext|><|endoftext|><|endoftext|><|endoftext|>' = [' English', '.', '<|im_end|>', '<|endoftext|>', '<|endoftext|>', '<|endoftext|>', '<|endoftext|>', '<|endoftext|>'] [HIT]
  L26: ' English.<|im_end|>' = [' English', '.', '<|im_end|>'] [HIT]
  L27: ' English.<|im_end|>' = [' English', '.', '<|im_end|>'] [HIT]
  L28: ' English.<|im_end|><|endoftext|><|endoftext|><|endoftext|>' = [' English', '.', '<|im_end|>', '<|endoftext|>', '<|endoftext|>', '<|endoftext|>'] [HIT]

row 340: base=GT -> source=IN  template=language_prefill_v3
  question: 'Tell me a language spoken in the country in this image.'
  prefill : 'A language spoken there is'
  gold base   (expected unhooked) : ' Spanish' = [' Spanish']
  gold source (expected if swap works): ' Hindi' = [' Hindi']
  unhooked: ' Spanish, which is the official language of' = [' Spanish', ',', ' which', ' is', ' the', ' official', ' language', ' of']
  L19: ' Spanish, which is the official language of' = [' Spanish', ',', ' which', ' is', ' the', ' official', ' language', ' of'] [base]
  L20: ' Spanish, which is the official language of' = [' Spanish', ',', ' which', ' is', ' the', ' official', ' language', ' of'] [base]
  L21: ' Spanish, which is the official language of' = [' Spanish', ',', ' which', ' is', ' the', ' official', ' language', ' of'] [base]
  L22: ' Spanish, which is the official language of' = [' Spanish', ',', ' which', ' is', ' the', ' official', ' language', ' of'] [base]
  L23: ' Hindi.<|im_end|><|endoftext|><|endoftext|><|endoftext|><|endoftext|><|endoftext|>' = [' Hindi', '.', '<|im_end|>', '<|endoftext|>', '<|endoftext|>', '<|endoftext|>', '<|endoftext|>', '<|endoftext|>'] [HIT]
  L24: ' Hindi.<|im_end|>' = [' Hindi', '.', '<|im_end|>'] [HIT]
  L25: ' Hindi.<|im_end|><|endoftext|><|endoftext|><|endoftext|><|endoftext|><|endoftext|>' = [' Hindi', '.', '<|im_end|>', '<|endoftext|>', '<|endoftext|>', '<|endoftext|>', '<|endoftext|>', '<|endoftext|>'] [HIT]
  L26: ' Hindi.<|im_end|>' = [' Hindi', '.', '<|im_end|>'] [HIT]
  L27: ' Hindi.<|im_end|>' = [' Hindi', '.', '<|im_end|>'] [HIT]
  L28: ' Hindi.<|im_end|><|endoftext|><|endoftext|><|endoftext|>' = [' Hindi', '.', '<|im_end|>', '<|endoftext|>', '<|endoftext|>', '<|endoftext|>'] [HIT]

row 341: base=AO -> source=PY  template=language_prefill_v3
  question: 'Tell me a language spoken in the country in this image.'
  prefill : 'A language spoken there is'
  gold base   (expected unhooked) : ' Portuguese' = [' Portuguese']
  gold source (expected if swap works): ' Spanish' = [' Spanish']
  unhooked: ' Portuguese, as Angola was a Portuguese colony' = [' Portuguese', ',', ' as', ' Angola', ' was', ' a', ' Portuguese', ' colony']
  L19: ' Portuguese, as Angola was a Portuguese colony' = [' Portuguese', ',', ' as', ' Angola', ' was', ' a', ' Portuguese', ' colony'] [base]
  L20: ' Portuguese, as Angola was a Portuguese colony' = [' Portuguese', ',', ' as', ' Angola', ' was', ' a', ' Portuguese', ' colony'] [base]
  L21: ' Portuguese, as Angola was a Portuguese colony' = [' Portuguese', ',', ' as', ' Angola', ' was', ' a', ' Portuguese', ' colony'] [base]
  L22: ' Portuguese, as Angola was a Portuguese colony' = [' Portuguese', ',', ' as', ' Angola', ' was', ' a', ' Portuguese', ' colony'] [base]
  L23: ' Portuguese. Angola was a colony of Portugal' = [' Portuguese', '.', ' Angola', ' was', ' a', ' colony', ' of', ' Portugal'] [base]
  L24: ' Spanish.<|im_end|>' = [' Spanish', '.', '<|im_end|>'] [HIT]
  L25: ' Spanish, as Angola was a colony of' = [' Spanish', ',', ' as', ' Angola', ' was', ' a', ' colony', ' of'] [HIT]
  L26: ' Spanish.<|im_end|>' = [' Spanish', '.', '<|im_end|>'] [HIT]
  L27: ' Spanish.<|im_end|>' = [' Spanish', '.', '<|im_end|>'] [HIT]
  L28: ' Tchokwe.<|im_end|>' = [' T', 'ch', 'ok', 'we', '.', '<|im_end|>'] [other]

row 342: base=AR -> source=HN  template=language_prefill_v2
  question: 'What is the official language of the country shown in this flag?'
  prefill : 'The official language is'
  gold base   (expected unhooked) : ' Guaraní' = [' Gu', 'aran', 'í']
  gold source (expected if swap works): ' Spanish' = [' Spanish']
  unhooked: ' Spanish.<|im_end|><|endoftext|><|endoftext|><|endoftext|><|endoftext|><|endoftext|>' = [' Spanish', '.', '<|im_end|>', '<|endoftext|>', '<|endoftext|>', '<|endoftext|>', '<|endoftext|>', '<|endoftext|>']
  L19: ' Spanish.<|im_end|><|endoftext|><|endoftext|><|endoftext|><|endoftext|><|endoftext|>' = [' Spanish', '.', '<|im_end|>', '<|endoftext|>', '<|endoftext|>', '<|endoftext|>', '<|endoftext|>', '<|endoftext|>'] [HIT]
  L20: ' Spanish.<|im_end|><|endoftext|><|endoftext|><|endoftext|><|endoftext|><|endoftext|>' = [' Spanish', '.', '<|im_end|>', '<|endoftext|>', '<|endoftext|>', '<|endoftext|>', '<|endoftext|>', '<|endoftext|>'] [HIT]
  L21: ' Spanish.<|im_end|><|endoftext|><|endoftext|><|endoftext|><|endoftext|><|endoftext|>' = [' Spanish', '.', '<|im_end|>', '<|endoftext|>', '<|endoftext|>', '<|endoftext|>', '<|endoftext|>', '<|endoftext|>'] [HIT]
  L22: ' Spanish.<|im_end|><|endoftext|><|endoftext|><|endoftext|><|endoftext|><|endoftext|>' = [' Spanish', '.', '<|im_end|>', '<|endoftext|>', '<|endoftext|>', '<|endoftext|>', '<|endoftext|>', '<|endoftext|>'] [HIT]
  L23: ' Spanish.<|im_end|><|endoftext|><|endoftext|><|endoftext|><|endoftext|><|endoftext|>' = [' Spanish', '.', '<|im_end|>', '<|endoftext|>', '<|endoftext|>', '<|endoftext|>', '<|endoftext|>', '<|endoftext|>'] [HIT]
  L24: ' Spanish.<|im_end|>' = [' Spanish', '.', '<|im_end|>'] [HIT]
  L25: ' Spanish.<|im_end|><|endoftext|><|endoftext|><|endoftext|><|endoftext|><|endoftext|>' = [' Spanish', '.', '<|im_end|>', '<|endoftext|>', '<|endoftext|>', '<|endoftext|>', '<|endoftext|>', '<|endoftext|>'] [HIT]
  L26: ' Spanish.<|im_end|>' = [' Spanish', '.', '<|im_end|>'] [HIT]
  L27: ' Spanish.<|im_end|>' = [' Spanish', '.', '<|im_end|>'] [HIT]
  L28: ' Spanish.<|im_end|><|endoftext|><|endoftext|><|endoftext|>' = [' Spanish', '.', '<|im_end|>', '<|endoftext|>', '<|endoftext|>', '<|endoftext|>'] [HIT]

row 343: base=AR -> source=GT  template=language_prefill_v1
  question: 'Name an official language of the country in this image.'
  prefill : 'One official language is'
  gold base   (expected unhooked) : ' Guaraní' = [' Gu', 'aran', 'í']
  gold source (expected if swap works): ' Spanish' = [' Spanish']
  unhooked: ' Spanish.<|im_end|><|endoftext|><|endoftext|><|endoftext|><|endoftext|><|endoftext|>' = [' Spanish', '.', '<|im_end|>', '<|endoftext|>', '<|endoftext|>', '<|endoftext|>', '<|endoftext|>', '<|endoftext|>']
  L19: ' Spanish.<|im_end|><|endoftext|><|endoftext|><|endoftext|><|endoftext|><|endoftext|>' = [' Spanish', '.', '<|im_end|>', '<|endoftext|>', '<|endoftext|>', '<|endoftext|>', '<|endoftext|>', '<|endoftext|>'] [HIT]
  L20: ' Spanish.<|im_end|><|endoftext|><|endoftext|><|endoftext|><|endoftext|><|endoftext|>' = [' Spanish', '.', '<|im_end|>', '<|endoftext|>', '<|endoftext|>', '<|endoftext|>', '<|endoftext|>', '<|endoftext|>'] [HIT]
  L21: ' Spanish.<|im_end|><|endoftext|><|endoftext|><|endoftext|><|endoftext|><|endoftext|>' = [' Spanish', '.', '<|im_end|>', '<|endoftext|>', '<|endoftext|>', '<|endoftext|>', '<|endoftext|>', '<|endoftext|>'] [HIT]
  L22: ' Spanish.<|im_end|><|endoftext|><|endoftext|><|endoftext|><|endoftext|><|endoftext|>' = [' Spanish', '.', '<|im_end|>', '<|endoftext|>', '<|endoftext|>', '<|endoftext|>', '<|endoftext|>', '<|endoftext|>'] [HIT]
  L23: ' Spanish.<|im_end|><|endoftext|><|endoftext|><|endoftext|><|endoftext|><|endoftext|>' = [' Spanish', '.', '<|im_end|>', '<|endoftext|>', '<|endoftext|>', '<|endoftext|>', '<|endoftext|>', '<|endoftext|>'] [HIT]
  L24: ' Spanish.<|im_end|>' = [' Spanish', '.', '<|im_end|>'] [HIT]
  L25: ' Spanish.<|im_end|><|endoftext|><|endoftext|><|endoftext|><|endoftext|><|endoftext|>' = [' Spanish', '.', '<|im_end|>', '<|endoftext|>', '<|endoftext|>', '<|endoftext|>', '<|endoftext|>', '<|endoftext|>'] [HIT]
  L26: ' Spanish.<|im_end|>' = [' Spanish', '.', '<|im_end|>'] [HIT]
  L27: ' Spanish.<|im_end|>' = [' Spanish', '.', '<|im_end|>'] [HIT]
  L28: ' Spanish.<|im_end|><|endoftext|><|endoftext|><|endoftext|>' = [' Spanish', '.', '<|im_end|>', '<|endoftext|>', '<|endoftext|>', '<|endoftext|>'] [HIT]

row 344: base=FI -> source=UG  template=language_prefill_v1
  question: 'Name an official language of the country in this image.'
  prefill : 'One official language is'
  gold base   (expected unhooked) : ' Finnish' = [' Finnish']
  gold source (expected if swap works): ' English' = [' English']
  unhooked: ' Finnish.<|im_end|><|endoftext|><|endoftext|><|endoftext|><|endoftext|><|endoftext|>' = [' Finnish', '.', '<|im_end|>', '<|endoftext|>', '<|endoftext|>', '<|endoftext|>', '<|endoftext|>', '<|endoftext|>']
  L19: ' Finnish.<|im_end|><|endoftext|><|endoftext|><|endoftext|><|endoftext|><|endoftext|>' = [' Finnish', '.', '<|im_end|>', '<|endoftext|>', '<|endoftext|>', '<|endoftext|>', '<|endoftext|>', '<|endoftext|>'] [base]
  L20: ' Finnish.<|im_end|><|endoftext|><|endoftext|><|endoftext|><|endoftext|><|endoftext|>' = [' Finnish', '.', '<|im_end|>', '<|endoftext|>', '<|endoftext|>', '<|endoftext|>', '<|endoftext|>', '<|endoftext|>'] [base]
  L21: ' Finnish.<|im_end|><|endoftext|><|endoftext|><|endoftext|><|endoftext|><|endoftext|>' = [' Finnish', '.', '<|im_end|>', '<|endoftext|>', '<|endoftext|>', '<|endoftext|>', '<|endoftext|>', '<|endoftext|>'] [base]
  L22: ' Finnish.<|im_end|><|endoftext|><|endoftext|><|endoftext|><|endoftext|><|endoftext|>' = [' Finnish', '.', '<|im_end|>', '<|endoftext|>', '<|endoftext|>', '<|endoftext|>', '<|endoftext|>', '<|endoftext|>'] [base]
  L23: ' Finnish.<|im_end|><|endoftext|><|endoftext|><|endoftext|><|endoftext|><|endoftext|>' = [' Finnish', '.', '<|im_end|>', '<|endoftext|>', '<|endoftext|>', '<|endoftext|>', '<|endoftext|>', '<|endoftext|>'] [base]
  L24: ' English.<|im_end|>' = [' English', '.', '<|im_end|>'] [HIT]
  L25: ' English.<|im_end|><|endoftext|><|endoftext|><|endoftext|><|endoftext|><|endoftext|>' = [' English', '.', '<|im_end|>', '<|endoftext|>', '<|endoftext|>', '<|endoftext|>', '<|endoftext|>', '<|endoftext|>'] [HIT]
  L26: ' English.<|im_end|>' = [' English', '.', '<|im_end|>'] [HIT]
  L27: ' English.<|im_end|>' = [' English', '.', '<|im_end|>'] [HIT]
  L28: ' English.<|im_end|><|endoftext|><|endoftext|><|endoftext|>' = [' English', '.', '<|im_end|>', '<|endoftext|>', '<|endoftext|>', '<|endoftext|>'] [HIT]

row 345: base=GR -> source=SA  template=language_prefill_v6
  question: 'Name a language used in the country depicted in this image.'
  prefill : 'A language spoken there is'
  gold base   (expected unhooked) : ' Greek' = [' Greek']
  gold source (expected if swap works): ' Arabic' = [' Arabic']
  unhooked: ' Greek.<|im_end|><|endoftext|><|endoftext|><|endoftext|><|endoftext|><|endoftext|>' = [' Greek', '.', '<|im_end|>', '<|endoftext|>', '<|endoftext|>', '<|endoftext|>', '<|endoftext|>', '<|endoftext|>']
  L19: ' Greek.<|im_end|><|endoftext|><|endoftext|><|endoftext|><|endoftext|><|endoftext|>' = [' Greek', '.', '<|im_end|>', '<|endoftext|>', '<|endoftext|>', '<|endoftext|>', '<|endoftext|>', '<|endoftext|>'] [base]
  L20: ' Greek.<|im_end|><|endoftext|><|endoftext|><|endoftext|><|endoftext|><|endoftext|>' = [' Greek', '.', '<|im_end|>', '<|endoftext|>', '<|endoftext|>', '<|endoftext|>', '<|endoftext|>', '<|endoftext|>'] [base]
  L21: ' Greek.<|im_end|><|endoftext|><|endoftext|><|endoftext|><|endoftext|><|endoftext|>' = [' Greek', '.', '<|im_end|>', '<|endoftext|>', '<|endoftext|>', '<|endoftext|>', '<|endoftext|>', '<|endoftext|>'] [base]
  L22: ' Greek.<|im_end|><|endoftext|><|endoftext|><|endoftext|><|endoftext|><|endoftext|>' = [' Greek', '.', '<|im_end|>', '<|endoftext|>', '<|endoftext|>', '<|endoftext|>', '<|endoftext|>', '<|endoftext|>'] [base]
  L23: ' Arabic.<|im_end|><|endoftext|><|endoftext|><|endoftext|><|endoftext|><|endoftext|>' = [' Arabic', '.', '<|im_end|>', '<|endoftext|>', '<|endoftext|>', '<|endoftext|>', '<|endoftext|>', '<|endoftext|>'] [HIT]
  L24: ' Arabic.<|im_end|>' = [' Arabic', '.', '<|im_end|>'] [HIT]
  L25: ' Arabic.<|im_end|><|endoftext|><|endoftext|><|endoftext|><|endoftext|><|endoftext|>' = [' Arabic', '.', '<|im_end|>', '<|endoftext|>', '<|endoftext|>', '<|endoftext|>', '<|endoftext|>', '<|endoftext|>'] [HIT]
  L26: ' Arabic.<|im_end|>' = [' Arabic', '.', '<|im_end|>'] [HIT]
  L27: ' Arabic.<|im_end|>' = [' Arabic', '.', '<|im_end|>'] [HIT]
  L28: ' Arabic.<|im_end|><|endoftext|><|endoftext|><|endoftext|>' = [' Arabic', '.', '<|im_end|>', '<|endoftext|>', '<|endoftext|>', '<|endoftext|>'] [HIT]

row 346: base=SA -> source=VN  template=language_prefill_v6
  question: 'Name a language used in the country depicted in this image.'
  prefill : 'A language spoken there is'
  gold base   (expected unhooked) : ' Arabic' = [' Arabic']
  gold source (expected if swap works): ' Vietnamese' = [' Vietnamese']
  unhooked: ' Arabic.<|im_end|><|endoftext|><|endoftext|><|endoftext|><|endoftext|><|endoftext|>' = [' Arabic', '.', '<|im_end|>', '<|endoftext|>', '<|endoftext|>', '<|endoftext|>', '<|endoftext|>', '<|endoftext|>']
  L19: ' Arabic.<|im_end|><|endoftext|><|endoftext|><|endoftext|><|endoftext|><|endoftext|>' = [' Arabic', '.', '<|im_end|>', '<|endoftext|>', '<|endoftext|>', '<|endoftext|>', '<|endoftext|>', '<|endoftext|>'] [base]
  L20: ' Arabic.<|im_end|><|endoftext|><|endoftext|><|endoftext|><|endoftext|><|endoftext|>' = [' Arabic', '.', '<|im_end|>', '<|endoftext|>', '<|endoftext|>', '<|endoftext|>', '<|endoftext|>', '<|endoftext|>'] [base]
  L21: ' Arabic.<|im_end|><|endoftext|><|endoftext|><|endoftext|><|endoftext|><|endoftext|>' = [' Arabic', '.', '<|im_end|>', '<|endoftext|>', '<|endoftext|>', '<|endoftext|>', '<|endoftext|>', '<|endoftext|>'] [base]
  L22: ' Arabic.<|im_end|><|endoftext|><|endoftext|><|endoftext|><|endoftext|><|endoftext|>' = [' Arabic', '.', '<|im_end|>', '<|endoftext|>', '<|endoftext|>', '<|endoftext|>', '<|endoftext|>', '<|endoftext|>'] [base]
  L23: ' Arabic.<|im_end|><|endoftext|><|endoftext|><|endoftext|><|endoftext|><|endoftext|>' = [' Arabic', '.', '<|im_end|>', '<|endoftext|>', '<|endoftext|>', '<|endoftext|>', '<|endoftext|>', '<|endoftext|>'] [base]
  L24: ' Vietnamese.<|im_end|>' = [' Vietnamese', '.', '<|im_end|>'] [HIT]
  L25: ' Vietnamese.<|im_end|><|endoftext|><|endoftext|><|endoftext|><|endoftext|><|endoftext|>' = [' Vietnamese', '.', '<|im_end|>', '<|endoftext|>', '<|endoftext|>', '<|endoftext|>', '<|endoftext|>', '<|endoftext|>'] [HIT]
  L26: ' Vietnamese.<|im_end|>' = [' Vietnamese', '.', '<|im_end|>'] [HIT]
  L27: ' Vietnamese.<|im_end|>' = [' Vietnamese', '.', '<|im_end|>'] [HIT]
  L28: ' Vietnamese.<|im_end|><|endoftext|><|endoftext|><|endoftext|>' = [' Vietnamese', '.', '<|im_end|>', '<|endoftext|>', '<|endoftext|>', '<|endoftext|>'] [HIT]

row 347: base=HN -> source=SA  template=language_prefill_v4
  question: 'Identify one of the official languages of the country in this image.'
  prefill : 'One official language is'
  gold base   (expected unhooked) : ' Spanish' = [' Spanish']
  gold source (expected if swap works): ' Arabic' = [' Arabic']
  unhooked: ' Spanish.<|im_end|><|endoftext|><|endoftext|><|endoftext|><|endoftext|><|endoftext|>' = [' Spanish', '.', '<|im_end|>', '<|endoftext|>', '<|endoftext|>', '<|endoftext|>', '<|endoftext|>', '<|endoftext|>']
  L19: ' Spanish.<|im_end|><|endoftext|><|endoftext|><|endoftext|><|endoftext|><|endoftext|>' = [' Spanish', '.', '<|im_end|>', '<|endoftext|>', '<|endoftext|>', '<|endoftext|>', '<|endoftext|>', '<|endoftext|>'] [base]
  L20: ' Spanish.<|im_end|><|endoftext|><|endoftext|><|endoftext|><|endoftext|><|endoftext|>' = [' Spanish', '.', '<|im_end|>', '<|endoftext|>', '<|endoftext|>', '<|endoftext|>', '<|endoftext|>', '<|endoftext|>'] [base]
  L21: ' Spanish.<|im_end|><|endoftext|><|endoftext|><|endoftext|><|endoftext|><|endoftext|>' = [' Spanish', '.', '<|im_end|>', '<|endoftext|>', '<|endoftext|>', '<|endoftext|>', '<|endoftext|>', '<|endoftext|>'] [base]
  L22: ' Spanish.<|im_end|><|endoftext|><|endoftext|><|endoftext|><|endoftext|><|endoftext|>' = [' Spanish', '.', '<|im_end|>', '<|endoftext|>', '<|endoftext|>', '<|endoftext|>', '<|endoftext|>', '<|endoftext|>'] [base]
  L23: ' Arabic.<|im_end|><|endoftext|><|endoftext|><|endoftext|><|endoftext|><|endoftext|>' = [' Arabic', '.', '<|im_end|>', '<|endoftext|>', '<|endoftext|>', '<|endoftext|>', '<|endoftext|>', '<|endoftext|>'] [HIT]
  L24: ' Arabic.<|im_end|>' = [' Arabic', '.', '<|im_end|>'] [HIT]
  L25: ' Arabic.<|im_end|><|endoftext|><|endoftext|><|endoftext|><|endoftext|><|endoftext|>' = [' Arabic', '.', '<|im_end|>', '<|endoftext|>', '<|endoftext|>', '<|endoftext|>', '<|endoftext|>', '<|endoftext|>'] [HIT]
  L26: ' Arabic.<|im_end|>' = [' Arabic', '.', '<|im_end|>'] [HIT]
  L27: ' Arabic.<|im_end|>' = [' Arabic', '.', '<|im_end|>'] [HIT]
  L28: ' Arabic.<|im_end|><|endoftext|><|endoftext|><|endoftext|>' = [' Arabic', '.', '<|im_end|>', '<|endoftext|>', '<|endoftext|>', '<|endoftext|>'] [HIT]

row 348: base=IS -> source=MA  template=language_prefill_v5
  question: 'What language is officially spoken in the country shown in this flag?'
  prefill : 'The official language is'
  gold base   (expected unhooked) : ' Icelandic' = [' Icelandic']
  gold source (expected if swap works): ' Arabic' = [' Arabic']
  unhooked: ' Icelandic.<|im_end|><|endoftext|><|endoftext|><|endoftext|><|endoftext|><|endoftext|>' = [' Icelandic', '.', '<|im_end|>', '<|endoftext|>', '<|endoftext|>', '<|endoftext|>', '<|endoftext|>', '<|endoftext|>']
  L19: ' Icelandic.<|im_end|><|endoftext|><|endoftext|><|endoftext|><|endoftext|><|endoftext|>' = [' Icelandic', '.', '<|im_end|>', '<|endoftext|>', '<|endoftext|>', '<|endoftext|>', '<|endoftext|>', '<|endoftext|>'] [base]
  L20: ' Icelandic.<|im_end|><|endoftext|><|endoftext|><|endoftext|><|endoftext|><|endoftext|>' = [' Icelandic', '.', '<|im_end|>', '<|endoftext|>', '<|endoftext|>', '<|endoftext|>', '<|endoftext|>', '<|endoftext|>'] [base]
  L21: ' Icelandic.<|im_end|><|endoftext|><|endoftext|><|endoftext|><|endoftext|><|endoftext|>' = [' Icelandic', '.', '<|im_end|>', '<|endoftext|>', '<|endoftext|>', '<|endoftext|>', '<|endoftext|>', '<|endoftext|>'] [base]
  L22: ' Icelandic.<|im_end|><|endoftext|><|endoftext|><|endoftext|><|endoftext|><|endoftext|>' = [' Icelandic', '.', '<|im_end|>', '<|endoftext|>', '<|endoftext|>', '<|endoftext|>', '<|endoftext|>', '<|endoftext|>'] [base]
  L23: ' Arabic.<|im_end|><|endoftext|><|endoftext|><|endoftext|><|endoftext|><|endoftext|>' = [' Arabic', '.', '<|im_end|>', '<|endoftext|>', '<|endoftext|>', '<|endoftext|>', '<|endoftext|>', '<|endoftext|>'] [HIT]
  L24: ' Arabic.<|im_end|>' = [' Arabic', '.', '<|im_end|>'] [HIT]
  L25: ' Arabic.<|im_end|><|endoftext|><|endoftext|><|endoftext|><|endoftext|><|endoftext|>' = [' Arabic', '.', '<|im_end|>', '<|endoftext|>', '<|endoftext|>', '<|endoftext|>', '<|endoftext|>', '<|endoftext|>'] [HIT]
  L26: ' Arabic.<|im_end|>' = [' Arabic', '.', '<|im_end|>'] [HIT]
  L27: ' Arabic.<|im_end|>' = [' Arabic', '.', '<|im_end|>'] [HIT]
  L28: ' Arabic.<|im_end|><|endoftext|><|endoftext|><|endoftext|>' = [' Arabic', '.', '<|im_end|>', '<|endoftext|>', '<|endoftext|>', '<|endoftext|>'] [HIT]

row 349: base=UG -> source=PY  template=language_prefill_v5
  question: 'What language is officially spoken in the country shown in this flag?'
  prefill : 'The official language is'
  gold base   (expected unhooked) : ' English' = [' English']
  gold source (expected if swap works): ' Spanish' = [' Spanish']
  unhooked: ' English.<|im_end|><|endoftext|><|endoftext|><|endoftext|><|endoftext|><|endoftext|>' = [' English', '.', '<|im_end|>', '<|endoftext|>', '<|endoftext|>', '<|endoftext|>', '<|endoftext|>', '<|endoftext|>']
  L19: ' English.<|im_end|><|endoftext|><|endoftext|><|endoftext|><|endoftext|><|endoftext|>' = [' English', '.', '<|im_end|>', '<|endoftext|>', '<|endoftext|>', '<|endoftext|>', '<|endoftext|>', '<|endoftext|>'] [base]
  L20: ' English.<|im_end|><|endoftext|><|endoftext|><|endoftext|><|endoftext|><|endoftext|>' = [' English', '.', '<|im_end|>', '<|endoftext|>', '<|endoftext|>', '<|endoftext|>', '<|endoftext|>', '<|endoftext|>'] [base]
  L21: ' English.<|im_end|><|endoftext|><|endoftext|><|endoftext|><|endoftext|><|endoftext|>' = [' English', '.', '<|im_end|>', '<|endoftext|>', '<|endoftext|>', '<|endoftext|>', '<|endoftext|>', '<|endoftext|>'] [base]
  L22: ' English.<|im_end|><|endoftext|><|endoftext|><|endoftext|><|endoftext|><|endoftext|>' = [' English', '.', '<|im_end|>', '<|endoftext|>', '<|endoftext|>', '<|endoftext|>', '<|endoftext|>', '<|endoftext|>'] [base]
  L23: ' Spanish.<|im_end|><|endoftext|><|endoftext|><|endoftext|><|endoftext|><|endoftext|>' = [' Spanish', '.', '<|im_end|>', '<|endoftext|>', '<|endoftext|>', '<|endoftext|>', '<|endoftext|>', '<|endoftext|>'] [HIT]
  L24: ' Spanish.<|im_end|>' = [' Spanish', '.', '<|im_end|>'] [HIT]
  L25: ' Spanish.<|im_end|><|endoftext|><|endoftext|><|endoftext|><|endoftext|><|endoftext|>' = [' Spanish', '.', '<|im_end|>', '<|endoftext|>', '<|endoftext|>', '<|endoftext|>', '<|endoftext|>', '<|endoftext|>'] [HIT]
  L26: ' Spanish.<|im_end|>' = [' Spanish', '.', '<|im_end|>'] [HIT]
  L27: ' Spanish.<|im_end|>' = [' Spanish', '.', '<|im_end|>'] [HIT]
  L28: ' Spanish.<|im_end|><|endoftext|><|endoftext|><|endoftext|>' = [' Spanish', '.', '<|im_end|>', '<|endoftext|>', '<|endoftext|>', '<|endoftext|>'] [HIT]

row 350: base=AR -> source=HN  template=language_prefill_v1
  question: 'Name an official language of the country in this image.'
  prefill : 'One official language is'
  gold base   (expected unhooked) : ' Guaraní' = [' Gu', 'aran', 'í']
  gold source (expected if swap works): ' Spanish' = [' Spanish']
  unhooked: ' Spanish.<|im_end|><|endoftext|><|endoftext|><|endoftext|><|endoftext|><|endoftext|>' = [' Spanish', '.', '<|im_end|>', '<|endoftext|>', '<|endoftext|>', '<|endoftext|>', '<|endoftext|>', '<|endoftext|>']
  L19: ' Spanish.<|im_end|><|endoftext|><|endoftext|><|endoftext|><|endoftext|><|endoftext|>' = [' Spanish', '.', '<|im_end|>', '<|endoftext|>', '<|endoftext|>', '<|endoftext|>', '<|endoftext|>', '<|endoftext|>'] [HIT]
  L20: ' Spanish.<|im_end|><|endoftext|><|endoftext|><|endoftext|><|endoftext|><|endoftext|>' = [' Spanish', '.', '<|im_end|>', '<|endoftext|>', '<|endoftext|>', '<|endoftext|>', '<|endoftext|>', '<|endoftext|>'] [HIT]
  L21: ' Spanish.<|im_end|><|endoftext|><|endoftext|><|endoftext|><|endoftext|><|endoftext|>' = [' Spanish', '.', '<|im_end|>', '<|endoftext|>', '<|endoftext|>', '<|endoftext|>', '<|endoftext|>', '<|endoftext|>'] [HIT]
  L22: ' Spanish.<|im_end|><|endoftext|><|endoftext|><|endoftext|><|endoftext|><|endoftext|>' = [' Spanish', '.', '<|im_end|>', '<|endoftext|>', '<|endoftext|>', '<|endoftext|>', '<|endoftext|>', '<|endoftext|>'] [HIT]
  L23: ' Spanish.<|im_end|><|endoftext|><|endoftext|><|endoftext|><|endoftext|><|endoftext|>' = [' Spanish', '.', '<|im_end|>', '<|endoftext|>', '<|endoftext|>', '<|endoftext|>', '<|endoftext|>', '<|endoftext|>'] [HIT]
  L24: ' Spanish.<|im_end|>' = [' Spanish', '.', '<|im_end|>'] [HIT]
  L25: ' Spanish.<|im_end|><|endoftext|><|endoftext|><|endoftext|><|endoftext|><|endoftext|>' = [' Spanish', '.', '<|im_end|>', '<|endoftext|>', '<|endoftext|>', '<|endoftext|>', '<|endoftext|>', '<|endoftext|>'] [HIT]
  L26: ' Spanish.<|im_end|>' = [' Spanish', '.', '<|im_end|>'] [HIT]
  L27: ' Spanish.<|im_end|>' = [' Spanish', '.', '<|im_end|>'] [HIT]
  L28: ' Spanish.<|im_end|><|endoftext|><|endoftext|><|endoftext|>' = [' Spanish', '.', '<|im_end|>', '<|endoftext|>', '<|endoftext|>', '<|endoftext|>'] [HIT]

row 351: base=TH -> source=IS  template=language_prefill_v1
  question: 'Name an official language of the country in this image.'
  prefill : 'One official language is'
  gold base   (expected unhooked) : ' Thai' = [' Thai']
  gold source (expected if swap works): ' Icelandic' = [' Icelandic']
  unhooked: ' Thai.<|im_end|><|endoftext|><|endoftext|><|endoftext|><|endoftext|><|endoftext|>' = [' Thai', '.', '<|im_end|>', '<|endoftext|>', '<|endoftext|>', '<|endoftext|>', '<|endoftext|>', '<|endoftext|>']
  L19: ' Thai.<|im_end|><|endoftext|><|endoftext|><|endoftext|><|endoftext|><|endoftext|>' = [' Thai', '.', '<|im_end|>', '<|endoftext|>', '<|endoftext|>', '<|endoftext|>', '<|endoftext|>', '<|endoftext|>'] [base]
  L20: ' Thai.<|im_end|><|endoftext|><|endoftext|><|endoftext|><|endoftext|><|endoftext|>' = [' Thai', '.', '<|im_end|>', '<|endoftext|>', '<|endoftext|>', '<|endoftext|>', '<|endoftext|>', '<|endoftext|>'] [base]
  L21: ' Thai.<|im_end|><|endoftext|><|endoftext|><|endoftext|><|endoftext|><|endoftext|>' = [' Thai', '.', '<|im_end|>', '<|endoftext|>', '<|endoftext|>', '<|endoftext|>', '<|endoftext|>', '<|endoftext|>'] [base]
  L22: ' Thai.<|im_end|><|endoftext|><|endoftext|><|endoftext|><|endoftext|><|endoftext|>' = [' Thai', '.', '<|im_end|>', '<|endoftext|>', '<|endoftext|>', '<|endoftext|>', '<|endoftext|>', '<|endoftext|>'] [base]
  L23: ' Danish.<|im_end|><|endoftext|><|endoftext|><|endoftext|><|endoftext|><|endoftext|>' = [' Danish', '.', '<|im_end|>', '<|endoftext|>', '<|endoftext|>', '<|endoftext|>', '<|endoftext|>', '<|endoftext|>'] [other]
  L24: ' Icelandic.<|im_end|>' = [' Icelandic', '.', '<|im_end|>'] [HIT]
  L25: ' Icelandic.<|im_end|><|endoftext|><|endoftext|><|endoftext|><|endoftext|><|endoftext|>' = [' Icelandic', '.', '<|im_end|>', '<|endoftext|>', '<|endoftext|>', '<|endoftext|>', '<|endoftext|>', '<|endoftext|>'] [HIT]
  L26: ' Icelandic.<|im_end|>' = [' Icelandic', '.', '<|im_end|>'] [HIT]
  L27: ' Icelandic.<|im_end|>' = [' Icelandic', '.', '<|im_end|>'] [HIT]
  L28: ' Icelandic.<|im_end|><|endoftext|><|endoftext|><|endoftext|>' = [' Icelandic', '.', '<|im_end|>', '<|endoftext|>', '<|endoftext|>', '<|endoftext|>'] [HIT]

row 352: base=UG -> source=MA  template=language_prefill_v2
  question: 'What is the official language of the country shown in this flag?'
  prefill : 'The official language is'
  gold base   (expected unhooked) : ' English' = [' English']
  gold source (expected if swap works): ' Arabic' = [' Arabic']
  unhooked: ' English.<|im_end|><|endoftext|><|endoftext|><|endoftext|><|endoftext|><|endoftext|>' = [' English', '.', '<|im_end|>', '<|endoftext|>', '<|endoftext|>', '<|endoftext|>', '<|endoftext|>', '<|endoftext|>']
  L19: ' English.<|im_end|><|endoftext|><|endoftext|><|endoftext|><|endoftext|><|endoftext|>' = [' English', '.', '<|im_end|>', '<|endoftext|>', '<|endoftext|>', '<|endoftext|>', '<|endoftext|>', '<|endoftext|>'] [base]
  L20: ' English.<|im_end|><|endoftext|><|endoftext|><|endoftext|><|endoftext|><|endoftext|>' = [' English', '.', '<|im_end|>', '<|endoftext|>', '<|endoftext|>', '<|endoftext|>', '<|endoftext|>', '<|endoftext|>'] [base]
  L21: ' English.<|im_end|><|endoftext|><|endoftext|><|endoftext|><|endoftext|><|endoftext|>' = [' English', '.', '<|im_end|>', '<|endoftext|>', '<|endoftext|>', '<|endoftext|>', '<|endoftext|>', '<|endoftext|>'] [base]
  L22: ' Swahili.<|im_end|><|endoftext|><|endoftext|><|endoftext|>' = [' Sw', 'ah', 'ili', '.', '<|im_end|>', '<|endoftext|>', '<|endoftext|>', '<|endoftext|>'] [other]
  L23: ' Arabic.<|im_end|><|endoftext|><|endoftext|><|endoftext|><|endoftext|><|endoftext|>' = [' Arabic', '.', '<|im_end|>', '<|endoftext|>', '<|endoftext|>', '<|endoftext|>', '<|endoftext|>', '<|endoftext|>'] [HIT]
  L24: ' Arabic.<|im_end|>' = [' Arabic', '.', '<|im_end|>'] [HIT]
  L25: ' Arabic.<|im_end|>' = [' Arabic', '.', '<|im_end|>'] [HIT]
  L26: ' Arabic.<|im_end|>' = [' Arabic', '.', '<|im_end|>'] [HIT]
  L27: ' Arabic.<|im_end|><|endoftext|><|endoftext|><|endoftext|><|endoftext|><|endoftext|>' = [' Arabic', '.', '<|im_end|>', '<|endoftext|>', '<|endoftext|>', '<|endoftext|>', '<|endoftext|>', '<|endoftext|>'] [HIT]
  L28: ' Arabic.<|im_end|><|endoftext|><|endoftext|><|endoftext|><|endoftext|><|endoftext|>' = [' Arabic', '.', '<|im_end|>', '<|endoftext|>', '<|endoftext|>', '<|endoftext|>', '<|endoftext|>', '<|endoftext|>'] [HIT]

row 353: base=UA -> source=MX  template=language_prefill_v3
  question: 'Tell me a language spoken in the country in this image.'
  prefill : 'A language spoken there is'
  gold base   (expected unhooked) : ' Ukrainian' = [' Ukrainian']
  gold source (expected if swap works): ' Spanish' = [' Spanish']
  unhooked: ' Ukrainian.<|im_end|><|endoftext|><|endoftext|><|endoftext|><|endoftext|><|endoftext|>' = [' Ukrainian', '.', '<|im_end|>', '<|endoftext|>', '<|endoftext|>', '<|endoftext|>', '<|endoftext|>', '<|endoftext|>']
  L19: ' Ukrainian.<|im_end|><|endoftext|><|endoftext|><|endoftext|><|endoftext|><|endoftext|>' = [' Ukrainian', '.', '<|im_end|>', '<|endoftext|>', '<|endoftext|>', '<|endoftext|>', '<|endoftext|>', '<|endoftext|>'] [base]
  L20: ' Ukrainian.<|im_end|><|endoftext|><|endoftext|><|endoftext|><|endoftext|><|endoftext|>' = [' Ukrainian', '.', '<|im_end|>', '<|endoftext|>', '<|endoftext|>', '<|endoftext|>', '<|endoftext|>', '<|endoftext|>'] [base]
  L21: ' Ukrainian.<|im_end|><|endoftext|><|endoftext|><|endoftext|><|endoftext|><|endoftext|>' = [' Ukrainian', '.', '<|im_end|>', '<|endoftext|>', '<|endoftext|>', '<|endoftext|>', '<|endoftext|>', '<|endoftext|>'] [base]
  L22: ' Spanish.<|im_end|><|endoftext|><|endoftext|><|endoftext|><|endoftext|><|endoftext|>' = [' Spanish', '.', '<|im_end|>', '<|endoftext|>', '<|endoftext|>', '<|endoftext|>', '<|endoftext|>', '<|endoftext|>'] [HIT]
  L23: ' Spanish.<|im_end|><|endoftext|><|endoftext|><|endoftext|><|endoftext|><|endoftext|>' = [' Spanish', '.', '<|im_end|>', '<|endoftext|>', '<|endoftext|>', '<|endoftext|>', '<|endoftext|>', '<|endoftext|>'] [HIT]
  L24: ' Spanish.<|im_end|>' = [' Spanish', '.', '<|im_end|>'] [HIT]
  L25: ' Spanish.<|im_end|>' = [' Spanish', '.', '<|im_end|>'] [HIT]
  L26: ' Spanish.<|im_end|>' = [' Spanish', '.', '<|im_end|>'] [HIT]
  L27: ' Spanish.<|im_end|><|endoftext|><|endoftext|><|endoftext|><|endoftext|><|endoftext|>' = [' Spanish', '.', '<|im_end|>', '<|endoftext|>', '<|endoftext|>', '<|endoftext|>', '<|endoftext|>', '<|endoftext|>'] [HIT]
  L28: ' Spanish.<|im_end|><|endoftext|><|endoftext|><|endoftext|><|endoftext|><|endoftext|>' = [' Spanish', '.', '<|im_end|>', '<|endoftext|>', '<|endoftext|>', '<|endoftext|>', '<|endoftext|>', '<|endoftext|>'] [HIT]

row 354: base=MX -> source=SA  template=language_prefill_v5
  question: 'What language is officially spoken in the country shown in this flag?'
  prefill : 'The official language is'
  gold base   (expected unhooked) : ' Spanish' = [' Spanish']
  gold source (expected if swap works): ' Arabic' = [' Arabic']
  unhooked: ' Spanish.<|im_end|><|endoftext|><|endoftext|><|endoftext|><|endoftext|><|endoftext|>' = [' Spanish', '.', '<|im_end|>', '<|endoftext|>', '<|endoftext|>', '<|endoftext|>', '<|endoftext|>', '<|endoftext|>']
  L19: ' Spanish.<|im_end|><|endoftext|><|endoftext|><|endoftext|><|endoftext|><|endoftext|>' = [' Spanish', '.', '<|im_end|>', '<|endoftext|>', '<|endoftext|>', '<|endoftext|>', '<|endoftext|>', '<|endoftext|>'] [base]
  L20: ' Spanish.<|im_end|><|endoftext|><|endoftext|><|endoftext|><|endoftext|><|endoftext|>' = [' Spanish', '.', '<|im_end|>', '<|endoftext|>', '<|endoftext|>', '<|endoftext|>', '<|endoftext|>', '<|endoftext|>'] [base]
  L21: ' Spanish.<|im_end|><|endoftext|><|endoftext|><|endoftext|><|endoftext|><|endoftext|>' = [' Spanish', '.', '<|im_end|>', '<|endoftext|>', '<|endoftext|>', '<|endoftext|>', '<|endoftext|>', '<|endoftext|>'] [base]
  L22: ' Spanish.<|im_end|><|endoftext|><|endoftext|><|endoftext|><|endoftext|><|endoftext|>' = [' Spanish', '.', '<|im_end|>', '<|endoftext|>', '<|endoftext|>', '<|endoftext|>', '<|endoftext|>', '<|endoftext|>'] [base]
  L23: ' Arabic.<|im_end|><|endoftext|><|endoftext|><|endoftext|><|endoftext|><|endoftext|>' = [' Arabic', '.', '<|im_end|>', '<|endoftext|>', '<|endoftext|>', '<|endoftext|>', '<|endoftext|>', '<|endoftext|>'] [HIT]
  L24: ' Arabic.<|im_end|>' = [' Arabic', '.', '<|im_end|>'] [HIT]
  L25: ' Arabic.<|im_end|>' = [' Arabic', '.', '<|im_end|>'] [HIT]
  L26: ' Arabic.<|im_end|>' = [' Arabic', '.', '<|im_end|>'] [HIT]
  L27: ' Arabic.<|im_end|><|endoftext|><|endoftext|><|endoftext|><|endoftext|><|endoftext|>' = [' Arabic', '.', '<|im_end|>', '<|endoftext|>', '<|endoftext|>', '<|endoftext|>', '<|endoftext|>', '<|endoftext|>'] [HIT]
  L28: ' Arabic.<|im_end|><|endoftext|><|endoftext|><|endoftext|><|endoftext|><|endoftext|>' = [' Arabic', '.', '<|im_end|>', '<|endoftext|>', '<|endoftext|>', '<|endoftext|>', '<|endoftext|>', '<|endoftext|>'] [HIT]

row 355: base=UA -> source=IS  template=language_prefill_v3
  question: 'Tell me a language spoken in the country in this image.'
  prefill : 'A language spoken there is'
  gold base   (expected unhooked) : ' Ukrainian' = [' Ukrainian']
  gold source (expected if swap works): ' Icelandic' = [' Icelandic']
  unhooked: ' Ukrainian.<|im_end|><|endoftext|><|endoftext|><|endoftext|><|endoftext|><|endoftext|>' = [' Ukrainian', '.', '<|im_end|>', '<|endoftext|>', '<|endoftext|>', '<|endoftext|>', '<|endoftext|>', '<|endoftext|>']
  L19: ' Ukrainian.<|im_end|><|endoftext|><|endoftext|><|endoftext|><|endoftext|><|endoftext|>' = [' Ukrainian', '.', '<|im_end|>', '<|endoftext|>', '<|endoftext|>', '<|endoftext|>', '<|endoftext|>', '<|endoftext|>'] [base]
  L20: ' Ukrainian.<|im_end|><|endoftext|><|endoftext|><|endoftext|><|endoftext|><|endoftext|>' = [' Ukrainian', '.', '<|im_end|>', '<|endoftext|>', '<|endoftext|>', '<|endoftext|>', '<|endoftext|>', '<|endoftext|>'] [base]
  L21: ' Ukrainian.<|im_end|><|endoftext|><|endoftext|><|endoftext|><|endoftext|><|endoftext|>' = [' Ukrainian', '.', '<|im_end|>', '<|endoftext|>', '<|endoftext|>', '<|endoftext|>', '<|endoftext|>', '<|endoftext|>'] [base]
  L22: ' Ukrainian.<|im_end|><|endoftext|><|endoftext|><|endoftext|><|endoftext|><|endoftext|>' = [' Ukrainian', '.', '<|im_end|>', '<|endoftext|>', '<|endoftext|>', '<|endoftext|>', '<|endoftext|>', '<|endoftext|>'] [base]
  L23: ' Icelandic.<|im_end|><|endoftext|><|endoftext|><|endoftext|><|endoftext|><|endoftext|>' = [' Icelandic', '.', '<|im_end|>', '<|endoftext|>', '<|endoftext|>', '<|endoftext|>', '<|endoftext|>', '<|endoftext|>'] [HIT]
  L24: ' Icelandic.<|im_end|>' = [' Icelandic', '.', '<|im_end|>'] [HIT]
  L25: ' Icelandic.<|im_end|>' = [' Icelandic', '.', '<|im_end|>'] [HIT]
  L26: ' Icelandic.<|im_end|>' = [' Icelandic', '.', '<|im_end|>'] [HIT]
  L27: ' Icelandic.<|im_end|><|endoftext|><|endoftext|><|endoftext|><|endoftext|><|endoftext|>' = [' Icelandic', '.', '<|im_end|>', '<|endoftext|>', '<|endoftext|>', '<|endoftext|>', '<|endoftext|>', '<|endoftext|>'] [HIT]
  L28: ' Icelandic.<|im_end|><|endoftext|><|endoftext|><|endoftext|><|endoftext|><|endoftext|>' = [' Icelandic', '.', '<|im_end|>', '<|endoftext|>', '<|endoftext|>', '<|endoftext|>', '<|endoftext|>', '<|endoftext|>'] [HIT]

row 356: base=MU -> source=TH  template=language_prefill_v2
  question: 'What is the official language of the country shown in this flag?'
  prefill : 'The official language is'
  gold base   (expected unhooked) : ' French' = [' French']
  gold source (expected if swap works): ' Thai' = [' Thai']
  unhooked: ' French.<|im_end|><|endoftext|><|endoftext|><|endoftext|><|endoftext|><|endoftext|>' = [' French', '.', '<|im_end|>', '<|endoftext|>', '<|endoftext|>', '<|endoftext|>', '<|endoftext|>', '<|endoftext|>']
  L19: ' French.<|im_end|><|endoftext|><|endoftext|><|endoftext|><|endoftext|><|endoftext|>' = [' French', '.', '<|im_end|>', '<|endoftext|>', '<|endoftext|>', '<|endoftext|>', '<|endoftext|>', '<|endoftext|>'] [base]
  L20: ' French.<|im_end|><|endoftext|><|endoftext|><|endoftext|><|endoftext|><|endoftext|>' = [' French', '.', '<|im_end|>', '<|endoftext|>', '<|endoftext|>', '<|endoftext|>', '<|endoftext|>', '<|endoftext|>'] [base]
  L21: ' French.<|im_end|><|endoftext|><|endoftext|><|endoftext|><|endoftext|><|endoftext|>' = [' French', '.', '<|im_end|>', '<|endoftext|>', '<|endoftext|>', '<|endoftext|>', '<|endoftext|>', '<|endoftext|>'] [base]
  L22: ' French.<|im_end|><|endoftext|><|endoftext|><|endoftext|><|endoftext|><|endoftext|>' = [' French', '.', '<|im_end|>', '<|endoftext|>', '<|endoftext|>', '<|endoftext|>', '<|endoftext|>', '<|endoftext|>'] [base]
  L23: ' Thai.<|im_end|><|endoftext|><|endoftext|><|endoftext|><|endoftext|><|endoftext|>' = [' Thai', '.', '<|im_end|>', '<|endoftext|>', '<|endoftext|>', '<|endoftext|>', '<|endoftext|>', '<|endoftext|>'] [HIT]
  L24: ' Thai.<|im_end|>' = [' Thai', '.', '<|im_end|>'] [HIT]
  L25: ' Thai.<|im_end|>' = [' Thai', '.', '<|im_end|>'] [HIT]
  L26: ' Thai.<|im_end|>' = [' Thai', '.', '<|im_end|>'] [HIT]
  L27: ' Thai.<|im_end|><|endoftext|><|endoftext|><|endoftext|><|endoftext|><|endoftext|>' = [' Thai', '.', '<|im_end|>', '<|endoftext|>', '<|endoftext|>', '<|endoftext|>', '<|endoftext|>', '<|endoftext|>'] [HIT]
  L28: ' Thai.<|im_end|><|endoftext|><|endoftext|><|endoftext|><|endoftext|><|endoftext|>' = [' Thai', '.', '<|im_end|>', '<|endoftext|>', '<|endoftext|>', '<|endoftext|>', '<|endoftext|>', '<|endoftext|>'] [HIT]

row 357: base=IS -> source=PY  template=language_prefill_v6
  question: 'Name a language used in the country depicted in this image.'
  prefill : 'A language spoken there is'
  gold base   (expected unhooked) : ' Icelandic' = [' Icelandic']
  gold source (expected if swap works): ' Spanish' = [' Spanish']
  unhooked: ' Icelandic.<|im_end|><|endoftext|><|endoftext|><|endoftext|><|endoftext|><|endoftext|>' = [' Icelandic', '.', '<|im_end|>', '<|endoftext|>', '<|endoftext|>', '<|endoftext|>', '<|endoftext|>', '<|endoftext|>']
  L19: ' Icelandic.<|im_end|><|endoftext|><|endoftext|><|endoftext|><|endoftext|><|endoftext|>' = [' Icelandic', '.', '<|im_end|>', '<|endoftext|>', '<|endoftext|>', '<|endoftext|>', '<|endoftext|>', '<|endoftext|>'] [base]
  L20: ' Icelandic.<|im_end|><|endoftext|><|endoftext|><|endoftext|><|endoftext|><|endoftext|>' = [' Icelandic', '.', '<|im_end|>', '<|endoftext|>', '<|endoftext|>', '<|endoftext|>', '<|endoftext|>', '<|endoftext|>'] [base]
  L21: ' Icelandic.<|im_end|><|endoftext|><|endoftext|><|endoftext|><|endoftext|><|endoftext|>' = [' Icelandic', '.', '<|im_end|>', '<|endoftext|>', '<|endoftext|>', '<|endoftext|>', '<|endoftext|>', '<|endoftext|>'] [base]
  L22: ' Icelandic.<|im_end|><|endoftext|><|endoftext|><|endoftext|><|endoftext|><|endoftext|>' = [' Icelandic', '.', '<|im_end|>', '<|endoftext|>', '<|endoftext|>', '<|endoftext|>', '<|endoftext|>', '<|endoftext|>'] [base]
  L23: ' Spanish.<|im_end|><|endoftext|><|endoftext|><|endoftext|><|endoftext|><|endoftext|>' = [' Spanish', '.', '<|im_end|>', '<|endoftext|>', '<|endoftext|>', '<|endoftext|>', '<|endoftext|>', '<|endoftext|>'] [HIT]
  L24: ' Spanish.<|im_end|>' = [' Spanish', '.', '<|im_end|>'] [HIT]
  L25: ' Spanish.<|im_end|>' = [' Spanish', '.', '<|im_end|>'] [HIT]
  L26: ' Spanish.<|im_end|>' = [' Spanish', '.', '<|im_end|>'] [HIT]
  L27: ' Spanish.<|im_end|><|endoftext|><|endoftext|><|endoftext|><|endoftext|><|endoftext|>' = [' Spanish', '.', '<|im_end|>', '<|endoftext|>', '<|endoftext|>', '<|endoftext|>', '<|endoftext|>', '<|endoftext|>'] [HIT]
  L28: ' Spanish.<|im_end|><|endoftext|><|endoftext|><|endoftext|><|endoftext|><|endoftext|>' = [' Spanish', '.', '<|im_end|>', '<|endoftext|>', '<|endoftext|>', '<|endoftext|>', '<|endoftext|>', '<|endoftext|>'] [HIT]

row 358: base=SA -> source=GH  template=language_prefill_v2
  question: 'What is the official language of the country shown in this flag?'
  prefill : 'The official language is'
  gold base   (expected unhooked) : ' Arabic' = [' Arabic']
  gold source (expected if swap works): ' English' = [' English']
  unhooked: ' Arabic.<|im_end|><|endoftext|><|endoftext|><|endoftext|><|endoftext|><|endoftext|>' = [' Arabic', '.', '<|im_end|>', '<|endoftext|>', '<|endoftext|>', '<|endoftext|>', '<|endoftext|>', '<|endoftext|>']
  L19: ' Arabic.<|im_end|><|endoftext|><|endoftext|><|endoftext|><|endoftext|><|endoftext|>' = [' Arabic', '.', '<|im_end|>', '<|endoftext|>', '<|endoftext|>', '<|endoftext|>', '<|endoftext|>', '<|endoftext|>'] [base]
  L20: ' Arabic.<|im_end|><|endoftext|><|endoftext|><|endoftext|><|endoftext|><|endoftext|>' = [' Arabic', '.', '<|im_end|>', '<|endoftext|>', '<|endoftext|>', '<|endoftext|>', '<|endoftext|>', '<|endoftext|>'] [base]
  L21: ' Arabic.<|im_end|><|endoftext|><|endoftext|><|endoftext|><|endoftext|><|endoftext|>' = [' Arabic', '.', '<|im_end|>', '<|endoftext|>', '<|endoftext|>', '<|endoftext|>', '<|endoftext|>', '<|endoftext|>'] [base]
  L22: ' Arabic.<|im_end|><|endoftext|><|endoftext|><|endoftext|><|endoftext|><|endoftext|>' = [' Arabic', '.', '<|im_end|>', '<|endoftext|>', '<|endoftext|>', '<|endoftext|>', '<|endoftext|>', '<|endoftext|>'] [base]
  L23: ' English.<|im_end|><|endoftext|><|endoftext|><|endoftext|><|endoftext|><|endoftext|>' = [' English', '.', '<|im_end|>', '<|endoftext|>', '<|endoftext|>', '<|endoftext|>', '<|endoftext|>', '<|endoftext|>'] [HIT]
  L24: ' English.<|im_end|>' = [' English', '.', '<|im_end|>'] [HIT]
  L25: ' English.<|im_end|>' = [' English', '.', '<|im_end|>'] [HIT]
  L26: ' English.<|im_end|>' = [' English', '.', '<|im_end|>'] [HIT]
  L27: ' English.<|im_end|><|endoftext|><|endoftext|><|endoftext|><|endoftext|><|endoftext|>' = [' English', '.', '<|im_end|>', '<|endoftext|>', '<|endoftext|>', '<|endoftext|>', '<|endoftext|>', '<|endoftext|>'] [HIT]
  L28: ' English.<|im_end|><|endoftext|><|endoftext|><|endoftext|><|endoftext|><|endoftext|>' = [' English', '.', '<|im_end|>', '<|endoftext|>', '<|endoftext|>', '<|endoftext|>', '<|endoftext|>', '<|endoftext|>'] [HIT]

row 359: base=FI -> source=AO  template=language_prefill_v5
  question: 'What language is officially spoken in the country shown in this flag?'
  prefill : 'The official language is'
  gold base   (expected unhooked) : ' Finnish' = [' Finnish']
  gold source (expected if swap works): ' Portuguese' = [' Portuguese']
  unhooked: ' Finnish.<|im_end|><|endoftext|><|endoftext|><|endoftext|><|endoftext|><|endoftext|>' = [' Finnish', '.', '<|im_end|>', '<|endoftext|>', '<|endoftext|>', '<|endoftext|>', '<|endoftext|>', '<|endoftext|>']
  L19: ' Finnish.<|im_end|><|endoftext|><|endoftext|><|endoftext|><|endoftext|><|endoftext|>' = [' Finnish', '.', '<|im_end|>', '<|endoftext|>', '<|endoftext|>', '<|endoftext|>', '<|endoftext|>', '<|endoftext|>'] [base]
  L20: ' Finnish.<|im_end|><|endoftext|><|endoftext|><|endoftext|><|endoftext|><|endoftext|>' = [' Finnish', '.', '<|im_end|>', '<|endoftext|>', '<|endoftext|>', '<|endoftext|>', '<|endoftext|>', '<|endoftext|>'] [base]
  L21: ' Finnish.<|im_end|><|endoftext|><|endoftext|><|endoftext|><|endoftext|><|endoftext|>' = [' Finnish', '.', '<|im_end|>', '<|endoftext|>', '<|endoftext|>', '<|endoftext|>', '<|endoftext|>', '<|endoftext|>'] [base]
  L22: ' Finnish.<|im_end|><|endoftext|><|endoftext|><|endoftext|><|endoftext|><|endoftext|>' = [' Finnish', '.', '<|im_end|>', '<|endoftext|>', '<|endoftext|>', '<|endoftext|>', '<|endoftext|>', '<|endoftext|>'] [base]
  L23: ' Portuguese.<|im_end|><|endoftext|><|endoftext|><|endoftext|><|endoftext|><|endoftext|>' = [' Portuguese', '.', '<|im_end|>', '<|endoftext|>', '<|endoftext|>', '<|endoftext|>', '<|endoftext|>', '<|endoftext|>'] [HIT]
  L24: ' Portuguese.<|im_end|>' = [' Portuguese', '.', '<|im_end|>'] [HIT]
  L25: ' Portuguese.<|im_end|>' = [' Portuguese', '.', '<|im_end|>'] [HIT]
  L26: ' Portuguese.<|im_end|>' = [' Portuguese', '.', '<|im_end|>'] [HIT]
  L27: ' Portuguese.<|im_end|><|endoftext|><|endoftext|><|endoftext|><|endoftext|><|endoftext|>' = [' Portuguese', '.', '<|im_end|>', '<|endoftext|>', '<|endoftext|>', '<|endoftext|>', '<|endoftext|>', '<|endoftext|>'] [HIT]
  L28: ' Portuguese.<|im_end|><|endoftext|><|endoftext|><|endoftext|><|endoftext|><|endoftext|>' = [' Portuguese', '.', '<|im_end|>', '<|endoftext|>', '<|endoftext|>', '<|endoftext|>', '<|endoftext|>', '<|endoftext|>'] [HIT]

row 360: base=FI -> source=VN  template=language_prefill_v4
  question: 'Identify one of the official languages of the country in this image.'
  prefill : 'One official language is'
  gold base   (expected unhooked) : ' Finnish' = [' Finnish']
  gold source (expected if swap works): ' Vietnamese' = [' Vietnamese']
  unhooked: ' Finnish.<|im_end|><|endoftext|><|endoftext|><|endoftext|><|endoftext|><|endoftext|>' = [' Finnish', '.', '<|im_end|>', '<|endoftext|>', '<|endoftext|>', '<|endoftext|>', '<|endoftext|>', '<|endoftext|>']
  L19: ' Finnish.<|im_end|><|endoftext|><|endoftext|><|endoftext|><|endoftext|><|endoftext|>' = [' Finnish', '.', '<|im_end|>', '<|endoftext|>', '<|endoftext|>', '<|endoftext|>', '<|endoftext|>', '<|endoftext|>'] [base]
  L20: ' Finnish.<|im_end|><|endoftext|><|endoftext|><|endoftext|><|endoftext|><|endoftext|>' = [' Finnish', '.', '<|im_end|>', '<|endoftext|>', '<|endoftext|>', '<|endoftext|>', '<|endoftext|>', '<|endoftext|>'] [base]
  L21: ' Finnish.<|im_end|><|endoftext|><|endoftext|><|endoftext|><|endoftext|><|endoftext|>' = [' Finnish', '.', '<|im_end|>', '<|endoftext|>', '<|endoftext|>', '<|endoftext|>', '<|endoftext|>', '<|endoftext|>'] [base]
  L22: ' Finnish.<|im_end|><|endoftext|><|endoftext|><|endoftext|><|endoftext|><|endoftext|>' = [' Finnish', '.', '<|im_end|>', '<|endoftext|>', '<|endoftext|>', '<|endoftext|>', '<|endoftext|>', '<|endoftext|>'] [base]
  L23: ' Vietnamese.<|im_end|><|endoftext|><|endoftext|><|endoftext|><|endoftext|><|endoftext|>' = [' Vietnamese', '.', '<|im_end|>', '<|endoftext|>', '<|endoftext|>', '<|endoftext|>', '<|endoftext|>', '<|endoftext|>'] [HIT]
  L24: ' Vietnamese.<|im_end|>' = [' Vietnamese', '.', '<|im_end|>'] [HIT]
  L25: ' Vietnamese.<|im_end|>' = [' Vietnamese', '.', '<|im_end|>'] [HIT]
  L26: ' Vietnamese.<|im_end|>' = [' Vietnamese', '.', '<|im_end|>'] [HIT]
  L27: ' Vietnamese.<|im_end|><|endoftext|><|endoftext|><|endoftext|><|endoftext|><|endoftext|>' = [' Vietnamese', '.', '<|im_end|>', '<|endoftext|>', '<|endoftext|>', '<|endoftext|>', '<|endoftext|>', '<|endoftext|>'] [HIT]
  L28: ' Vietnamese.<|im_end|><|endoftext|><|endoftext|><|endoftext|><|endoftext|><|endoftext|>' = [' Vietnamese', '.', '<|im_end|>', '<|endoftext|>', '<|endoftext|>', '<|endoftext|>', '<|endoftext|>', '<|endoftext|>'] [HIT]

row 361: base=IS -> source=TH  template=language_prefill_v1
  question: 'Name an official language of the country in this image.'
  prefill : 'One official language is'
  gold base   (expected unhooked) : ' Icelandic' = [' Icelandic']
  gold source (expected if swap works): ' Thai' = [' Thai']
  unhooked: ' Icelandic.<|im_end|><|endoftext|><|endoftext|><|endoftext|><|endoftext|><|endoftext|>' = [' Icelandic', '.', '<|im_end|>', '<|endoftext|>', '<|endoftext|>', '<|endoftext|>', '<|endoftext|>', '<|endoftext|>']
  L19: ' Icelandic.<|im_end|><|endoftext|><|endoftext|><|endoftext|><|endoftext|><|endoftext|>' = [' Icelandic', '.', '<|im_end|>', '<|endoftext|>', '<|endoftext|>', '<|endoftext|>', '<|endoftext|>', '<|endoftext|>'] [base]
  L20: ' Icelandic.<|im_end|><|endoftext|><|endoftext|><|endoftext|><|endoftext|><|endoftext|>' = [' Icelandic', '.', '<|im_end|>', '<|endoftext|>', '<|endoftext|>', '<|endoftext|>', '<|endoftext|>', '<|endoftext|>'] [base]
  L21: ' Icelandic.<|im_end|><|endoftext|><|endoftext|><|endoftext|><|endoftext|><|endoftext|>' = [' Icelandic', '.', '<|im_end|>', '<|endoftext|>', '<|endoftext|>', '<|endoftext|>', '<|endoftext|>', '<|endoftext|>'] [base]
  L22: ' Icelandic.<|im_end|><|endoftext|><|endoftext|><|endoftext|><|endoftext|><|endoftext|>' = [' Icelandic', '.', '<|im_end|>', '<|endoftext|>', '<|endoftext|>', '<|endoftext|>', '<|endoftext|>', '<|endoftext|>'] [base]
  L23: ' Icelandic.<|im_end|><|endoftext|><|endoftext|><|endoftext|><|endoftext|><|endoftext|>' = [' Icelandic', '.', '<|im_end|>', '<|endoftext|>', '<|endoftext|>', '<|endoftext|>', '<|endoftext|>', '<|endoftext|>'] [base]
  L24: ' Thai.<|im_end|>' = [' Thai', '.', '<|im_end|>'] [HIT]
  L25: ' Thai.<|im_end|>' = [' Thai', '.', '<|im_end|>'] [HIT]
  L26: ' Thai.<|im_end|>' = [' Thai', '.', '<|im_end|>'] [HIT]
  L27: ' Thai.<|im_end|><|endoftext|><|endoftext|><|endoftext|><|endoftext|><|endoftext|>' = [' Thai', '.', '<|im_end|>', '<|endoftext|>', '<|endoftext|>', '<|endoftext|>', '<|endoftext|>', '<|endoftext|>'] [HIT]
  L28: ' Thai.<|im_end|><|endoftext|><|endoftext|><|endoftext|><|endoftext|><|endoftext|>' = [' Thai', '.', '<|im_end|>', '<|endoftext|>', '<|endoftext|>', '<|endoftext|>', '<|endoftext|>', '<|endoftext|>'] [HIT]

row 362: base=VN -> source=SE  template=language_prefill_v1
  question: 'Name an official language of the country in this image.'
  prefill : 'One official language is'
  gold base   (expected unhooked) : ' Vietnamese' = [' Vietnamese']
  gold source (expected if swap works): ' Swedish' = [' Swedish']
  unhooked: ' Vietnamese.<|im_end|><|endoftext|><|endoftext|><|endoftext|><|endoftext|><|endoftext|>' = [' Vietnamese', '.', '<|im_end|>', '<|endoftext|>', '<|endoftext|>', '<|endoftext|>', '<|endoftext|>', '<|endoftext|>']
  L19: ' Vietnamese.<|im_end|><|endoftext|><|endoftext|><|endoftext|><|endoftext|><|endoftext|>' = [' Vietnamese', '.', '<|im_end|>', '<|endoftext|>', '<|endoftext|>', '<|endoftext|>', '<|endoftext|>', '<|endoftext|>'] [base]
  L20: ' Vietnamese.<|im_end|><|endoftext|><|endoftext|><|endoftext|><|endoftext|><|endoftext|>' = [' Vietnamese', '.', '<|im_end|>', '<|endoftext|>', '<|endoftext|>', '<|endoftext|>', '<|endoftext|>', '<|endoftext|>'] [base]
  L21: ' Vietnamese.<|im_end|><|endoftext|><|endoftext|><|endoftext|><|endoftext|><|endoftext|>' = [' Vietnamese', '.', '<|im_end|>', '<|endoftext|>', '<|endoftext|>', '<|endoftext|>', '<|endoftext|>', '<|endoftext|>'] [base]
  L22: ' Vietnamese.<|im_end|><|endoftext|><|endoftext|><|endoftext|><|endoftext|><|endoftext|>' = [' Vietnamese', '.', '<|im_end|>', '<|endoftext|>', '<|endoftext|>', '<|endoftext|>', '<|endoftext|>', '<|endoftext|>'] [base]
  L23: ' Swedish.<|im_end|><|endoftext|><|endoftext|><|endoftext|><|endoftext|><|endoftext|>' = [' Swedish', '.', '<|im_end|>', '<|endoftext|>', '<|endoftext|>', '<|endoftext|>', '<|endoftext|>', '<|endoftext|>'] [HIT]
  L24: ' Swedish.<|im_end|>' = [' Swedish', '.', '<|im_end|>'] [HIT]
  L25: ' Swedish.<|im_end|>' = [' Swedish', '.', '<|im_end|>'] [HIT]
  L26: ' Swedish.<|im_end|>' = [' Swedish', '.', '<|im_end|>'] [HIT]
  L27: ' Swedish.<|im_end|><|endoftext|><|endoftext|><|endoftext|><|endoftext|><|endoftext|>' = [' Swedish', '.', '<|im_end|>', '<|endoftext|>', '<|endoftext|>', '<|endoftext|>', '<|endoftext|>', '<|endoftext|>'] [HIT]
  L28: ' Swedish.<|im_end|><|endoftext|><|endoftext|><|endoftext|><|endoftext|><|endoftext|>' = [' Swedish', '.', '<|im_end|>', '<|endoftext|>', '<|endoftext|>', '<|endoftext|>', '<|endoftext|>', '<|endoftext|>'] [HIT]

row 363: base=ZM -> source=GR  template=language_prefill_v3
  question: 'Tell me a language spoken in the country in this image.'
  prefill : 'A language spoken there is'
  gold base   (expected unhooked) : ' English' = [' English']
  gold source (expected if swap works): ' Greek' = [' Greek']
  unhooked: ' Chichewa, which is the' = [' Ch', 'ich', 'ew', 'a', ',', ' which', ' is', ' the']
  L19: ' Chichewa, which is the' = [' Ch', 'ich', 'ew', 'a', ',', ' which', ' is', ' the'] [other]
  L20: ' Zambian English, which is a' = [' Z', 'amb', 'ian', ' English', ',', ' which', ' is', ' a'] [other]
  L21: ' Zambian English, which is a' = [' Z', 'amb', 'ian', ' English', ',', ' which', ' is', ' a'] [other]
  L22: ' Zambian English, which is a' = [' Z', 'amb', 'ian', ' English', ',', ' which', ' is', ' a'] [other]
  L23: ' Greek.<|im_end|><|endoftext|><|endoftext|><|endoftext|><|endoftext|><|endoftext|>' = [' Greek', '.', '<|im_end|>', '<|endoftext|>', '<|endoftext|>', '<|endoftext|>', '<|endoftext|>', '<|endoftext|>'] [HIT]
  L24: ' Greek.<|im_end|>' = [' Greek', '.', '<|im_end|>'] [HIT]
  L25: ' Greek.<|im_end|>' = [' Greek', '.', '<|im_end|>'] [HIT]
  L26: ' Greek.<|im_end|>' = [' Greek', '.', '<|im_end|>'] [HIT]
  L27: ' Greek.<|im_end|><|endoftext|><|endoftext|><|endoftext|><|endoftext|><|endoftext|>' = [' Greek', '.', '<|im_end|>', '<|endoftext|>', '<|endoftext|>', '<|endoftext|>', '<|endoftext|>', '<|endoftext|>'] [HIT]
  L28: ' Greek.<|im_end|><|endoftext|><|endoftext|><|endoftext|><|endoftext|><|endoftext|>' = [' Greek', '.', '<|im_end|>', '<|endoftext|>', '<|endoftext|>', '<|endoftext|>', '<|endoftext|>', '<|endoftext|>'] [HIT]

row 364: base=AO -> source=GT  template=language_prefill_v3
  question: 'Tell me a language spoken in the country in this image.'
  prefill : 'A language spoken there is'
  gold base   (expected unhooked) : ' Portuguese' = [' Portuguese']
  gold source (expected if swap works): ' Spanish' = [' Spanish']
  unhooked: ' Portuguese, as Angola was a Portuguese colony' = [' Portuguese', ',', ' as', ' Angola', ' was', ' a', ' Portuguese', ' colony']
  L19: ' Portuguese, as Angola was a Portuguese colony' = [' Portuguese', ',', ' as', ' Angola', ' was', ' a', ' Portuguese', ' colony'] [base]
  L20: ' Portuguese. Angola was a colony of Portugal' = [' Portuguese', '.', ' Angola', ' was', ' a', ' colony', ' of', ' Portugal'] [base]
  L21: ' Portuguese. Angola was a colony of Portugal' = [' Portuguese', '.', ' Angola', ' was', ' a', ' colony', ' of', ' Portugal'] [base]
  L22: ' Portuguese. Angola was a colony of Portugal' = [' Portuguese', '.', ' Angola', ' was', ' a', ' colony', ' of', ' Portugal'] [base]
  L23: ' Portuguese, as Angola was a Portuguese colony' = [' Portuguese', ',', ' as', ' Angola', ' was', ' a', ' Portuguese', ' colony'] [base]
  L24: ' Spanish.<|im_end|>' = [' Spanish', '.', '<|im_end|>'] [HIT]
  L25: ' Spanish.<|im_end|>' = [' Spanish', '.', '<|im_end|>'] [HIT]
  L26: ' Spanish.<|im_end|>' = [' Spanish', '.', '<|im_end|>'] [HIT]
  L27: ' Spanish, as Angola was a colony of' = [' Spanish', ',', ' as', ' Angola', ' was', ' a', ' colony', ' of'] [HIT]
  L28: ' Spanish, as Angola was a colony of' = [' Spanish', ',', ' as', ' Angola', ' was', ' a', ' colony', ' of'] [HIT]

row 365: base=CM -> source=PT  template=language_prefill_v4
  question: 'Identify one of the official languages of the country in this image.'
  prefill : 'One official language is'
  gold base   (expected unhooked) : ' French' = [' French']
  gold source (expected if swap works): ' Portuguese' = [' Portuguese']
  unhooked: ' French.<|im_end|><|endoftext|><|endoftext|><|endoftext|><|endoftext|><|endoftext|>' = [' French', '.', '<|im_end|>', '<|endoftext|>', '<|endoftext|>', '<|endoftext|>', '<|endoftext|>', '<|endoftext|>']
  L19: ' French.<|im_end|><|endoftext|><|endoftext|><|endoftext|><|endoftext|><|endoftext|>' = [' French', '.', '<|im_end|>', '<|endoftext|>', '<|endoftext|>', '<|endoftext|>', '<|endoftext|>', '<|endoftext|>'] [base]
  L20: ' French.<|im_end|><|endoftext|><|endoftext|><|endoftext|><|endoftext|><|endoftext|>' = [' French', '.', '<|im_end|>', '<|endoftext|>', '<|endoftext|>', '<|endoftext|>', '<|endoftext|>', '<|endoftext|>'] [base]
  L21: ' French.<|im_end|><|endoftext|><|endoftext|><|endoftext|><|endoftext|><|endoftext|>' = [' French', '.', '<|im_end|>', '<|endoftext|>', '<|endoftext|>', '<|endoftext|>', '<|endoftext|>', '<|endoftext|>'] [base]
  L22: ' French.<|im_end|><|endoftext|><|endoftext|><|endoftext|><|endoftext|><|endoftext|>' = [' French', '.', '<|im_end|>', '<|endoftext|>', '<|endoftext|>', '<|endoftext|>', '<|endoftext|>', '<|endoftext|>'] [base]
  L23: ' Portuguese.<|im_end|><|endoftext|><|endoftext|><|endoftext|><|endoftext|><|endoftext|>' = [' Portuguese', '.', '<|im_end|>', '<|endoftext|>', '<|endoftext|>', '<|endoftext|>', '<|endoftext|>', '<|endoftext|>'] [HIT]
  L24: ' Portuguese.<|im_end|>' = [' Portuguese', '.', '<|im_end|>'] [HIT]
  L25: ' Portuguese.<|im_end|>' = [' Portuguese', '.', '<|im_end|>'] [HIT]
  L26: ' Portuguese.<|im_end|>' = [' Portuguese', '.', '<|im_end|>'] [HIT]
  L27: ' Portuguese.<|im_end|><|endoftext|><|endoftext|><|endoftext|><|endoftext|><|endoftext|>' = [' Portuguese', '.', '<|im_end|>', '<|endoftext|>', '<|endoftext|>', '<|endoftext|>', '<|endoftext|>', '<|endoftext|>'] [HIT]
  L28: ' Portuguese.<|im_end|><|endoftext|><|endoftext|><|endoftext|><|endoftext|><|endoftext|>' = [' Portuguese', '.', '<|im_end|>', '<|endoftext|>', '<|endoftext|>', '<|endoftext|>', '<|endoftext|>', '<|endoftext|>'] [HIT]

row 366: base=CV -> source=CM  template=language_prefill_v1
  question: 'Name an official language of the country in this image.'
  prefill : 'One official language is'
  gold base   (expected unhooked) : ' Portuguese' = [' Portuguese']
  gold source (expected if swap works): ' French' = [' French']
  unhooked: ' Portuguese.<|im_end|><|endoftext|><|endoftext|><|endoftext|><|endoftext|><|endoftext|>' = [' Portuguese', '.', '<|im_end|>', '<|endoftext|>', '<|endoftext|>', '<|endoftext|>', '<|endoftext|>', '<|endoftext|>']
  L19: ' Portuguese.<|im_end|><|endoftext|><|endoftext|><|endoftext|><|endoftext|><|endoftext|>' = [' Portuguese', '.', '<|im_end|>', '<|endoftext|>', '<|endoftext|>', '<|endoftext|>', '<|endoftext|>', '<|endoftext|>'] [base]
  L20: ' Portuguese.<|im_end|><|endoftext|><|endoftext|><|endoftext|><|endoftext|><|endoftext|>' = [' Portuguese', '.', '<|im_end|>', '<|endoftext|>', '<|endoftext|>', '<|endoftext|>', '<|endoftext|>', '<|endoftext|>'] [base]
  L21: ' Portuguese.<|im_end|><|endoftext|><|endoftext|><|endoftext|><|endoftext|><|endoftext|>' = [' Portuguese', '.', '<|im_end|>', '<|endoftext|>', '<|endoftext|>', '<|endoftext|>', '<|endoftext|>', '<|endoftext|>'] [base]
  L22: ' Portuguese.<|im_end|><|endoftext|><|endoftext|><|endoftext|><|endoftext|><|endoftext|>' = [' Portuguese', '.', '<|im_end|>', '<|endoftext|>', '<|endoftext|>', '<|endoftext|>', '<|endoftext|>', '<|endoftext|>'] [base]
  L23: ' French.<|im_end|><|endoftext|><|endoftext|><|endoftext|><|endoftext|><|endoftext|>' = [' French', '.', '<|im_end|>', '<|endoftext|>', '<|endoftext|>', '<|endoftext|>', '<|endoftext|>', '<|endoftext|>'] [HIT]
  L24: ' French.<|im_end|>' = [' French', '.', '<|im_end|>'] [HIT]
  L25: ' French.<|im_end|>' = [' French', '.', '<|im_end|>'] [HIT]
  L26: ' French.<|im_end|>' = [' French', '.', '<|im_end|>'] [HIT]
  L27: ' French.<|im_end|><|endoftext|><|endoftext|><|endoftext|><|endoftext|><|endoftext|>' = [' French', '.', '<|im_end|>', '<|endoftext|>', '<|endoftext|>', '<|endoftext|>', '<|endoftext|>', '<|endoftext|>'] [HIT]
  L28: ' French.<|im_end|><|endoftext|><|endoftext|><|endoftext|><|endoftext|><|endoftext|>' = [' French', '.', '<|im_end|>', '<|endoftext|>', '<|endoftext|>', '<|endoftext|>', '<|endoftext|>', '<|endoftext|>'] [HIT]

row 367: base=GT -> source=CM  template=language_prefill_v2
  question: 'What is the official language of the country shown in this flag?'
  prefill : 'The official language is'
  gold base   (expected unhooked) : ' Spanish' = [' Spanish']
  gold source (expected if swap works): ' French' = [' French']
  unhooked: ' Spanish.<|im_end|><|endoftext|><|endoftext|><|endoftext|><|endoftext|><|endoftext|>' = [' Spanish', '.', '<|im_end|>', '<|endoftext|>', '<|endoftext|>', '<|endoftext|>', '<|endoftext|>', '<|endoftext|>']
  L19: ' Spanish.<|im_end|><|endoftext|><|endoftext|><|endoftext|><|endoftext|><|endoftext|>' = [' Spanish', '.', '<|im_end|>', '<|endoftext|>', '<|endoftext|>', '<|endoftext|>', '<|endoftext|>', '<|endoftext|>'] [base]
  L20: ' Spanish.<|im_end|><|endoftext|><|endoftext|><|endoftext|><|endoftext|><|endoftext|>' = [' Spanish', '.', '<|im_end|>', '<|endoftext|>', '<|endoftext|>', '<|endoftext|>', '<|endoftext|>', '<|endoftext|>'] [base]
  L21: ' Spanish.<|im_end|><|endoftext|><|endoftext|><|endoftext|><|endoftext|><|endoftext|>' = [' Spanish', '.', '<|im_end|>', '<|endoftext|>', '<|endoftext|>', '<|endoftext|>', '<|endoftext|>', '<|endoftext|>'] [base]
  L22: ' Spanish.<|im_end|><|endoftext|><|endoftext|><|endoftext|><|endoftext|><|endoftext|>' = [' Spanish', '.', '<|im_end|>', '<|endoftext|>', '<|endoftext|>', '<|endoftext|>', '<|endoftext|>', '<|endoftext|>'] [base]
  L23: ' French.<|im_end|><|endoftext|><|endoftext|><|endoftext|><|endoftext|><|endoftext|>' = [' French', '.', '<|im_end|>', '<|endoftext|>', '<|endoftext|>', '<|endoftext|>', '<|endoftext|>', '<|endoftext|>'] [HIT]
  L24: ' French.<|im_end|>' = [' French', '.', '<|im_end|>'] [HIT]
  L25: ' French.<|im_end|>' = [' French', '.', '<|im_end|>'] [HIT]
  L26: ' French.<|im_end|>' = [' French', '.', '<|im_end|>'] [HIT]
  L27: ' French.<|im_end|><|endoftext|><|endoftext|><|endoftext|><|endoftext|><|endoftext|>' = [' French', '.', '<|im_end|>', '<|endoftext|>', '<|endoftext|>', '<|endoftext|>', '<|endoftext|>', '<|endoftext|>'] [HIT]
  L28: ' French.<|im_end|><|endoftext|><|endoftext|><|endoftext|><|endoftext|><|endoftext|>' = [' French', '.', '<|im_end|>', '<|endoftext|>', '<|endoftext|>', '<|endoftext|>', '<|endoftext|>', '<|endoftext|>'] [HIT]

row 368: base=IN -> source=GT  template=language_prefill_v4
  question: 'Identify one of the official languages of the country in this image.'
  prefill : 'One official language is'
  gold base   (expected unhooked) : ' Hindi' = [' Hindi']
  gold source (expected if swap works): ' Spanish' = [' Spanish']
  unhooked: ' Hindi.<|im_end|><|endoftext|><|endoftext|><|endoftext|><|endoftext|><|endoftext|>' = [' Hindi', '.', '<|im_end|>', '<|endoftext|>', '<|endoftext|>', '<|endoftext|>', '<|endoftext|>', '<|endoftext|>']
  L19: ' Hindi.<|im_end|><|endoftext|><|endoftext|><|endoftext|><|endoftext|><|endoftext|>' = [' Hindi', '.', '<|im_end|>', '<|endoftext|>', '<|endoftext|>', '<|endoftext|>', '<|endoftext|>', '<|endoftext|>'] [base]
  L20: ' Hindi.<|im_end|><|endoftext|><|endoftext|><|endoftext|><|endoftext|><|endoftext|>' = [' Hindi', '.', '<|im_end|>', '<|endoftext|>', '<|endoftext|>', '<|endoftext|>', '<|endoftext|>', '<|endoftext|>'] [base]
  L21: ' Hindi.<|im_end|><|endoftext|><|endoftext|><|endoftext|><|endoftext|><|endoftext|>' = [' Hindi', '.', '<|im_end|>', '<|endoftext|>', '<|endoftext|>', '<|endoftext|>', '<|endoftext|>', '<|endoftext|>'] [base]
  L22: ' Hindi.<|im_end|><|endoftext|><|endoftext|><|endoftext|><|endoftext|><|endoftext|>' = [' Hindi', '.', '<|im_end|>', '<|endoftext|>', '<|endoftext|>', '<|endoftext|>', '<|endoftext|>', '<|endoftext|>'] [base]
  L23: ' Spanish.<|im_end|><|endoftext|><|endoftext|><|endoftext|><|endoftext|><|endoftext|>' = [' Spanish', '.', '<|im_end|>', '<|endoftext|>', '<|endoftext|>', '<|endoftext|>', '<|endoftext|>', '<|endoftext|>'] [HIT]
  L24: ' Spanish.<|im_end|><|endoftext|>' = [' Spanish', '.', '<|im_end|>', '<|endoftext|>'] [HIT]
  L25: ' Spanish.<|im_end|><|endoftext|><|endoftext|><|endoftext|><|endoftext|><|endoftext|>' = [' Spanish', '.', '<|im_end|>', '<|endoftext|>', '<|endoftext|>', '<|endoftext|>', '<|endoftext|>', '<|endoftext|>'] [HIT]
  L26: ' Spanish.<|im_end|><|endoftext|><|endoftext|><|endoftext|><|endoftext|><|endoftext|>' = [' Spanish', '.', '<|im_end|>', '<|endoftext|>', '<|endoftext|>', '<|endoftext|>', '<|endoftext|>', '<|endoftext|>'] [HIT]
  L27: ' Spanish.<|im_end|><|endoftext|><|endoftext|><|endoftext|><|endoftext|><|endoftext|>' = [' Spanish', '.', '<|im_end|>', '<|endoftext|>', '<|endoftext|>', '<|endoftext|>', '<|endoftext|>', '<|endoftext|>'] [HIT]
  L28: ' Spanish.<|im_end|><|endoftext|><|endoftext|><|endoftext|><|endoftext|><|endoftext|>' = [' Spanish', '.', '<|im_end|>', '<|endoftext|>', '<|endoftext|>', '<|endoftext|>', '<|endoftext|>', '<|endoftext|>'] [HIT]

row 369: base=IN -> source=MA  template=language_prefill_v3
  question: 'Tell me a language spoken in the country in this image.'
  prefill : 'A language spoken there is'
  gold base   (expected unhooked) : ' Hindi' = [' Hindi']
  gold source (expected if swap works): ' Arabic' = [' Arabic']
  unhooked: ' Hindi, which is one of the official' = [' Hindi', ',', ' which', ' is', ' one', ' of', ' the', ' official']
  L19: ' Hindi, which is one of the official' = [' Hindi', ',', ' which', ' is', ' one', ' of', ' the', ' official'] [base]
  L20: ' Hindi, which is one of the official' = [' Hindi', ',', ' which', ' is', ' one', ' of', ' the', ' official'] [base]
  L21: ' Hindi, which is one of the official' = [' Hindi', ',', ' which', ' is', ' one', ' of', ' the', ' official'] [base]
  L22: ' Hindi, which is one of the official' = [' Hindi', ',', ' which', ' is', ' one', ' of', ' the', ' official'] [base]
  L23: ' Arabic.<|im_end|><|endoftext|><|endoftext|><|endoftext|><|endoftext|><|endoftext|>' = [' Arabic', '.', '<|im_end|>', '<|endoftext|>', '<|endoftext|>', '<|endoftext|>', '<|endoftext|>', '<|endoftext|>'] [HIT]
  L24: ' Arabic.<|im_end|><|endoftext|>' = [' Arabic', '.', '<|im_end|>', '<|endoftext|>'] [HIT]
  L25: ' Arabic.<|im_end|><|endoftext|><|endoftext|><|endoftext|><|endoftext|><|endoftext|>' = [' Arabic', '.', '<|im_end|>', '<|endoftext|>', '<|endoftext|>', '<|endoftext|>', '<|endoftext|>', '<|endoftext|>'] [HIT]
  L26: ' Arabic.<|im_end|><|endoftext|><|endoftext|><|endoftext|><|endoftext|><|endoftext|>' = [' Arabic', '.', '<|im_end|>', '<|endoftext|>', '<|endoftext|>', '<|endoftext|>', '<|endoftext|>', '<|endoftext|>'] [HIT]
  L27: ' Arabic.<|im_end|><|endoftext|><|endoftext|><|endoftext|><|endoftext|><|endoftext|>' = [' Arabic', '.', '<|im_end|>', '<|endoftext|>', '<|endoftext|>', '<|endoftext|>', '<|endoftext|>', '<|endoftext|>'] [HIT]
  L28: ' Dakhini Urdu.<|im_end|><|endoftext|><|endoftext|>' = [' D', 'akh', 'ini', ' Urdu', '.', '<|im_end|>', '<|endoftext|>', '<|endoftext|>'] [other]

row 370: base=IS -> source=MU  template=language_prefill_v1
  question: 'Name an official language of the country in this image.'
  prefill : 'One official language is'
  gold base   (expected unhooked) : ' Icelandic' = [' Icelandic']
  gold source (expected if swap works): ' French' = [' French']
  unhooked: ' Icelandic.<|im_end|><|endoftext|><|endoftext|><|endoftext|><|endoftext|><|endoftext|>' = [' Icelandic', '.', '<|im_end|>', '<|endoftext|>', '<|endoftext|>', '<|endoftext|>', '<|endoftext|>', '<|endoftext|>']
  L19: ' Icelandic.<|im_end|><|endoftext|><|endoftext|><|endoftext|><|endoftext|><|endoftext|>' = [' Icelandic', '.', '<|im_end|>', '<|endoftext|>', '<|endoftext|>', '<|endoftext|>', '<|endoftext|>', '<|endoftext|>'] [base]
  L20: ' Icelandic.<|im_end|><|endoftext|><|endoftext|><|endoftext|><|endoftext|><|endoftext|>' = [' Icelandic', '.', '<|im_end|>', '<|endoftext|>', '<|endoftext|>', '<|endoftext|>', '<|endoftext|>', '<|endoftext|>'] [base]
  L21: ' Icelandic.<|im_end|><|endoftext|><|endoftext|><|endoftext|><|endoftext|><|endoftext|>' = [' Icelandic', '.', '<|im_end|>', '<|endoftext|>', '<|endoftext|>', '<|endoftext|>', '<|endoftext|>', '<|endoftext|>'] [base]
  L22: ' Icelandic.<|im_end|><|endoftext|><|endoftext|><|endoftext|><|endoftext|><|endoftext|>' = [' Icelandic', '.', '<|im_end|>', '<|endoftext|>', '<|endoftext|>', '<|endoftext|>', '<|endoftext|>', '<|endoftext|>'] [base]
  L23: ' Icelandic.<|im_end|><|endoftext|><|endoftext|><|endoftext|><|endoftext|><|endoftext|>' = [' Icelandic', '.', '<|im_end|>', '<|endoftext|>', '<|endoftext|>', '<|endoftext|>', '<|endoftext|>', '<|endoftext|>'] [base]
  L24: ' French.<|im_end|><|endoftext|>' = [' French', '.', '<|im_end|>', '<|endoftext|>'] [HIT]
  L25: ' French.<|im_end|><|endoftext|><|endoftext|><|endoftext|><|endoftext|><|endoftext|>' = [' French', '.', '<|im_end|>', '<|endoftext|>', '<|endoftext|>', '<|endoftext|>', '<|endoftext|>', '<|endoftext|>'] [HIT]
  L26: ' French.<|im_end|><|endoftext|><|endoftext|><|endoftext|><|endoftext|><|endoftext|>' = [' French', '.', '<|im_end|>', '<|endoftext|>', '<|endoftext|>', '<|endoftext|>', '<|endoftext|>', '<|endoftext|>'] [HIT]
  L27: ' French.<|im_end|><|endoftext|><|endoftext|><|endoftext|><|endoftext|><|endoftext|>' = [' French', '.', '<|im_end|>', '<|endoftext|>', '<|endoftext|>', '<|endoftext|>', '<|endoftext|>', '<|endoftext|>'] [HIT]
  L28: ' French.<|im_end|><|endoftext|><|endoftext|><|endoftext|><|endoftext|><|endoftext|>' = [' French', '.', '<|im_end|>', '<|endoftext|>', '<|endoftext|>', '<|endoftext|>', '<|endoftext|>', '<|endoftext|>'] [HIT]

row 371: base=BY -> source=ZM  template=language_prefill_v5
  question: 'What language is officially spoken in the country shown in this flag?'
  prefill : 'The official language is'
  gold base   (expected unhooked) : ' Belarusian' = [' Belarus', 'ian']
  gold source (expected if swap works): ' English' = [' English']
  unhooked: ' Belarusian.<|im_end|><|endoftext|><|endoftext|><|endoftext|><|endoftext|>' = [' Belarus', 'ian', '.', '<|im_end|>', '<|endoftext|>', '<|endoftext|>', '<|endoftext|>', '<|endoftext|>']
  L19: ' Belarusian.<|im_end|><|endoftext|><|endoftext|><|endoftext|><|endoftext|>' = [' Belarus', 'ian', '.', '<|im_end|>', '<|endoftext|>', '<|endoftext|>', '<|endoftext|>', '<|endoftext|>'] [base]
  L20: ' Belarusian, which is also known as' = [' Belarus', 'ian', ',', ' which', ' is', ' also', ' known', ' as'] [base]
  L21: ' Belarusian.<|im_end|><|endoftext|><|endoftext|><|endoftext|><|endoftext|>' = [' Belarus', 'ian', '.', '<|im_end|>', '<|endoftext|>', '<|endoftext|>', '<|endoftext|>', '<|endoftext|>'] [base]
  L22: ' Belarusian.<|im_end|><|endoftext|><|endoftext|><|endoftext|><|endoftext|>' = [' Belarus', 'ian', '.', '<|im_end|>', '<|endoftext|>', '<|endoftext|>', '<|endoftext|>', '<|endoftext|>'] [base]
  L23: ' English.<|im_end|><|endoftext|><|endoftext|><|endoftext|><|endoftext|><|endoftext|>' = [' English', '.', '<|im_end|>', '<|endoftext|>', '<|endoftext|>', '<|endoftext|>', '<|endoftext|>', '<|endoftext|>'] [HIT]
  L24: ' English.<|im_end|><|endoftext|>' = [' English', '.', '<|im_end|>', '<|endoftext|>'] [HIT]
  L25: ' English.<|im_end|><|endoftext|><|endoftext|><|endoftext|><|endoftext|><|endoftext|>' = [' English', '.', '<|im_end|>', '<|endoftext|>', '<|endoftext|>', '<|endoftext|>', '<|endoftext|>', '<|endoftext|>'] [HIT]
  L26: ' English.<|im_end|><|endoftext|><|endoftext|><|endoftext|><|endoftext|><|endoftext|>' = [' English', '.', '<|im_end|>', '<|endoftext|>', '<|endoftext|>', '<|endoftext|>', '<|endoftext|>', '<|endoftext|>'] [HIT]
  L27: ' English.<|im_end|><|endoftext|><|endoftext|><|endoftext|><|endoftext|><|endoftext|>' = [' English', '.', '<|im_end|>', '<|endoftext|>', '<|endoftext|>', '<|endoftext|>', '<|endoftext|>', '<|endoftext|>'] [HIT]
  L28: ' English.<|im_end|><|endoftext|><|endoftext|><|endoftext|><|endoftext|><|endoftext|>' = [' English', '.', '<|im_end|>', '<|endoftext|>', '<|endoftext|>', '<|endoftext|>', '<|endoftext|>', '<|endoftext|>'] [HIT]

row 372: base=IN -> source=MA  template=language_prefill_v6
  question: 'Name a language used in the country depicted in this image.'
  prefill : 'A language spoken there is'
  gold base   (expected unhooked) : ' Hindi' = [' Hindi']
  gold source (expected if swap works): ' Arabic' = [' Arabic']
  unhooked: ' Hindi.<|im_end|><|endoftext|><|endoftext|><|endoftext|><|endoftext|><|endoftext|>' = [' Hindi', '.', '<|im_end|>', '<|endoftext|>', '<|endoftext|>', '<|endoftext|>', '<|endoftext|>', '<|endoftext|>']
  L19: ' Hindi.<|im_end|><|endoftext|><|endoftext|><|endoftext|><|endoftext|><|endoftext|>' = [' Hindi', '.', '<|im_end|>', '<|endoftext|>', '<|endoftext|>', '<|endoftext|>', '<|endoftext|>', '<|endoftext|>'] [base]
  L20: ' Hindi.<|im_end|><|endoftext|><|endoftext|><|endoftext|><|endoftext|><|endoftext|>' = [' Hindi', '.', '<|im_end|>', '<|endoftext|>', '<|endoftext|>', '<|endoftext|>', '<|endoftext|>', '<|endoftext|>'] [base]
  L21: ' Hindi.<|im_end|><|endoftext|><|endoftext|><|endoftext|><|endoftext|><|endoftext|>' = [' Hindi', '.', '<|im_end|>', '<|endoftext|>', '<|endoftext|>', '<|endoftext|>', '<|endoftext|>', '<|endoftext|>'] [base]
  L22: ' Hindi.<|im_end|><|endoftext|><|endoftext|><|endoftext|><|endoftext|><|endoftext|>' = [' Hindi', '.', '<|im_end|>', '<|endoftext|>', '<|endoftext|>', '<|endoftext|>', '<|endoftext|>', '<|endoftext|>'] [base]
  L23: ' Arabic.<|im_end|><|endoftext|><|endoftext|><|endoftext|><|endoftext|><|endoftext|>' = [' Arabic', '.', '<|im_end|>', '<|endoftext|>', '<|endoftext|>', '<|endoftext|>', '<|endoftext|>', '<|endoftext|>'] [HIT]
  L24: ' Arabic.<|im_end|><|endoftext|>' = [' Arabic', '.', '<|im_end|>', '<|endoftext|>'] [HIT]
  L25: ' Arabic.<|im_end|><|endoftext|><|endoftext|><|endoftext|><|endoftext|><|endoftext|>' = [' Arabic', '.', '<|im_end|>', '<|endoftext|>', '<|endoftext|>', '<|endoftext|>', '<|endoftext|>', '<|endoftext|>'] [HIT]
  L26: ' Arabic.<|im_end|><|endoftext|><|endoftext|><|endoftext|><|endoftext|><|endoftext|>' = [' Arabic', '.', '<|im_end|>', '<|endoftext|>', '<|endoftext|>', '<|endoftext|>', '<|endoftext|>', '<|endoftext|>'] [HIT]
  L27: ' Arabic.<|im_end|><|endoftext|><|endoftext|><|endoftext|><|endoftext|><|endoftext|>' = [' Arabic', '.', '<|im_end|>', '<|endoftext|>', '<|endoftext|>', '<|endoftext|>', '<|endoftext|>', '<|endoftext|>'] [HIT]
  L28: ' Arabic.<|im_end|><|endoftext|><|endoftext|><|endoftext|><|endoftext|><|endoftext|>' = [' Arabic', '.', '<|im_end|>', '<|endoftext|>', '<|endoftext|>', '<|endoftext|>', '<|endoftext|>', '<|endoftext|>'] [HIT]

row 373: base=VN -> source=HN  template=language_prefill_v3
  question: 'Tell me a language spoken in the country in this image.'
  prefill : 'A language spoken there is'
  gold base   (expected unhooked) : ' Vietnamese' = [' Vietnamese']
  gold source (expected if swap works): ' Spanish' = [' Spanish']
  unhooked: ' Vietnamese.<|im_end|><|endoftext|><|endoftext|><|endoftext|><|endoftext|><|endoftext|>' = [' Vietnamese', '.', '<|im_end|>', '<|endoftext|>', '<|endoftext|>', '<|endoftext|>', '<|endoftext|>', '<|endoftext|>']
  L19: ' Vietnamese.<|im_end|><|endoftext|><|endoftext|><|endoftext|><|endoftext|><|endoftext|>' = [' Vietnamese', '.', '<|im_end|>', '<|endoftext|>', '<|endoftext|>', '<|endoftext|>', '<|endoftext|>', '<|endoftext|>'] [base]
  L20: ' Vietnamese.<|im_end|><|endoftext|><|endoftext|><|endoftext|><|endoftext|><|endoftext|>' = [' Vietnamese', '.', '<|im_end|>', '<|endoftext|>', '<|endoftext|>', '<|endoftext|>', '<|endoftext|>', '<|endoftext|>'] [base]
  L21: ' Vietnamese.<|im_end|><|endoftext|><|endoftext|><|endoftext|><|endoftext|><|endoftext|>' = [' Vietnamese', '.', '<|im_end|>', '<|endoftext|>', '<|endoftext|>', '<|endoftext|>', '<|endoftext|>', '<|endoftext|>'] [base]
  L22: ' Vietnamese.<|im_end|><|endoftext|><|endoftext|><|endoftext|><|endoftext|><|endoftext|>' = [' Vietnamese', '.', '<|im_end|>', '<|endoftext|>', '<|endoftext|>', '<|endoftext|>', '<|endoftext|>', '<|endoftext|>'] [base]
  L23: ' Vietnamese.<|im_end|><|endoftext|><|endoftext|><|endoftext|><|endoftext|><|endoftext|>' = [' Vietnamese', '.', '<|im_end|>', '<|endoftext|>', '<|endoftext|>', '<|endoftext|>', '<|endoftext|>', '<|endoftext|>'] [base]
  L24: ' Spanish.<|im_end|><|endoftext|>' = [' Spanish', '.', '<|im_end|>', '<|endoftext|>'] [HIT]
  L25: ' Spanish.<|im_end|><|endoftext|><|endoftext|><|endoftext|><|endoftext|><|endoftext|>' = [' Spanish', '.', '<|im_end|>', '<|endoftext|>', '<|endoftext|>', '<|endoftext|>', '<|endoftext|>', '<|endoftext|>'] [HIT]
  L26: ' Spanish.<|im_end|><|endoftext|><|endoftext|><|endoftext|><|endoftext|><|endoftext|>' = [' Spanish', '.', '<|im_end|>', '<|endoftext|>', '<|endoftext|>', '<|endoftext|>', '<|endoftext|>', '<|endoftext|>'] [HIT]
  L27: ' Spanish.<|im_end|><|endoftext|><|endoftext|><|endoftext|><|endoftext|><|endoftext|>' = [' Spanish', '.', '<|im_end|>', '<|endoftext|>', '<|endoftext|>', '<|endoftext|>', '<|endoftext|>', '<|endoftext|>'] [HIT]
  L28: ' Spanish.<|im_end|><|endoftext|><|endoftext|><|endoftext|><|endoftext|><|endoftext|>' = [' Spanish', '.', '<|im_end|>', '<|endoftext|>', '<|endoftext|>', '<|endoftext|>', '<|endoftext|>', '<|endoftext|>'] [HIT]

row 374: base=AR -> source=CV  template=language_prefill_v3
  question: 'Tell me a language spoken in the country in this image.'
  prefill : 'A language spoken there is'
  gold base   (expected unhooked) : ' Guaraní' = [' Gu', 'aran', 'í']
  gold source (expected if swap works): ' Portuguese' = [' Portuguese']
  unhooked: ' Spanish.<|im_end|><|endoftext|><|endoftext|><|endoftext|><|endoftext|><|endoftext|>' = [' Spanish', '.', '<|im_end|>', '<|endoftext|>', '<|endoftext|>', '<|endoftext|>', '<|endoftext|>', '<|endoftext|>']
  L19: ' Spanish.<|im_end|><|endoftext|><|endoftext|><|endoftext|><|endoftext|><|endoftext|>' = [' Spanish', '.', '<|im_end|>', '<|endoftext|>', '<|endoftext|>', '<|endoftext|>', '<|endoftext|>', '<|endoftext|>'] [other]
  L20: ' Spanish.<|im_end|><|endoftext|><|endoftext|><|endoftext|><|endoftext|><|endoftext|>' = [' Spanish', '.', '<|im_end|>', '<|endoftext|>', '<|endoftext|>', '<|endoftext|>', '<|endoftext|>', '<|endoftext|>'] [other]
  L21: ' Spanish.<|im_end|><|endoftext|><|endoftext|><|endoftext|><|endoftext|><|endoftext|>' = [' Spanish', '.', '<|im_end|>', '<|endoftext|>', '<|endoftext|>', '<|endoftext|>', '<|endoftext|>', '<|endoftext|>'] [other]
  L22: ' Spanish.<|im_end|><|endoftext|><|endoftext|><|endoftext|><|endoftext|><|endoftext|>' = [' Spanish', '.', '<|im_end|>', '<|endoftext|>', '<|endoftext|>', '<|endoftext|>', '<|endoftext|>', '<|endoftext|>'] [other]
  L23: ' Portuguese.<|im_end|><|endoftext|><|endoftext|><|endoftext|><|endoftext|><|endoftext|>' = [' Portuguese', '.', '<|im_end|>', '<|endoftext|>', '<|endoftext|>', '<|endoftext|>', '<|endoftext|>', '<|endoftext|>'] [HIT]
  L24: ' Portuguese.<|im_end|><|endoftext|>' = [' Portuguese', '.', '<|im_end|>', '<|endoftext|>'] [HIT]
  L25: ' Portuguese.<|im_end|><|endoftext|><|endoftext|><|endoftext|><|endoftext|><|endoftext|>' = [' Portuguese', '.', '<|im_end|>', '<|endoftext|>', '<|endoftext|>', '<|endoftext|>', '<|endoftext|>', '<|endoftext|>'] [HIT]
  L26: ' Portuguese.<|im_end|><|endoftext|><|endoftext|><|endoftext|><|endoftext|><|endoftext|>' = [' Portuguese', '.', '<|im_end|>', '<|endoftext|>', '<|endoftext|>', '<|endoftext|>', '<|endoftext|>', '<|endoftext|>'] [HIT]
  L27: ' Portuguese.<|im_end|><|endoftext|><|endoftext|><|endoftext|><|endoftext|><|endoftext|>' = [' Portuguese', '.', '<|im_end|>', '<|endoftext|>', '<|endoftext|>', '<|endoftext|>', '<|endoftext|>', '<|endoftext|>'] [HIT]
  L28: ' Banda de Música, which' = [' B', 'anda', ' de', ' M', 'ús', 'ica', ',', ' which'] [other]

row 375: base=AR -> source=GT  template=language_prefill_v3
  question: 'Tell me a language spoken in the country in this image.'
  prefill : 'A language spoken there is'
  gold base   (expected unhooked) : ' Guaraní' = [' Gu', 'aran', 'í']
  gold source (expected if swap works): ' Spanish' = [' Spanish']
  unhooked: ' Spanish.<|im_end|><|endoftext|><|endoftext|><|endoftext|><|endoftext|><|endoftext|>' = [' Spanish', '.', '<|im_end|>', '<|endoftext|>', '<|endoftext|>', '<|endoftext|>', '<|endoftext|>', '<|endoftext|>']
  L19: ' Spanish.<|im_end|><|endoftext|><|endoftext|><|endoftext|><|endoftext|><|endoftext|>' = [' Spanish', '.', '<|im_end|>', '<|endoftext|>', '<|endoftext|>', '<|endoftext|>', '<|endoftext|>', '<|endoftext|>'] [HIT]
  L20: ' Spanish.<|im_end|><|endoftext|><|endoftext|><|endoftext|><|endoftext|><|endoftext|>' = [' Spanish', '.', '<|im_end|>', '<|endoftext|>', '<|endoftext|>', '<|endoftext|>', '<|endoftext|>', '<|endoftext|>'] [HIT]
  L21: ' Spanish.<|im_end|><|endoftext|><|endoftext|><|endoftext|><|endoftext|><|endoftext|>' = [' Spanish', '.', '<|im_end|>', '<|endoftext|>', '<|endoftext|>', '<|endoftext|>', '<|endoftext|>', '<|endoftext|>'] [HIT]
  L22: ' Spanish.<|im_end|><|endoftext|><|endoftext|><|endoftext|><|endoftext|><|endoftext|>' = [' Spanish', '.', '<|im_end|>', '<|endoftext|>', '<|endoftext|>', '<|endoftext|>', '<|endoftext|>', '<|endoftext|>'] [HIT]
  L23: ' Spanish.<|im_end|><|endoftext|><|endoftext|><|endoftext|><|endoftext|><|endoftext|>' = [' Spanish', '.', '<|im_end|>', '<|endoftext|>', '<|endoftext|>', '<|endoftext|>', '<|endoftext|>', '<|endoftext|>'] [HIT]
  L24: ' Spanish.<|im_end|><|endoftext|>' = [' Spanish', '.', '<|im_end|>', '<|endoftext|>'] [HIT]
  L25: ' Spanish.<|im_end|><|endoftext|><|endoftext|><|endoftext|><|endoftext|><|endoftext|>' = [' Spanish', '.', '<|im_end|>', '<|endoftext|>', '<|endoftext|>', '<|endoftext|>', '<|endoftext|>', '<|endoftext|>'] [HIT]
  L26: ' Spanish.<|im_end|><|endoftext|><|endoftext|><|endoftext|><|endoftext|><|endoftext|>' = [' Spanish', '.', '<|im_end|>', '<|endoftext|>', '<|endoftext|>', '<|endoftext|>', '<|endoftext|>', '<|endoftext|>'] [HIT]
  L27: ' Spanish.<|im_end|><|endoftext|><|endoftext|><|endoftext|><|endoftext|><|endoftext|>' = [' Spanish', '.', '<|im_end|>', '<|endoftext|>', '<|endoftext|>', '<|endoftext|>', '<|endoftext|>', '<|endoftext|>'] [HIT]
  L28: ' Spanish.<|im_end|><|endoftext|><|endoftext|><|endoftext|><|endoftext|><|endoftext|>' = [' Spanish', '.', '<|im_end|>', '<|endoftext|>', '<|endoftext|>', '<|endoftext|>', '<|endoftext|>', '<|endoftext|>'] [HIT]

row 376: base=GT -> source=BY  template=language_prefill_v1
  question: 'Name an official language of the country in this image.'
  prefill : 'One official language is'
  gold base   (expected unhooked) : ' Spanish' = [' Spanish']
  gold source (expected if swap works): ' Belarusian' = [' Belarus', 'ian']
  unhooked: ' Spanish.<|im_end|><|endoftext|><|endoftext|><|endoftext|><|endoftext|><|endoftext|>' = [' Spanish', '.', '<|im_end|>', '<|endoftext|>', '<|endoftext|>', '<|endoftext|>', '<|endoftext|>', '<|endoftext|>']
  L19: ' Spanish.<|im_end|><|endoftext|><|endoftext|><|endoftext|><|endoftext|><|endoftext|>' = [' Spanish', '.', '<|im_end|>', '<|endoftext|>', '<|endoftext|>', '<|endoftext|>', '<|endoftext|>', '<|endoftext|>'] [base]
  L20: ' Spanish.<|im_end|><|endoftext|><|endoftext|><|endoftext|><|endoftext|><|endoftext|>' = [' Spanish', '.', '<|im_end|>', '<|endoftext|>', '<|endoftext|>', '<|endoftext|>', '<|endoftext|>', '<|endoftext|>'] [base]
  L21: ' Spanish.<|im_end|><|endoftext|><|endoftext|><|endoftext|><|endoftext|><|endoftext|>' = [' Spanish', '.', '<|im_end|>', '<|endoftext|>', '<|endoftext|>', '<|endoftext|>', '<|endoftext|>', '<|endoftext|>'] [base]
  L22: ' Spanish.<|im_end|><|endoftext|><|endoftext|><|endoftext|><|endoftext|><|endoftext|>' = [' Spanish', '.', '<|im_end|>', '<|endoftext|>', '<|endoftext|>', '<|endoftext|>', '<|endoftext|>', '<|endoftext|>'] [base]
  L23: ' Belarusian.<|im_end|><|endoftext|><|endoftext|><|endoftext|><|endoftext|>' = [' Belarus', 'ian', '.', '<|im_end|>', '<|endoftext|>', '<|endoftext|>', '<|endoftext|>', '<|endoftext|>'] [HIT]
  L24: ' Belarusian.<|im_end|>' = [' Belarus', 'ian', '.', '<|im_end|>'] [HIT]
  L25: ' Belarusian.<|im_end|><|endoftext|><|endoftext|><|endoftext|><|endoftext|>' = [' Belarus', 'ian', '.', '<|im_end|>', '<|endoftext|>', '<|endoftext|>', '<|endoftext|>', '<|endoftext|>'] [HIT]
  L26: ' Belarusian.<|im_end|><|endoftext|><|endoftext|><|endoftext|><|endoftext|>' = [' Belarus', 'ian', '.', '<|im_end|>', '<|endoftext|>', '<|endoftext|>', '<|endoftext|>', '<|endoftext|>'] [HIT]
  L27: ' Belarusian.<|im_end|><|endoftext|><|endoftext|><|endoftext|><|endoftext|>' = [' Belarus', 'ian', '.', '<|im_end|>', '<|endoftext|>', '<|endoftext|>', '<|endoftext|>', '<|endoftext|>'] [HIT]
  L28: ' Belarusian.<|im_end|><|endoftext|><|endoftext|><|endoftext|><|endoftext|>' = [' Belarus', 'ian', '.', '<|im_end|>', '<|endoftext|>', '<|endoftext|>', '<|endoftext|>', '<|endoftext|>'] [HIT]

row 377: base=CV -> source=MU  template=language_prefill_v2
  question: 'What is the official language of the country shown in this flag?'
  prefill : 'The official language is'
  gold base   (expected unhooked) : ' Portuguese' = [' Portuguese']
  gold source (expected if swap works): ' French' = [' French']
  unhooked: ' Portuguese.<|im_end|><|endoftext|><|endoftext|><|endoftext|><|endoftext|><|endoftext|>' = [' Portuguese', '.', '<|im_end|>', '<|endoftext|>', '<|endoftext|>', '<|endoftext|>', '<|endoftext|>', '<|endoftext|>']
  L19: ' Portuguese.<|im_end|><|endoftext|><|endoftext|><|endoftext|><|endoftext|><|endoftext|>' = [' Portuguese', '.', '<|im_end|>', '<|endoftext|>', '<|endoftext|>', '<|endoftext|>', '<|endoftext|>', '<|endoftext|>'] [base]
  L20: ' Portuguese.<|im_end|><|endoftext|><|endoftext|><|endoftext|><|endoftext|><|endoftext|>' = [' Portuguese', '.', '<|im_end|>', '<|endoftext|>', '<|endoftext|>', '<|endoftext|>', '<|endoftext|>', '<|endoftext|>'] [base]
  L21: ' Portuguese.<|im_end|><|endoftext|><|endoftext|><|endoftext|><|endoftext|><|endoftext|>' = [' Portuguese', '.', '<|im_end|>', '<|endoftext|>', '<|endoftext|>', '<|endoftext|>', '<|endoftext|>', '<|endoftext|>'] [base]
  L22: ' Portuguese.<|im_end|><|endoftext|><|endoftext|><|endoftext|><|endoftext|><|endoftext|>' = [' Portuguese', '.', '<|im_end|>', '<|endoftext|>', '<|endoftext|>', '<|endoftext|>', '<|endoftext|>', '<|endoftext|>'] [base]
  L23: ' Portuguese.<|im_end|><|endoftext|><|endoftext|><|endoftext|><|endoftext|><|endoftext|>' = [' Portuguese', '.', '<|im_end|>', '<|endoftext|>', '<|endoftext|>', '<|endoftext|>', '<|endoftext|>', '<|endoftext|>'] [base]
  L24: ' French.<|im_end|><|endoftext|>' = [' French', '.', '<|im_end|>', '<|endoftext|>'] [HIT]
  L25: ' French.<|im_end|><|endoftext|><|endoftext|><|endoftext|><|endoftext|><|endoftext|>' = [' French', '.', '<|im_end|>', '<|endoftext|>', '<|endoftext|>', '<|endoftext|>', '<|endoftext|>', '<|endoftext|>'] [HIT]
  L26: ' French.<|im_end|><|endoftext|><|endoftext|><|endoftext|><|endoftext|><|endoftext|>' = [' French', '.', '<|im_end|>', '<|endoftext|>', '<|endoftext|>', '<|endoftext|>', '<|endoftext|>', '<|endoftext|>'] [HIT]
  L27: ' French.<|im_end|><|endoftext|><|endoftext|><|endoftext|><|endoftext|><|endoftext|>' = [' French', '.', '<|im_end|>', '<|endoftext|>', '<|endoftext|>', '<|endoftext|>', '<|endoftext|>', '<|endoftext|>'] [HIT]
  L28: ' French.<|im_end|><|endoftext|><|endoftext|><|endoftext|><|endoftext|><|endoftext|>' = [' French', '.', '<|im_end|>', '<|endoftext|>', '<|endoftext|>', '<|endoftext|>', '<|endoftext|>', '<|endoftext|>'] [HIT]

row 378: base=ZM -> source=AO  template=language_prefill_v2
  question: 'What is the official language of the country shown in this flag?'
  prefill : 'The official language is'
  gold base   (expected unhooked) : ' English' = [' English']
  gold source (expected if swap works): ' Portuguese' = [' Portuguese']
  unhooked: ' English.<|im_end|><|endoftext|><|endoftext|><|endoftext|><|endoftext|><|endoftext|>' = [' English', '.', '<|im_end|>', '<|endoftext|>', '<|endoftext|>', '<|endoftext|>', '<|endoftext|>', '<|endoftext|>']
  L19: ' English.<|im_end|><|endoftext|><|endoftext|><|endoftext|><|endoftext|><|endoftext|>' = [' English', '.', '<|im_end|>', '<|endoftext|>', '<|endoftext|>', '<|endoftext|>', '<|endoftext|>', '<|endoftext|>'] [base]
  L20: ' English.<|im_end|><|endoftext|><|endoftext|><|endoftext|><|endoftext|><|endoftext|>' = [' English', '.', '<|im_end|>', '<|endoftext|>', '<|endoftext|>', '<|endoftext|>', '<|endoftext|>', '<|endoftext|>'] [base]
  L21: ' English.<|im_end|><|endoftext|><|endoftext|><|endoftext|><|endoftext|><|endoftext|>' = [' English', '.', '<|im_end|>', '<|endoftext|>', '<|endoftext|>', '<|endoftext|>', '<|endoftext|>', '<|endoftext|>'] [base]
  L22: ' English.<|im_end|><|endoftext|><|endoftext|><|endoftext|><|endoftext|><|endoftext|>' = [' English', '.', '<|im_end|>', '<|endoftext|>', '<|endoftext|>', '<|endoftext|>', '<|endoftext|>', '<|endoftext|>'] [base]
  L23: ' Portuguese.<|im_end|><|endoftext|><|endoftext|><|endoftext|><|endoftext|><|endoftext|>' = [' Portuguese', '.', '<|im_end|>', '<|endoftext|>', '<|endoftext|>', '<|endoftext|>', '<|endoftext|>', '<|endoftext|>'] [HIT]
  L24: ' Portuguese.<|im_end|><|endoftext|>' = [' Portuguese', '.', '<|im_end|>', '<|endoftext|>'] [HIT]
  L25: ' Portuguese.<|im_end|><|endoftext|><|endoftext|><|endoftext|><|endoftext|><|endoftext|>' = [' Portuguese', '.', '<|im_end|>', '<|endoftext|>', '<|endoftext|>', '<|endoftext|>', '<|endoftext|>', '<|endoftext|>'] [HIT]
  L26: ' Portuguese.<|im_end|><|endoftext|><|endoftext|><|endoftext|><|endoftext|><|endoftext|>' = [' Portuguese', '.', '<|im_end|>', '<|endoftext|>', '<|endoftext|>', '<|endoftext|>', '<|endoftext|>', '<|endoftext|>'] [HIT]
  L27: ' Portuguese.<|im_end|><|endoftext|><|endoftext|><|endoftext|><|endoftext|><|endoftext|>' = [' Portuguese', '.', '<|im_end|>', '<|endoftext|>', '<|endoftext|>', '<|endoftext|>', '<|endoftext|>', '<|endoftext|>'] [HIT]
  L28: ' Portuguese.<|im_end|><|endoftext|><|endoftext|><|endoftext|><|endoftext|><|endoftext|>' = [' Portuguese', '.', '<|im_end|>', '<|endoftext|>', '<|endoftext|>', '<|endoftext|>', '<|endoftext|>', '<|endoftext|>'] [HIT]

row 379: base=ZM -> source=UA  template=language_prefill_v2
  question: 'What is the official language of the country shown in this flag?'
  prefill : 'The official language is'
  gold base   (expected unhooked) : ' English' = [' English']
  gold source (expected if swap works): ' Ukrainian' = [' Ukrainian']
  unhooked: ' English.<|im_end|><|endoftext|><|endoftext|><|endoftext|><|endoftext|><|endoftext|>' = [' English', '.', '<|im_end|>', '<|endoftext|>', '<|endoftext|>', '<|endoftext|>', '<|endoftext|>', '<|endoftext|>']
  L19: ' English.<|im_end|><|endoftext|><|endoftext|><|endoftext|><|endoftext|><|endoftext|>' = [' English', '.', '<|im_end|>', '<|endoftext|>', '<|endoftext|>', '<|endoftext|>', '<|endoftext|>', '<|endoftext|>'] [base]
  L20: ' English.<|im_end|><|endoftext|><|endoftext|><|endoftext|><|endoftext|><|endoftext|>' = [' English', '.', '<|im_end|>', '<|endoftext|>', '<|endoftext|>', '<|endoftext|>', '<|endoftext|>', '<|endoftext|>'] [base]
  L21: ' English.<|im_end|><|endoftext|><|endoftext|><|endoftext|><|endoftext|><|endoftext|>' = [' English', '.', '<|im_end|>', '<|endoftext|>', '<|endoftext|>', '<|endoftext|>', '<|endoftext|>', '<|endoftext|>'] [base]
  L22: ' English.<|im_end|><|endoftext|><|endoftext|><|endoftext|><|endoftext|><|endoftext|>' = [' English', '.', '<|im_end|>', '<|endoftext|>', '<|endoftext|>', '<|endoftext|>', '<|endoftext|>', '<|endoftext|>'] [base]
  L23: ' Russian.<|im_end|><|endoftext|><|endoftext|><|endoftext|><|endoftext|><|endoftext|>' = [' Russian', '.', '<|im_end|>', '<|endoftext|>', '<|endoftext|>', '<|endoftext|>', '<|endoftext|>', '<|endoftext|>'] [other]
  L24: ' Ukrainian.<|im_end|><|endoftext|>' = [' Ukrainian', '.', '<|im_end|>', '<|endoftext|>'] [HIT]
  L25: ' Ukrainian.<|im_end|><|endoftext|><|endoftext|><|endoftext|><|endoftext|><|endoftext|>' = [' Ukrainian', '.', '<|im_end|>', '<|endoftext|>', '<|endoftext|>', '<|endoftext|>', '<|endoftext|>', '<|endoftext|>'] [HIT]
  L26: ' Ukrainian.<|im_end|><|endoftext|><|endoftext|><|endoftext|><|endoftext|><|endoftext|>' = [' Ukrainian', '.', '<|im_end|>', '<|endoftext|>', '<|endoftext|>', '<|endoftext|>', '<|endoftext|>', '<|endoftext|>'] [HIT]
  L27: ' Ukrainian.<|im_end|><|endoftext|><|endoftext|><|endoftext|><|endoftext|><|endoftext|>' = [' Ukrainian', '.', '<|im_end|>', '<|endoftext|>', '<|endoftext|>', '<|endoftext|>', '<|endoftext|>', '<|endoftext|>'] [HIT]
  L28: ' Ukrainian.<|im_end|><|endoftext|><|endoftext|><|endoftext|><|endoftext|><|endoftext|>' = [' Ukrainian', '.', '<|im_end|>', '<|endoftext|>', '<|endoftext|>', '<|endoftext|>', '<|endoftext|>', '<|endoftext|>'] [HIT]

row 380: base=GT -> source=TH  template=language_prefill_v2
  question: 'What is the official language of the country shown in this flag?'
  prefill : 'The official language is'
  gold base   (expected unhooked) : ' Spanish' = [' Spanish']
  gold source (expected if swap works): ' Thai' = [' Thai']
  unhooked: ' Spanish.<|im_end|><|endoftext|><|endoftext|><|endoftext|><|endoftext|><|endoftext|>' = [' Spanish', '.', '<|im_end|>', '<|endoftext|>', '<|endoftext|>', '<|endoftext|>', '<|endoftext|>', '<|endoftext|>']
  L19: ' Spanish.<|im_end|><|endoftext|><|endoftext|><|endoftext|><|endoftext|><|endoftext|>' = [' Spanish', '.', '<|im_end|>', '<|endoftext|>', '<|endoftext|>', '<|endoftext|>', '<|endoftext|>', '<|endoftext|>'] [base]
  L20: ' Spanish.<|im_end|><|endoftext|><|endoftext|><|endoftext|><|endoftext|><|endoftext|>' = [' Spanish', '.', '<|im_end|>', '<|endoftext|>', '<|endoftext|>', '<|endoftext|>', '<|endoftext|>', '<|endoftext|>'] [base]
  L21: ' Spanish.<|im_end|><|endoftext|><|endoftext|><|endoftext|><|endoftext|><|endoftext|>' = [' Spanish', '.', '<|im_end|>', '<|endoftext|>', '<|endoftext|>', '<|endoftext|>', '<|endoftext|>', '<|endoftext|>'] [base]
  L22: ' Spanish.<|im_end|><|endoftext|><|endoftext|><|endoftext|><|endoftext|><|endoftext|>' = [' Spanish', '.', '<|im_end|>', '<|endoftext|>', '<|endoftext|>', '<|endoftext|>', '<|endoftext|>', '<|endoftext|>'] [base]
  L23: ' Spanish.<|im_end|><|endoftext|><|endoftext|><|endoftext|><|endoftext|><|endoftext|>' = [' Spanish', '.', '<|im_end|>', '<|endoftext|>', '<|endoftext|>', '<|endoftext|>', '<|endoftext|>', '<|endoftext|>'] [base]
  L24: ' Thai.<|im_end|><|endoftext|>' = [' Thai', '.', '<|im_end|>', '<|endoftext|>'] [HIT]
  L25: ' Thai.<|im_end|><|endoftext|><|endoftext|><|endoftext|><|endoftext|><|endoftext|>' = [' Thai', '.', '<|im_end|>', '<|endoftext|>', '<|endoftext|>', '<|endoftext|>', '<|endoftext|>', '<|endoftext|>'] [HIT]
  L26: ' Thai.<|im_end|><|endoftext|><|endoftext|><|endoftext|><|endoftext|><|endoftext|>' = [' Thai', '.', '<|im_end|>', '<|endoftext|>', '<|endoftext|>', '<|endoftext|>', '<|endoftext|>', '<|endoftext|>'] [HIT]
  L27: ' Thai.<|im_end|><|endoftext|><|endoftext|><|endoftext|><|endoftext|><|endoftext|>' = [' Thai', '.', '<|im_end|>', '<|endoftext|>', '<|endoftext|>', '<|endoftext|>', '<|endoftext|>', '<|endoftext|>'] [HIT]
  L28: ' Thai.<|im_end|><|endoftext|><|endoftext|><|endoftext|><|endoftext|><|endoftext|>' = [' Thai', '.', '<|im_end|>', '<|endoftext|>', '<|endoftext|>', '<|endoftext|>', '<|endoftext|>', '<|endoftext|>'] [HIT]

row 381: base=IS -> source=GR  template=language_prefill_v5
  question: 'What language is officially spoken in the country shown in this flag?'
  prefill : 'The official language is'
  gold base   (expected unhooked) : ' Icelandic' = [' Icelandic']
  gold source (expected if swap works): ' Greek' = [' Greek']
  unhooked: ' Icelandic.<|im_end|><|endoftext|><|endoftext|><|endoftext|><|endoftext|><|endoftext|>' = [' Icelandic', '.', '<|im_end|>', '<|endoftext|>', '<|endoftext|>', '<|endoftext|>', '<|endoftext|>', '<|endoftext|>']
  L19: ' Icelandic.<|im_end|><|endoftext|><|endoftext|><|endoftext|><|endoftext|><|endoftext|>' = [' Icelandic', '.', '<|im_end|>', '<|endoftext|>', '<|endoftext|>', '<|endoftext|>', '<|endoftext|>', '<|endoftext|>'] [base]
  L20: ' Icelandic.<|im_end|><|endoftext|><|endoftext|><|endoftext|><|endoftext|><|endoftext|>' = [' Icelandic', '.', '<|im_end|>', '<|endoftext|>', '<|endoftext|>', '<|endoftext|>', '<|endoftext|>', '<|endoftext|>'] [base]
  L21: ' Icelandic.<|im_end|><|endoftext|><|endoftext|><|endoftext|><|endoftext|><|endoftext|>' = [' Icelandic', '.', '<|im_end|>', '<|endoftext|>', '<|endoftext|>', '<|endoftext|>', '<|endoftext|>', '<|endoftext|>'] [base]
  L22: ' Icelandic.<|im_end|><|endoftext|><|endoftext|><|endoftext|><|endoftext|><|endoftext|>' = [' Icelandic', '.', '<|im_end|>', '<|endoftext|>', '<|endoftext|>', '<|endoftext|>', '<|endoftext|>', '<|endoftext|>'] [base]
  L23: ' Greek.<|im_end|><|endoftext|><|endoftext|><|endoftext|><|endoftext|><|endoftext|>' = [' Greek', '.', '<|im_end|>', '<|endoftext|>', '<|endoftext|>', '<|endoftext|>', '<|endoftext|>', '<|endoftext|>'] [HIT]
  L24: ' Greek.<|im_end|><|endoftext|>' = [' Greek', '.', '<|im_end|>', '<|endoftext|>'] [HIT]
  L25: ' Greek.<|im_end|><|endoftext|><|endoftext|><|endoftext|><|endoftext|><|endoftext|>' = [' Greek', '.', '<|im_end|>', '<|endoftext|>', '<|endoftext|>', '<|endoftext|>', '<|endoftext|>', '<|endoftext|>'] [HIT]
  L26: ' Greek.<|im_end|><|endoftext|><|endoftext|><|endoftext|><|endoftext|><|endoftext|>' = [' Greek', '.', '<|im_end|>', '<|endoftext|>', '<|endoftext|>', '<|endoftext|>', '<|endoftext|>', '<|endoftext|>'] [HIT]
  L27: ' Greek.<|im_end|><|endoftext|><|endoftext|><|endoftext|><|endoftext|><|endoftext|>' = [' Greek', '.', '<|im_end|>', '<|endoftext|>', '<|endoftext|>', '<|endoftext|>', '<|endoftext|>', '<|endoftext|>'] [HIT]
  L28: ' Greek.<|im_end|><|endoftext|><|endoftext|><|endoftext|><|endoftext|><|endoftext|>' = [' Greek', '.', '<|im_end|>', '<|endoftext|>', '<|endoftext|>', '<|endoftext|>', '<|endoftext|>', '<|endoftext|>'] [HIT]

row 382: base=MA -> source=GT  template=language_prefill_v6
  question: 'Name a language used in the country depicted in this image.'
  prefill : 'A language spoken there is'
  gold base   (expected unhooked) : ' Arabic' = [' Arabic']
  gold source (expected if swap works): ' Spanish' = [' Spanish']
  unhooked: ' Arabic.<|im_end|><|endoftext|><|endoftext|><|endoftext|><|endoftext|><|endoftext|>' = [' Arabic', '.', '<|im_end|>', '<|endoftext|>', '<|endoftext|>', '<|endoftext|>', '<|endoftext|>', '<|endoftext|>']
  L19: ' Arabic.<|im_end|><|endoftext|><|endoftext|><|endoftext|><|endoftext|><|endoftext|>' = [' Arabic', '.', '<|im_end|>', '<|endoftext|>', '<|endoftext|>', '<|endoftext|>', '<|endoftext|>', '<|endoftext|>'] [base]
  L20: ' Arabic.<|im_end|><|endoftext|><|endoftext|><|endoftext|><|endoftext|><|endoftext|>' = [' Arabic', '.', '<|im_end|>', '<|endoftext|>', '<|endoftext|>', '<|endoftext|>', '<|endoftext|>', '<|endoftext|>'] [base]
  L21: ' Arabic.<|im_end|><|endoftext|><|endoftext|><|endoftext|><|endoftext|><|endoftext|>' = [' Arabic', '.', '<|im_end|>', '<|endoftext|>', '<|endoftext|>', '<|endoftext|>', '<|endoftext|>', '<|endoftext|>'] [base]
  L22: ' Arabic.<|im_end|><|endoftext|><|endoftext|><|endoftext|><|endoftext|><|endoftext|>' = [' Arabic', '.', '<|im_end|>', '<|endoftext|>', '<|endoftext|>', '<|endoftext|>', '<|endoftext|>', '<|endoftext|>'] [base]
  L23: ' Spanish, as Morocco is officially a bilingual' = [' Spanish', ',', ' as', ' Morocco', ' is', ' officially', ' a', ' bilingual'] [HIT]
  L24: ' Spanish.<|im_end|><|endoftext|>' = [' Spanish', '.', '<|im_end|>', '<|endoftext|>'] [HIT]
  L25: ' Spanish, as Morocco is officially a bilingual' = [' Spanish', ',', ' as', ' Morocco', ' is', ' officially', ' a', ' bilingual'] [HIT]
  L26: ' Spanish, as Morocco is officially a bilingual' = [' Spanish', ',', ' as', ' Morocco', ' is', ' officially', ' a', ' bilingual'] [HIT]
  L27: ' Spanish, as Morocco is officially a bilingual' = [' Spanish', ',', ' as', ' Morocco', ' is', ' officially', ' a', ' bilingual'] [HIT]
  L28: ' Spanish, as Morocco is officially a bilingual' = [' Spanish', ',', ' as', ' Morocco', ' is', ' officially', ' a', ' bilingual'] [HIT]

row 383: base=ZM -> source=MA  template=language_prefill_v4
  question: 'Identify one of the official languages of the country in this image.'
  prefill : 'One official language is'
  gold base   (expected unhooked) : ' English' = [' English']
  gold source (expected if swap works): ' Arabic' = [' Arabic']
  unhooked: ' English.<|im_end|><|endoftext|><|endoftext|><|endoftext|><|endoftext|><|endoftext|>' = [' English', '.', '<|im_end|>', '<|endoftext|>', '<|endoftext|>', '<|endoftext|>', '<|endoftext|>', '<|endoftext|>']
  L19: ' English.<|im_end|><|endoftext|><|endoftext|><|endoftext|><|endoftext|><|endoftext|>' = [' English', '.', '<|im_end|>', '<|endoftext|>', '<|endoftext|>', '<|endoftext|>', '<|endoftext|>', '<|endoftext|>'] [base]
  L20: ' English.<|im_end|><|endoftext|><|endoftext|><|endoftext|><|endoftext|><|endoftext|>' = [' English', '.', '<|im_end|>', '<|endoftext|>', '<|endoftext|>', '<|endoftext|>', '<|endoftext|>', '<|endoftext|>'] [base]
  L21: ' English.<|im_end|><|endoftext|><|endoftext|><|endoftext|><|endoftext|><|endoftext|>' = [' English', '.', '<|im_end|>', '<|endoftext|>', '<|endoftext|>', '<|endoftext|>', '<|endoftext|>', '<|endoftext|>'] [base]
  L22: ' English.<|im_end|><|endoftext|><|endoftext|><|endoftext|><|endoftext|><|endoftext|>' = [' English', '.', '<|im_end|>', '<|endoftext|>', '<|endoftext|>', '<|endoftext|>', '<|endoftext|>', '<|endoftext|>'] [base]
  L23: ' Arabic.<|im_end|><|endoftext|><|endoftext|><|endoftext|><|endoftext|><|endoftext|>' = [' Arabic', '.', '<|im_end|>', '<|endoftext|>', '<|endoftext|>', '<|endoftext|>', '<|endoftext|>', '<|endoftext|>'] [HIT]
  L24: ' Arabic.<|im_end|><|endoftext|>' = [' Arabic', '.', '<|im_end|>', '<|endoftext|>'] [HIT]
  L25: ' Arabic.<|im_end|><|endoftext|><|endoftext|><|endoftext|><|endoftext|><|endoftext|>' = [' Arabic', '.', '<|im_end|>', '<|endoftext|>', '<|endoftext|>', '<|endoftext|>', '<|endoftext|>', '<|endoftext|>'] [HIT]
  L26: ' Arabic.<|im_end|><|endoftext|><|endoftext|><|endoftext|><|endoftext|><|endoftext|>' = [' Arabic', '.', '<|im_end|>', '<|endoftext|>', '<|endoftext|>', '<|endoftext|>', '<|endoftext|>', '<|endoftext|>'] [HIT]
  L27: ' Arabic.<|im_end|><|endoftext|><|endoftext|><|endoftext|><|endoftext|><|endoftext|>' = [' Arabic', '.', '<|im_end|>', '<|endoftext|>', '<|endoftext|>', '<|endoftext|>', '<|endoftext|>', '<|endoftext|>'] [HIT]
  L28: ' Doma.<|im_end|><|endoftext|><|endoftext|><|endoftext|><|endoftext|>' = [' D', 'oma', '.', '<|im_end|>', '<|endoftext|>', '<|endoftext|>', '<|endoftext|>', '<|endoftext|>'] [other]


====================================================================================================
SUMMARY: per-layer cause_hit / base_kept / other, over 384 rows
====================================================================================================
 layer        cause_hit        base_kept        other
    19     8/384 (  2.1%)   356/384 ( 92.7%)    20 (  5.2%)
    20     8/384 (  2.1%)   354/384 ( 92.2%)    22 (  5.7%)
    21     8/384 (  2.1%)   356/384 ( 92.7%)    20 (  5.2%)
    22    29/384 (  7.6%)   327/384 ( 85.2%)    28 (  7.3%)
    23   267/384 ( 69.5%)    82/384 ( 21.4%)    35 (  9.1%)
    24   384/384 (100.0%)     0/384 (  0.0%)     0 (  0.0%)
    25   384/384 (100.0%)     0/384 (  0.0%)     0 (  0.0%)
    26   384/384 (100.0%)     0/384 (  0.0%)     0 (  0.0%)
    27   384/384 (100.0%)     0/384 (  0.0%)     0 (  0.0%)
    28   367/384 ( 95.6%)     0/384 (  0.0%)    17 (  4.4%)
