flags/language @ last_token, residual site, full source swap, layers 19-28
n_rows=384 (seed=0), batch_size=16, max_new_tokens=8
Generated 2026-09-13T09:45:48Z

FULL PER-ROW LOG: flags/language @ last_token, residual, full source swap, n_rows=384, layers=[19, 20, 21, 22, 23, 24, 25, 26, 27, 28]
====================================================================================================

row 0: base=MA (gold='Arabic') -> source=BY (gold='Belarusian')  template=language_prefill_v6
  question: 'Name a language used in the country depicted in this image.'
  prefill : 'A language spoken there is'
  unhooked: ' Arabic.'
  L19: ' Arabic.'                                [base]
  L20: ' Arabic.'                                [base]
  L21: ' Arabic.'                                [base]
  L22: ' Moroccan Arabic, also known as Dari'    [other]
  L23: ' Russian.'                               [other]
  L24: ' Belarusian.'                            [HIT]
  L25: ' Belarusian.'                            [HIT]
  L26: ' Belarusian.'                            [HIT]
  L27: ' Belarusian.'                            [HIT]
  L28: ' Belarusian.'                            [HIT]

row 1: base=MU (gold='French') -> source=GR (gold='Greek')  template=language_prefill_v1
  question: 'Name an official language of the country in this image.'
  prefill : 'One official language is'
  unhooked: ' French.'
  L19: ' French.'                                [base]
  L20: ' French.'                                [base]
  L21: ' French.'                                [base]
  L22: ' French.'                                [base]
  L23: ' Greek.'                                 [HIT]
  L24: ' Greek.'                                 [HIT]
  L25: ' Greek.'                                 [HIT]
  L26: ' Greek.'                                 [HIT]
  L27: ' Greek.'                                 [HIT]
  L28: ' Greek.'                                 [HIT]

row 2: base=AR (gold='Guaraní') -> source=GR (gold='Greek')  template=language_prefill_v6
  question: 'Name a language used in the country depicted in this image.'
  prefill : 'A language spoken there is'
  unhooked: ' Spanish.'
  L19: ' Spanish.'                               [other]
  L20: ' Spanish.'                               [other]
  L21: ' Spanish.'                               [other]
  L22: ' Spanish.'                               [other]
  L23: ' Spanish.'                               [other]
  L24: ' Greek.'                                 [HIT]
  L25: ' Greek.'                                 [HIT]
  L26: ' Greek.'                                 [HIT]
  L27: ' Greek.'                                 [HIT]
  L28: ' Greek.'                                 [HIT]

row 3: base=GR (gold='Greek') -> source=SA (gold='Arabic')  template=language_prefill_v3
  question: 'Tell me a language spoken in the country in this image.'
  prefill : 'A language spoken there is'
  unhooked: ' Greek.'
  L19: ' Greek.'                                 [base]
  L20: ' Greek.'                                 [base]
  L21: ' Greek.'                                 [base]
  L22: ' Greek.'                                 [base]
  L23: ' Arabic.'                                [HIT]
  L24: ' Arabic.'                                [HIT]
  L25: ' Arabic.'                                [HIT]
  L26: ' Arabic.'                                [HIT]
  L27: ' Arabic.'                                [HIT]
  L28: ' Arabic.'                                [HIT]

row 4: base=PY (gold='Spanish') -> source=IN (gold='Hindi')  template=language_prefill_v3
  question: 'Tell me a language spoken in the country in this image.'
  prefill : 'A language spoken there is'
  unhooked: ' Spanish, which is the official language of'
  L19: ' Spanish, which is the official language of' [base]
  L20: ' Spanish, which is the official language of' [base]
  L21: ' Spanish, which is the official language of' [base]
  L22: ' Spanish.'                               [base]
  L23: ' Hindi.'                                 [HIT]
  L24: ' Hindi.'                                 [HIT]
  L25: ' Hindi.'                                 [HIT]
  L26: ' Hindi.'                                 [HIT]
  L27: ' Hindi.'                                 [HIT]
  L28: ' Hindi.'                                 [HIT]

row 5: base=PT (gold='Portuguese') -> source=PY (gold='Spanish')  template=language_prefill_v3
  question: 'Tell me a language spoken in the country in this image.'
  prefill : 'A language spoken there is'
  unhooked: ' Portuguese.'
  L19: ' Portuguese.'                            [base]
  L20: ' Portuguese.'                            [base]
  L21: ' Portuguese.'                            [base]
  L22: ' Portuguese.'                            [base]
  L23: ' Portuguese.'                            [base]
  L24: ' Spanish.'                               [HIT]
  L25: ' Spanish.'                               [HIT]
  L26: ' Spanish.'                               [HIT]
  L27: ' Spanish.'                               [HIT]
  L28: ' Tatar.'                                 [other]

row 6: base=MA (gold='Arabic') -> source=SE (gold='Swedish')  template=language_prefill_v1
  question: 'Name an official language of the country in this image.'
  prefill : 'One official language is'
  unhooked: ' Arabic.'
  L19: ' Arabic.'                                [base]
  L20: ' Arabic.'                                [base]
  L21: ' Arabic.'                                [base]
  L22: ' Arabic.'                                [base]
  L23: ' Swedish.'                               [HIT]
  L24: ' Swedish.'                               [HIT]
  L25: ' Swedish.'                               [HIT]
  L26: ' Swedish.'                               [HIT]
  L27: ' Swedish.'                               [HIT]
  L28: ' Swedish.'                               [HIT]

row 7: base=HN (gold='Spanish') -> source=GH (gold='English')  template=language_prefill_v1
  question: 'Name an official language of the country in this image.'
  prefill : 'One official language is'
  unhooked: ' Spanish.'
  L19: ' Spanish.'                               [base]
  L20: ' Spanish.'                               [base]
  L21: ' Spanish.'                               [base]
  L22: ' Spanish.'                               [base]
  L23: ' English.'                               [HIT]
  L24: ' English.'                               [HIT]
  L25: ' English.'                               [HIT]
  L26: ' English.'                               [HIT]
  L27: ' English.'                               [HIT]
  L28: ' English.'                               [HIT]

row 8: base=PT (gold='Portuguese') -> source=GT (gold='Spanish')  template=language_prefill_v5
  question: 'What language is officially spoken in the country shown in this flag?'
  prefill : 'The official language is'
  unhooked: ' Portuguese.'
  L19: ' Portuguese.'                            [base]
  L20: ' Portuguese. The flag in the image is'   [base]
  L21: ' Portuguese. The flag in the image is'   [base]
  L22: ' Portuguese. The flag in the image is'   [base]
  L23: ' Portuguese.'                            [base]
  L24: ' Spanish.'                               [HIT]
  L25: ' Spanish.'                               [HIT]
  L26: ' Spanish.'                               [HIT]
  L27: ' Spanish.'                               [HIT]
  L28: ' Spanish.'                               [HIT]

row 9: base=IS (gold='Icelandic') -> source=FI (gold='Finnish')  template=language_prefill_v3
  question: 'Tell me a language spoken in the country in this image.'
  prefill : 'A language spoken there is'
  unhooked: ' Icelandic.'
  L19: ' Icelandic.'                             [base]
  L20: ' Icelandic.'                             [base]
  L21: ' Icelandic.'                             [base]
  L22: ' Icelandic.'                             [base]
  L23: ' Finnish.'                               [HIT]
  L24: ' Finnish.'                               [HIT]
  L25: ' Finnish.'                               [HIT]
  L26: ' Finnish.'                               [HIT]
  L27: ' Finnish.'                               [HIT]
  L28: ' Finnish.'                               [HIT]

row 10: base=SE (gold='Swedish') -> source=PY (gold='Spanish')  template=language_prefill_v6
  question: 'Name a language used in the country depicted in this image.'
  prefill : 'A language spoken there is'
  unhooked: ' Swedish.'
  L19: ' Swedish.'                               [base]
  L20: ' Swedish.'                               [base]
  L21: ' Swedish.'                               [base]
  L22: ' Swedish.'                               [base]
  L23: ' Swedish.'                               [base]
  L24: ' Spanish.'                               [HIT]
  L25: ' Spanish.'                               [HIT]
  L26: ' Spanish.'                               [HIT]
  L27: ' Spanish.'                               [HIT]
  L28: ' Spanish.'                               [HIT]

row 11: base=GH (gold='English') -> source=GT (gold='Spanish')  template=language_prefill_v1
  question: 'Name an official language of the country in this image.'
  prefill : 'One official language is'
  unhooked: ' English.'
  L19: ' English.'                               [base]
  L20: ' English.'                               [base]
  L21: ' English.'                               [base]
  L22: ' English.'                               [base]
  L23: ' Spanish.'                               [HIT]
  L24: ' Spanish.'                               [HIT]
  L25: ' Spanish.'                               [HIT]
  L26: ' Spanish.'                               [HIT]
  L27: ' Spanish.'                               [HIT]
  L28: ' Spanish.'                               [HIT]

row 12: base=PY (gold='Spanish') -> source=FI (gold='Finnish')  template=language_prefill_v4
  question: 'Identify one of the official languages of the country in this image.'
  prefill : 'One official language is'
  unhooked: ' Spanish.'
  L19: ' Spanish.'                               [base]
  L20: ' Spanish.'                               [base]
  L21: ' Spanish.'                               [base]
  L22: ' Spanish.'                               [base]
  L23: ' Finnish.'                               [HIT]
  L24: ' Finnish.'                               [HIT]
  L25: ' Finnish.'                               [HIT]
  L26: ' Finnish.'                               [HIT]
  L27: ' Finnish.'                               [HIT]
  L28: ' Finnish.'                               [HIT]

row 13: base=CM (gold='French') -> source=PY (gold='Spanish')  template=language_prefill_v1
  question: 'Name an official language of the country in this image.'
  prefill : 'One official language is'
  unhooked: ' French.'
  L19: ' French.'                                [base]
  L20: ' French.'                                [base]
  L21: ' French.'                                [base]
  L22: ' French.'                                [base]
  L23: ' Spanish.'                               [HIT]
  L24: ' Spanish.'                               [HIT]
  L25: ' Spanish.'                               [HIT]
  L26: ' Spanish.'                               [HIT]
  L27: ' Spanish.'                               [HIT]
  L28: ' Spanish.'                               [HIT]

row 14: base=GT (gold='Spanish') -> source=MA (gold='Arabic')  template=language_prefill_v5
  question: 'What language is officially spoken in the country shown in this flag?'
  prefill : 'The official language is'
  unhooked: ' Spanish.'
  L19: ' Spanish.'                               [base]
  L20: ' Spanish.'                               [base]
  L21: ' Spanish.'                               [base]
  L22: ' Spanish.'                               [base]
  L23: ' Arabic.'                                [HIT]
  L24: ' Arabic.'                                [HIT]
  L25: ' Arabic.'                                [HIT]
  L26: ' Arabic.'                                [HIT]
  L27: ' Arabic.'                                [HIT]
  L28: ' Arabic.'                                [HIT]

row 15: base=CM (gold='French') -> source=PY (gold='Spanish')  template=language_prefill_v3
  question: 'Tell me a language spoken in the country in this image.'
  prefill : 'A language spoken there is'
  unhooked: ' French, as it is one of the'
  L19: ' French, as it is one of the'            [base]
  L20: ' French, as it is one of the'            [base]
  L21: ' French, as it is one of the'            [base]
  L22: ' French, as it is one of the'            [base]
  L23: ' Spanish.'                               [HIT]
  L24: ' Spanish.'                               [HIT]
  L25: ' Spanish.'                               [HIT]
  L26: ' Spanish.'                               [HIT]
  L27: ' Spanish.'                               [HIT]
  L28: ' Tshiluba, which is one'                 [other]

row 16: base=CL (gold='Spanish') -> source=AO (gold='Portuguese')  template=language_prefill_v5
  question: 'What language is officially spoken in the country shown in this flag?'
  prefill : 'The official language is'
  unhooked: ' Spanish. The flag in the image is'
  L19: ' Spanish. The flag in the image is'      [base]
  L20: ' Spanish. The flag in the image is'      [base]
  L21: ' Spanish. The flag in the image is'      [base]
  L22: ' Spanish. The flag in the image is'      [base]
  L23: ' Portuguese. The flag in the image is'   [HIT]
  L24: ' Portuguese. The flag in the image is'   [HIT]
  L25: ' Portuguese. The flag in the image is'   [HIT]
  L26: ' Portuguese. The flag in the image is'   [HIT]
  L27: ' Portuguese. The flag in the image is'   [HIT]
  L28: ' Portuguese. The flag in the image is'   [HIT]

row 17: base=TH (gold='Thai') -> source=SE (gold='Swedish')  template=language_prefill_v5
  question: 'What language is officially spoken in the country shown in this flag?'
  prefill : 'The official language is'
  unhooked: ' Thai.'
  L19: ' Thai.'                                  [base]
  L20: ' Thai.'                                  [base]
  L21: ' Thai.'                                  [base]
  L22: ' Swedish.'                               [HIT]
  L23: ' Swedish.'                               [HIT]
  L24: ' Swedish.'                               [HIT]
  L25: ' Swedish.'                               [HIT]
  L26: ' Swedish.'                               [HIT]
  L27: ' Swedish.'                               [HIT]
  L28: ' Swedish.'                               [HIT]

row 18: base=GR (gold='Greek') -> source=IS (gold='Icelandic')  template=language_prefill_v3
  question: 'Tell me a language spoken in the country in this image.'
  prefill : 'A language spoken there is'
  unhooked: ' Greek.'
  L19: ' Greek.'                                 [base]
  L20: ' Greek.'                                 [base]
  L21: ' Greek.'                                 [base]
  L22: ' Greek.'                                 [base]
  L23: ' Greek.'                                 [base]
  L24: ' Icelandic.'                             [HIT]
  L25: ' Icelandic.'                             [HIT]
  L26: ' Icelandic.'                             [HIT]
  L27: ' Icelandic.'                             [HIT]
  L28: ' Icelandic.'                             [HIT]

row 19: base=SA (gold='Arabic') -> source=CL (gold='Spanish')  template=language_prefill_v4
  question: 'Identify one of the official languages of the country in this image.'
  prefill : 'One official language is'
  unhooked: ' Arabic.'
  L19: ' Arabic.'                                [base]
  L20: ' Arabic.'                                [base]
  L21: ' Arabic.'                                [base]
  L22: ' Arabic.'                                [base]
  L23: ' Spanish.'                               [HIT]
  L24: ' Spanish.'                               [HIT]
  L25: ' Spanish.'                               [HIT]
  L26: ' Spanish.'                               [HIT]
  L27: ' Spanish.'                               [HIT]
  L28: ' Spanish.'                               [HIT]

row 20: base=VN (gold='Vietnamese') -> source=PY (gold='Spanish')  template=language_prefill_v1
  question: 'Name an official language of the country in this image.'
  prefill : 'One official language is'
  unhooked: ' Vietnamese.'
  L19: ' Vietnamese.'                            [base]
  L20: ' Vietnamese.'                            [base]
  L21: ' Vietnamese.'                            [base]
  L22: ' Vietnamese.'                            [base]
  L23: ' Vietnamese.'                            [base]
  L24: ' Spanish.'                               [HIT]
  L25: ' Spanish.'                               [HIT]
  L26: ' Spanish.'                               [HIT]
  L27: ' Spanish.'                               [HIT]
  L28: ' Spanish.'                               [HIT]

row 21: base=TH (gold='Thai') -> source=GR (gold='Greek')  template=language_prefill_v2
  question: 'What is the official language of the country shown in this flag?'
  prefill : 'The official language is'
  unhooked: ' Thai.'
  L19: ' Thai.'                                  [base]
  L20: ' Thai.'                                  [base]
  L21: ' Thai.'                                  [base]
  L22: ' Greek.'                                 [HIT]
  L23: ' Greek.'                                 [HIT]
  L24: ' Greek.'                                 [HIT]
  L25: ' Greek.'                                 [HIT]
  L26: ' Greek.'                                 [HIT]
  L27: ' Greek.'                                 [HIT]
  L28: ' Greek.'                                 [HIT]

row 22: base=CM (gold='French') -> source=VN (gold='Vietnamese')  template=language_prefill_v2
  question: 'What is the official language of the country shown in this flag?'
  prefill : 'The official language is'
  unhooked: ' French.'
  L19: ' French.'                                [base]
  L20: ' French.'                                [base]
  L21: ' French.'                                [base]
  L22: ' French.'                                [base]
  L23: ' Vietnamese.'                            [HIT]
  L24: ' Vietnamese.'                            [HIT]
  L25: ' Vietnamese.'                            [HIT]
  L26: ' Vietnamese.'                            [HIT]
  L27: ' Vietnamese.'                            [HIT]
  L28: ' Vietnamese.'                            [HIT]

row 23: base=HN (gold='Spanish') -> source=MU (gold='French')  template=language_prefill_v1
  question: 'Name an official language of the country in this image.'
  prefill : 'One official language is'
  unhooked: ' Spanish.'
  L19: ' Spanish.'                               [base]
  L20: ' Spanish.'                               [base]
  L21: ' Spanish.'                               [base]
  L22: ' Spanish.'                               [base]
  L23: ' Spanish.'                               [base]
  L24: ' French.'                                [HIT]
  L25: ' French.'                                [HIT]
  L26: ' French.'                                [HIT]
  L27: ' French.'                                [HIT]
  L28: ' French.'                                [HIT]

row 24: base=CL (gold='Spanish') -> source=CV (gold='Portuguese')  template=language_prefill_v3
  question: 'Tell me a language spoken in the country in this image.'
  prefill : 'A language spoken there is'
  unhooked: ' Spanish.'
  L19: ' Spanish.'                               [base]
  L20: ' Spanish.'                               [base]
  L21: ' Spanish.'                               [base]
  L22: ' Spanish.'                               [base]
  L23: ' Portuguese, as it is the official language' [HIT]
  L24: ' Portuguese, as the flag depicted is that' [HIT]
  L25: ' Portuguese.'                            [HIT]
  L26: ' Portuguese, as it is the official language' [HIT]
  L27: ' Portuguese, as the flag depicted is that' [HIT]
  L28: ' Bilingual Spanish and Aymara.'          [other]

row 25: base=ZM (gold='English') -> source=MX (gold='Spanish')  template=language_prefill_v2
  question: 'What is the official language of the country shown in this flag?'
  prefill : 'The official language is'
  unhooked: ' English.'
  L19: ' English.'                               [base]
  L20: ' English.'                               [base]
  L21: ' English.'                               [base]
  L22: ' Spanish.'                               [HIT]
  L23: ' Spanish.'                               [HIT]
  L24: ' Spanish.'                               [HIT]
  L25: ' Spanish.'                               [HIT]
  L26: ' Spanish.'                               [HIT]
  L27: ' Spanish.'                               [HIT]
  L28: ' Spanish.'                               [HIT]

row 26: base=BY (gold='Belarusian') -> source=HN (gold='Spanish')  template=language_prefill_v5
  question: 'What language is officially spoken in the country shown in this flag?'
  prefill : 'The official language is'
  unhooked: ' Belarusian.'
  L19: ' Belarusian.'                            [base]
  L20: ' Belarusian.'                            [base]
  L21: ' Belarusian.'                            [base]
  L22: ' Belarusian.'                            [base]
  L23: ' Spanish.'                               [HIT]
  L24: ' Spanish.'                               [HIT]
  L25: ' Spanish.'                               [HIT]
  L26: ' Spanish.'                               [HIT]
  L27: ' Spanish.'                               [HIT]
  L28: ' Spanish.'                               [HIT]

row 27: base=VN (gold='Vietnamese') -> source=AO (gold='Portuguese')  template=language_prefill_v6
  question: 'Name a language used in the country depicted in this image.'
  prefill : 'A language spoken there is'
  unhooked: ' Vietnamese.'
  L19: ' Vietnamese.'                            [base]
  L20: ' Vietnamese.'                            [base]
  L21: ' Vietnamese.'                            [base]
  L22: ' Vietnamese.'                            [base]
  L23: ' Vietnamese.'                            [base]
  L24: ' Portuguese.'                            [HIT]
  L25: ' Portuguese.'                            [HIT]
  L26: ' Portuguese, as the flag depicted is that' [HIT]
  L27: ' Portuguese.'                            [HIT]
  L28: ' Portuguese, as the flag depicted is that' [HIT]

row 28: base=IN (gold='Hindi') -> source=FI (gold='Finnish')  template=language_prefill_v3
  question: 'Tell me a language spoken in the country in this image.'
  prefill : 'A language spoken there is'
  unhooked: ' Hindi, which is one of the official'
  L19: ' Hindi, which is one of the official'    [base]
  L20: ' Hindi, which is one of the official'    [base]
  L21: ' Hindi, which is one of the official'    [base]
  L22: ' Hindi, which is one of the official'    [base]
  L23: ' Finnish.'                               [HIT]
  L24: ' Finnish.'                               [HIT]
  L25: ' Finnish.'                               [HIT]
  L26: ' Finnish.'                               [HIT]
  L27: ' Finnish.'                               [HIT]
  L28: ' Finnish.'                               [HIT]

row 29: base=PT (gold='Portuguese') -> source=FI (gold='Finnish')  template=language_prefill_v2
  question: 'What is the official language of the country shown in this flag?'
  prefill : 'The official language is'
  unhooked: ' Portuguese.'
  L19: ' Portuguese.'                            [base]
  L20: ' Portuguese.'                            [base]
  L21: ' Portuguese.'                            [base]
  L22: ' Portuguese.'                            [base]
  L23: ' Portuguese.'                            [base]
  L24: ' Finnish.'                               [HIT]
  L25: ' Finnish.'                               [HIT]
  L26: ' Finnish.'                               [HIT]
  L27: ' Finnish.'                               [HIT]
  L28: ' Finnish.'                               [HIT]

row 30: base=SE (gold='Swedish') -> source=AO (gold='Portuguese')  template=language_prefill_v1
  question: 'Name an official language of the country in this image.'
  prefill : 'One official language is'
  unhooked: ' Swedish.'
  L19: ' Swedish.'                               [base]
  L20: ' Swedish.'                               [base]
  L21: ' Swedish.'                               [base]
  L22: ' Swedish.'                               [base]
  L23: ' Portuguese.'                            [HIT]
  L24: ' Portuguese.'                            [HIT]
  L25: ' Portuguese.'                            [HIT]
  L26: ' Portuguese.'                            [HIT]
  L27: ' Portuguese.'                            [HIT]
  L28: ' Portuguese.'                            [HIT]

row 31: base=CL (gold='Spanish') -> source=FI (gold='Finnish')  template=language_prefill_v5
  question: 'What language is officially spoken in the country shown in this flag?'
  prefill : 'The official language is'
  unhooked: ' Spanish. The flag in the image is'
  L19: ' Spanish. The flag in the image is'      [base]
  L20: ' Spanish. The flag in the image is'      [base]
  L21: ' Spanish. The flag in the image is'      [base]
  L22: ' Spanish. The flag in the image is'      [base]
  L23: ' Finnish.'                               [HIT]
  L24: ' Finnish.'                               [HIT]
  L25: ' Finnish.'                               [HIT]
  L26: ' Finnish.'                               [HIT]
  L27: ' Finnish.'                               [HIT]
  L28: ' Finnish.'                               [HIT]

row 32: base=IS (gold='Icelandic') -> source=CL (gold='Spanish')  template=language_prefill_v4
  question: 'Identify one of the official languages of the country in this image.'
  prefill : 'One official language is'
  unhooked: ' Icelandic.'
  L19: ' Icelandic.'                             [base]
  L20: ' Icelandic.'                             [base]
  L21: ' Icelandic.'                             [base]
  L22: ' Icelandic.'                             [base]
  L23: ' Spanish.'                               [HIT]
  L24: ' Spanish.'                               [HIT]
  L25: ' Spanish.'                               [HIT]
  L26: ' Spanish.'                               [HIT]
  L27: ' Spanish.'                               [HIT]
  L28: ' Spanish.'                               [HIT]

row 33: base=MU (gold='French') -> source=SE (gold='Swedish')  template=language_prefill_v3
  question: 'Tell me a language spoken in the country in this image.'
  prefill : 'A language spoken there is'
  unhooked: ' Mauritian Creole, which is an'
  L19: ' Mauritian Creole, which is an'          [other]
  L20: ' Mauritian Creole, which is widely'      [other]
  L21: ' French.'                                [base]
  L22: ' Swedish.'                               [HIT]
  L23: ' Swedish.'                               [HIT]
  L24: ' Swedish.'                               [HIT]
  L25: ' Swedish.'                               [HIT]
  L26: ' Swedish.'                               [HIT]
  L27: ' Swedish.'                               [HIT]
  L28: ' Swedish.'                               [HIT]

row 34: base=HN (gold='Spanish') -> source=SE (gold='Swedish')  template=language_prefill_v4
  question: 'Identify one of the official languages of the country in this image.'
  prefill : 'One official language is'
  unhooked: ' Spanish.'
  L19: ' Spanish.'                               [base]
  L20: ' Spanish.'                               [base]
  L21: ' Spanish.'                               [base]
  L22: ' Spanish.'                               [base]
  L23: ' Swedish.'                               [HIT]
  L24: ' Swedish.'                               [HIT]
  L25: ' Swedish.'                               [HIT]
  L26: ' Swedish.'                               [HIT]
  L27: ' Swedish.'                               [HIT]
  L28: ' Swedish.'                               [HIT]

row 35: base=TH (gold='Thai') -> source=MU (gold='French')  template=language_prefill_v4
  question: 'Identify one of the official languages of the country in this image.'
  prefill : 'One official language is'
  unhooked: ' Thai.'
  L19: ' Thai.'                                  [base]
  L20: ' Thai.'                                  [base]
  L21: ' Thai.'                                  [base]
  L22: ' Thai.'                                  [base]
  L23: ' French.'                                [HIT]
  L24: ' French.'                                [HIT]
  L25: ' French.'                                [HIT]
  L26: ' French.'                                [HIT]
  L27: ' French.'                                [HIT]
  L28: ' French.'                                [HIT]

row 36: base=UA (gold='Ukrainian') -> source=IS (gold='Icelandic')  template=language_prefill_v4
  question: 'Identify one of the official languages of the country in this image.'
  prefill : 'One official language is'
  unhooked: ' Ukrainian.'
  L19: ' Ukrainian.'                             [base]
  L20: ' Ukrainian.'                             [base]
  L21: ' Ukrainian.'                             [base]
  L22: ' Ukrainian.'                             [base]
  L23: ' Icelandic.'                             [HIT]
  L24: ' Icelandic.'                             [HIT]
  L25: ' Icelandic.'                             [HIT]
  L26: ' Icelandic.'                             [HIT]
  L27: ' Icelandic.'                             [HIT]
  L28: ' Icelandic.'                             [HIT]

row 37: base=FI (gold='Finnish') -> source=UA (gold='Ukrainian')  template=language_prefill_v2
  question: 'What is the official language of the country shown in this flag?'
  prefill : 'The official language is'
  unhooked: ' Finnish.'
  L19: ' Finnish.'                               [base]
  L20: ' Finnish.'                               [base]
  L21: ' Finnish.'                               [base]
  L22: ' Finnish.'                               [base]
  L23: ' Finnish.'                               [base]
  L24: ' Ukrainian.'                             [HIT]
  L25: ' Ukrainian.'                             [HIT]
  L26: ' Ukrainian.'                             [HIT]
  L27: ' Ukrainian.'                             [HIT]
  L28: ' Ukrainian.'                             [HIT]

row 38: base=SA (gold='Arabic') -> source=SE (gold='Swedish')  template=language_prefill_v6
  question: 'Name a language used in the country depicted in this image.'
  prefill : 'A language spoken there is'
  unhooked: ' Arabic.'
  L19: ' Arabic.'                                [base]
  L20: ' Arabic.'                                [base]
  L21: ' Arabic.'                                [base]
  L22: ' Arabic.'                                [base]
  L23: ' Swedish.'                               [HIT]
  L24: ' Swedish.'                               [HIT]
  L25: ' Swedish.'                               [HIT]
  L26: ' Swedish.'                               [HIT]
  L27: ' Swedish.'                               [HIT]
  L28: ' Swedish.'                               [HIT]

row 39: base=PT (gold='Portuguese') -> source=GT (gold='Spanish')  template=language_prefill_v6
  question: 'Name a language used in the country depicted in this image.'
  prefill : 'A language spoken there is'
  unhooked: ' Portuguese.'
  L19: ' Portuguese.'                            [base]
  L20: ' Portuguese.'                            [base]
  L21: ' Portuguese.'                            [base]
  L22: ' Portuguese.'                            [base]
  L23: ' Portuguese.'                            [base]
  L24: ' Spanish.'                               [HIT]
  L25: ' Spanish.'                               [HIT]
  L26: ' Spanish.'                               [HIT]
  L27: ' Spanish.'                               [HIT]
  L28: ' Spanish.'                               [HIT]

row 40: base=MX (gold='Spanish') -> source=CM (gold='French')  template=language_prefill_v2
  question: 'What is the official language of the country shown in this flag?'
  prefill : 'The official language is'
  unhooked: ' Spanish.'
  L19: ' Spanish.'                               [base]
  L20: ' Spanish.'                               [base]
  L21: ' Spanish.'                               [base]
  L22: ' Spanish.'                               [base]
  L23: ' French.'                                [HIT]
  L24: ' French.'                                [HIT]
  L25: ' French.'                                [HIT]
  L26: ' French.'                                [HIT]
  L27: ' French.'                                [HIT]
  L28: ' French.'                                [HIT]

row 41: base=PY (gold='Spanish') -> source=SE (gold='Swedish')  template=language_prefill_v4
  question: 'Identify one of the official languages of the country in this image.'
  prefill : 'One official language is'
  unhooked: ' Spanish.'
  L19: ' Spanish.'                               [base]
  L20: ' Spanish.'                               [base]
  L21: ' Spanish.'                               [base]
  L22: ' Spanish.'                               [base]
  L23: ' Swedish.'                               [HIT]
  L24: ' Swedish.'                               [HIT]
  L25: ' Swedish.'                               [HIT]
  L26: ' Swedish.'                               [HIT]
  L27: ' Swedish.'                               [HIT]
  L28: ' Swedish.'                               [HIT]

row 42: base=GR (gold='Greek') -> source=SE (gold='Swedish')  template=language_prefill_v3
  question: 'Tell me a language spoken in the country in this image.'
  prefill : 'A language spoken there is'
  unhooked: ' Greek.'
  L19: ' Greek.'                                 [base]
  L20: ' Greek.'                                 [base]
  L21: ' Greek.'                                 [base]
  L22: ' Greek.'                                 [base]
  L23: ' Swedish.'                               [HIT]
  L24: ' Swedish.'                               [HIT]
  L25: ' Swedish.'                               [HIT]
  L26: ' Swedish.'                               [HIT]
  L27: ' Swedish.'                               [HIT]
  L28: ' Swedish.'                               [HIT]

row 43: base=BY (gold='Belarusian') -> source=AO (gold='Portuguese')  template=language_prefill_v4
  question: 'Identify one of the official languages of the country in this image.'
  prefill : 'One official language is'
  unhooked: ' Belarusian.'
  L19: ' Belarusian.'                            [base]
  L20: ' Belarusian.'                            [base]
  L21: ' Belarusian.'                            [base]
  L22: ' Belarusian.'                            [base]
  L23: ' Portuguese.'                            [HIT]
  L24: ' Portuguese.'                            [HIT]
  L25: ' Portuguese.'                            [HIT]
  L26: ' Portuguese.'                            [HIT]
  L27: ' Portuguese.'                            [HIT]
  L28: ' Portuguese.'                            [HIT]

row 44: base=SA (gold='Arabic') -> source=PT (gold='Portuguese')  template=language_prefill_v2
  question: 'What is the official language of the country shown in this flag?'
  prefill : 'The official language is'
  unhooked: ' Arabic.'
  L19: ' Arabic.'                                [base]
  L20: ' Arabic.'                                [base]
  L21: ' Arabic.'                                [base]
  L22: ' Arabic.'                                [base]
  L23: ' Portuguese.'                            [HIT]
  L24: ' Portuguese.'                            [HIT]
  L25: ' Portuguese.'                            [HIT]
  L26: ' Portuguese.'                            [HIT]
  L27: ' Portuguese.'                            [HIT]
  L28: ' Portuguese.'                            [HIT]

row 45: base=AO (gold='Portuguese') -> source=IS (gold='Icelandic')  template=language_prefill_v6
  question: 'Name a language used in the country depicted in this image.'
  prefill : 'A language spoken there is'
  unhooked: ' Portuguese, as Angola was a Portuguese colony'
  L19: ' Portuguese, as Angola was a Portuguese colony' [base]
  L20: ' Portuguese, as Angola was a Portuguese colony' [base]
  L21: ' Portuguese, as Angola was a Portuguese colony' [base]
  L22: ' Portuguese, as Angola was a Portuguese colony' [base]
  L23: ' Icelandic.'                             [HIT]
  L24: ' Icelandic.'                             [HIT]
  L25: ' Icelandic.'                             [HIT]
  L26: ' Icelandic.'                             [HIT]
  L27: ' Icelandic.'                             [HIT]
  L28: ' Icelandic.'                             [HIT]

row 46: base=BY (gold='Belarusian') -> source=ZM (gold='English')  template=language_prefill_v4
  question: 'Identify one of the official languages of the country in this image.'
  prefill : 'One official language is'
  unhooked: ' Belarusian.'
  L19: ' Belarusian.'                            [base]
  L20: ' Belarusian.'                            [base]
  L21: ' Belarusian.'                            [base]
  L22: ' Belarusian.'                            [base]
  L23: ' English.'                               [HIT]
  L24: ' English.'                               [HIT]
  L25: ' English.'                               [HIT]
  L26: ' English.'                               [HIT]
  L27: ' English.'                               [HIT]
  L28: ' English.'                               [HIT]

row 47: base=ZM (gold='English') -> source=CV (gold='Portuguese')  template=language_prefill_v2
  question: 'What is the official language of the country shown in this flag?'
  prefill : 'The official language is'
  unhooked: ' English.'
  L19: ' English.'                               [base]
  L20: ' English.'                               [base]
  L21: ' English.'                               [base]
  L22: ' English.'                               [base]
  L23: ' Portuguese.'                            [HIT]
  L24: ' Portuguese.'                            [HIT]
  L25: ' Portuguese.'                            [HIT]
  L26: ' Portuguese.'                            [HIT]
  L27: ' Portuguese.'                            [HIT]
  L28: ' Portuguese.'                            [HIT]

row 48: base=MA (gold='Arabic') -> source=IS (gold='Icelandic')  template=language_prefill_v4
  question: 'Identify one of the official languages of the country in this image.'
  prefill : 'One official language is'
  unhooked: ' Arabic.'
  L19: ' Arabic.'                                [base]
  L20: ' Arabic.'                                [base]
  L21: ' Arabic.'                                [base]
  L22: ' Moroccan Arabic (Darija).'              [other]
  L23: ' Icelandic.'                             [HIT]
  L24: ' Icelandic.'                             [HIT]
  L25: ' Icelandic.'                             [HIT]
  L26: ' Icelandic.'                             [HIT]
  L27: ' Icelandic.'                             [HIT]
  L28: ' Icelandic.'                             [HIT]

row 49: base=VN (gold='Vietnamese') -> source=TH (gold='Thai')  template=language_prefill_v4
  question: 'Identify one of the official languages of the country in this image.'
  prefill : 'One official language is'
  unhooked: ' Vietnamese.'
  L19: ' Vietnamese.'                            [base]
  L20: ' Vietnamese.'                            [base]
  L21: ' Vietnamese.'                            [base]
  L22: ' Vietnamese.'                            [base]
  L23: ' Vietnamese.'                            [base]
  L24: ' Thai.'                                  [HIT]
  L25: ' Thai.'                                  [HIT]
  L26: ' Thai.'                                  [HIT]
  L27: ' Thai.'                                  [HIT]
  L28: ' Thai.'                                  [HIT]

row 50: base=UG (gold='English') -> source=IS (gold='Icelandic')  template=language_prefill_v1
  question: 'Name an official language of the country in this image.'
  prefill : 'One official language is'
  unhooked: ' English.'
  L19: ' English.'                               [base]
  L20: ' English.'                               [base]
  L21: ' English.'                               [base]
  L22: ' English.'                               [base]
  L23: ' Icelandic.'                             [HIT]
  L24: ' Icelandic.'                             [HIT]
  L25: ' Icelandic.'                             [HIT]
  L26: ' Icelandic.'                             [HIT]
  L27: ' Icelandic.'                             [HIT]
  L28: ' Icelandic.'                             [HIT]

row 51: base=UA (gold='Ukrainian') -> source=AO (gold='Portuguese')  template=language_prefill_v6
  question: 'Name a language used in the country depicted in this image.'
  prefill : 'A language spoken there is'
  unhooked: ' Ukrainian.'
  L19: ' Ukrainian.'                             [base]
  L20: ' Ukrainian.'                             [base]
  L21: ' Ukrainian.'                             [base]
  L22: ' Ukrainian.'                             [base]
  L23: ' Portuguese.'                            [HIT]
  L24: ' Portuguese.'                            [HIT]
  L25: ' Portuguese.'                            [HIT]
  L26: ' Portuguese.'                            [HIT]
  L27: ' Portuguese.'                            [HIT]
  L28: ' Portuguese.'                            [HIT]

row 52: base=AO (gold='Portuguese') -> source=BY (gold='Belarusian')  template=language_prefill_v5
  question: 'What language is officially spoken in the country shown in this flag?'
  prefill : 'The official language is'
  unhooked: ' Portuguese.'
  L19: ' Portuguese.'                            [base]
  L20: ' Portuguese.'                            [base]
  L21: ' Portuguese.'                            [base]
  L22: ' Portuguese.'                            [base]
  L23: ' Russian.'                               [other]
  L24: ' Belarusian.'                            [HIT]
  L25: ' Belarusian.'                            [HIT]
  L26: ' Belarusian.'                            [HIT]
  L27: ' Belarusian.'                            [HIT]
  L28: ' Belarusian.'                            [HIT]

row 53: base=TH (gold='Thai') -> source=MX (gold='Spanish')  template=language_prefill_v3
  question: 'Tell me a language spoken in the country in this image.'
  prefill : 'A language spoken there is'
  unhooked: ' Thai.'
  L19: ' Thai.'                                  [base]
  L20: ' Thai.'                                  [base]
  L21: ' Thai.'                                  [base]
  L22: ' Spanish.'                               [HIT]
  L23: ' Spanish.'                               [HIT]
  L24: ' Spanish.'                               [HIT]
  L25: ' Spanish.'                               [HIT]
  L26: ' Spanish.'                               [HIT]
  L27: ' Spanish.'                               [HIT]
  L28: ' Spanish.'                               [HIT]

row 54: base=PT (gold='Portuguese') -> source=UG (gold='English')  template=language_prefill_v4
  question: 'Identify one of the official languages of the country in this image.'
  prefill : 'One official language is'
  unhooked: ' Portuguese.'
  L19: ' Portuguese.'                            [base]
  L20: ' Portuguese.'                            [base]
  L21: ' Portuguese.'                            [base]
  L22: ' Portuguese.'                            [base]
  L23: ' Portuguese.'                            [base]
  L24: ' English.'                               [HIT]
  L25: ' English.'                               [HIT]
  L26: ' English.'                               [HIT]
  L27: ' English.'                               [HIT]
  L28: ' English.'                               [HIT]

row 55: base=IN (gold='Hindi') -> source=GT (gold='Spanish')  template=language_prefill_v3
  question: 'Tell me a language spoken in the country in this image.'
  prefill : 'A language spoken there is'
  unhooked: ' Hindi, which is one of the official'
  L19: ' Hindi, which is one of the official'    [base]
  L20: ' Hindi, which is one of the official'    [base]
  L21: ' Hindi, which is one of the official'    [base]
  L22: ' Hindi, which is one of the official'    [base]
  L23: ' Spanish.'                               [HIT]
  L24: ' Spanish.'                               [HIT]
  L25: ' Spanish.'                               [HIT]
  L26: ' Spanish.'                               [HIT]
  L27: ' Spanish.'                               [HIT]
  L28: ' Spanish.'                               [HIT]

row 56: base=GR (gold='Greek') -> source=FI (gold='Finnish')  template=language_prefill_v4
  question: 'Identify one of the official languages of the country in this image.'
  prefill : 'One official language is'
  unhooked: ' Greek.'
  L19: ' Greek.'                                 [base]
  L20: ' Greek.'                                 [base]
  L21: ' Greek.'                                 [base]
  L22: ' Greek.'                                 [base]
  L23: ' Greek.'                                 [base]
  L24: ' Finnish.'                               [HIT]
  L25: ' Finnish.'                               [HIT]
  L26: ' Finnish.'                               [HIT]
  L27: ' Finnish.'                               [HIT]
  L28: ' Finnish.'                               [HIT]

row 57: base=IN (gold='Hindi') -> source=BY (gold='Belarusian')  template=language_prefill_v1
  question: 'Name an official language of the country in this image.'
  prefill : 'One official language is'
  unhooked: ' Hindi.'
  L19: ' Hindi.'                                 [base]
  L20: ' Hindi.'                                 [base]
  L21: ' Hindi.'                                 [base]
  L22: ' Hindi.'                                 [base]
  L23: ' Russian.'                               [other]
  L24: ' Belarusian.'                            [HIT]
  L25: ' Belarusian.'                            [HIT]
  L26: ' Belarusian.'                            [HIT]
  L27: ' Belarusian.'                            [HIT]
  L28: ' Belarusian.'                            [HIT]

row 58: base=VN (gold='Vietnamese') -> source=PT (gold='Portuguese')  template=language_prefill_v1
  question: 'Name an official language of the country in this image.'
  prefill : 'One official language is'
  unhooked: ' Vietnamese.'
  L19: ' Vietnamese.'                            [base]
  L20: ' Vietnamese.'                            [base]
  L21: ' Vietnamese.'                            [base]
  L22: ' Vietnamese.'                            [base]
  L23: ' Vietnamese.'                            [base]
  L24: ' Portuguese.'                            [HIT]
  L25: ' Portuguese.'                            [HIT]
  L26: ' Portuguese.'                            [HIT]
  L27: ' Portuguese.'                            [HIT]
  L28: ' Portuguese.'                            [HIT]

row 59: base=BY (gold='Belarusian') -> source=AO (gold='Portuguese')  template=language_prefill_v6
  question: 'Name a language used in the country depicted in this image.'
  prefill : 'A language spoken there is'
  unhooked: ' Belarusian.'
  L19: ' Belarusian.'                            [base]
  L20: ' Belarusian.'                            [base]
  L21: ' Belarusian.'                            [base]
  L22: ' Belarusian.'                            [base]
  L23: ' Portuguese.'                            [HIT]
  L24: ' Portuguese.'                            [HIT]
  L25: ' Portuguese.'                            [HIT]
  L26: ' Portuguese.'                            [HIT]
  L27: ' Portuguese.'                            [HIT]
  L28: ' Portuguese.'                            [HIT]

row 60: base=FI (gold='Finnish') -> source=IN (gold='Hindi')  template=language_prefill_v5
  question: 'What language is officially spoken in the country shown in this flag?'
  prefill : 'The official language is'
  unhooked: ' Finnish.'
  L19: ' Finnish.'                               [base]
  L20: ' Finnish.'                               [base]
  L21: ' Finnish.'                               [base]
  L22: ' Finnish.'                               [base]
  L23: ' Hindi.'                                 [HIT]
  L24: ' Hindi.'                                 [HIT]
  L25: ' Hindi.'                                 [HIT]
  L26: ' Hindi.'                                 [HIT]
  L27: ' Hindi.'                                 [HIT]
  L28: ' Hindi.'                                 [HIT]

row 61: base=SE (gold='Swedish') -> source=FI (gold='Finnish')  template=language_prefill_v3
  question: 'Tell me a language spoken in the country in this image.'
  prefill : 'A language spoken there is'
  unhooked: ' Swedish.'
  L19: ' Swedish.'                               [base]
  L20: ' Swedish.'                               [base]
  L21: ' Swedish.'                               [base]
  L22: ' Swedish.'                               [base]
  L23: ' Swedish.'                               [base]
  L24: ' Finnish.'                               [HIT]
  L25: ' Finnish.'                               [HIT]
  L26: ' Finnish.'                               [HIT]
  L27: ' Finnish.'                               [HIT]
  L28: ' Finnish.'                               [HIT]

row 62: base=GH (gold='English') -> source=IS (gold='Icelandic')  template=language_prefill_v3
  question: 'Tell me a language spoken in the country in this image.'
  prefill : 'A language spoken there is'
  unhooked: ' Twi, which is the most widely'
  L19: ' Twi, which is one of the'               [other]
  L20: ' Twi, which is the most widely'          [other]
  L21: ' Twi, which is the most widely'          [other]
  L22: ' Twi, which is the most widely'          [other]
  L23: ' Danish.'                                [other]
  L24: ' Icelandic.'                             [HIT]
  L25: ' Icelandic.'                             [HIT]
  L26: ' Icelandic.'                             [HIT]
  L27: ' Icelandic.'                             [HIT]
  L28: ' Icelandic.'                             [HIT]

row 63: base=GR (gold='Greek') -> source=BY (gold='Belarusian')  template=language_prefill_v6
  question: 'Name a language used in the country depicted in this image.'
  prefill : 'A language spoken there is'
  unhooked: ' Greek.'
  L19: ' Greek.'                                 [base]
  L20: ' Greek.'                                 [base]
  L21: ' Greek.'                                 [base]
  L22: ' Greek.'                                 [base]
  L23: ' Russian.'                               [other]
  L24: ' Belarusian.'                            [HIT]
  L25: ' Belarusian.'                            [HIT]
  L26: ' Belarusian.'                            [HIT]
  L27: ' Belarusian.'                            [HIT]
  L28: ' Belarusian.'                            [HIT]

row 64: base=CM (gold='French') -> source=SE (gold='Swedish')  template=language_prefill_v2
  question: 'What is the official language of the country shown in this flag?'
  prefill : 'The official language is'
  unhooked: ' French.'
  L19: ' French.'                                [base]
  L20: ' French.'                                [base]
  L21: ' French.'                                [base]
  L22: ' French.'                                [base]
  L23: ' Swedish.'                               [HIT]
  L24: ' Swedish.'                               [HIT]
  L25: ' Swedish.'                               [HIT]
  L26: ' Swedish.'                               [HIT]
  L27: ' Swedish.'                               [HIT]
  L28: ' Swedish.'                               [HIT]

row 65: base=SA (gold='Arabic') -> source=IN (gold='Hindi')  template=language_prefill_v1
  question: 'Name an official language of the country in this image.'
  prefill : 'One official language is'
  unhooked: ' Arabic.'
  L19: ' Arabic.'                                [base]
  L20: ' Arabic.'                                [base]
  L21: ' Arabic.'                                [base]
  L22: ' Arabic.'                                [base]
  L23: ' Hindi.'                                 [HIT]
  L24: ' Hindi.'                                 [HIT]
  L25: ' Hindi.'                                 [HIT]
  L26: ' Hindi.'                                 [HIT]
  L27: ' Hindi.'                                 [HIT]
  L28: ' Hindi.'                                 [HIT]

row 66: base=MX (gold='Spanish') -> source=GR (gold='Greek')  template=language_prefill_v1
  question: 'Name an official language of the country in this image.'
  prefill : 'One official language is'
  unhooked: ' Spanish.'
  L19: ' Spanish.'                               [base]
  L20: ' Spanish.'                               [base]
  L21: ' Spanish.'                               [base]
  L22: ' Spanish.'                               [base]
  L23: ' Spanish.'                               [base]
  L24: ' Greek.'                                 [HIT]
  L25: ' Greek.'                                 [HIT]
  L26: ' Greek.'                                 [HIT]
  L27: ' Greek.'                                 [HIT]
  L28: ' Greek.'                                 [HIT]

row 67: base=BY (gold='Belarusian') -> source=UG (gold='English')  template=language_prefill_v6
  question: 'Name a language used in the country depicted in this image.'
  prefill : 'A language spoken there is'
  unhooked: ' Belarusian.'
  L19: ' Belarusian.'                            [base]
  L20: ' Belarusian.'                            [base]
  L21: ' Belarusian.'                            [base]
  L22: ' Belarusian.'                            [base]
  L23: ' Swahili, which is one of'               [other]
  L24: ' English, as it is one of the'           [HIT]
  L25: ' English, as it is one of the'           [HIT]
  L26: ' English, as it is one of the'           [HIT]
  L27: ' English, as it is one of the'           [HIT]
  L28: ' English, as it is one of the'           [HIT]

row 68: base=BY (gold='Belarusian') -> source=MX (gold='Spanish')  template=language_prefill_v4
  question: 'Identify one of the official languages of the country in this image.'
  prefill : 'One official language is'
  unhooked: ' Belarusian.'
  L19: ' Belarusian.'                            [base]
  L20: ' Belarusian.'                            [base]
  L21: ' Belarusian.'                            [base]
  L22: ' Russian.'                               [other]
  L23: ' Spanish.'                               [HIT]
  L24: ' Spanish.'                               [HIT]
  L25: ' Spanish.'                               [HIT]
  L26: ' Spanish.'                               [HIT]
  L27: ' Spanish.'                               [HIT]
  L28: ' Spanish.'                               [HIT]

row 69: base=HN (gold='Spanish') -> source=UG (gold='English')  template=language_prefill_v1
  question: 'Name an official language of the country in this image.'
  prefill : 'One official language is'
  unhooked: ' Spanish.'
  L19: ' Spanish.'                               [base]
  L20: ' Spanish.'                               [base]
  L21: ' Spanish.'                               [base]
  L22: ' Spanish.'                               [base]
  L23: ' English.'                               [HIT]
  L24: ' English.'                               [HIT]
  L25: ' English.'                               [HIT]
  L26: ' English.'                               [HIT]
  L27: ' English.'                               [HIT]
  L28: ' English.'                               [HIT]

row 70: base=PY (gold='Spanish') -> source=GT (gold='Spanish')  template=language_prefill_v1
  question: 'Name an official language of the country in this image.'
  prefill : 'One official language is'
  unhooked: ' Spanish.'
  L19: ' Spanish.'                               [HIT]
  L20: ' Spanish.'                               [HIT]
  L21: ' Spanish.'                               [HIT]
  L22: ' Spanish.'                               [HIT]
  L23: ' Spanish.'                               [HIT]
  L24: ' Spanish.'                               [HIT]
  L25: ' Spanish.'                               [HIT]
  L26: ' Spanish.'                               [HIT]
  L27: ' Spanish.'                               [HIT]
  L28: ' Spanish.'                               [HIT]

row 71: base=PT (gold='Portuguese') -> source=SE (gold='Swedish')  template=language_prefill_v5
  question: 'What language is officially spoken in the country shown in this flag?'
  prefill : 'The official language is'
  unhooked: ' Portuguese.'
  L19: ' Portuguese.'                            [base]
  L20: ' Portuguese.'                            [base]
  L21: ' Portuguese.'                            [base]
  L22: ' Portuguese. The flag in the image is'   [base]
  L23: ' Portuguese.'                            [base]
  L24: ' Swedish.'                               [HIT]
  L25: ' Swedish.'                               [HIT]
  L26: ' Swedish.'                               [HIT]
  L27: ' Swedish.'                               [HIT]
  L28: ' Swedish.'                               [HIT]

row 72: base=CL (gold='Spanish') -> source=PT (gold='Portuguese')  template=language_prefill_v1
  question: 'Name an official language of the country in this image.'
  prefill : 'One official language is'
  unhooked: ' Spanish.'
  L19: ' Spanish.'                               [base]
  L20: ' Spanish.'                               [base]
  L21: ' Spanish.'                               [base]
  L22: ' Spanish.'                               [base]
  L23: ' Spanish.'                               [base]
  L24: ' Portuguese.'                            [HIT]
  L25: ' Portuguese.'                            [HIT]
  L26: ' Portuguese.'                            [HIT]
  L27: ' Portuguese.'                            [HIT]
  L28: ' Portuguese.'                            [HIT]

row 73: base=HN (gold='Spanish') -> source=CV (gold='Portuguese')  template=language_prefill_v5
  question: 'What language is officially spoken in the country shown in this flag?'
  prefill : 'The official language is'
  unhooked: ' Spanish.'
  L19: ' Spanish.'                               [base]
  L20: ' Spanish.'                               [base]
  L21: ' Spanish.'                               [base]
  L22: ' Spanish.'                               [base]
  L23: ' Portuguese.'                            [HIT]
  L24: ' Portuguese.'                            [HIT]
  L25: ' Portuguese.'                            [HIT]
  L26: ' Portuguese.'                            [HIT]
  L27: ' Portuguese.'                            [HIT]
  L28: ' Portuguese.'                            [HIT]

row 74: base=SA (gold='Arabic') -> source=PY (gold='Spanish')  template=language_prefill_v6
  question: 'Name a language used in the country depicted in this image.'
  prefill : 'A language spoken there is'
  unhooked: ' Arabic.'
  L19: ' Arabic.'                                [base]
  L20: ' Arabic.'                                [base]
  L21: ' Arabic.'                                [base]
  L22: ' Arabic.'                                [base]
  L23: ' Spanish.'                               [HIT]
  L24: ' Spanish.'                               [HIT]
  L25: ' Spanish.'                               [HIT]
  L26: ' Spanish.'                               [HIT]
  L27: ' Spanish.'                               [HIT]
  L28: ' Spanish.'                               [HIT]

row 75: base=GT (gold='Spanish') -> source=UA (gold='Ukrainian')  template=language_prefill_v3
  question: 'Tell me a language spoken in the country in this image.'
  prefill : 'A language spoken there is'
  unhooked: ' Spanish, which is the official language of'
  L19: ' Spanish, which is the official language of' [base]
  L20: ' Spanish, which is the official language of' [base]
  L21: ' Spanish, which is the official language of' [base]
  L22: ' Spanish, which is the official language of' [base]
  L23: ' Russian.'                               [other]
  L24: ' Ukrainian.'                             [HIT]
  L25: ' Ukrainian.'                             [HIT]
  L26: ' Ukrainian.'                             [HIT]
  L27: ' Ukrainian.'                             [HIT]
  L28: ' Ukrainian.'                             [HIT]

row 76: base=VN (gold='Vietnamese') -> source=SA (gold='Arabic')  template=language_prefill_v1
  question: 'Name an official language of the country in this image.'
  prefill : 'One official language is'
  unhooked: ' Vietnamese.'
  L19: ' Vietnamese.'                            [base]
  L20: ' Vietnamese.'                            [base]
  L21: ' Vietnamese.'                            [base]
  L22: ' Vietnamese.'                            [base]
  L23: ' Arabic.'                                [HIT]
  L24: ' Arabic.'                                [HIT]
  L25: ' Arabic.'                                [HIT]
  L26: ' Arabic.'                                [HIT]
  L27: ' Arabic.'                                [HIT]
  L28: ' Arabic.'                                [HIT]

row 77: base=CM (gold='French') -> source=CL (gold='Spanish')  template=language_prefill_v2
  question: 'What is the official language of the country shown in this flag?'
  prefill : 'The official language is'
  unhooked: ' French.'
  L19: ' French.'                                [base]
  L20: ' French.'                                [base]
  L21: ' French.'                                [base]
  L22: ' French.'                                [base]
  L23: ' Spanish.'                               [HIT]
  L24: ' Spanish.'                               [HIT]
  L25: ' Spanish.'                               [HIT]
  L26: ' Spanish.'                               [HIT]
  L27: ' Spanish.'                               [HIT]
  L28: ' Spanish.'                               [HIT]

row 78: base=SA (gold='Arabic') -> source=MX (gold='Spanish')  template=language_prefill_v3
  question: 'Tell me a language spoken in the country in this image.'
  prefill : 'A language spoken there is'
  unhooked: ' Arabic.'
  L19: ' Arabic.'                                [base]
  L20: ' Arabic.'                                [base]
  L21: ' Arabic.'                                [base]
  L22: ' Arabic.'                                [base]
  L23: ' Spanish.'                               [HIT]
  L24: ' Spanish.'                               [HIT]
  L25: ' Spanish.'                               [HIT]
  L26: ' Spanish.'                               [HIT]
  L27: ' Spanish.'                               [HIT]
  L28: ' Spanish.'                               [HIT]

row 79: base=IN (gold='Hindi') -> source=GT (gold='Spanish')  template=language_prefill_v1
  question: 'Name an official language of the country in this image.'
  prefill : 'One official language is'
  unhooked: ' Hindi.'
  L19: ' Hindi.'                                 [base]
  L20: ' Hindi.'                                 [base]
  L21: ' Hindi.'                                 [base]
  L22: ' Hindi.'                                 [base]
  L23: ' Spanish.'                               [HIT]
  L24: ' Spanish.'                               [HIT]
  L25: ' Spanish.'                               [HIT]
  L26: ' Spanish.'                               [HIT]
  L27: ' Spanish.'                               [HIT]
  L28: ' Spanish.'                               [HIT]

row 80: base=SA (gold='Arabic') -> source=GT (gold='Spanish')  template=language_prefill_v2
  question: 'What is the official language of the country shown in this flag?'
  prefill : 'The official language is'
  unhooked: ' Arabic.'
  L19: ' Arabic.'                                [base]
  L20: ' Arabic.'                                [base]
  L21: ' Arabic.'                                [base]
  L22: ' Arabic.'                                [base]
  L23: ' Spanish.'                               [HIT]
  L24: ' Spanish.'                               [HIT]
  L25: ' Spanish.'                               [HIT]
  L26: ' Spanish.'                               [HIT]
  L27: ' Spanish.'                               [HIT]
  L28: ' Spanish.'                               [HIT]

row 81: base=FI (gold='Finnish') -> source=TH (gold='Thai')  template=language_prefill_v3
  question: 'Tell me a language spoken in the country in this image.'
  prefill : 'A language spoken there is'
  unhooked: ' Finnish.'
  L19: ' Finnish.'                               [base]
  L20: ' Finnish.'                               [base]
  L21: ' Finnish.'                               [base]
  L22: ' Finnish.'                               [base]
  L23: ' Finnish.'                               [base]
  L24: ' Thai.'                                  [HIT]
  L25: ' Thai.'                                  [HIT]
  L26: ' Thai.'                                  [HIT]
  L27: ' Thai.'                                  [HIT]
  L28: ' Thai.'                                  [HIT]

row 82: base=TH (gold='Thai') -> source=GT (gold='Spanish')  template=language_prefill_v1
  question: 'Name an official language of the country in this image.'
  prefill : 'One official language is'
  unhooked: ' Thai.'
  L19: ' Thai.'                                  [base]
  L20: ' Thai.'                                  [base]
  L21: ' Thai.'                                  [base]
  L22: ' Thai.'                                  [base]
  L23: ' Spanish.'                               [HIT]
  L24: ' Spanish.'                               [HIT]
  L25: ' Spanish.'                               [HIT]
  L26: ' Spanish.'                               [HIT]
  L27: ' Spanish.'                               [HIT]
  L28: ' Spanish.'                               [HIT]

row 83: base=SA (gold='Arabic') -> source=MX (gold='Spanish')  template=language_prefill_v2
  question: 'What is the official language of the country shown in this flag?'
  prefill : 'The official language is'
  unhooked: ' Arabic.'
  L19: ' Arabic.'                                [base]
  L20: ' Arabic.'                                [base]
  L21: ' Arabic.'                                [base]
  L22: ' Arabic.'                                [base]
  L23: ' Spanish.'                               [HIT]
  L24: ' Spanish.'                               [HIT]
  L25: ' Spanish.'                               [HIT]
  L26: ' Spanish.'                               [HIT]
  L27: ' Spanish.'                               [HIT]
  L28: ' Spanish.'                               [HIT]

row 84: base=SE (gold='Swedish') -> source=UA (gold='Ukrainian')  template=language_prefill_v5
  question: 'What language is officially spoken in the country shown in this flag?'
  prefill : 'The official language is'
  unhooked: ' Swedish.'
  L19: ' Swedish.'                               [base]
  L20: ' Swedish.'                               [base]
  L21: ' Swedish.'                               [base]
  L22: ' Swedish.'                               [base]
  L23: ' Swedish.'                               [base]
  L24: ' Ukrainian.'                             [HIT]
  L25: ' Ukrainian.'                             [HIT]
  L26: ' Ukrainian.'                             [HIT]
  L27: ' Ukrainian.'                             [HIT]
  L28: ' Ukrainian.'                             [HIT]

row 85: base=GT (gold='Spanish') -> source=SE (gold='Swedish')  template=language_prefill_v1
  question: 'Name an official language of the country in this image.'
  prefill : 'One official language is'
  unhooked: ' Spanish.'
  L19: ' Spanish.'                               [base]
  L20: ' Spanish.'                               [base]
  L21: ' Spanish.'                               [base]
  L22: ' Spanish.'                               [base]
  L23: ' Swedish.'                               [HIT]
  L24: ' Swedish.'                               [HIT]
  L25: ' Swedish.'                               [HIT]
  L26: ' Swedish.'                               [HIT]
  L27: ' Swedish.'                               [HIT]
  L28: ' Swedish.'                               [HIT]

row 86: base=MX (gold='Spanish') -> source=CV (gold='Portuguese')  template=language_prefill_v5
  question: 'What language is officially spoken in the country shown in this flag?'
  prefill : 'The official language is'
  unhooked: ' Spanish.'
  L19: ' Spanish.'                               [base]
  L20: ' Spanish.'                               [base]
  L21: ' Spanish.'                               [base]
  L22: ' Spanish.'                               [base]
  L23: ' Portuguese.'                            [HIT]
  L24: ' Portuguese.'                            [HIT]
  L25: ' Portuguese.'                            [HIT]
  L26: ' Portuguese.'                            [HIT]
  L27: ' Portuguese.'                            [HIT]
  L28: ' Portuguese.'                            [HIT]

row 87: base=BY (gold='Belarusian') -> source=VN (gold='Vietnamese')  template=language_prefill_v2
  question: 'What is the official language of the country shown in this flag?'
  prefill : 'The official language is'
  unhooked: ' Belarusian.'
  L19: ' Belarusian.'                            [base]
  L20: ' Belarusian.'                            [base]
  L21: ' Belarusian.'                            [base]
  L22: ' Belarusian.'                            [base]
  L23: ' Vietnamese.'                            [HIT]
  L24: ' Vietnamese.'                            [HIT]
  L25: ' Vietnamese.'                            [HIT]
  L26: ' Vietnamese.'                            [HIT]
  L27: ' Vietnamese.'                            [HIT]
  L28: ' Vietnamese.'                            [HIT]

row 88: base=TH (gold='Thai') -> source=CM (gold='French')  template=language_prefill_v1
  question: 'Name an official language of the country in this image.'
  prefill : 'One official language is'
  unhooked: ' Thai.'
  L19: ' Thai.'                                  [base]
  L20: ' Thai.'                                  [base]
  L21: ' Thai.'                                  [base]
  L22: ' Thai.'                                  [base]
  L23: ' French.'                                [HIT]
  L24: ' French.'                                [HIT]
  L25: ' French.'                                [HIT]
  L26: ' French.'                                [HIT]
  L27: ' French.'                                [HIT]
  L28: ' French.'                                [HIT]

row 89: base=MA (gold='Arabic') -> source=BY (gold='Belarusian')  template=language_prefill_v5
  question: 'What language is officially spoken in the country shown in this flag?'
  prefill : 'The official language is'
  unhooked: ' Arabic.'
  L19: ' Arabic.'                                [base]
  L20: ' Arabic.'                                [base]
  L21: ' Arabic.'                                [base]
  L22: ' Arabic.'                                [base]
  L23: ' Russian.'                               [other]
  L24: ' Belarusian.'                            [HIT]
  L25: ' Belarusian, which is also known as'     [HIT]
  L26: ' Belarusian, which is also known as'     [HIT]
  L27: ' Belarusian, which is also known as'     [HIT]
  L28: ' Belarusian.'                            [HIT]

row 90: base=HN (gold='Spanish') -> source=TH (gold='Thai')  template=language_prefill_v1
  question: 'Name an official language of the country in this image.'
  prefill : 'One official language is'
  unhooked: ' Spanish.'
  L19: ' Spanish.'                               [base]
  L20: ' Spanish.'                               [base]
  L21: ' Spanish.'                               [base]
  L22: ' Spanish.'                               [base]
  L23: ' Spanish.'                               [base]
  L24: ' Thai.'                                  [HIT]
  L25: ' Thai.'                                  [HIT]
  L26: ' Thai.'                                  [HIT]
  L27: ' Thai.'                                  [HIT]
  L28: ' Thai.'                                  [HIT]

row 91: base=SE (gold='Swedish') -> source=IS (gold='Icelandic')  template=language_prefill_v2
  question: 'What is the official language of the country shown in this flag?'
  prefill : 'The official language is'
  unhooked: ' Swedish.'
  L19: ' Swedish.'                               [base]
  L20: ' Swedish.'                               [base]
  L21: ' Swedish.'                               [base]
  L22: ' Swedish.'                               [base]
  L23: ' Swedish.'                               [base]
  L24: ' Icelandic.'                             [HIT]
  L25: ' Icelandic.'                             [HIT]
  L26: ' Icelandic.'                             [HIT]
  L27: ' Icelandic.'                             [HIT]
  L28: ' Icelandic.'                             [HIT]

row 92: base=GR (gold='Greek') -> source=CV (gold='Portuguese')  template=language_prefill_v2
  question: 'What is the official language of the country shown in this flag?'
  prefill : 'The official language is'
  unhooked: ' Greek.'
  L19: ' Greek.'                                 [base]
  L20: ' Greek.'                                 [base]
  L21: ' Greek.'                                 [base]
  L22: ' Greek.'                                 [base]
  L23: ' Portuguese.'                            [HIT]
  L24: ' Portuguese.'                            [HIT]
  L25: ' Portuguese.'                            [HIT]
  L26: ' Portuguese.'                            [HIT]
  L27: ' Portuguese.'                            [HIT]
  L28: ' Portuguese.'                            [HIT]

row 93: base=GT (gold='Spanish') -> source=TH (gold='Thai')  template=language_prefill_v6
  question: 'Name a language used in the country depicted in this image.'
  prefill : 'A language spoken there is'
  unhooked: ' Spanish, which is the official language of'
  L19: ' Spanish.'                               [base]
  L20: ' Spanish, which is the official language of' [base]
  L21: ' Spanish, which is the official language of' [base]
  L22: ' Spanish, which is the official language of' [base]
  L23: ' Spanish, which is the official language of' [base]
  L24: ' Thai.'                                  [HIT]
  L25: ' Thai.'                                  [HIT]
  L26: ' Thai.'                                  [HIT]
  L27: ' Thai.'                                  [HIT]
  L28: ' Thai.'                                  [HIT]

row 94: base=FI (gold='Finnish') -> source=CV (gold='Portuguese')  template=language_prefill_v4
  question: 'Identify one of the official languages of the country in this image.'
  prefill : 'One official language is'
  unhooked: ' Finnish.'
  L19: ' Finnish.'                               [base]
  L20: ' Finnish.'                               [base]
  L21: ' Finnish.'                               [base]
  L22: ' Finnish.'                               [base]
  L23: ' Finnish.'                               [base]
  L24: ' Portuguese.'                            [HIT]
  L25: ' Portuguese.'                            [HIT]
  L26: ' Portuguese.'                            [HIT]
  L27: ' Portuguese.'                            [HIT]
  L28: ' Portuguese.'                            [HIT]

row 95: base=FI (gold='Finnish') -> source=HN (gold='Spanish')  template=language_prefill_v4
  question: 'Identify one of the official languages of the country in this image.'
  prefill : 'One official language is'
  unhooked: ' Finnish.'
  L19: ' Finnish.'                               [base]
  L20: ' Finnish.'                               [base]
  L21: ' Finnish.'                               [base]
  L22: ' Finnish.'                               [base]
  L23: ' Spanish.'                               [HIT]
  L24: ' Spanish.'                               [HIT]
  L25: ' Spanish.'                               [HIT]
  L26: ' Spanish.'                               [HIT]
  L27: ' Spanish.'                               [HIT]
  L28: ' Spanish.'                               [HIT]

row 96: base=FI (gold='Finnish') -> source=GR (gold='Greek')  template=language_prefill_v5
  question: 'What language is officially spoken in the country shown in this flag?'
  prefill : 'The official language is'
  unhooked: ' Finnish.'
  L19: ' Finnish.'                               [base]
  L20: ' Finnish.'                               [base]
  L21: ' Finnish.'                               [base]
  L22: ' Finnish.'                               [base]
  L23: ' Greek.'                                 [HIT]
  L24: ' Greek.'                                 [HIT]
  L25: ' Greek.'                                 [HIT]
  L26: ' Greek.'                                 [HIT]
  L27: ' Greek.'                                 [HIT]
  L28: ' Greek.'                                 [HIT]

row 97: base=AR (gold='Guaraní') -> source=CL (gold='Spanish')  template=language_prefill_v4
  question: 'Identify one of the official languages of the country in this image.'
  prefill : 'One official language is'
  unhooked: ' Spanish.'
  L19: ' Spanish.'                               [HIT]
  L20: ' Spanish.'                               [HIT]
  L21: ' Spanish.'                               [HIT]
  L22: ' Spanish.'                               [HIT]
  L23: ' Spanish.'                               [HIT]
  L24: ' Spanish.'                               [HIT]
  L25: ' Spanish.'                               [HIT]
  L26: ' Spanish.'                               [HIT]
  L27: ' Spanish.'                               [HIT]
  L28: ' Spanish.'                               [HIT]

row 98: base=TH (gold='Thai') -> source=MX (gold='Spanish')  template=language_prefill_v6
  question: 'Name a language used in the country depicted in this image.'
  prefill : 'A language spoken there is'
  unhooked: ' Thai.'
  L19: ' Thai.'                                  [base]
  L20: ' Thai.'                                  [base]
  L21: ' Thai.'                                  [base]
  L22: ' Spanish.'                               [HIT]
  L23: ' Spanish.'                               [HIT]
  L24: ' Spanish.'                               [HIT]
  L25: ' Spanish.'                               [HIT]
  L26: ' Spanish.'                               [HIT]
  L27: ' Spanish.'                               [HIT]
  L28: ' Spanish.'                               [HIT]

row 99: base=UG (gold='English') -> source=AO (gold='Portuguese')  template=language_prefill_v2
  question: 'What is the official language of the country shown in this flag?'
  prefill : 'The official language is'
  unhooked: ' English.'
  L19: ' English.'                               [base]
  L20: ' English.'                               [base]
  L21: ' English.'                               [base]
  L22: ' English.'                               [base]
  L23: ' Portuguese.'                            [HIT]
  L24: ' Portuguese.'                            [HIT]
  L25: ' Portuguese.'                            [HIT]
  L26: ' Portuguese.'                            [HIT]
  L27: ' Portuguese.'                            [HIT]
  L28: ' Portuguese.'                            [HIT]

row 100: base=GR (gold='Greek') -> source=SE (gold='Swedish')  template=language_prefill_v2
  question: 'What is the official language of the country shown in this flag?'
  prefill : 'The official language is'
  unhooked: ' Greek.'
  L19: ' Greek.'                                 [base]
  L20: ' Greek.'                                 [base]
  L21: ' Greek.'                                 [base]
  L22: ' Greek.'                                 [base]
  L23: ' Swedish.'                               [HIT]
  L24: ' Swedish.'                               [HIT]
  L25: ' Swedish.'                               [HIT]
  L26: ' Swedish.'                               [HIT]
  L27: ' Swedish.'                               [HIT]
  L28: ' Swedish.'                               [HIT]

row 101: base=PT (gold='Portuguese') -> source=GT (gold='Spanish')  template=language_prefill_v4
  question: 'Identify one of the official languages of the country in this image.'
  prefill : 'One official language is'
  unhooked: ' Portuguese.'
  L19: ' Portuguese.'                            [base]
  L20: ' Portuguese.'                            [base]
  L21: ' Portuguese.'                            [base]
  L22: ' Portuguese.'                            [base]
  L23: ' Portuguese.'                            [base]
  L24: ' Spanish.'                               [HIT]
  L25: ' Spanish.'                               [HIT]
  L26: ' Spanish.'                               [HIT]
  L27: ' Spanish.'                               [HIT]
  L28: ' Spanish.'                               [HIT]

row 102: base=BY (gold='Belarusian') -> source=GH (gold='English')  template=language_prefill_v1
  question: 'Name an official language of the country in this image.'
  prefill : 'One official language is'
  unhooked: ' Belarusian.'
  L19: ' Belarusian.'                            [base]
  L20: ' Belarusian.'                            [base]
  L21: ' Belarusian.'                            [base]
  L22: ' Belarusian.'                            [base]
  L23: ' English.'                               [HIT]
  L24: ' English.'                               [HIT]
  L25: ' English.'                               [HIT]
  L26: ' English.'                               [HIT]
  L27: ' English.'                               [HIT]
  L28: ' English.'                               [HIT]

row 103: base=BY (gold='Belarusian') -> source=UA (gold='Ukrainian')  template=language_prefill_v6
  question: 'Name a language used in the country depicted in this image.'
  prefill : 'A language spoken there is'
  unhooked: ' Belarusian.'
  L19: ' Belarusian.'                            [base]
  L20: ' Belarusian.'                            [base]
  L21: ' Belarusian.'                            [base]
  L22: ' Belarusian.'                            [base]
  L23: ' Belarusian.'                            [base]
  L24: ' Ukrainian.'                             [HIT]
  L25: ' Ukrainian.'                             [HIT]
  L26: ' Ukrainian.'                             [HIT]
  L27: ' Ukrainian.'                             [HIT]
  L28: ' Ukrainian.'                             [HIT]

row 104: base=UG (gold='English') -> source=TH (gold='Thai')  template=language_prefill_v3
  question: 'Tell me a language spoken in the country in this image.'
  prefill : 'A language spoken there is'
  unhooked: ' English, which is the official language of'
  L19: ' English, which is the official language of' [base]
  L20: ' Swahili, which is widely used'          [other]
  L21: ' Swahili, which is widely used'          [other]
  L22: ' Swahili, which is widely used'          [other]
  L23: ' Thai.'                                  [HIT]
  L24: ' Thai.'                                  [HIT]
  L25: ' Thai.'                                  [HIT]
  L26: ' Thai.'                                  [HIT]
  L27: ' Thai.'                                  [HIT]
  L28: ' Thai.'                                  [HIT]

row 105: base=CM (gold='French') -> source=GR (gold='Greek')  template=language_prefill_v6
  question: 'Name a language used in the country depicted in this image.'
  prefill : 'A language spoken there is'
  unhooked: ' French, as Cameroon is officially a mult'
  L19: ' French, as Cameroon is officially a mult' [base]
  L20: ' French, which is one of the official'   [base]
  L21: ' French, as Cameroon is officially a mult' [base]
  L22: ' French, as Cameroon is officially a mult' [base]
  L23: ' Greek.'                                 [HIT]
  L24: ' Greek.'                                 [HIT]
  L25: ' Greek.'                                 [HIT]
  L26: ' Greek.'                                 [HIT]
  L27: ' Greek.'                                 [HIT]
  L28: ' Greek.'                                 [HIT]

row 106: base=CV (gold='Portuguese') -> source=CL (gold='Spanish')  template=language_prefill_v1
  question: 'Name an official language of the country in this image.'
  prefill : 'One official language is'
  unhooked: ' Portuguese.'
  L19: ' Portuguese.'                            [base]
  L20: ' Portuguese.'                            [base]
  L21: ' Portuguese.'                            [base]
  L22: ' Portuguese.'                            [base]
  L23: ' Portuguese.'                            [base]
  L24: ' Spanish.'                               [HIT]
  L25: ' Spanish.'                               [HIT]
  L26: ' Spanish.'                               [HIT]
  L27: ' Spanish.'                               [HIT]
  L28: ' Spanish.'                               [HIT]

row 107: base=AR (gold='Guaraní') -> source=GH (gold='English')  template=language_prefill_v4
  question: 'Identify one of the official languages of the country in this image.'
  prefill : 'One official language is'
  unhooked: ' Spanish.'
  L19: ' Spanish.'                               [other]
  L20: ' Spanish.'                               [other]
  L21: ' Spanish.'                               [other]
  L22: ' Spanish.'                               [other]
  L23: ' English.'                               [HIT]
  L24: ' English.'                               [HIT]
  L25: ' English.'                               [HIT]
  L26: ' English.'                               [HIT]
  L27: ' English.'                               [HIT]
  L28: ' English.'                               [HIT]

row 108: base=BY (gold='Belarusian') -> source=MX (gold='Spanish')  template=language_prefill_v3
  question: 'Tell me a language spoken in the country in this image.'
  prefill : 'A language spoken there is'
  unhooked: ' Belarusian.'
  L19: ' Belarusian.'                            [base]
  L20: ' Belarusian.'                            [base]
  L21: ' Belarusian.'                            [base]
  L22: ' Belarusian.'                            [base]
  L23: ' Spanish.'                               [HIT]
  L24: ' Spanish.'                               [HIT]
  L25: ' Spanish.'                               [HIT]
  L26: ' Spanish.'                               [HIT]
  L27: ' Spanish.'                               [HIT]
  L28: ' Spanish.'                               [HIT]

row 109: base=VN (gold='Vietnamese') -> source=IS (gold='Icelandic')  template=language_prefill_v5
  question: 'What language is officially spoken in the country shown in this flag?'
  prefill : 'The official language is'
  unhooked: ' Vietnamese.'
  L19: ' Vietnamese.'                            [base]
  L20: ' Vietnamese.'                            [base]
  L21: ' Vietnamese.'                            [base]
  L22: ' Vietnamese.'                            [base]
  L23: ' Vietnamese.'                            [base]
  L24: ' Icelandic.'                             [HIT]
  L25: ' Icelandic.'                             [HIT]
  L26: ' Icelandic.'                             [HIT]
  L27: ' Icelandic.'                             [HIT]
  L28: ' Icelandic.'                             [HIT]

row 110: base=SA (gold='Arabic') -> source=GT (gold='Spanish')  template=language_prefill_v3
  question: 'Tell me a language spoken in the country in this image.'
  prefill : 'A language spoken there is'
  unhooked: ' Arabic.'
  L19: ' Arabic.'                                [base]
  L20: ' Arabic.'                                [base]
  L21: ' Arabic.'                                [base]
  L22: ' Arabic.'                                [base]
  L23: ' Spanish.'                               [HIT]
  L24: ' Spanish.'                               [HIT]
  L25: ' Spanish.'                               [HIT]
  L26: ' Spanish.'                               [HIT]
  L27: ' Spanish.'                               [HIT]
  L28: ' Spanish.'                               [HIT]

row 111: base=VN (gold='Vietnamese') -> source=AO (gold='Portuguese')  template=language_prefill_v4
  question: 'Identify one of the official languages of the country in this image.'
  prefill : 'One official language is'
  unhooked: ' Vietnamese.'
  L19: ' Vietnamese.'                            [base]
  L20: ' Vietnamese.'                            [base]
  L21: ' Vietnamese.'                            [base]
  L22: ' Vietnamese.'                            [base]
  L23: ' Portuguese.'                            [HIT]
  L24: ' Portuguese.'                            [HIT]
  L25: ' Portuguese.'                            [HIT]
  L26: ' Portuguese.'                            [HIT]
  L27: ' Portuguese.'                            [HIT]
  L28: ' Portuguese.'                            [HIT]

row 112: base=MA (gold='Arabic') -> source=GH (gold='English')  template=language_prefill_v1
  question: 'Name an official language of the country in this image.'
  prefill : 'One official language is'
  unhooked: ' Arabic.'
  L19: ' Arabic.'                                [base]
  L20: ' Arabic.'                                [base]
  L21: ' Arabic.'                                [base]
  L22: ' Arabic.'                                [base]
  L23: ' English.'                               [HIT]
  L24: ' English.'                               [HIT]
  L25: ' English.'                               [HIT]
  L26: ' English.'                               [HIT]
  L27: ' English.'                               [HIT]
  L28: ' English.'                               [HIT]

row 113: base=ZM (gold='English') -> source=SE (gold='Swedish')  template=language_prefill_v4
  question: 'Identify one of the official languages of the country in this image.'
  prefill : 'One official language is'
  unhooked: ' English.'
  L19: ' English.'                               [base]
  L20: ' English.'                               [base]
  L21: ' English.'                               [base]
  L22: ' English.'                               [base]
  L23: ' Swedish.'                               [HIT]
  L24: ' Swedish.'                               [HIT]
  L25: ' Swedish.'                               [HIT]
  L26: ' Swedish.'                               [HIT]
  L27: ' Swedish.'                               [HIT]
  L28: ' Swedish.'                               [HIT]

row 114: base=PY (gold='Spanish') -> source=UA (gold='Ukrainian')  template=language_prefill_v5
  question: 'What language is officially spoken in the country shown in this flag?'
  prefill : 'The official language is'
  unhooked: ' Spanish. The flag in the image is'
  L19: ' Spanish.'                               [base]
  L20: ' Spanish.'                               [base]
  L21: ' Spanish.'                               [base]
  L22: ' Spanish.'                               [base]
  L23: ' Ukrainian.'                             [HIT]
  L24: ' Ukrainian.'                             [HIT]
  L25: ' Ukrainian.'                             [HIT]
  L26: ' Ukrainian.'                             [HIT]
  L27: ' Ukrainian.'                             [HIT]
  L28: ' Ukrainian.'                             [HIT]

row 115: base=GT (gold='Spanish') -> source=GH (gold='English')  template=language_prefill_v1
  question: 'Name an official language of the country in this image.'
  prefill : 'One official language is'
  unhooked: ' Spanish.'
  L19: ' Spanish.'                               [base]
  L20: ' Spanish.'                               [base]
  L21: ' Spanish.'                               [base]
  L22: ' Spanish.'                               [base]
  L23: ' English.'                               [HIT]
  L24: ' English.'                               [HIT]
  L25: ' English.'                               [HIT]
  L26: ' English.'                               [HIT]
  L27: ' English.'                               [HIT]
  L28: ' English.'                               [HIT]

row 116: base=PY (gold='Spanish') -> source=SE (gold='Swedish')  template=language_prefill_v6
  question: 'Name a language used in the country depicted in this image.'
  prefill : 'A language spoken there is'
  unhooked: ' Spanish.'
  L19: ' Spanish.'                               [base]
  L20: ' Spanish.'                               [base]
  L21: ' Spanish.'                               [base]
  L22: ' Spanish.'                               [base]
  L23: ' Swedish.'                               [HIT]
  L24: ' Swedish.'                               [HIT]
  L25: ' Swedish.'                               [HIT]
  L26: ' Swedish.'                               [HIT]
  L27: ' Swedish.'                               [HIT]
  L28: ' Swedish.'                               [HIT]

row 117: base=GH (gold='English') -> source=VN (gold='Vietnamese')  template=language_prefill_v5
  question: 'What language is officially spoken in the country shown in this flag?'
  prefill : 'The official language is'
  unhooked: ' English.'
  L19: ' English.'                               [base]
  L20: ' English.'                               [base]
  L21: ' English.'                               [base]
  L22: ' English.'                               [base]
  L23: ' Vietnamese.'                            [HIT]
  L24: ' Vietnamese.'                            [HIT]
  L25: ' Vietnamese.'                            [HIT]
  L26: ' Vietnamese.'                            [HIT]
  L27: ' Vietnamese.'                            [HIT]
  L28: ' Vietnamese.'                            [HIT]

row 118: base=GH (gold='English') -> source=CV (gold='Portuguese')  template=language_prefill_v6
  question: 'Name a language used in the country depicted in this image.'
  prefill : 'A language spoken there is'
  unhooked: ' Twi, which is one of the'
  L19: ' Twi, which is one of the'               [other]
  L20: ' Twi, which is one of the'               [other]
  L21: ' Twi, which is one of the'               [other]
  L22: ' Twi, which is one of the'               [other]
  L23: ' Portuguese, as the flag depicted is that' [HIT]
  L24: ' Portuguese, as the flag depicted is that' [HIT]
  L25: ' Portuguese, as the flag depicted is that' [HIT]
  L26: ' Portuguese, as the flag depicted is that' [HIT]
  L27: ' Portuguese, as the flag depicted is that' [HIT]
  L28: ' Bono, which is one of the'              [other]

row 119: base=UG (gold='English') -> source=TH (gold='Thai')  template=language_prefill_v6
  question: 'Name a language used in the country depicted in this image.'
  prefill : 'A language spoken there is'
  unhooked: ' English, which is one of the official'
  L19: ' English, which is one of the official'  [base]
  L20: ' English, which is one of the official'  [base]
  L21: ' English, which is one of the official'  [base]
  L22: ' English, which is one of the official'  [base]
  L23: ' Thai.'                                  [HIT]
  L24: ' Thai.'                                  [HIT]
  L25: ' Thai.'                                  [HIT]
  L26: ' Thai.'                                  [HIT]
  L27: ' Thai.'                                  [HIT]
  L28: ' Thai.'                                  [HIT]

row 120: base=SE (gold='Swedish') -> source=VN (gold='Vietnamese')  template=language_prefill_v2
  question: 'What is the official language of the country shown in this flag?'
  prefill : 'The official language is'
  unhooked: ' Swedish.'
  L19: ' Swedish.'                               [base]
  L20: ' Swedish.'                               [base]
  L21: ' Swedish.'                               [base]
  L22: ' Swedish.'                               [base]
  L23: ' Vietnamese.'                            [HIT]
  L24: ' Vietnamese.'                            [HIT]
  L25: ' Vietnamese.'                            [HIT]
  L26: ' Vietnamese.'                            [HIT]
  L27: ' Vietnamese.'                            [HIT]
  L28: ' Vietnamese.'                            [HIT]

row 121: base=MU (gold='French') -> source=FI (gold='Finnish')  template=language_prefill_v2
  question: 'What is the official language of the country shown in this flag?'
  prefill : 'The official language is'
  unhooked: ' French.'
  L19: ' French.'                                [base]
  L20: ' French.'                                [base]
  L21: ' French.'                                [base]
  L22: ' Finnish.'                               [HIT]
  L23: ' Finnish.'                               [HIT]
  L24: ' Finnish.'                               [HIT]
  L25: ' Finnish.'                               [HIT]
  L26: ' Finnish.'                               [HIT]
  L27: ' Finnish.'                               [HIT]
  L28: ' Finnish.'                               [HIT]

row 122: base=SE (gold='Swedish') -> source=MX (gold='Spanish')  template=language_prefill_v3
  question: 'Tell me a language spoken in the country in this image.'
  prefill : 'A language spoken there is'
  unhooked: ' Swedish.'
  L19: ' Swedish.'                               [base]
  L20: ' Swedish.'                               [base]
  L21: ' Swedish.'                               [base]
  L22: ' Swedish.'                               [base]
  L23: ' Spanish.'                               [HIT]
  L24: ' Spanish.'                               [HIT]
  L25: ' Spanish.'                               [HIT]
  L26: ' Spanish.'                               [HIT]
  L27: ' Spanish.'                               [HIT]
  L28: ' Spanish.'                               [HIT]

row 123: base=GT (gold='Spanish') -> source=FI (gold='Finnish')  template=language_prefill_v6
  question: 'Name a language used in the country depicted in this image.'
  prefill : 'A language spoken there is'
  unhooked: ' Spanish, which is the official language of'
  L19: ' Spanish.'                               [base]
  L20: ' Spanish.'                               [base]
  L21: ' Spanish.'                               [base]
  L22: ' Spanish, which is the official language of' [base]
  L23: ' Finnish.'                               [HIT]
  L24: ' Finnish.'                               [HIT]
  L25: ' Finnish.'                               [HIT]
  L26: ' Finnish.'                               [HIT]
  L27: ' Finnish.'                               [HIT]
  L28: ' Finnish.'                               [HIT]

row 124: base=MX (gold='Spanish') -> source=IN (gold='Hindi')  template=language_prefill_v6
  question: 'Name a language used in the country depicted in this image.'
  prefill : 'A language spoken there is'
  unhooked: ' Spanish, which is the official language of'
  L19: ' Spanish, which is the official language of' [base]
  L20: ' Spanish, which is the official language of' [base]
  L21: ' Spanish, which is the official language of' [base]
  L22: ' Spanish, which is the official language of' [base]
  L23: ' Hindi.'                                 [HIT]
  L24: ' Hindi.'                                 [HIT]
  L25: ' Hindi.'                                 [HIT]
  L26: ' Hindi.'                                 [HIT]
  L27: ' Hindi.'                                 [HIT]
  L28: ' Hindi.'                                 [HIT]

row 125: base=PT (gold='Portuguese') -> source=UA (gold='Ukrainian')  template=language_prefill_v6
  question: 'Name a language used in the country depicted in this image.'
  prefill : 'A language spoken there is'
  unhooked: ' Portuguese.'
  L19: ' Portuguese.'                            [base]
  L20: ' Portuguese.'                            [base]
  L21: ' Portuguese.'                            [base]
  L22: ' Portuguese.'                            [base]
  L23: ' Portuguese.'                            [base]
  L24: ' Ukrainian.'                             [HIT]
  L25: ' Ukrainian.'                             [HIT]
  L26: ' Ukrainian.'                             [HIT]
  L27: ' Ukrainian.'                             [HIT]
  L28: ' Ukrainian.'                             [HIT]

row 126: base=UG (gold='English') -> source=CL (gold='Spanish')  template=language_prefill_v5
  question: 'What language is officially spoken in the country shown in this flag?'
  prefill : 'The official language is'
  unhooked: ' English.'
  L19: ' English, but Swahili is also'           [base]
  L20: ' English.'                               [base]
  L21: ' English.'                               [base]
  L22: ' English, but Swahili is also'           [base]
  L23: ' Spanish.'                               [HIT]
  L24: ' Spanish.'                               [HIT]
  L25: ' Spanish.'                               [HIT]
  L26: ' Spanish.'                               [HIT]
  L27: ' Spanish.'                               [HIT]
  L28: ' Spanish.'                               [HIT]

row 127: base=UA (gold='Ukrainian') -> source=MA (gold='Arabic')  template=language_prefill_v1
  question: 'Name an official language of the country in this image.'
  prefill : 'One official language is'
  unhooked: ' Ukrainian.'
  L19: ' Ukrainian.'                             [base]
  L20: ' Ukrainian.'                             [base]
  L21: ' Ukrainian.'                             [base]
  L22: ' Ukrainian.'                             [base]
  L23: ' Arabic.'                                [HIT]
  L24: ' Arabic.'                                [HIT]
  L25: ' Arabic.'                                [HIT]
  L26: ' Arabic.'                                [HIT]
  L27: ' Arabic.'                                [HIT]
  L28: ' Arabic.'                                [HIT]

row 128: base=VN (gold='Vietnamese') -> source=MA (gold='Arabic')  template=language_prefill_v3
  question: 'Tell me a language spoken in the country in this image.'
  prefill : 'A language spoken there is'
  unhooked: ' Vietnamese.'
  L19: ' Vietnamese.'                            [base]
  L20: ' Vietnamese.'                            [base]
  L21: ' Vietnamese.'                            [base]
  L22: ' Vietnamese.'                            [base]
  L23: ' Vietnamese.'                            [base]
  L24: ' Arabic.'                                [HIT]
  L25: ' Arabic.'                                [HIT]
  L26: ' Arabic.'                                [HIT]
  L27: ' Arabic.'                                [HIT]
  L28: ' Dzongkha, which is'                     [other]

row 129: base=IS (gold='Icelandic') -> source=CV (gold='Portuguese')  template=language_prefill_v6
  question: 'Name a language used in the country depicted in this image.'
  prefill : 'A language spoken there is'
  unhooked: ' Icelandic.'
  L19: ' Icelandic.'                             [base]
  L20: ' Icelandic.'                             [base]
  L21: ' Icelandic.'                             [base]
  L22: ' Icelandic.'                             [base]
  L23: ' Portuguese.'                            [HIT]
  L24: ' Portuguese.'                            [HIT]
  L25: ' Portuguese.'                            [HIT]
  L26: ' Portuguese.'                            [HIT]
  L27: ' Portuguese.'                            [HIT]
  L28: ' Bokmål, which is one'                   [other]

row 130: base=BY (gold='Belarusian') -> source=PT (gold='Portuguese')  template=language_prefill_v6
  question: 'Name a language used in the country depicted in this image.'
  prefill : 'A language spoken there is'
  unhooked: ' Belarusian.'
  L19: ' Belarusian.'                            [base]
  L20: ' Belarusian.'                            [base]
  L21: ' Belarusian.'                            [base]
  L22: ' Belarusian.'                            [base]
  L23: ' Portuguese.'                            [HIT]
  L24: ' Portuguese.'                            [HIT]
  L25: ' Portuguese.'                            [HIT]
  L26: ' Portuguese.'                            [HIT]
  L27: ' Portuguese.'                            [HIT]
  L28: ' Portuguese.'                            [HIT]

row 131: base=IN (gold='Hindi') -> source=AO (gold='Portuguese')  template=language_prefill_v3
  question: 'Tell me a language spoken in the country in this image.'
  prefill : 'A language spoken there is'
  unhooked: ' Hindi, which is one of the official'
  L19: ' Hindi, which is one of the official'    [base]
  L20: ' Hindi, which is one of the official'    [base]
  L21: ' Hindi, which is one of the official'    [base]
  L22: ' Hindi, which is one of the official'    [base]
  L23: ' Portuguese.'                            [HIT]
  L24: ' Portuguese.'                            [HIT]
  L25: ' Portuguese.'                            [HIT]
  L26: ' Portuguese.'                            [HIT]
  L27: ' Portuguese.'                            [HIT]
  L28: ' Khojki, which is an'                    [other]

row 132: base=ZM (gold='English') -> source=BY (gold='Belarusian')  template=language_prefill_v4
  question: 'Identify one of the official languages of the country in this image.'
  prefill : 'One official language is'
  unhooked: ' English.'
  L19: ' English.'                               [base]
  L20: ' English.'                               [base]
  L21: ' English.'                               [base]
  L22: ' Zambian English.'                       [other]
  L23: ' Russian.'                               [other]
  L24: ' Belarusian.'                            [HIT]
  L25: ' Belarusian.'                            [HIT]
  L26: ' Belarusian.'                            [HIT]
  L27: ' Belarusian.'                            [HIT]
  L28: ' Belarusian.'                            [HIT]

row 133: base=CL (gold='Spanish') -> source=TH (gold='Thai')  template=language_prefill_v3
  question: 'Tell me a language spoken in the country in this image.'
  prefill : 'A language spoken there is'
  unhooked: ' Spanish.'
  L19: ' Spanish.'                               [base]
  L20: ' Spanish.'                               [base]
  L21: ' Spanish.'                               [base]
  L22: ' Spanish.'                               [base]
  L23: ' Spanish.'                               [base]
  L24: ' Thai.'                                  [HIT]
  L25: ' Thai.'                                  [HIT]
  L26: ' Thai.'                                  [HIT]
  L27: ' Thai.'                                  [HIT]
  L28: ' Thai.'                                  [HIT]

row 134: base=PT (gold='Portuguese') -> source=PY (gold='Spanish')  template=language_prefill_v5
  question: 'What language is officially spoken in the country shown in this flag?'
  prefill : 'The official language is'
  unhooked: ' Portuguese.'
  L19: ' Portuguese. The flag in the image is'   [base]
  L20: ' Portuguese.'                            [base]
  L21: ' Portuguese.'                            [base]
  L22: ' Portuguese.'                            [base]
  L23: ' Portuguese. The flag in the image is'   [base]
  L24: ' Spanish.'                               [HIT]
  L25: ' Spanish.'                               [HIT]
  L26: ' Spanish.'                               [HIT]
  L27: ' Spanish.'                               [HIT]
  L28: ' Spanish.'                               [HIT]

row 135: base=SE (gold='Swedish') -> source=UA (gold='Ukrainian')  template=language_prefill_v3
  question: 'Tell me a language spoken in the country in this image.'
  prefill : 'A language spoken there is'
  unhooked: ' Swedish.'
  L19: ' Swedish.'                               [base]
  L20: ' Swedish.'                               [base]
  L21: ' Swedish.'                               [base]
  L22: ' Swedish.'                               [base]
  L23: ' Swedish.'                               [base]
  L24: ' Ukrainian.'                             [HIT]
  L25: ' Ukrainian.'                             [HIT]
  L26: ' Ukrainian.'                             [HIT]
  L27: ' Ukrainian.'                             [HIT]
  L28: ' Ukrainian.'                             [HIT]

row 136: base=UA (gold='Ukrainian') -> source=CV (gold='Portuguese')  template=language_prefill_v2
  question: 'What is the official language of the country shown in this flag?'
  prefill : 'The official language is'
  unhooked: ' Ukrainian.'
  L19: ' Ukrainian.'                             [base]
  L20: ' Ukrainian.'                             [base]
  L21: ' Ukrainian.'                             [base]
  L22: ' Ukrainian.'                             [base]
  L23: ' Portuguese.'                            [HIT]
  L24: ' Portuguese.'                            [HIT]
  L25: ' Portuguese.'                            [HIT]
  L26: ' Portuguese.'                            [HIT]
  L27: ' Portuguese.'                            [HIT]
  L28: ' Portuguese.'                            [HIT]

row 137: base=IN (gold='Hindi') -> source=HN (gold='Spanish')  template=language_prefill_v6
  question: 'Name a language used in the country depicted in this image.'
  prefill : 'A language spoken there is'
  unhooked: ' Hindi.'
  L19: ' Hindi, which is one of the official'    [base]
  L20: ' Hindi.'                                 [base]
  L21: ' Hindi.'                                 [base]
  L22: ' Hindi.'                                 [base]
  L23: ' Spanish.'                               [HIT]
  L24: ' Spanish.'                               [HIT]
  L25: ' Spanish.'                               [HIT]
  L26: ' Spanish.'                               [HIT]
  L27: ' Spanish.'                               [HIT]
  L28: ' Spanish.'                               [HIT]

row 138: base=FI (gold='Finnish') -> source=IN (gold='Hindi')  template=language_prefill_v2
  question: 'What is the official language of the country shown in this flag?'
  prefill : 'The official language is'
  unhooked: ' Finnish.'
  L19: ' Finnish.'                               [base]
  L20: ' Finnish.'                               [base]
  L21: ' Finnish.'                               [base]
  L22: ' Finnish.'                               [base]
  L23: ' Hindi.'                                 [HIT]
  L24: ' Hindi.'                                 [HIT]
  L25: ' Hindi.'                                 [HIT]
  L26: ' Hindi.'                                 [HIT]
  L27: ' Hindi.'                                 [HIT]
  L28: ' Hindi.'                                 [HIT]

row 139: base=GR (gold='Greek') -> source=CV (gold='Portuguese')  template=language_prefill_v6
  question: 'Name a language used in the country depicted in this image.'
  prefill : 'A language spoken there is'
  unhooked: ' Greek.'
  L19: ' Greek.'                                 [base]
  L20: ' Greek.'                                 [base]
  L21: ' Greek.'                                 [base]
  L22: ' Greek.'                                 [base]
  L23: ' Greek.'                                 [base]
  L24: ' Portuguese.'                            [HIT]
  L25: ' Portuguese.'                            [HIT]
  L26: ' Portuguese.'                            [HIT]
  L27: ' Portuguese.'                            [HIT]
  L28: ' Bokmål, which is one'                   [other]

row 140: base=AO (gold='Portuguese') -> source=MU (gold='French')  template=language_prefill_v4
  question: 'Identify one of the official languages of the country in this image.'
  prefill : 'One official language is'
  unhooked: ' Portuguese.'
  L19: ' Portuguese.'                            [base]
  L20: ' Portuguese.'                            [base]
  L21: ' Portuguese.'                            [base]
  L22: ' Portuguese.'                            [base]
  L23: ' Portuguese.'                            [base]
  L24: ' French.'                                [HIT]
  L25: ' French.'                                [HIT]
  L26: ' French.'                                [HIT]
  L27: ' French.'                                [HIT]
  L28: ' French.'                                [HIT]

row 141: base=GT (gold='Spanish') -> source=CM (gold='French')  template=language_prefill_v1
  question: 'Name an official language of the country in this image.'
  prefill : 'One official language is'
  unhooked: ' Spanish.'
  L19: ' Spanish.'                               [base]
  L20: ' Spanish.'                               [base]
  L21: ' Spanish.'                               [base]
  L22: ' Spanish.'                               [base]
  L23: ' Spanish.'                               [base]
  L24: ' French.'                                [HIT]
  L25: ' French.'                                [HIT]
  L26: ' French.'                                [HIT]
  L27: ' French.'                                [HIT]
  L28: ' French.'                                [HIT]

row 142: base=CL (gold='Spanish') -> source=UA (gold='Ukrainian')  template=language_prefill_v4
  question: 'Identify one of the official languages of the country in this image.'
  prefill : 'One official language is'
  unhooked: ' Spanish.'
  L19: ' Spanish.'                               [base]
  L20: ' Spanish.'                               [base]
  L21: ' Spanish.'                               [base]
  L22: ' Spanish.'                               [base]
  L23: ' Russian.'                               [other]
  L24: ' Ukrainian.'                             [HIT]
  L25: ' Ukrainian.'                             [HIT]
  L26: ' Ukrainian.'                             [HIT]
  L27: ' Ukrainian.'                             [HIT]
  L28: ' Ukrainian.'                             [HIT]

row 143: base=VN (gold='Vietnamese') -> source=PY (gold='Spanish')  template=language_prefill_v2
  question: 'What is the official language of the country shown in this flag?'
  prefill : 'The official language is'
  unhooked: ' Vietnamese.'
  L19: ' Vietnamese.'                            [base]
  L20: ' Vietnamese.'                            [base]
  L21: ' Vietnamese.'                            [base]
  L22: ' Vietnamese.'                            [base]
  L23: ' Spanish.'                               [HIT]
  L24: ' Spanish.'                               [HIT]
  L25: ' Spanish.'                               [HIT]
  L26: ' Spanish.'                               [HIT]
  L27: ' Spanish.'                               [HIT]
  L28: ' Spanish.'                               [HIT]

row 144: base=GH (gold='English') -> source=HN (gold='Spanish')  template=language_prefill_v4
  question: 'Identify one of the official languages of the country in this image.'
  prefill : 'One official language is'
  unhooked: ' English.'
  L19: ' English.'                               [base]
  L20: ' English.'                               [base]
  L21: ' English.'                               [base]
  L22: ' English.'                               [base]
  L23: ' Spanish.'                               [HIT]
  L24: ' Spanish.'                               [HIT]
  L25: ' Spanish.'                               [HIT]
  L26: ' Spanish.'                               [HIT]
  L27: ' Spanish.'                               [HIT]
  L28: ' Spanish.'                               [HIT]

row 145: base=IS (gold='Icelandic') -> source=PY (gold='Spanish')  template=language_prefill_v4
  question: 'Identify one of the official languages of the country in this image.'
  prefill : 'One official language is'
  unhooked: ' Icelandic.'
  L19: ' Icelandic.'                             [base]
  L20: ' Icelandic.'                             [base]
  L21: ' Icelandic.'                             [base]
  L22: ' Icelandic.'                             [base]
  L23: ' Spanish.'                               [HIT]
  L24: ' Spanish.'                               [HIT]
  L25: ' Spanish.'                               [HIT]
  L26: ' Spanish.'                               [HIT]
  L27: ' Spanish.'                               [HIT]
  L28: ' Spanish.'                               [HIT]

row 146: base=CV (gold='Portuguese') -> source=TH (gold='Thai')  template=language_prefill_v1
  question: 'Name an official language of the country in this image.'
  prefill : 'One official language is'
  unhooked: ' Portuguese.'
  L19: ' Portuguese.'                            [base]
  L20: ' Portuguese.'                            [base]
  L21: ' Portuguese.'                            [base]
  L22: ' Portuguese.'                            [base]
  L23: ' Portuguese.'                            [base]
  L24: ' Thai.'                                  [HIT]
  L25: ' Thai.'                                  [HIT]
  L26: ' Thai.'                                  [HIT]
  L27: ' Thai.'                                  [HIT]
  L28: ' Thai.'                                  [HIT]

row 147: base=ZM (gold='English') -> source=FI (gold='Finnish')  template=language_prefill_v5
  question: 'What language is officially spoken in the country shown in this flag?'
  prefill : 'The official language is'
  unhooked: ' English.'
  L19: ' English.'                               [base]
  L20: ' English.'                               [base]
  L21: ' English.'                               [base]
  L22: ' Zambian English, which is based'        [other]
  L23: ' Finnish.'                               [HIT]
  L24: ' Finnish.'                               [HIT]
  L25: ' Finnish.'                               [HIT]
  L26: ' Finnish.'                               [HIT]
  L27: ' Finnish.'                               [HIT]
  L28: ' Finnish.'                               [HIT]

row 148: base=MU (gold='French') -> source=IS (gold='Icelandic')  template=language_prefill_v6
  question: 'Name a language used in the country depicted in this image.'
  prefill : 'A language spoken there is'
  unhooked: ' Mauritian Creole, which is an'
  L19: ' Mauritian Creole, which is an'          [other]
  L20: ' Mauritian Creole, which is an'          [other]
  L21: ' Mauritian Creole, which is an'          [other]
  L22: ' French.'                                [base]
  L23: ' Icelandic.'                             [HIT]
  L24: ' Icelandic.'                             [HIT]
  L25: ' Icelandic.'                             [HIT]
  L26: ' Icelandic.'                             [HIT]
  L27: ' Icelandic.'                             [HIT]
  L28: ' Icelandic.'                             [HIT]

row 149: base=BY (gold='Belarusian') -> source=AO (gold='Portuguese')  template=language_prefill_v3
  question: 'Tell me a language spoken in the country in this image.'
  prefill : 'A language spoken there is'
  unhooked: ' Belarusian.'
  L19: ' Belarusian.'                            [base]
  L20: ' Belarusian.'                            [base]
  L21: ' Belarusian.'                            [base]
  L22: ' Belarusian.'                            [base]
  L23: ' Portuguese.'                            [HIT]
  L24: ' Portuguese.'                            [HIT]
  L25: ' Portuguese.'                            [HIT]
  L26: ' Portuguese.'                            [HIT]
  L27: ' Portuguese.'                            [HIT]
  L28: ' Komi, which is an official language'    [other]

row 150: base=ZM (gold='English') -> source=PY (gold='Spanish')  template=language_prefill_v5
  question: 'What language is officially spoken in the country shown in this flag?'
  prefill : 'The official language is'
  unhooked: ' English.'
  L19: ' English.'                               [base]
  L20: ' English.'                               [base]
  L21: ' English.'                               [base]
  L22: ' English.'                               [base]
  L23: ' Spanish.'                               [HIT]
  L24: ' Spanish.'                               [HIT]
  L25: ' Spanish.'                               [HIT]
  L26: ' Spanish.'                               [HIT]
  L27: ' Spanish.'                               [HIT]
  L28: ' Spanish.'                               [HIT]

row 151: base=CM (gold='French') -> source=UA (gold='Ukrainian')  template=language_prefill_v6
  question: 'Name a language used in the country depicted in this image.'
  prefill : 'A language spoken there is'
  unhooked: ' French, as Cameroon is officially a mult'
  L19: ' French, as Cameroon is officially a mult' [base]
  L20: ' French, as Cameroon is officially a mult' [base]
  L21: ' French, as Cameroon is officially a mult' [base]
  L22: ' French, which is one of the official'   [base]
  L23: ' Ukrainian.'                             [HIT]
  L24: ' Ukrainian.'                             [HIT]
  L25: ' Ukrainian.'                             [HIT]
  L26: ' Ukrainian.'                             [HIT]
  L27: ' Ukrainian.'                             [HIT]
  L28: ' Ukrainian.'                             [HIT]

row 152: base=VN (gold='Vietnamese') -> source=IN (gold='Hindi')  template=language_prefill_v4
  question: 'Identify one of the official languages of the country in this image.'
  prefill : 'One official language is'
  unhooked: ' Vietnamese.'
  L19: ' Vietnamese.'                            [base]
  L20: ' Vietnamese.'                            [base]
  L21: ' Vietnamese.'                            [base]
  L22: ' Vietnamese.'                            [base]
  L23: ' Hindi.'                                 [HIT]
  L24: ' Hindi.'                                 [HIT]
  L25: ' Hindi.'                                 [HIT]
  L26: ' Hindi.'                                 [HIT]
  L27: ' Hindi.'                                 [HIT]
  L28: ' Hindi.'                                 [HIT]

row 153: base=GH (gold='English') -> source=GT (gold='Spanish')  template=language_prefill_v3
  question: 'Tell me a language spoken in the country in this image.'
  prefill : 'A language spoken there is'
  unhooked: ' Twi, which is the most widely'
  L19: ' Twi, which is the most widely'          [other]
  L20: ' Twi, which is one of the'               [other]
  L21: ' Twi, which is the most widely'          [other]
  L22: ' Twi, which is one of the'               [other]
  L23: ' Spanish.'                               [HIT]
  L24: ' Spanish.'                               [HIT]
  L25: ' Spanish.'                               [HIT]
  L26: ' Spanish.'                               [HIT]
  L27: ' Spanish.'                               [HIT]
  L28: ' Spanish.'                               [HIT]

row 154: base=AR (gold='Guaraní') -> source=IS (gold='Icelandic')  template=language_prefill_v2
  question: 'What is the official language of the country shown in this flag?'
  prefill : 'The official language is'
  unhooked: ' Spanish.'
  L19: ' Spanish.'                               [other]
  L20: ' Spanish.'                               [other]
  L21: ' Spanish.'                               [other]
  L22: ' Spanish.'                               [other]
  L23: ' Swedish.'                               [other]
  L24: ' Icelandic.'                             [HIT]
  L25: ' Icelandic.'                             [HIT]
  L26: ' Icelandic.'                             [HIT]
  L27: ' Icelandic.'                             [HIT]
  L28: ' Icelandic.'                             [HIT]

row 155: base=SE (gold='Swedish') -> source=IN (gold='Hindi')  template=language_prefill_v1
  question: 'Name an official language of the country in this image.'
  prefill : 'One official language is'
  unhooked: ' Swedish.'
  L19: ' Swedish.'                               [base]
  L20: ' Swedish.'                               [base]
  L21: ' Swedish.'                               [base]
  L22: ' Swedish.'                               [base]
  L23: ' Hindi.'                                 [HIT]
  L24: ' Hindi.'                                 [HIT]
  L25: ' Hindi.'                                 [HIT]
  L26: ' Hindi.'                                 [HIT]
  L27: ' Hindi.'                                 [HIT]
  L28: ' Hindi.'                                 [HIT]

row 156: base=UA (gold='Ukrainian') -> source=GR (gold='Greek')  template=language_prefill_v2
  question: 'What is the official language of the country shown in this flag?'
  prefill : 'The official language is'
  unhooked: ' Ukrainian.'
  L19: ' Ukrainian.'                             [base]
  L20: ' Ukrainian.'                             [base]
  L21: ' Ukrainian.'                             [base]
  L22: ' Greek.'                                 [HIT]
  L23: ' Greek.'                                 [HIT]
  L24: ' Greek.'                                 [HIT]
  L25: ' Greek.'                                 [HIT]
  L26: ' Greek.'                                 [HIT]
  L27: ' Greek.'                                 [HIT]
  L28: ' Greek.'                                 [HIT]

row 157: base=SA (gold='Arabic') -> source=CM (gold='French')  template=language_prefill_v5
  question: 'What language is officially spoken in the country shown in this flag?'
  prefill : 'The official language is'
  unhooked: ' Arabic.'
  L19: ' Arabic.'                                [base]
  L20: ' Arabic.'                                [base]
  L21: ' Arabic.'                                [base]
  L22: ' Arabic.'                                [base]
  L23: ' Arabic.'                                [base]
  L24: ' French.'                                [HIT]
  L25: ' French.'                                [HIT]
  L26: ' French.'                                [HIT]
  L27: ' French.'                                [HIT]
  L28: ' French.'                                [HIT]

row 158: base=TH (gold='Thai') -> source=GR (gold='Greek')  template=language_prefill_v3
  question: 'Tell me a language spoken in the country in this image.'
  prefill : 'A language spoken there is'
  unhooked: ' Thai.'
  L19: ' Thai.'                                  [base]
  L20: ' Thai.'                                  [base]
  L21: ' Thai.'                                  [base]
  L22: ' Greek.'                                 [HIT]
  L23: ' Greek.'                                 [HIT]
  L24: ' Greek.'                                 [HIT]
  L25: ' Greek.'                                 [HIT]
  L26: ' Greek.'                                 [HIT]
  L27: ' Greek.'                                 [HIT]
  L28: ' Greek.'                                 [HIT]

row 159: base=UG (gold='English') -> source=UA (gold='Ukrainian')  template=language_prefill_v4
  question: 'Identify one of the official languages of the country in this image.'
  prefill : 'One official language is'
  unhooked: ' English.'
  L19: ' English.'                               [base]
  L20: ' English.'                               [base]
  L21: ' English.'                               [base]
  L22: ' English.'                               [base]
  L23: ' Ukrainian.'                             [HIT]
  L24: ' Ukrainian.'                             [HIT]
  L25: ' Ukrainian.'                             [HIT]
  L26: ' Ukrainian.'                             [HIT]
  L27: ' Ukrainian.'                             [HIT]
  L28: ' Ukrainian.'                             [HIT]

row 160: base=BY (gold='Belarusian') -> source=HN (gold='Spanish')  template=language_prefill_v6
  question: 'Name a language used in the country depicted in this image.'
  prefill : 'A language spoken there is'
  unhooked: ' Belarusian.'
  L19: ' Belarusian.'                            [base]
  L20: ' Belarusian.'                            [base]
  L21: ' Belarusian.'                            [base]
  L22: ' Belarusian.'                            [base]
  L23: ' Spanish.'                               [HIT]
  L24: ' Spanish.'                               [HIT]
  L25: ' Spanish.'                               [HIT]
  L26: ' Spanish.'                               [HIT]
  L27: ' Spanish.'                               [HIT]
  L28: ' Spanish.'                               [HIT]

row 161: base=AO (gold='Portuguese') -> source=UG (gold='English')  template=language_prefill_v6
  question: 'Name a language used in the country depicted in this image.'
  prefill : 'A language spoken there is'
  unhooked: ' Portuguese, as Angola was a Portuguese colony'
  L19: ' Portuguese, as Angola was a Portuguese colony' [base]
  L20: ' Portuguese, as Angola was a Portuguese colony' [base]
  L21: ' Portuguese, as Angola was a Portuguese colony' [base]
  L22: ' Portuguese, as Angola was a Portuguese colony' [base]
  L23: ' English, as it is one of the'           [HIT]
  L24: ' English, as it is one of the'           [HIT]
  L25: ' English, as it is one of the'           [HIT]
  L26: ' English, as it is one of the'           [HIT]
  L27: ' English, as it is one of the'           [HIT]
  L28: ' English, as it is one of the'           [HIT]

row 162: base=CM (gold='French') -> source=BY (gold='Belarusian')  template=language_prefill_v6
  question: 'Name a language used in the country depicted in this image.'
  prefill : 'A language spoken there is'
  unhooked: ' French, as Cameroon is officially a mult'
  L19: ' French, as Cameroon is officially a mult' [base]
  L20: ' French, as Cameroon is officially a mult' [base]
  L21: ' French, which is one of the official'   [base]
  L22: ' French, which is one of the official'   [base]
  L23: ' Russian, as the flag shown is that'     [other]
  L24: ' Belarusian.'                            [HIT]
  L25: ' Belarusian.'                            [HIT]
  L26: ' Belarusian.'                            [HIT]
  L27: ' Belarusian.'                            [HIT]
  L28: ' Belarusian.'                            [HIT]

row 163: base=UA (gold='Ukrainian') -> source=GR (gold='Greek')  template=language_prefill_v5
  question: 'What language is officially spoken in the country shown in this flag?'
  prefill : 'The official language is'
  unhooked: ' Ukrainian.'
  L19: ' Ukrainian.'                             [base]
  L20: ' Ukrainian.'                             [base]
  L21: ' Ukrainian.'                             [base]
  L22: ' Greek.'                                 [HIT]
  L23: ' Greek.'                                 [HIT]
  L24: ' Greek.'                                 [HIT]
  L25: ' Greek.'                                 [HIT]
  L26: ' Greek.'                                 [HIT]
  L27: ' Greek.'                                 [HIT]
  L28: ' Greek.'                                 [HIT]

row 164: base=FI (gold='Finnish') -> source=HN (gold='Spanish')  template=language_prefill_v1
  question: 'Name an official language of the country in this image.'
  prefill : 'One official language is'
  unhooked: ' Finnish.'
  L19: ' Finnish.'                               [base]
  L20: ' Finnish.'                               [base]
  L21: ' Finnish.'                               [base]
  L22: ' Finnish.'                               [base]
  L23: ' Spanish.'                               [HIT]
  L24: ' Spanish.'                               [HIT]
  L25: ' Spanish.'                               [HIT]
  L26: ' Spanish.'                               [HIT]
  L27: ' Spanish.'                               [HIT]
  L28: ' Spanish.'                               [HIT]

row 165: base=TH (gold='Thai') -> source=IN (gold='Hindi')  template=language_prefill_v2
  question: 'What is the official language of the country shown in this flag?'
  prefill : 'The official language is'
  unhooked: ' Thai.'
  L19: ' Thai.'                                  [base]
  L20: ' Thai.'                                  [base]
  L21: ' Thai.'                                  [base]
  L22: ' Hindi.'                                 [HIT]
  L23: ' Hindi.'                                 [HIT]
  L24: ' Hindi.'                                 [HIT]
  L25: ' Hindi.'                                 [HIT]
  L26: ' Hindi.'                                 [HIT]
  L27: ' Hindi.'                                 [HIT]
  L28: ' Hindi.'                                 [HIT]

row 166: base=SE (gold='Swedish') -> source=IS (gold='Icelandic')  template=language_prefill_v4
  question: 'Identify one of the official languages of the country in this image.'
  prefill : 'One official language is'
  unhooked: ' Swedish.'
  L19: ' Swedish.'                               [base]
  L20: ' Swedish.'                               [base]
  L21: ' Swedish.'                               [base]
  L22: ' Swedish.'                               [base]
  L23: ' Swedish.'                               [base]
  L24: ' Icelandic.'                             [HIT]
  L25: ' Icelandic.'                             [HIT]
  L26: ' Icelandic.'                             [HIT]
  L27: ' Icelandic.'                             [HIT]
  L28: ' Icelandic.'                             [HIT]

row 167: base=CL (gold='Spanish') -> source=VN (gold='Vietnamese')  template=language_prefill_v3
  question: 'Tell me a language spoken in the country in this image.'
  prefill : 'A language spoken there is'
  unhooked: ' Spanish.'
  L19: ' Spanish.'                               [base]
  L20: ' Spanish.'                               [base]
  L21: ' Spanish.'                               [base]
  L22: ' Spanish.'                               [base]
  L23: ' Vietnamese.'                            [HIT]
  L24: ' Vietnamese.'                            [HIT]
  L25: ' Vietnamese.'                            [HIT]
  L26: ' Vietnamese.'                            [HIT]
  L27: ' Vietnamese.'                            [HIT]
  L28: ' Vietnamese.'                            [HIT]

row 168: base=VN (gold='Vietnamese') -> source=UG (gold='English')  template=language_prefill_v6
  question: 'Name a language used in the country depicted in this image.'
  prefill : 'A language spoken there is'
  unhooked: ' Vietnamese.'
  L19: ' Vietnamese.'                            [base]
  L20: ' Vietnamese.'                            [base]
  L21: ' Vietnamese.'                            [base]
  L22: ' Vietnamese.'                            [base]
  L23: ' Vietnamese.'                            [base]
  L24: ' English, as it is an official language' [HIT]
  L25: ' English, as it is an official language' [HIT]
  L26: ' English, as it is an official language' [HIT]
  L27: ' English, as it is an official language' [HIT]
  L28: ' English, as it is an official language' [HIT]

row 169: base=BY (gold='Belarusian') -> source=VN (gold='Vietnamese')  template=language_prefill_v1
  question: 'Name an official language of the country in this image.'
  prefill : 'One official language is'
  unhooked: ' Belarusian.'
  L19: ' Belarusian.'                            [base]
  L20: ' Belarusian.'                            [base]
  L21: ' Belarusian.'                            [base]
  L22: ' Belarusian.'                            [base]
  L23: ' Vietnamese.'                            [HIT]
  L24: ' Vietnamese.'                            [HIT]
  L25: ' Vietnamese.'                            [HIT]
  L26: ' Vietnamese.'                            [HIT]
  L27: ' Vietnamese.'                            [HIT]
  L28: ' Vietnamese.'                            [HIT]

row 170: base=IS (gold='Icelandic') -> source=PT (gold='Portuguese')  template=language_prefill_v3
  question: 'Tell me a language spoken in the country in this image.'
  prefill : 'A language spoken there is'
  unhooked: ' Icelandic.'
  L19: ' Icelandic.'                             [base]
  L20: ' Icelandic.'                             [base]
  L21: ' Icelandic.'                             [base]
  L22: ' Icelandic.'                             [base]
  L23: ' Portuguese.'                            [HIT]
  L24: ' Portuguese.'                            [HIT]
  L25: ' Portuguese.'                            [HIT]
  L26: ' Portuguese.'                            [HIT]
  L27: ' Portuguese.'                            [HIT]
  L28: ' Portuguese.'                            [HIT]

row 171: base=CL (gold='Spanish') -> source=TH (gold='Thai')  template=language_prefill_v6
  question: 'Name a language used in the country depicted in this image.'
  prefill : 'A language spoken there is'
  unhooked: ' Spanish.'
  L19: ' Spanish.'                               [base]
  L20: ' Spanish.'                               [base]
  L21: ' Spanish.'                               [base]
  L22: ' Spanish.'                               [base]
  L23: ' Spanish.'                               [base]
  L24: ' Thai.'                                  [HIT]
  L25: ' Thai.'                                  [HIT]
  L26: ' Thai.'                                  [HIT]
  L27: ' Thai.'                                  [HIT]
  L28: ' Thai.'                                  [HIT]

row 172: base=AR (gold='Guaraní') -> source=CV (gold='Portuguese')  template=language_prefill_v6
  question: 'Name a language used in the country depicted in this image.'
  prefill : 'A language spoken there is'
  unhooked: ' Spanish.'
  L19: ' Spanish.'                               [other]
  L20: ' Spanish.'                               [other]
  L21: ' Spanish.'                               [other]
  L22: ' Spanish.'                               [other]
  L23: ' Portuguese, although Spanish is also widely used' [HIT]
  L24: ' Portuguese, although Spanish is also widely used' [HIT]
  L25: ' Portuguese, although Spanish is also widely used' [HIT]
  L26: ' Portuguese, although Spanish is also widely used' [HIT]
  L27: ' Portuguese, although Spanish is also widely used' [HIT]
  L28: ' Banda de Música, which'                 [other]

row 173: base=TH (gold='Thai') -> source=HN (gold='Spanish')  template=language_prefill_v5
  question: 'What language is officially spoken in the country shown in this flag?'
  prefill : 'The official language is'
  unhooked: ' Thai.'
  L19: ' Thai.'                                  [base]
  L20: ' Thai.'                                  [base]
  L21: ' Thai.'                                  [base]
  L22: ' Thai.'                                  [base]
  L23: ' Spanish.'                               [HIT]
  L24: ' Spanish.'                               [HIT]
  L25: ' Spanish.'                               [HIT]
  L26: ' Spanish.'                               [HIT]
  L27: ' Spanish.'                               [HIT]
  L28: ' Spanish.'                               [HIT]

row 174: base=AO (gold='Portuguese') -> source=SE (gold='Swedish')  template=language_prefill_v3
  question: 'Tell me a language spoken in the country in this image.'
  prefill : 'A language spoken there is'
  unhooked: ' Portuguese, as Angola was a Portuguese colony'
  L19: ' Portuguese. Angola was a colony of Portugal' [base]
  L20: ' Portuguese. Angola was a colony of Portugal' [base]
  L21: ' Portuguese. Angola was a colony of Portugal' [base]
  L22: ' Portuguese, as Angola was a Portuguese colony' [base]
  L23: ' Swedish.'                               [HIT]
  L24: ' Swedish.'                               [HIT]
  L25: ' Swedish.'                               [HIT]
  L26: ' Swedish.'                               [HIT]
  L27: ' Swedish.'                               [HIT]
  L28: ' Swedish.'                               [HIT]

row 175: base=FI (gold='Finnish') -> source=MU (gold='French')  template=language_prefill_v2
  question: 'What is the official language of the country shown in this flag?'
  prefill : 'The official language is'
  unhooked: ' Finnish.'
  L19: ' Finnish.'                               [base]
  L20: ' Finnish.'                               [base]
  L21: ' Finnish.'                               [base]
  L22: ' Finnish.'                               [base]
  L23: ' Finnish.'                               [base]
  L24: ' French.'                                [HIT]
  L25: ' French.'                                [HIT]
  L26: ' French.'                                [HIT]
  L27: ' French.'                                [HIT]
  L28: ' French.'                                [HIT]

row 176: base=FI (gold='Finnish') -> source=GH (gold='English')  template=language_prefill_v2
  question: 'What is the official language of the country shown in this flag?'
  prefill : 'The official language is'
  unhooked: ' Finnish.'
  L19: ' Finnish.'                               [base]
  L20: ' Finnish.'                               [base]
  L21: ' Finnish.'                               [base]
  L22: ' Finnish.'                               [base]
  L23: ' English.'                               [HIT]
  L24: ' English.'                               [HIT]
  L25: ' English.'                               [HIT]
  L26: ' English.'                               [HIT]
  L27: ' English.'                               [HIT]
  L28: ' English.'                               [HIT]

row 177: base=CM (gold='French') -> source=BY (gold='Belarusian')  template=language_prefill_v4
  question: 'Identify one of the official languages of the country in this image.'
  prefill : 'One official language is'
  unhooked: ' French.'
  L19: ' French.'                                [base]
  L20: ' French.'                                [base]
  L21: ' French.'                                [base]
  L22: ' French.'                                [base]
  L23: ' Russian.'                               [other]
  L24: ' Belarusian.'                            [HIT]
  L25: ' Belarusian.'                            [HIT]
  L26: ' Belarusian.'                            [HIT]
  L27: ' Belarusian.'                            [HIT]
  L28: ' Belarusian.'                            [HIT]

row 178: base=PT (gold='Portuguese') -> source=IN (gold='Hindi')  template=language_prefill_v3
  question: 'Tell me a language spoken in the country in this image.'
  prefill : 'A language spoken there is'
  unhooked: ' Portuguese.'
  L19: ' Portuguese.'                            [base]
  L20: ' Portuguese.'                            [base]
  L21: ' Portuguese.'                            [base]
  L22: ' Portuguese.'                            [base]
  L23: ' Hindi.'                                 [HIT]
  L24: ' Hindi.'                                 [HIT]
  L25: ' Hindi.'                                 [HIT]
  L26: ' Hindi.'                                 [HIT]
  L27: ' Hindi.'                                 [HIT]
  L28: ' Hindi.'                                 [HIT]

row 179: base=GH (gold='English') -> source=AO (gold='Portuguese')  template=language_prefill_v5
  question: 'What language is officially spoken in the country shown in this flag?'
  prefill : 'The official language is'
  unhooked: ' English.'
  L19: ' English.'                               [base]
  L20: ' English.'                               [base]
  L21: ' English.'                               [base]
  L22: ' English.'                               [base]
  L23: ' Portuguese.'                            [HIT]
  L24: ' Portuguese.'                            [HIT]
  L25: ' Portuguese.'                            [HIT]
  L26: ' Portuguese.'                            [HIT]
  L27: ' Portuguese.'                            [HIT]
  L28: ' Portuguese.'                            [HIT]

row 180: base=AR (gold='Guaraní') -> source=ZM (gold='English')  template=language_prefill_v4
  question: 'Identify one of the official languages of the country in this image.'
  prefill : 'One official language is'
  unhooked: ' Spanish.'
  L19: ' Spanish.'                               [other]
  L20: ' Spanish.'                               [other]
  L21: ' Spanish.'                               [other]
  L22: ' Spanish.'                               [other]
  L23: ' English.'                               [HIT]
  L24: ' English.'                               [HIT]
  L25: ' English.'                               [HIT]
  L26: ' English.'                               [HIT]
  L27: ' English.'                               [HIT]
  L28: ' English.'                               [HIT]

row 181: base=UG (gold='English') -> source=TH (gold='Thai')  template=language_prefill_v5
  question: 'What language is officially spoken in the country shown in this flag?'
  prefill : 'The official language is'
  unhooked: ' English.'
  L19: ' English.'                               [base]
  L20: ' English.'                               [base]
  L21: ' English.'                               [base]
  L22: ' English.'                               [base]
  L23: ' Thai.'                                  [HIT]
  L24: ' Thai.'                                  [HIT]
  L25: ' Thai.'                                  [HIT]
  L26: ' Thai.'                                  [HIT]
  L27: ' Thai.'                                  [HIT]
  L28: ' Thai.'                                  [HIT]

row 182: base=AO (gold='Portuguese') -> source=TH (gold='Thai')  template=language_prefill_v2
  question: 'What is the official language of the country shown in this flag?'
  prefill : 'The official language is'
  unhooked: ' Portuguese.'
  L19: ' Portuguese.'                            [base]
  L20: ' Portuguese.'                            [base]
  L21: ' Portuguese.'                            [base]
  L22: ' Portuguese.'                            [base]
  L23: ' Portuguese.'                            [base]
  L24: ' Thai.'                                  [HIT]
  L25: ' Thai.'                                  [HIT]
  L26: ' Thai.'                                  [HIT]
  L27: ' Thai.'                                  [HIT]
  L28: ' Thai.'                                  [HIT]

row 183: base=SA (gold='Arabic') -> source=IN (gold='Hindi')  template=language_prefill_v6
  question: 'Name a language used in the country depicted in this image.'
  prefill : 'A language spoken there is'
  unhooked: ' Arabic.'
  L19: ' Arabic.'                                [base]
  L20: ' Arabic.'                                [base]
  L21: ' Arabic.'                                [base]
  L22: ' Arabic.'                                [base]
  L23: ' Hindi.'                                 [HIT]
  L24: ' Hindi.'                                 [HIT]
  L25: ' Hindi.'                                 [HIT]
  L26: ' Hindi.'                                 [HIT]
  L27: ' Hindi.'                                 [HIT]
  L28: ' Hindi.'                                 [HIT]

row 184: base=MU (gold='French') -> source=IS (gold='Icelandic')  template=language_prefill_v4
  question: 'Identify one of the official languages of the country in this image.'
  prefill : 'One official language is'
  unhooked: ' French.'
  L19: ' French.'                                [base]
  L20: ' French.'                                [base]
  L21: ' French.'                                [base]
  L22: ' French.'                                [base]
  L23: ' Icelandic.'                             [HIT]
  L24: ' Icelandic.'                             [HIT]
  L25: ' Icelandic.'                             [HIT]
  L26: ' Icelandic.'                             [HIT]
  L27: ' Icelandic.'                             [HIT]
  L28: ' Icelandic.'                             [HIT]

row 185: base=TH (gold='Thai') -> source=UG (gold='English')  template=language_prefill_v2
  question: 'What is the official language of the country shown in this flag?'
  prefill : 'The official language is'
  unhooked: ' Thai.'
  L19: ' Thai.'                                  [base]
  L20: ' Thai.'                                  [base]
  L21: ' Thai.'                                  [base]
  L22: ' Thai.'                                  [base]
  L23: ' English.'                               [HIT]
  L24: ' English.'                               [HIT]
  L25: ' English.'                               [HIT]
  L26: ' English.'                               [HIT]
  L27: ' English.'                               [HIT]
  L28: ' English.'                               [HIT]

row 186: base=CL (gold='Spanish') -> source=GH (gold='English')  template=language_prefill_v2
  question: 'What is the official language of the country shown in this flag?'
  prefill : 'The official language is'
  unhooked: ' Spanish.'
  L19: ' Spanish.'                               [base]
  L20: ' Spanish.'                               [base]
  L21: ' Spanish.'                               [base]
  L22: ' Spanish.'                               [base]
  L23: ' English.'                               [HIT]
  L24: ' English.'                               [HIT]
  L25: ' English.'                               [HIT]
  L26: ' English.'                               [HIT]
  L27: ' English.'                               [HIT]
  L28: ' English.'                               [HIT]

row 187: base=GR (gold='Greek') -> source=SE (gold='Swedish')  template=language_prefill_v1
  question: 'Name an official language of the country in this image.'
  prefill : 'One official language is'
  unhooked: ' Greek.'
  L19: ' Greek.'                                 [base]
  L20: ' Greek.'                                 [base]
  L21: ' Greek.'                                 [base]
  L22: ' Greek.'                                 [base]
  L23: ' Greek.'                                 [base]
  L24: ' Swedish.'                               [HIT]
  L25: ' Swedish.'                               [HIT]
  L26: ' Swedish.'                               [HIT]
  L27: ' Swedish.'                               [HIT]
  L28: ' Swedish.'                               [HIT]

row 188: base=BY (gold='Belarusian') -> source=GR (gold='Greek')  template=language_prefill_v1
  question: 'Name an official language of the country in this image.'
  prefill : 'One official language is'
  unhooked: ' Belarusian.'
  L19: ' Belarusian.'                            [base]
  L20: ' Belarusian.'                            [base]
  L21: ' Belarusian.'                            [base]
  L22: ' Belarusian.'                            [base]
  L23: ' Greek.'                                 [HIT]
  L24: ' Greek.'                                 [HIT]
  L25: ' Greek.'                                 [HIT]
  L26: ' Greek.'                                 [HIT]
  L27: ' Greek.'                                 [HIT]
  L28: ' Greek.'                                 [HIT]

row 189: base=GH (gold='English') -> source=HN (gold='Spanish')  template=language_prefill_v5
  question: 'What language is officially spoken in the country shown in this flag?'
  prefill : 'The official language is'
  unhooked: ' English.'
  L19: ' English.'                               [base]
  L20: ' English.'                               [base]
  L21: ' English.'                               [base]
  L22: ' English.'                               [base]
  L23: ' Spanish.'                               [HIT]
  L24: ' Spanish.'                               [HIT]
  L25: ' Spanish.'                               [HIT]
  L26: ' Spanish.'                               [HIT]
  L27: ' Spanish.'                               [HIT]
  L28: ' Spanish.'                               [HIT]

row 190: base=BY (gold='Belarusian') -> source=GT (gold='Spanish')  template=language_prefill_v3
  question: 'Tell me a language spoken in the country in this image.'
  prefill : 'A language spoken there is'
  unhooked: ' Belarusian.'
  L19: ' Belarusian.'                            [base]
  L20: ' Belarusian.'                            [base]
  L21: ' Belarusian.'                            [base]
  L22: ' Belarusian.'                            [base]
  L23: ' Spanish.'                               [HIT]
  L24: ' Spanish.'                               [HIT]
  L25: ' Spanish.'                               [HIT]
  L26: ' Spanish.'                               [HIT]
  L27: ' Spanish.'                               [HIT]
  L28: ' Spanish.'                               [HIT]

row 191: base=UA (gold='Ukrainian') -> source=PY (gold='Spanish')  template=language_prefill_v2
  question: 'What is the official language of the country shown in this flag?'
  prefill : 'The official language is'
  unhooked: ' Ukrainian.'
  L19: ' Ukrainian.'                             [base]
  L20: ' Ukrainian.'                             [base]
  L21: ' Ukrainian.'                             [base]
  L22: ' Ukrainian.'                             [base]
  L23: ' Spanish.'                               [HIT]
  L24: ' Spanish.'                               [HIT]
  L25: ' Spanish.'                               [HIT]
  L26: ' Spanish.'                               [HIT]
  L27: ' Spanish.'                               [HIT]
  L28: ' Spanish.'                               [HIT]

row 192: base=HN (gold='Spanish') -> source=CV (gold='Portuguese')  template=language_prefill_v4
  question: 'Identify one of the official languages of the country in this image.'
  prefill : 'One official language is'
  unhooked: ' Spanish.'
  L19: ' Spanish.'                               [base]
  L20: ' Spanish.'                               [base]
  L21: ' Spanish.'                               [base]
  L22: ' Spanish.'                               [base]
  L23: ' Spanish.'                               [base]
  L24: ' Portuguese.'                            [HIT]
  L25: ' Portuguese.'                            [HIT]
  L26: ' Portuguese.'                            [HIT]
  L27: ' Portuguese.'                            [HIT]
  L28: ' Portuguese.'                            [HIT]

row 193: base=IS (gold='Icelandic') -> source=AO (gold='Portuguese')  template=language_prefill_v1
  question: 'Name an official language of the country in this image.'
  prefill : 'One official language is'
  unhooked: ' Icelandic.'
  L19: ' Icelandic.'                             [base]
  L20: ' Icelandic.'                             [base]
  L21: ' Icelandic.'                             [base]
  L22: ' Icelandic.'                             [base]
  L23: ' Portuguese.'                            [HIT]
  L24: ' Portuguese.'                            [HIT]
  L25: ' Portuguese.'                            [HIT]
  L26: ' Portuguese.'                            [HIT]
  L27: ' Portuguese.'                            [HIT]
  L28: ' Portuguese.'                            [HIT]

row 194: base=MU (gold='French') -> source=TH (gold='Thai')  template=language_prefill_v5
  question: 'What language is officially spoken in the country shown in this flag?'
  prefill : 'The official language is'
  unhooked: ' French.'
  L19: ' French.'                                [base]
  L20: ' French.'                                [base]
  L21: ' French.'                                [base]
  L22: ' French.'                                [base]
  L23: ' Indonesian.'                            [other]
  L24: ' Thai.'                                  [HIT]
  L25: ' Thai.'                                  [HIT]
  L26: ' Thai.'                                  [HIT]
  L27: ' Thai.'                                  [HIT]
  L28: ' Thai.'                                  [HIT]

row 195: base=FI (gold='Finnish') -> source=CL (gold='Spanish')  template=language_prefill_v1
  question: 'Name an official language of the country in this image.'
  prefill : 'One official language is'
  unhooked: ' Finnish.'
  L19: ' Finnish.'                               [base]
  L20: ' Finnish.'                               [base]
  L21: ' Finnish.'                               [base]
  L22: ' Finnish.'                               [base]
  L23: ' Spanish.'                               [HIT]
  L24: ' Spanish.'                               [HIT]
  L25: ' Spanish.'                               [HIT]
  L26: ' Spanish.'                               [HIT]
  L27: ' Spanish.'                               [HIT]
  L28: ' Spanish.'                               [HIT]

row 196: base=VN (gold='Vietnamese') -> source=IN (gold='Hindi')  template=language_prefill_v2
  question: 'What is the official language of the country shown in this flag?'
  prefill : 'The official language is'
  unhooked: ' Vietnamese.'
  L19: ' Vietnamese.'                            [base]
  L20: ' Vietnamese.'                            [base]
  L21: ' Vietnamese.'                            [base]
  L22: ' Vietnamese.'                            [base]
  L23: ' Hindi.'                                 [HIT]
  L24: ' Hindi.'                                 [HIT]
  L25: ' Hindi.'                                 [HIT]
  L26: ' Hindi.'                                 [HIT]
  L27: ' Hindi.'                                 [HIT]
  L28: ' Hindi.'                                 [HIT]

row 197: base=PY (gold='Spanish') -> source=CV (gold='Portuguese')  template=language_prefill_v5
  question: 'What language is officially spoken in the country shown in this flag?'
  prefill : 'The official language is'
  unhooked: ' Spanish. The flag in the image is'
  L19: ' Spanish.'                               [base]
  L20: ' Spanish.'                               [base]
  L21: ' Spanish.'                               [base]
  L22: ' Spanish.'                               [base]
  L23: ' Portuguese. The flag in the image is'   [HIT]
  L24: ' Portuguese. The flag in the image is'   [HIT]
  L25: ' Portuguese. The flag in the image is'   [HIT]
  L26: ' Portuguese. The flag in the image is'   [HIT]
  L27: ' Portuguese. The flag in the image is'   [HIT]
  L28: ' Portuguese. The flag in the image is'   [HIT]

row 198: base=MX (gold='Spanish') -> source=ZM (gold='English')  template=language_prefill_v5
  question: 'What language is officially spoken in the country shown in this flag?'
  prefill : 'The official language is'
  unhooked: ' Spanish.'
  L19: ' Spanish.'                               [base]
  L20: ' Spanish.'                               [base]
  L21: ' Spanish.'                               [base]
  L22: ' Spanish.'                               [base]
  L23: ' English.'                               [HIT]
  L24: ' English.'                               [HIT]
  L25: ' English.'                               [HIT]
  L26: ' English.'                               [HIT]
  L27: ' English.'                               [HIT]
  L28: ' English.'                               [HIT]

row 199: base=AR (gold='Guaraní') -> source=GR (gold='Greek')  template=language_prefill_v2
  question: 'What is the official language of the country shown in this flag?'
  prefill : 'The official language is'
  unhooked: ' Spanish.'
  L19: ' Spanish.'                               [other]
  L20: ' Spanish.'                               [other]
  L21: ' Spanish.'                               [other]
  L22: ' Spanish.'                               [other]
  L23: ' Greek.'                                 [HIT]
  L24: ' Greek.'                                 [HIT]
  L25: ' Greek.'                                 [HIT]
  L26: ' Greek.'                                 [HIT]
  L27: ' Greek.'                                 [HIT]
  L28: ' Greek.'                                 [HIT]

row 200: base=TH (gold='Thai') -> source=CM (gold='French')  template=language_prefill_v2
  question: 'What is the official language of the country shown in this flag?'
  prefill : 'The official language is'
  unhooked: ' Thai.'
  L19: ' Thai.'                                  [base]
  L20: ' Thai.'                                  [base]
  L21: ' Thai.'                                  [base]
  L22: ' French.'                                [HIT]
  L23: ' French.'                                [HIT]
  L24: ' French.'                                [HIT]
  L25: ' French.'                                [HIT]
  L26: ' French.'                                [HIT]
  L27: ' French.'                                [HIT]
  L28: ' French.'                                [HIT]

row 201: base=CL (gold='Spanish') -> source=FI (gold='Finnish')  template=language_prefill_v6
  question: 'Name a language used in the country depicted in this image.'
  prefill : 'A language spoken there is'
  unhooked: ' Spanish.'
  L19: ' Spanish.'                               [base]
  L20: ' Spanish.'                               [base]
  L21: ' Spanish.'                               [base]
  L22: ' Spanish.'                               [base]
  L23: ' Finnish.'                               [HIT]
  L24: ' Finnish.'                               [HIT]
  L25: ' Finnish.'                               [HIT]
  L26: ' Finnish.'                               [HIT]
  L27: ' Finnish.'                               [HIT]
  L28: ' Finnish.'                               [HIT]

row 202: base=VN (gold='Vietnamese') -> source=MA (gold='Arabic')  template=language_prefill_v2
  question: 'What is the official language of the country shown in this flag?'
  prefill : 'The official language is'
  unhooked: ' Vietnamese.'
  L19: ' Vietnamese.'                            [base]
  L20: ' Vietnamese.'                            [base]
  L21: ' Vietnamese.'                            [base]
  L22: ' Vietnamese.'                            [base]
  L23: ' Arabic.'                                [HIT]
  L24: ' Arabic.'                                [HIT]
  L25: ' Arabic.'                                [HIT]
  L26: ' Arabic.'                                [HIT]
  L27: ' Arabic.'                                [HIT]
  L28: ' Arabic.'                                [HIT]

row 203: base=FI (gold='Finnish') -> source=PY (gold='Spanish')  template=language_prefill_v5
  question: 'What language is officially spoken in the country shown in this flag?'
  prefill : 'The official language is'
  unhooked: ' Finnish.'
  L19: ' Finnish.'                               [base]
  L20: ' Finnish.'                               [base]
  L21: ' Finnish.'                               [base]
  L22: ' Finnish.'                               [base]
  L23: ' Spanish.'                               [HIT]
  L24: ' Spanish.'                               [HIT]
  L25: ' Spanish.'                               [HIT]
  L26: ' Spanish.'                               [HIT]
  L27: ' Spanish.'                               [HIT]
  L28: ' Spanish.'                               [HIT]

row 204: base=ZM (gold='English') -> source=BY (gold='Belarusian')  template=language_prefill_v2
  question: 'What is the official language of the country shown in this flag?'
  prefill : 'The official language is'
  unhooked: ' English.'
  L19: ' English.'                               [base]
  L20: ' English.'                               [base]
  L21: ' English.'                               [base]
  L22: ' Zambian English.'                       [other]
  L23: ' Russian.'                               [other]
  L24: ' Belarusian.'                            [HIT]
  L25: ' Belarusian.'                            [HIT]
  L26: ' Belarusian.'                            [HIT]
  L27: ' Belarusian.'                            [HIT]
  L28: ' Belarusian.'                            [HIT]

row 205: base=IS (gold='Icelandic') -> source=FI (gold='Finnish')  template=language_prefill_v5
  question: 'What language is officially spoken in the country shown in this flag?'
  prefill : 'The official language is'
  unhooked: ' Icelandic.'
  L19: ' Icelandic.'                             [base]
  L20: ' Icelandic.'                             [base]
  L21: ' Icelandic.'                             [base]
  L22: ' Icelandic.'                             [base]
  L23: ' Finnish.'                               [HIT]
  L24: ' Finnish.'                               [HIT]
  L25: ' Finnish.'                               [HIT]
  L26: ' Finnish.'                               [HIT]
  L27: ' Finnish.'                               [HIT]
  L28: ' Finnish.'                               [HIT]

row 206: base=PT (gold='Portuguese') -> source=CM (gold='French')  template=language_prefill_v1
  question: 'Name an official language of the country in this image.'
  prefill : 'One official language is'
  unhooked: ' Portuguese.'
  L19: ' Portuguese.'                            [base]
  L20: ' Portuguese.'                            [base]
  L21: ' Portuguese.'                            [base]
  L22: ' Portuguese.'                            [base]
  L23: ' Portuguese.'                            [base]
  L24: ' French.'                                [HIT]
  L25: ' French.'                                [HIT]
  L26: ' French.'                                [HIT]
  L27: ' French.'                                [HIT]
  L28: ' French.'                                [HIT]

row 207: base=SE (gold='Swedish') -> source=GR (gold='Greek')  template=language_prefill_v2
  question: 'What is the official language of the country shown in this flag?'
  prefill : 'The official language is'
  unhooked: ' Swedish.'
  L19: ' Swedish.'                               [base]
  L20: ' Swedish.'                               [base]
  L21: ' Swedish.'                               [base]
  L22: ' Swedish.'                               [base]
  L23: ' Greek.'                                 [HIT]
  L24: ' Greek.'                                 [HIT]
  L25: ' Greek.'                                 [HIT]
  L26: ' Greek.'                                 [HIT]
  L27: ' Greek.'                                 [HIT]
  L28: ' Greek.'                                 [HIT]

row 208: base=CV (gold='Portuguese') -> source=SE (gold='Swedish')  template=language_prefill_v2
  question: 'What is the official language of the country shown in this flag?'
  prefill : 'The official language is'
  unhooked: ' Portuguese.'
  L19: ' Portuguese.'                            [base]
  L20: ' Portuguese.'                            [base]
  L21: ' Portuguese.'                            [base]
  L22: ' Portuguese.'                            [base]
  L23: ' Swedish.'                               [HIT]
  L24: ' Swedish.'                               [HIT]
  L25: ' Swedish.'                               [HIT]
  L26: ' Swedish.'                               [HIT]
  L27: ' Swedish.'                               [HIT]
  L28: ' Swedish.'                               [HIT]

row 209: base=UG (gold='English') -> source=PT (gold='Portuguese')  template=language_prefill_v2
  question: 'What is the official language of the country shown in this flag?'
  prefill : 'The official language is'
  unhooked: ' English.'
  L19: ' English.'                               [base]
  L20: ' English.'                               [base]
  L21: ' English.'                               [base]
  L22: ' Portuguese.'                            [HIT]
  L23: ' Portuguese.'                            [HIT]
  L24: ' Portuguese.'                            [HIT]
  L25: ' Portuguese.'                            [HIT]
  L26: ' Portuguese.'                            [HIT]
  L27: ' Portuguese.'                            [HIT]
  L28: ' Portuguese.'                            [HIT]

row 210: base=FI (gold='Finnish') -> source=TH (gold='Thai')  template=language_prefill_v4
  question: 'Identify one of the official languages of the country in this image.'
  prefill : 'One official language is'
  unhooked: ' Finnish.'
  L19: ' Finnish.'                               [base]
  L20: ' Finnish.'                               [base]
  L21: ' Finnish.'                               [base]
  L22: ' Finnish.'                               [base]
  L23: ' Finnish.'                               [base]
  L24: ' Thai.'                                  [HIT]
  L25: ' Thai.'                                  [HIT]
  L26: ' Thai.'                                  [HIT]
  L27: ' Thai.'                                  [HIT]
  L28: ' Thai.'                                  [HIT]

row 211: base=AR (gold='Guaraní') -> source=UG (gold='English')  template=language_prefill_v2
  question: 'What is the official language of the country shown in this flag?'
  prefill : 'The official language is'
  unhooked: ' Spanish.'
  L19: ' Spanish.'                               [other]
  L20: ' Spanish.'                               [other]
  L21: ' Spanish.'                               [other]
  L22: ' Spanish.'                               [other]
  L23: ' English.'                               [HIT]
  L24: ' English.'                               [HIT]
  L25: ' English.'                               [HIT]
  L26: ' English.'                               [HIT]
  L27: ' English.'                               [HIT]
  L28: ' English.'                               [HIT]

row 212: base=UG (gold='English') -> source=SA (gold='Arabic')  template=language_prefill_v4
  question: 'Identify one of the official languages of the country in this image.'
  prefill : 'One official language is'
  unhooked: ' English.'
  L19: ' English.'                               [base]
  L20: ' English.'                               [base]
  L21: ' English.'                               [base]
  L22: ' Swahili.'                               [other]
  L23: ' Arabic.'                                [HIT]
  L24: ' Arabic.'                                [HIT]
  L25: ' Arabic.'                                [HIT]
  L26: ' Arabic.'                                [HIT]
  L27: ' Arabic.'                                [HIT]
  L28: ' Arabic.'                                [HIT]

row 213: base=CV (gold='Portuguese') -> source=HN (gold='Spanish')  template=language_prefill_v3
  question: 'Tell me a language spoken in the country in this image.'
  prefill : 'A language spoken there is'
  unhooked: ' Portuguese.'
  L19: ' Portuguese.'                            [base]
  L20: ' Portuguese.'                            [base]
  L21: ' Portuguese.'                            [base]
  L22: ' Portuguese.'                            [base]
  L23: ' Portuguese.'                            [base]
  L24: ' Spanish.'                               [HIT]
  L25: ' Spanish.'                               [HIT]
  L26: ' Spanish.'                               [HIT]
  L27: ' Spanish.'                               [HIT]
  L28: ' Spanish.'                               [HIT]

row 214: base=CV (gold='Portuguese') -> source=IS (gold='Icelandic')  template=language_prefill_v6
  question: 'Name a language used in the country depicted in this image.'
  prefill : 'A language spoken there is'
  unhooked: ' Portuguese, as the flag depicted is that'
  L19: ' Portuguese.'                            [base]
  L20: ' Portuguese.'                            [base]
  L21: ' Portuguese.'                            [base]
  L22: ' Portuguese.'                            [base]
  L23: ' Icelandic.'                             [HIT]
  L24: ' Icelandic.'                             [HIT]
  L25: ' Icelandic.'                             [HIT]
  L26: ' Icelandic.'                             [HIT]
  L27: ' Icelandic.'                             [HIT]
  L28: ' Icelandic.'                             [HIT]

row 215: base=IN (gold='Hindi') -> source=PY (gold='Spanish')  template=language_prefill_v5
  question: 'What language is officially spoken in the country shown in this flag?'
  prefill : 'The official language is'
  unhooked: ' Hindi, with English also being an official'
  L19: ' Hindi, with English being the second official' [base]
  L20: ' Hindi, with English being the second official' [base]
  L21: ' Hindi, with English also being an official' [base]
  L22: ' Hindi, with English also being an official' [base]
  L23: ' Spanish.'                               [HIT]
  L24: ' Spanish.'                               [HIT]
  L25: ' Spanish.'                               [HIT]
  L26: ' Spanish.'                               [HIT]
  L27: ' Spanish.'                               [HIT]
  L28: ' Spanish.'                               [HIT]

row 216: base=SA (gold='Arabic') -> source=AO (gold='Portuguese')  template=language_prefill_v3
  question: 'Tell me a language spoken in the country in this image.'
  prefill : 'A language spoken there is'
  unhooked: ' Arabic.'
  L19: ' Arabic.'                                [base]
  L20: ' Arabic.'                                [base]
  L21: ' Arabic.'                                [base]
  L22: ' Arabic.'                                [base]
  L23: ' Portuguese.'                            [HIT]
  L24: ' Portuguese.'                            [HIT]
  L25: ' Portuguese.'                            [HIT]
  L26: ' Portuguese.'                            [HIT]
  L27: ' Portuguese.'                            [HIT]
  L28: ' KSA (Kingdom of Saudi Arabia'           [other]

row 217: base=ZM (gold='English') -> source=SE (gold='Swedish')  template=language_prefill_v6
  question: 'Name a language used in the country depicted in this image.'
  prefill : 'A language spoken there is'
  unhooked: ' English, which is one of the official'
  L19: ' English, which is one of the official'  [base]
  L20: ' Zambian English, which is a'            [other]
  L21: ' Zambian English, which is a'            [other]
  L22: ' Zambian English, which is a'            [other]
  L23: ' Swedish.'                               [HIT]
  L24: ' Swedish.'                               [HIT]
  L25: ' Swedish.'                               [HIT]
  L26: ' Swedish.'                               [HIT]
  L27: ' Swedish.'                               [HIT]
  L28: ' Swedish.'                               [HIT]

row 218: base=CL (gold='Spanish') -> source=UA (gold='Ukrainian')  template=language_prefill_v5
  question: 'What language is officially spoken in the country shown in this flag?'
  prefill : 'The official language is'
  unhooked: ' Spanish. The flag in the image is'
  L19: ' Spanish. The flag in the image is'      [base]
  L20: ' Spanish. The flag in the image is'      [base]
  L21: ' Spanish. The flag in the image is'      [base]
  L22: ' Spanish. The flag in the image is'      [base]
  L23: ' Russian.'                               [other]
  L24: ' Ukrainian.'                             [HIT]
  L25: ' Ukrainian.'                             [HIT]
  L26: ' Ukrainian.'                             [HIT]
  L27: ' Ukrainian.'                             [HIT]
  L28: ' Ukrainian.'                             [HIT]

row 219: base=TH (gold='Thai') -> source=CM (gold='French')  template=language_prefill_v3
  question: 'Tell me a language spoken in the country in this image.'
  prefill : 'A language spoken there is'
  unhooked: ' Thai.'
  L19: ' Thai.'                                  [base]
  L20: ' Thai.'                                  [base]
  L21: ' Thai.'                                  [base]
  L22: ' Thai.'                                  [base]
  L23: ' French.'                                [HIT]
  L24: ' French.'                                [HIT]
  L25: ' French.'                                [HIT]
  L26: ' French.'                                [HIT]
  L27: ' French.'                                [HIT]
  L28: ' French.'                                [HIT]

row 220: base=MX (gold='Spanish') -> source=BY (gold='Belarusian')  template=language_prefill_v6
  question: 'Name a language used in the country depicted in this image.'
  prefill : 'A language spoken there is'
  unhooked: ' Spanish, which is the official language of'
  L19: ' Spanish, which is the official language of' [base]
  L20: ' Spanish, which is the official language of' [base]
  L21: ' Spanish, which is the official language of' [base]
  L22: ' Spanish, which is the official language of' [base]
  L23: ' Russian.'                               [other]
  L24: ' Belarusian.'                            [HIT]
  L25: ' Belarusian.'                            [HIT]
  L26: ' Belarusian.'                            [HIT]
  L27: ' Belarusian.'                            [HIT]
  L28: ' Belarusian.'                            [HIT]

row 221: base=UG (gold='English') -> source=GT (gold='Spanish')  template=language_prefill_v3
  question: 'Tell me a language spoken in the country in this image.'
  prefill : 'A language spoken there is'
  unhooked: ' English, which is the official language of'
  L19: ' English, which is the official language of' [base]
  L20: ' English, which is the official language of' [base]
  L21: ' English, which is the official language of' [base]
  L22: ' English, which is the official language of' [base]
  L23: ' Spanish.'                               [HIT]
  L24: ' Spanish.'                               [HIT]
  L25: ' Spanish.'                               [HIT]
  L26: ' Spanish.'                               [HIT]
  L27: ' Spanish.'                               [HIT]
  L28: ' Spanish.'                               [HIT]

row 222: base=CV (gold='Portuguese') -> source=VN (gold='Vietnamese')  template=language_prefill_v1
  question: 'Name an official language of the country in this image.'
  prefill : 'One official language is'
  unhooked: ' Portuguese.'
  L19: ' Portuguese.'                            [base]
  L20: ' Portuguese.'                            [base]
  L21: ' Portuguese.'                            [base]
  L22: ' Portuguese.'                            [base]
  L23: ' Portuguese.'                            [base]
  L24: ' Vietnamese.'                            [HIT]
  L25: ' Vietnamese.'                            [HIT]
  L26: ' Vietnamese.'                            [HIT]
  L27: ' Vietnamese.'                            [HIT]
  L28: ' Vietnamese.'                            [HIT]

row 223: base=AO (gold='Portuguese') -> source=IS (gold='Icelandic')  template=language_prefill_v3
  question: 'Tell me a language spoken in the country in this image.'
  prefill : 'A language spoken there is'
  unhooked: ' Portuguese, as Angola was a Portuguese colony'
  L19: ' Portuguese, as Angola was a Portuguese colony' [base]
  L20: ' Portuguese. Angola was a colony of Portugal' [base]
  L21: ' Portuguese, as Angola was a Portuguese colony' [base]
  L22: ' Portuguese. Angola was a colony of Portugal' [base]
  L23: ' **Kimbundu**.'                          [other]
  L24: ' Icelandic.'                             [HIT]
  L25: ' Icelandic.'                             [HIT]
  L26: ' Icelandic.'                             [HIT]
  L27: ' Icelandic.'                             [HIT]
  L28: ' Icelandic.'                             [HIT]

row 224: base=PT (gold='Portuguese') -> source=CM (gold='French')  template=language_prefill_v6
  question: 'Name a language used in the country depicted in this image.'
  prefill : 'A language spoken there is'
  unhooked: ' Portuguese.'
  L19: ' Portuguese.'                            [base]
  L20: ' Portuguese.'                            [base]
  L21: ' Portuguese.'                            [base]
  L22: ' Portuguese.'                            [base]
  L23: ' Portuguese.'                            [base]
  L24: ' French.'                                [HIT]
  L25: ' French.'                                [HIT]
  L26: ' French.'                                [HIT]
  L27: ' French.'                                [HIT]
  L28: ' French.'                                [HIT]

row 225: base=UG (gold='English') -> source=VN (gold='Vietnamese')  template=language_prefill_v1
  question: 'Name an official language of the country in this image.'
  prefill : 'One official language is'
  unhooked: ' English.'
  L19: ' English.'                               [base]
  L20: ' English.'                               [base]
  L21: ' English.'                               [base]
  L22: ' English.'                               [base]
  L23: ' Vietnamese.'                            [HIT]
  L24: ' Vietnamese.'                            [HIT]
  L25: ' Vietnamese.'                            [HIT]
  L26: ' Vietnamese.'                            [HIT]
  L27: ' Vietnamese.'                            [HIT]
  L28: ' Vietnamese.'                            [HIT]

row 226: base=MA (gold='Arabic') -> source=UG (gold='English')  template=language_prefill_v3
  question: 'Tell me a language spoken in the country in this image.'
  prefill : 'A language spoken there is'
  unhooked: ' Arabic.'
  L19: ' Arabic.'                                [base]
  L20: ' Arabic.'                                [base]
  L21: ' Arabic.'                                [base]
  L22: ' Arabic.'                                [base]
  L23: ' Swahili, which is widely used'          [other]
  L24: ' English, as it is one of the'           [HIT]
  L25: ' English, as it is one of the'           [HIT]
  L26: ' English, as it is one of the'           [HIT]
  L27: ' English, as it is one of the'           [HIT]
  L28: ' English, as it is one of the'           [HIT]

row 227: base=SE (gold='Swedish') -> source=GH (gold='English')  template=language_prefill_v5
  question: 'What language is officially spoken in the country shown in this flag?'
  prefill : 'The official language is'
  unhooked: ' Swedish.'
  L19: ' Swedish.'                               [base]
  L20: ' Swedish.'                               [base]
  L21: ' Swedish.'                               [base]
  L22: ' Swedish.'                               [base]
  L23: ' English.'                               [HIT]
  L24: ' English.'                               [HIT]
  L25: ' English.'                               [HIT]
  L26: ' English.'                               [HIT]
  L27: ' English.'                               [HIT]
  L28: ' English.'                               [HIT]

row 228: base=PY (gold='Spanish') -> source=GT (gold='Spanish')  template=language_prefill_v4
  question: 'Identify one of the official languages of the country in this image.'
  prefill : 'One official language is'
  unhooked: ' Spanish.'
  L19: ' Spanish.'                               [HIT]
  L20: ' Spanish.'                               [HIT]
  L21: ' Spanish.'                               [HIT]
  L22: ' Spanish.'                               [HIT]
  L23: ' Spanish.'                               [HIT]
  L24: ' Spanish.'                               [HIT]
  L25: ' Spanish.'                               [HIT]
  L26: ' Spanish.'                               [HIT]
  L27: ' Spanish.'                               [HIT]
  L28: ' Spanish.'                               [HIT]

row 229: base=HN (gold='Spanish') -> source=PT (gold='Portuguese')  template=language_prefill_v2
  question: 'What is the official language of the country shown in this flag?'
  prefill : 'The official language is'
  unhooked: ' Spanish.'
  L19: ' Spanish.'                               [base]
  L20: ' Spanish.'                               [base]
  L21: ' Spanish.'                               [base]
  L22: ' Spanish.'                               [base]
  L23: ' Portuguese.'                            [HIT]
  L24: ' Portuguese.'                            [HIT]
  L25: ' Portuguese.'                            [HIT]
  L26: ' Portuguese.'                            [HIT]
  L27: ' Portuguese.'                            [HIT]
  L28: ' Portuguese.'                            [HIT]

row 230: base=UA (gold='Ukrainian') -> source=SA (gold='Arabic')  template=language_prefill_v5
  question: 'What language is officially spoken in the country shown in this flag?'
  prefill : 'The official language is'
  unhooked: ' Ukrainian.'
  L19: ' Ukrainian.'                             [base]
  L20: ' Ukrainian.'                             [base]
  L21: ' Ukrainian.'                             [base]
  L22: ' Ukrainian.'                             [base]
  L23: ' Arabic.'                                [HIT]
  L24: ' Arabic.'                                [HIT]
  L25: ' Arabic.'                                [HIT]
  L26: ' Arabic.'                                [HIT]
  L27: ' Arabic.'                                [HIT]
  L28: ' Arabic.'                                [HIT]

row 231: base=IS (gold='Icelandic') -> source=CV (gold='Portuguese')  template=language_prefill_v5
  question: 'What language is officially spoken in the country shown in this flag?'
  prefill : 'The official language is'
  unhooked: ' Icelandic.'
  L19: ' Icelandic.'                             [base]
  L20: ' Icelandic.'                             [base]
  L21: ' Icelandic.'                             [base]
  L22: ' Icelandic.'                             [base]
  L23: ' Portuguese.'                            [HIT]
  L24: ' Portuguese.'                            [HIT]
  L25: ' Portuguese.'                            [HIT]
  L26: ' Portuguese.'                            [HIT]
  L27: ' Portuguese.'                            [HIT]
  L28: ' Portuguese.'                            [HIT]

row 232: base=MA (gold='Arabic') -> source=CV (gold='Portuguese')  template=language_prefill_v2
  question: 'What is the official language of the country shown in this flag?'
  prefill : 'The official language is'
  unhooked: ' Arabic.'
  L19: ' Arabic.'                                [base]
  L20: ' Arabic.'                                [base]
  L21: ' Arabic.'                                [base]
  L22: ' Arabic.'                                [base]
  L23: ' Portuguese.'                            [HIT]
  L24: ' Portuguese.'                            [HIT]
  L25: ' Portuguese.'                            [HIT]
  L26: ' Portuguese.'                            [HIT]
  L27: ' Portuguese.'                            [HIT]
  L28: ' Portuguese.'                            [HIT]

row 233: base=UG (gold='English') -> source=AO (gold='Portuguese')  template=language_prefill_v6
  question: 'Name a language used in the country depicted in this image.'
  prefill : 'A language spoken there is'
  unhooked: ' English, which is one of the official'
  L19: ' English, which is one of the official'  [base]
  L20: ' English, which is one of the official'  [base]
  L21: ' English, which is one of the official'  [base]
  L22: ' Swahili, which is widely used'          [other]
  L23: ' Portuguese, as the flag depicted is that' [HIT]
  L24: ' Portuguese, as the flag depicted is that' [HIT]
  L25: ' Portuguese, as the flag depicted is that' [HIT]
  L26: ' Portuguese, as the flag depicted is that' [HIT]
  L27: ' Portuguese, as the flag depicted is that' [HIT]
  L28: ' Portuguese, as the flag depicted is that' [HIT]

row 234: base=GR (gold='Greek') -> source=IS (gold='Icelandic')  template=language_prefill_v4
  question: 'Identify one of the official languages of the country in this image.'
  prefill : 'One official language is'
  unhooked: ' Greek.'
  L19: ' Greek.'                                 [base]
  L20: ' Greek.'                                 [base]
  L21: ' Greek.'                                 [base]
  L22: ' Greek.'                                 [base]
  L23: ' Greek.'                                 [base]
  L24: ' Icelandic.'                             [HIT]
  L25: ' Icelandic.'                             [HIT]
  L26: ' Icelandic.'                             [HIT]
  L27: ' Icelandic.'                             [HIT]
  L28: ' Icelandic.'                             [HIT]

row 235: base=CV (gold='Portuguese') -> source=FI (gold='Finnish')  template=language_prefill_v5
  question: 'What language is officially spoken in the country shown in this flag?'
  prefill : 'The official language is'
  unhooked: ' Portuguese. The flag in the image represents'
  L19: ' Portuguese. The flag in the image represents' [base]
  L20: ' Portuguese. The flag in the image represents' [base]
  L21: ' Portuguese. The flag in the image represents' [base]
  L22: ' Portuguese. The flag in the image represents' [base]
  L23: ' Finnish.'                               [HIT]
  L24: ' Finnish.'                               [HIT]
  L25: ' Finnish.'                               [HIT]
  L26: ' Finnish.'                               [HIT]
  L27: ' Finnish.'                               [HIT]
  L28: ' Finnish.'                               [HIT]

row 236: base=SE (gold='Swedish') -> source=AO (gold='Portuguese')  template=language_prefill_v5
  question: 'What language is officially spoken in the country shown in this flag?'
  prefill : 'The official language is'
  unhooked: ' Swedish.'
  L19: ' Swedish.'                               [base]
  L20: ' Swedish.'                               [base]
  L21: ' Swedish.'                               [base]
  L22: ' Swedish.'                               [base]
  L23: ' Portuguese.'                            [HIT]
  L24: ' Portuguese.'                            [HIT]
  L25: ' Portuguese.'                            [HIT]
  L26: ' Portuguese.'                            [HIT]
  L27: ' Portuguese.'                            [HIT]
  L28: ' Portuguese.'                            [HIT]

row 237: base=AO (gold='Portuguese') -> source=IN (gold='Hindi')  template=language_prefill_v5
  question: 'What language is officially spoken in the country shown in this flag?'
  prefill : 'The official language is'
  unhooked: ' Portuguese.'
  L19: ' Portuguese.'                            [base]
  L20: ' Portuguese.'                            [base]
  L21: ' Portuguese.'                            [base]
  L22: ' Portuguese.'                            [base]
  L23: ' Hindi.'                                 [HIT]
  L24: ' Hindi.'                                 [HIT]
  L25: ' Hindi.'                                 [HIT]
  L26: ' Hindi.'                                 [HIT]
  L27: ' Hindi.'                                 [HIT]
  L28: ' Hindi.'                                 [HIT]

row 238: base=MX (gold='Spanish') -> source=SA (gold='Arabic')  template=language_prefill_v2
  question: 'What is the official language of the country shown in this flag?'
  prefill : 'The official language is'
  unhooked: ' Spanish.'
  L19: ' Spanish.'                               [base]
  L20: ' Spanish.'                               [base]
  L21: ' Spanish.'                               [base]
  L22: ' Spanish.'                               [base]
  L23: ' Arabic.'                                [HIT]
  L24: ' Arabic.'                                [HIT]
  L25: ' Arabic.'                                [HIT]
  L26: ' Arabic.'                                [HIT]
  L27: ' Arabic.'                                [HIT]
  L28: ' Arabic.'                                [HIT]

row 239: base=BY (gold='Belarusian') -> source=MU (gold='French')  template=language_prefill_v2
  question: 'What is the official language of the country shown in this flag?'
  prefill : 'The official language is'
  unhooked: ' Belarusian.'
  L19: ' Belarusian.'                            [base]
  L20: ' Belarusian.'                            [base]
  L21: ' Belarusian.'                            [base]
  L22: ' Belarusian.'                            [base]
  L23: ' French.'                                [HIT]
  L24: ' French.'                                [HIT]
  L25: ' French.'                                [HIT]
  L26: ' French.'                                [HIT]
  L27: ' French.'                                [HIT]
  L28: ' French.'                                [HIT]

row 240: base=IN (gold='Hindi') -> source=IS (gold='Icelandic')  template=language_prefill_v2
  question: 'What is the official language of the country shown in this flag?'
  prefill : 'The official language is'
  unhooked: ' Hindi, with English being the second official'
  L19: ' Hindi.'                                 [base]
  L20: ' Hindi.'                                 [base]
  L21: ' Hindi.'                                 [base]
  L22: ' Hindi.'                                 [base]
  L23: ' Icelandic.'                             [HIT]
  L24: ' Icelandic.'                             [HIT]
  L25: ' Icelandic.'                             [HIT]
  L26: ' Icelandic.'                             [HIT]
  L27: ' Icelandic.'                             [HIT]
  L28: ' Icelandic.'                             [HIT]

row 241: base=AR (gold='Guaraní') -> source=IS (gold='Icelandic')  template=language_prefill_v4
  question: 'Identify one of the official languages of the country in this image.'
  prefill : 'One official language is'
  unhooked: ' Spanish.'
  L19: ' Spanish.'                               [other]
  L20: ' Spanish.'                               [other]
  L21: ' Spanish.'                               [other]
  L22: ' Spanish.'                               [other]
  L23: ' **Spanish**.'                           [other]
  L24: ' Icelandic.'                             [HIT]
  L25: ' Icelandic.'                             [HIT]
  L26: ' Icelandic.'                             [HIT]
  L27: ' Icelandic.'                             [HIT]
  L28: ' Icelandic.'                             [HIT]

row 242: base=VN (gold='Vietnamese') -> source=HN (gold='Spanish')  template=language_prefill_v5
  question: 'What language is officially spoken in the country shown in this flag?'
  prefill : 'The official language is'
  unhooked: ' Vietnamese.'
  L19: ' Vietnamese.'                            [base]
  L20: ' Vietnamese.'                            [base]
  L21: ' Vietnamese.'                            [base]
  L22: ' Vietnamese.'                            [base]
  L23: ' Spanish.'                               [HIT]
  L24: ' Spanish.'                               [HIT]
  L25: ' Spanish.'                               [HIT]
  L26: ' Spanish.'                               [HIT]
  L27: ' Spanish.'                               [HIT]
  L28: ' Spanish.'                               [HIT]

row 243: base=GT (gold='Spanish') -> source=MA (gold='Arabic')  template=language_prefill_v1
  question: 'Name an official language of the country in this image.'
  prefill : 'One official language is'
  unhooked: ' Spanish.'
  L19: ' Spanish.'                               [base]
  L20: ' Spanish.'                               [base]
  L21: ' Spanish.'                               [base]
  L22: ' Spanish.'                               [base]
  L23: ' Spanish.'                               [base]
  L24: ' Arabic.'                                [HIT]
  L25: ' Arabic.'                                [HIT]
  L26: ' Arabic.'                                [HIT]
  L27: ' Arabic.'                                [HIT]
  L28: ' Arabic.'                                [HIT]

row 244: base=CM (gold='French') -> source=MA (gold='Arabic')  template=language_prefill_v1
  question: 'Name an official language of the country in this image.'
  prefill : 'One official language is'
  unhooked: ' French.'
  L19: ' French.'                                [base]
  L20: ' French.'                                [base]
  L21: ' French.'                                [base]
  L22: ' French.'                                [base]
  L23: ' French.'                                [base]
  L24: ' Arabic.'                                [HIT]
  L25: ' Arabic.'                                [HIT]
  L26: ' Arabic.'                                [HIT]
  L27: ' Arabic.'                                [HIT]
  L28: ' Arabic.'                                [HIT]

row 245: base=GR (gold='Greek') -> source=CL (gold='Spanish')  template=language_prefill_v6
  question: 'Name a language used in the country depicted in this image.'
  prefill : 'A language spoken there is'
  unhooked: ' Greek.'
  L19: ' Greek.'                                 [base]
  L20: ' Greek.'                                 [base]
  L21: ' Greek.'                                 [base]
  L22: ' Greek.'                                 [base]
  L23: ' Greek.'                                 [base]
  L24: ' Spanish.'                               [HIT]
  L25: ' Spanish.'                               [HIT]
  L26: ' Spanish.'                               [HIT]
  L27: ' Spanish.'                               [HIT]
  L28: ' Spanish.'                               [HIT]

row 246: base=PT (gold='Portuguese') -> source=MA (gold='Arabic')  template=language_prefill_v2
  question: 'What is the official language of the country shown in this flag?'
  prefill : 'The official language is'
  unhooked: ' Portuguese.'
  L19: ' Portuguese.'                            [base]
  L20: ' Portuguese.'                            [base]
  L21: ' Portuguese.'                            [base]
  L22: ' Portuguese.'                            [base]
  L23: ' Portuguese.'                            [base]
  L24: ' Arabic.'                                [HIT]
  L25: ' Arabic.'                                [HIT]
  L26: ' Arabic.'                                [HIT]
  L27: ' Arabic.'                                [HIT]
  L28: ' Arabic.'                                [HIT]

row 247: base=IS (gold='Icelandic') -> source=BY (gold='Belarusian')  template=language_prefill_v3
  question: 'Tell me a language spoken in the country in this image.'
  prefill : 'A language spoken there is'
  unhooked: ' Icelandic.'
  L19: ' Icelandic.'                             [base]
  L20: ' Icelandic.'                             [base]
  L21: ' Icelandic.'                             [base]
  L22: ' Icelandic.'                             [base]
  L23: ' Russian.'                               [other]
  L24: ' Belarusian.'                            [HIT]
  L25: ' Belarusian.'                            [HIT]
  L26: ' Belarusian.'                            [HIT]
  L27: ' Belarusian.'                            [HIT]
  L28: ' Belarusian.'                            [HIT]

row 248: base=TH (gold='Thai') -> source=MA (gold='Arabic')  template=language_prefill_v6
  question: 'Name a language used in the country depicted in this image.'
  prefill : 'A language spoken there is'
  unhooked: ' Thai.'
  L19: ' Thai.'                                  [base]
  L20: ' Thai.'                                  [base]
  L21: ' Thai.'                                  [base]
  L22: ' Thai.'                                  [base]
  L23: ' Arabic.'                                [HIT]
  L24: ' Arabic.'                                [HIT]
  L25: ' Arabic.'                                [HIT]
  L26: ' Arabic.'                                [HIT]
  L27: ' Arabic.'                                [HIT]
  L28: ' Arabic.'                                [HIT]

row 249: base=GT (gold='Spanish') -> source=SE (gold='Swedish')  template=language_prefill_v2
  question: 'What is the official language of the country shown in this flag?'
  prefill : 'The official language is'
  unhooked: ' Spanish.'
  L19: ' Spanish.'                               [base]
  L20: ' Spanish.'                               [base]
  L21: ' Spanish.'                               [base]
  L22: ' Spanish.'                               [base]
  L23: ' Swedish.'                               [HIT]
  L24: ' Swedish.'                               [HIT]
  L25: ' Swedish.'                               [HIT]
  L26: ' Swedish.'                               [HIT]
  L27: ' Swedish.'                               [HIT]
  L28: ' Swedish.'                               [HIT]

row 250: base=UG (gold='English') -> source=PT (gold='Portuguese')  template=language_prefill_v5
  question: 'What language is officially spoken in the country shown in this flag?'
  prefill : 'The official language is'
  unhooked: ' English.'
  L19: ' English.'                               [base]
  L20: ' English.'                               [base]
  L21: ' English.'                               [base]
  L22: ' Portuguese.'                            [HIT]
  L23: ' Portuguese.'                            [HIT]
  L24: ' Portuguese.'                            [HIT]
  L25: ' Portuguese.'                            [HIT]
  L26: ' Portuguese.'                            [HIT]
  L27: ' Portuguese.'                            [HIT]
  L28: ' Portuguese.'                            [HIT]

row 251: base=IS (gold='Icelandic') -> source=GH (gold='English')  template=language_prefill_v2
  question: 'What is the official language of the country shown in this flag?'
  prefill : 'The official language is'
  unhooked: ' Icelandic.'
  L19: ' Icelandic.'                             [base]
  L20: ' Icelandic.'                             [base]
  L21: ' Icelandic.'                             [base]
  L22: ' Icelandic.'                             [base]
  L23: ' English.'                               [HIT]
  L24: ' English.'                               [HIT]
  L25: ' English.'                               [HIT]
  L26: ' English.'                               [HIT]
  L27: ' English.'                               [HIT]
  L28: ' English.'                               [HIT]

row 252: base=SE (gold='Swedish') -> source=VN (gold='Vietnamese')  template=language_prefill_v4
  question: 'Identify one of the official languages of the country in this image.'
  prefill : 'One official language is'
  unhooked: ' Swedish.'
  L19: ' Swedish.'                               [base]
  L20: ' Swedish.'                               [base]
  L21: ' Swedish.'                               [base]
  L22: ' Swedish.'                               [base]
  L23: ' Swedish.'                               [base]
  L24: ' Vietnamese.'                            [HIT]
  L25: ' Vietnamese.'                            [HIT]
  L26: ' Vietnamese.'                            [HIT]
  L27: ' Vietnamese.'                            [HIT]
  L28: ' Vietnamese.'                            [HIT]

row 253: base=UA (gold='Ukrainian') -> source=GH (gold='English')  template=language_prefill_v5
  question: 'What language is officially spoken in the country shown in this flag?'
  prefill : 'The official language is'
  unhooked: ' Ukrainian.'
  L19: ' Ukrainian.'                             [base]
  L20: ' Ukrainian.'                             [base]
  L21: ' Ukrainian.'                             [base]
  L22: ' English.'                               [HIT]
  L23: ' English.'                               [HIT]
  L24: ' English.'                               [HIT]
  L25: ' English.'                               [HIT]
  L26: ' English.'                               [HIT]
  L27: ' English.'                               [HIT]
  L28: ' English.'                               [HIT]

row 254: base=TH (gold='Thai') -> source=UG (gold='English')  template=language_prefill_v4
  question: 'Identify one of the official languages of the country in this image.'
  prefill : 'One official language is'
  unhooked: ' Thai.'
  L19: ' Thai.'                                  [base]
  L20: ' Thai.'                                  [base]
  L21: ' Thai.'                                  [base]
  L22: ' Thai.'                                  [base]
  L23: ' Swahili.'                               [other]
  L24: ' English.'                               [HIT]
  L25: ' English.'                               [HIT]
  L26: ' English.'                               [HIT]
  L27: ' English.'                               [HIT]
  L28: ' English.'                               [HIT]

row 255: base=CM (gold='French') -> source=HN (gold='Spanish')  template=language_prefill_v3
  question: 'Tell me a language spoken in the country in this image.'
  prefill : 'A language spoken there is'
  unhooked: ' French, as it is one of the'
  L19: ' French, as it is one of the'            [base]
  L20: ' French, as it is one of the'            [base]
  L21: ' French, as it is one of the'            [base]
  L22: ' French, as it is one of the'            [base]
  L23: ' Cameroonian French, which is one'       [other]
  L24: ' Spanish.'                               [HIT]
  L25: ' Spanish.'                               [HIT]
  L26: ' Spanish.'                               [HIT]
  L27: ' Spanish.'                               [HIT]
  L28: ' Spanish.'                               [HIT]

row 256: base=ZM (gold='English') -> source=SE (gold='Swedish')  template=language_prefill_v1
  question: 'Name an official language of the country in this image.'
  prefill : 'One official language is'
  unhooked: ' English.'
  L19: ' English.'                               [base]
  L20: ' English.'                               [base]
  L21: ' English.'                               [base]
  L22: ' English.'                               [base]
  L23: ' Swedish.'                               [HIT]
  L24: ' Swedish.'                               [HIT]
  L25: ' Swedish.'                               [HIT]
  L26: ' Swedish.'                               [HIT]
  L27: ' Swedish.'                               [HIT]
  L28: ' Swedish.'                               [HIT]

row 257: base=MA (gold='Arabic') -> source=CM (gold='French')  template=language_prefill_v6
  question: 'Name a language used in the country depicted in this image.'
  prefill : 'A language spoken there is'
  unhooked: ' Arabic.'
  L19: ' Arabic.'                                [base]
  L20: ' Arabic.'                                [base]
  L21: ' Arabic.'                                [base]
  L22: ' Arabic.'                                [base]
  L23: ' French, as Morocco has French as one'   [HIT]
  L24: ' French, as Morocco has French as one'   [HIT]
  L25: ' French, as Morocco has French as one'   [HIT]
  L26: ' French, as Morocco has French as one'   [HIT]
  L27: ' French, as Morocco has French as one'   [HIT]
  L28: ' French, as Morocco has French as one'   [HIT]

row 258: base=MU (gold='French') -> source=AO (gold='Portuguese')  template=language_prefill_v6
  question: 'Name a language used in the country depicted in this image.'
  prefill : 'A language spoken there is'
  unhooked: ' Mauritian Creole, which is an'
  L19: ' Mauritian Creole, which is an'          [other]
  L20: ' Mauritian Creole, which is an'          [other]
  L21: ' French.'                                [base]
  L22: ' Portuguese.'                            [HIT]
  L23: ' Portuguese.'                            [HIT]
  L24: ' Portuguese.'                            [HIT]
  L25: ' Portuguese.'                            [HIT]
  L26: ' Portuguese.'                            [HIT]
  L27: ' Portuguese.'                            [HIT]
  L28: ' Portuguese.'                            [HIT]

row 259: base=UA (gold='Ukrainian') -> source=SE (gold='Swedish')  template=language_prefill_v6
  question: 'Name a language used in the country depicted in this image.'
  prefill : 'A language spoken there is'
  unhooked: ' Ukrainian.'
  L19: ' Ukrainian.'                             [base]
  L20: ' Ukrainian.'                             [base]
  L21: ' Ukrainian.'                             [base]
  L22: ' Ukrainian.'                             [base]
  L23: ' Swedish.'                               [HIT]
  L24: ' Swedish.'                               [HIT]
  L25: ' Swedish.'                               [HIT]
  L26: ' Swedish.'                               [HIT]
  L27: ' Swedish.'                               [HIT]
  L28: ' Swedish.'                               [HIT]

row 260: base=BY (gold='Belarusian') -> source=MX (gold='Spanish')  template=language_prefill_v5
  question: 'What language is officially spoken in the country shown in this flag?'
  prefill : 'The official language is'
  unhooked: ' Belarusian.'
  L19: ' Belarusian, which is also known as'     [base]
  L20: ' Belarusian, which is also known as'     [base]
  L21: ' Belarusian.'                            [base]
  L22: ' Spanish.'                               [HIT]
  L23: ' Spanish.'                               [HIT]
  L24: ' Spanish.'                               [HIT]
  L25: ' Spanish.'                               [HIT]
  L26: ' Spanish.'                               [HIT]
  L27: ' Spanish.'                               [HIT]
  L28: ' Spanish.'                               [HIT]

row 261: base=AO (gold='Portuguese') -> source=CL (gold='Spanish')  template=language_prefill_v1
  question: 'Name an official language of the country in this image.'
  prefill : 'One official language is'
  unhooked: ' Portuguese.'
  L19: ' Portuguese.'                            [base]
  L20: ' Portuguese.'                            [base]
  L21: ' Portuguese.'                            [base]
  L22: ' Portuguese.'                            [base]
  L23: ' Portuguese.'                            [base]
  L24: ' Spanish.'                               [HIT]
  L25: ' Spanish.'                               [HIT]
  L26: ' Spanish.'                               [HIT]
  L27: ' Spanish.'                               [HIT]
  L28: ' Spanish.'                               [HIT]

row 262: base=TH (gold='Thai') -> source=BY (gold='Belarusian')  template=language_prefill_v6
  question: 'Name a language used in the country depicted in this image.'
  prefill : 'A language spoken there is'
  unhooked: ' Thai.'
  L19: ' Thai.'                                  [base]
  L20: ' Thai.'                                  [base]
  L21: ' Thai.'                                  [base]
  L22: ' Thai.'                                  [base]
  L23: ' Russian.'                               [other]
  L24: ' Belarusian.'                            [HIT]
  L25: ' Belarusian.'                            [HIT]
  L26: ' Belarusian.'                            [HIT]
  L27: ' Belarusian.'                            [HIT]
  L28: ' Belarusian.'                            [HIT]

row 263: base=FI (gold='Finnish') -> source=IS (gold='Icelandic')  template=language_prefill_v4
  question: 'Identify one of the official languages of the country in this image.'
  prefill : 'One official language is'
  unhooked: ' Finnish.'
  L19: ' Finnish.'                               [base]
  L20: ' Finnish.'                               [base]
  L21: ' Finnish.'                               [base]
  L22: ' Finnish.'                               [base]
  L23: ' Finnish.'                               [base]
  L24: ' Icelandic.'                             [HIT]
  L25: ' Icelandic.'                             [HIT]
  L26: ' Icelandic.'                             [HIT]
  L27: ' Icelandic.'                             [HIT]
  L28: ' Icelandic.'                             [HIT]

row 264: base=IN (gold='Hindi') -> source=HN (gold='Spanish')  template=language_prefill_v2
  question: 'What is the official language of the country shown in this flag?'
  prefill : 'The official language is'
  unhooked: ' Hindi, with English being the second official'
  L19: ' Hindi.'                                 [base]
  L20: ' Hindi.'                                 [base]
  L21: ' Hindi.'                                 [base]
  L22: ' Hindi.'                                 [base]
  L23: ' Spanish.'                               [HIT]
  L24: ' Spanish.'                               [HIT]
  L25: ' Spanish.'                               [HIT]
  L26: ' Spanish.'                               [HIT]
  L27: ' Spanish.'                               [HIT]
  L28: ' Spanish.'                               [HIT]

row 265: base=CV (gold='Portuguese') -> source=IN (gold='Hindi')  template=language_prefill_v4
  question: 'Identify one of the official languages of the country in this image.'
  prefill : 'One official language is'
  unhooked: ' Portuguese.'
  L19: ' Portuguese.'                            [base]
  L20: ' Portuguese.'                            [base]
  L21: ' Portuguese.'                            [base]
  L22: ' Portuguese.'                            [base]
  L23: ' Hindi.'                                 [HIT]
  L24: ' Hindi.'                                 [HIT]
  L25: ' Hindi.'                                 [HIT]
  L26: ' Hindi.'                                 [HIT]
  L27: ' Hindi.'                                 [HIT]
  L28: ' Hindi.'                                 [HIT]

row 266: base=GR (gold='Greek') -> source=CL (gold='Spanish')  template=language_prefill_v3
  question: 'Tell me a language spoken in the country in this image.'
  prefill : 'A language spoken there is'
  unhooked: ' Greek.'
  L19: ' Greek.'                                 [base]
  L20: ' Greek.'                                 [base]
  L21: ' Greek.'                                 [base]
  L22: ' Greek.'                                 [base]
  L23: ' Spanish.'                               [HIT]
  L24: ' Spanish.'                               [HIT]
  L25: ' Spanish.'                               [HIT]
  L26: ' Spanish.'                               [HIT]
  L27: ' Spanish.'                               [HIT]
  L28: ' Spanish.'                               [HIT]

row 267: base=GH (gold='English') -> source=MA (gold='Arabic')  template=language_prefill_v2
  question: 'What is the official language of the country shown in this flag?'
  prefill : 'The official language is'
  unhooked: ' English.'
  L19: ' English.'                               [base]
  L20: ' English.'                               [base]
  L21: ' English.'                               [base]
  L22: ' English.'                               [base]
  L23: ' Arabic.'                                [HIT]
  L24: ' Arabic.'                                [HIT]
  L25: ' Arabic.'                                [HIT]
  L26: ' Arabic.'                                [HIT]
  L27: ' Arabic.'                                [HIT]
  L28: ' Arabic.'                                [HIT]

row 268: base=UA (gold='Ukrainian') -> source=HN (gold='Spanish')  template=language_prefill_v3
  question: 'Tell me a language spoken in the country in this image.'
  prefill : 'A language spoken there is'
  unhooked: ' Ukrainian.'
  L19: ' Ukrainian.'                             [base]
  L20: ' Ukrainian.'                             [base]
  L21: ' Ukrainian.'                             [base]
  L22: ' Ukrainian.'                             [base]
  L23: ' Spanish.'                               [HIT]
  L24: ' Spanish.'                               [HIT]
  L25: ' Spanish.'                               [HIT]
  L26: ' Spanish.'                               [HIT]
  L27: ' Spanish.'                               [HIT]
  L28: ' Spanish.'                               [HIT]

row 269: base=MX (gold='Spanish') -> source=GR (gold='Greek')  template=language_prefill_v2
  question: 'What is the official language of the country shown in this flag?'
  prefill : 'The official language is'
  unhooked: ' Spanish.'
  L19: ' Spanish.'                               [base]
  L20: ' Spanish.'                               [base]
  L21: ' Spanish.'                               [base]
  L22: ' Spanish.'                               [base]
  L23: ' Greek.'                                 [HIT]
  L24: ' Greek.'                                 [HIT]
  L25: ' Greek.'                                 [HIT]
  L26: ' Greek.'                                 [HIT]
  L27: ' Greek.'                                 [HIT]
  L28: ' Greek.'                                 [HIT]

row 270: base=IS (gold='Icelandic') -> source=UG (gold='English')  template=language_prefill_v1
  question: 'Name an official language of the country in this image.'
  prefill : 'One official language is'
  unhooked: ' Icelandic.'
  L19: ' Icelandic.'                             [base]
  L20: ' Icelandic.'                             [base]
  L21: ' Icelandic.'                             [base]
  L22: ' Icelandic.'                             [base]
  L23: ' English.'                               [HIT]
  L24: ' English.'                               [HIT]
  L25: ' English.'                               [HIT]
  L26: ' English.'                               [HIT]
  L27: ' English.'                               [HIT]
  L28: ' English.'                               [HIT]

row 271: base=UG (gold='English') -> source=PT (gold='Portuguese')  template=language_prefill_v6
  question: 'Name a language used in the country depicted in this image.'
  prefill : 'A language spoken there is'
  unhooked: ' English, which is one of the official'
  L19: ' English, which is one of the official'  [base]
  L20: ' English, which is one of the official'  [base]
  L21: ' English, which is one of the official'  [base]
  L22: ' English, which is one of the official'  [base]
  L23: ' Portuguese, as the flag depicted is that' [HIT]
  L24: ' Portuguese, as the flag depicted is that' [HIT]
  L25: ' Portuguese, as the flag depicted is that' [HIT]
  L26: ' Portuguese, as the flag depicted is that' [HIT]
  L27: ' Portuguese, as the flag depicted is that' [HIT]
  L28: ' Portuguese, as the flag depicted is that' [HIT]

row 272: base=SE (gold='Swedish') -> source=FI (gold='Finnish')  template=language_prefill_v6
  question: 'Name a language used in the country depicted in this image.'
  prefill : 'A language spoken there is'
  unhooked: ' Swedish.'
  L19: ' Swedish.'                               [base]
  L20: ' Swedish.'                               [base]
  L21: ' Swedish.'                               [base]
  L22: ' Swedish.'                               [base]
  L23: ' Swedish.'                               [base]
  L24: ' Finnish.'                               [HIT]
  L25: ' Finnish.'                               [HIT]
  L26: ' Finnish.'                               [HIT]
  L27: ' Finnish.'                               [HIT]
  L28: ' Finnish.'                               [HIT]

row 273: base=UG (gold='English') -> source=SE (gold='Swedish')  template=language_prefill_v6
  question: 'Name a language used in the country depicted in this image.'
  prefill : 'A language spoken there is'
  unhooked: ' English, which is one of the official'
  L19: ' English, which is one of the official'  [base]
  L20: ' English, which is one of the official'  [base]
  L21: ' English, which is one of the official'  [base]
  L22: ' English, which is one of the official'  [base]
  L23: ' Swedish.'                               [HIT]
  L24: ' Swedish.'                               [HIT]
  L25: ' Swedish.'                               [HIT]
  L26: ' Swedish.'                               [HIT]
  L27: ' Swedish.'                               [HIT]
  L28: ' Swedish.'                               [HIT]

row 274: base=AR (gold='Guaraní') -> source=BY (gold='Belarusian')  template=language_prefill_v4
  question: 'Identify one of the official languages of the country in this image.'
  prefill : 'One official language is'
  unhooked: ' Spanish.'
  L19: ' Spanish.'                               [other]
  L20: ' Spanish.'                               [other]
  L21: ' Spanish.'                               [other]
  L22: ' Spanish.'                               [other]
  L23: ' Russian.'                               [other]
  L24: ' Belarusian.'                            [HIT]
  L25: ' Belarusian.'                            [HIT]
  L26: ' Belarusian.'                            [HIT]
  L27: ' Belarusian.'                            [HIT]
  L28: ' Belarusian.'                            [HIT]

row 275: base=MA (gold='Arabic') -> source=PT (gold='Portuguese')  template=language_prefill_v2
  question: 'What is the official language of the country shown in this flag?'
  prefill : 'The official language is'
  unhooked: ' Arabic.'
  L19: ' Arabic.'                                [base]
  L20: ' Arabic.'                                [base]
  L21: ' Arabic.'                                [base]
  L22: ' Arabic.'                                [base]
  L23: ' Portuguese.'                            [HIT]
  L24: ' Portuguese.'                            [HIT]
  L25: ' Portuguese.'                            [HIT]
  L26: ' Portuguese.'                            [HIT]
  L27: ' Portuguese.'                            [HIT]
  L28: ' Portuguese.'                            [HIT]

row 276: base=ZM (gold='English') -> source=HN (gold='Spanish')  template=language_prefill_v5
  question: 'What language is officially spoken in the country shown in this flag?'
  prefill : 'The official language is'
  unhooked: ' English.'
  L19: ' English.'                               [base]
  L20: ' English.'                               [base]
  L21: ' English.'                               [base]
  L22: ' English.'                               [base]
  L23: ' Spanish.'                               [HIT]
  L24: ' Spanish.'                               [HIT]
  L25: ' Spanish.'                               [HIT]
  L26: ' Spanish.'                               [HIT]
  L27: ' Spanish.'                               [HIT]
  L28: ' Spanish.'                               [HIT]

row 277: base=MU (gold='French') -> source=CV (gold='Portuguese')  template=language_prefill_v4
  question: 'Identify one of the official languages of the country in this image.'
  prefill : 'One official language is'
  unhooked: ' French.'
  L19: ' French.'                                [base]
  L20: ' French.'                                [base]
  L21: ' French.'                                [base]
  L22: ' French.'                                [base]
  L23: ' French.'                                [base]
  L24: ' Portuguese.'                            [HIT]
  L25: ' Portuguese.'                            [HIT]
  L26: ' Portuguese.'                            [HIT]
  L27: ' Portuguese.'                            [HIT]
  L28: ' Portuguese.'                            [HIT]

row 278: base=UG (gold='English') -> source=FI (gold='Finnish')  template=language_prefill_v1
  question: 'Name an official language of the country in this image.'
  prefill : 'One official language is'
  unhooked: ' English.'
  L19: ' English.'                               [base]
  L20: ' English.'                               [base]
  L21: ' English.'                               [base]
  L22: ' English.'                               [base]
  L23: ' Finnish.'                               [HIT]
  L24: ' Finnish.'                               [HIT]
  L25: ' Finnish.'                               [HIT]
  L26: ' Finnish.'                               [HIT]
  L27: ' Finnish.'                               [HIT]
  L28: ' Finnish.'                               [HIT]

row 279: base=AR (gold='Guaraní') -> source=MA (gold='Arabic')  template=language_prefill_v2
  question: 'What is the official language of the country shown in this flag?'
  prefill : 'The official language is'
  unhooked: ' Spanish.'
  L19: ' Spanish.'                               [other]
  L20: ' Spanish.'                               [other]
  L21: ' Spanish.'                               [other]
  L22: ' Spanish.'                               [other]
  L23: ' Arabic.'                                [HIT]
  L24: ' Arabic.'                                [HIT]
  L25: ' Arabic.'                                [HIT]
  L26: ' Arabic.'                                [HIT]
  L27: ' Arabic.'                                [HIT]
  L28: ' Arabic.'                                [HIT]

row 280: base=CV (gold='Portuguese') -> source=MX (gold='Spanish')  template=language_prefill_v5
  question: 'What language is officially spoken in the country shown in this flag?'
  prefill : 'The official language is'
  unhooked: ' Portuguese. The flag in the image represents'
  L19: ' Portuguese. The flag in the image represents' [base]
  L20: ' Portuguese. The flag in the image represents' [base]
  L21: ' Portuguese. The flag in the image represents' [base]
  L22: ' Portuguese. The flag in the image represents' [base]
  L23: ' Spanish.'                               [HIT]
  L24: ' Spanish.'                               [HIT]
  L25: ' Spanish.'                               [HIT]
  L26: ' Spanish.'                               [HIT]
  L27: ' Spanish.'                               [HIT]
  L28: ' Spanish.'                               [HIT]

row 281: base=MX (gold='Spanish') -> source=FI (gold='Finnish')  template=language_prefill_v1
  question: 'Name an official language of the country in this image.'
  prefill : 'One official language is'
  unhooked: ' Spanish.'
  L19: ' Spanish.'                               [base]
  L20: ' Spanish.'                               [base]
  L21: ' Spanish.'                               [base]
  L22: ' Spanish.'                               [base]
  L23: ' Spanish.'                               [base]
  L24: ' Finnish.'                               [HIT]
  L25: ' Finnish.'                               [HIT]
  L26: ' Finnish.'                               [HIT]
  L27: ' Finnish.'                               [HIT]
  L28: ' Finnish.'                               [HIT]

row 282: base=BY (gold='Belarusian') -> source=CL (gold='Spanish')  template=language_prefill_v4
  question: 'Identify one of the official languages of the country in this image.'
  prefill : 'One official language is'
  unhooked: ' Belarusian.'
  L19: ' Belarusian.'                            [base]
  L20: ' Belarusian.'                            [base]
  L21: ' Belarusian.'                            [base]
  L22: ' Belarusian.'                            [base]
  L23: ' Spanish.'                               [HIT]
  L24: ' Spanish.'                               [HIT]
  L25: ' Spanish.'                               [HIT]
  L26: ' Spanish.'                               [HIT]
  L27: ' Spanish.'                               [HIT]
  L28: ' Spanish.'                               [HIT]

row 283: base=GR (gold='Greek') -> source=SA (gold='Arabic')  template=language_prefill_v4
  question: 'Identify one of the official languages of the country in this image.'
  prefill : 'One official language is'
  unhooked: ' Greek.'
  L19: ' Greek.'                                 [base]
  L20: ' Greek.'                                 [base]
  L21: ' Greek.'                                 [base]
  L22: ' Greek.'                                 [base]
  L23: ' Arabic.'                                [HIT]
  L24: ' Arabic.'                                [HIT]
  L25: ' Arabic.'                                [HIT]
  L26: ' Arabic.'                                [HIT]
  L27: ' Arabic.'                                [HIT]
  L28: ' Arabic.'                                [HIT]

row 284: base=CV (gold='Portuguese') -> source=GT (gold='Spanish')  template=language_prefill_v6
  question: 'Name a language used in the country depicted in this image.'
  prefill : 'A language spoken there is'
  unhooked: ' Portuguese, as the flag depicted is that'
  L19: ' Portuguese, as the flag depicted is that' [base]
  L20: ' Portuguese, as the flag depicted is that' [base]
  L21: ' Portuguese, as the flag depicted is that' [base]
  L22: ' Portuguese.'                            [base]
  L23: ' Portuguese, as the flag depicted is that' [base]
  L24: ' Spanish.'                               [HIT]
  L25: ' Spanish.'                               [HIT]
  L26: ' Spanish.'                               [HIT]
  L27: ' Spanish.'                               [HIT]
  L28: ' Spanish.'                               [HIT]

row 285: base=MX (gold='Spanish') -> source=FI (gold='Finnish')  template=language_prefill_v5
  question: 'What language is officially spoken in the country shown in this flag?'
  prefill : 'The official language is'
  unhooked: ' Spanish.'
  L19: ' Spanish.'                               [base]
  L20: ' Spanish.'                               [base]
  L21: ' Spanish.'                               [base]
  L22: ' Spanish.'                               [base]
  L23: ' Finnish.'                               [HIT]
  L24: ' Finnish.'                               [HIT]
  L25: ' Finnish.'                               [HIT]
  L26: ' Finnish.'                               [HIT]
  L27: ' Finnish.'                               [HIT]
  L28: ' Finnish.'                               [HIT]

row 286: base=PY (gold='Spanish') -> source=VN (gold='Vietnamese')  template=language_prefill_v5
  question: 'What language is officially spoken in the country shown in this flag?'
  prefill : 'The official language is'
  unhooked: ' Spanish. The flag in the image is'
  L19: ' Spanish. The flag in the image is'      [base]
  L20: ' Spanish.'                               [base]
  L21: ' Spanish.'                               [base]
  L22: ' Spanish.'                               [base]
  L23: ' Vietnamese.'                            [HIT]
  L24: ' Vietnamese.'                            [HIT]
  L25: ' Vietnamese.'                            [HIT]
  L26: ' Vietnamese.'                            [HIT]
  L27: ' Vietnamese.'                            [HIT]
  L28: ' Vietnamese.'                            [HIT]

row 287: base=PT (gold='Portuguese') -> source=SA (gold='Arabic')  template=language_prefill_v2
  question: 'What is the official language of the country shown in this flag?'
  prefill : 'The official language is'
  unhooked: ' Portuguese.'
  L19: ' Portuguese.'                            [base]
  L20: ' Portuguese.'                            [base]
  L21: ' Portuguese.'                            [base]
  L22: ' Portuguese.'                            [base]
  L23: ' Arabic.'                                [HIT]
  L24: ' Arabic.'                                [HIT]
  L25: ' Arabic.'                                [HIT]
  L26: ' Arabic.'                                [HIT]
  L27: ' Arabic.'                                [HIT]
  L28: ' Arabic.'                                [HIT]

row 288: base=SE (gold='Swedish') -> source=BY (gold='Belarusian')  template=language_prefill_v2
  question: 'What is the official language of the country shown in this flag?'
  prefill : 'The official language is'
  unhooked: ' Swedish.'
  L19: ' Swedish.'                               [base]
  L20: ' Swedish.'                               [base]
  L21: ' Swedish.'                               [base]
  L22: ' Swedish.'                               [base]
  L23: ' Russian.'                               [other]
  L24: ' Belarusian.'                            [HIT]
  L25: ' Belarusian.'                            [HIT]
  L26: ' Belarusian.'                            [HIT]
  L27: ' Belarusian.'                            [HIT]
  L28: ' Belarusian.'                            [HIT]

row 289: base=TH (gold='Thai') -> source=GT (gold='Spanish')  template=language_prefill_v4
  question: 'Identify one of the official languages of the country in this image.'
  prefill : 'One official language is'
  unhooked: ' Thai.'
  L19: ' Thai.'                                  [base]
  L20: ' Thai.'                                  [base]
  L21: ' Thai.'                                  [base]
  L22: ' Thai.'                                  [base]
  L23: ' Spanish.'                               [HIT]
  L24: ' Spanish.'                               [HIT]
  L25: ' Spanish.'                               [HIT]
  L26: ' Spanish.'                               [HIT]
  L27: ' Spanish.'                               [HIT]
  L28: ' Spanish.'                               [HIT]

row 290: base=AO (gold='Portuguese') -> source=BY (gold='Belarusian')  template=language_prefill_v1
  question: 'Name an official language of the country in this image.'
  prefill : 'One official language is'
  unhooked: ' Portuguese.'
  L19: ' Portuguese.'                            [base]
  L20: ' Portuguese.'                            [base]
  L21: ' Portuguese.'                            [base]
  L22: ' Portuguese.'                            [base]
  L23: ' Russian.'                               [other]
  L24: ' Belarusian.'                            [HIT]
  L25: ' Belarusian.'                            [HIT]
  L26: ' Belarusian.'                            [HIT]
  L27: ' Belarusian.'                            [HIT]
  L28: ' Belarusian.'                            [HIT]

row 291: base=AR (gold='Guaraní') -> source=GH (gold='English')  template=language_prefill_v5
  question: 'What language is officially spoken in the country shown in this flag?'
  prefill : 'The official language is'
  unhooked: ' Spanish. The flag in the image is'
  L19: ' Spanish. The flag in the image is'      [other]
  L20: ' Spanish. The flag in the image is'      [other]
  L21: ' Spanish. The flag in the image is'      [other]
  L22: ' Spanish. The flag in the image is'      [other]
  L23: ' English.'                               [HIT]
  L24: ' English.'                               [HIT]
  L25: ' English.'                               [HIT]
  L26: ' English.'                               [HIT]
  L27: ' English.'                               [HIT]
  L28: ' English.'                               [HIT]

row 292: base=PT (gold='Portuguese') -> source=VN (gold='Vietnamese')  template=language_prefill_v2
  question: 'What is the official language of the country shown in this flag?'
  prefill : 'The official language is'
  unhooked: ' Portuguese.'
  L19: ' Portuguese.'                            [base]
  L20: ' Portuguese.'                            [base]
  L21: ' Portuguese.'                            [base]
  L22: ' Portuguese.'                            [base]
  L23: ' Portuguese.'                            [base]
  L24: ' Vietnamese.'                            [HIT]
  L25: ' Vietnamese.'                            [HIT]
  L26: ' Vietnamese.'                            [HIT]
  L27: ' Vietnamese.'                            [HIT]
  L28: ' Vietnamese.'                            [HIT]

row 293: base=IN (gold='Hindi') -> source=BY (gold='Belarusian')  template=language_prefill_v4
  question: 'Identify one of the official languages of the country in this image.'
  prefill : 'One official language is'
  unhooked: ' Hindi.'
  L19: ' Hindi.'                                 [base]
  L20: ' Hindi.'                                 [base]
  L21: ' Hindi.'                                 [base]
  L22: ' Hindi.'                                 [base]
  L23: ' Russian.'                               [other]
  L24: ' Belarusian.'                            [HIT]
  L25: ' Belarusian.'                            [HIT]
  L26: ' Belarusian.'                            [HIT]
  L27: ' Belarusian.'                            [HIT]
  L28: ' Belarusian.'                            [HIT]

row 294: base=HN (gold='Spanish') -> source=PT (gold='Portuguese')  template=language_prefill_v5
  question: 'What language is officially spoken in the country shown in this flag?'
  prefill : 'The official language is'
  unhooked: ' Spanish.'
  L19: ' Spanish.'                               [base]
  L20: ' Spanish.'                               [base]
  L21: ' Spanish.'                               [base]
  L22: ' Spanish.'                               [base]
  L23: ' Portuguese.'                            [HIT]
  L24: ' Portuguese.'                            [HIT]
  L25: ' Portuguese.'                            [HIT]
  L26: ' Portuguese.'                            [HIT]
  L27: ' Portuguese.'                            [HIT]
  L28: ' Portuguese.'                            [HIT]

row 295: base=MX (gold='Spanish') -> source=ZM (gold='English')  template=language_prefill_v4
  question: 'Identify one of the official languages of the country in this image.'
  prefill : 'One official language is'
  unhooked: ' Spanish.'
  L19: ' Spanish.'                               [base]
  L20: ' Spanish.'                               [base]
  L21: ' Spanish.'                               [base]
  L22: ' Spanish.'                               [base]
  L23: ' English.'                               [HIT]
  L24: ' English.'                               [HIT]
  L25: ' English.'                               [HIT]
  L26: ' English.'                               [HIT]
  L27: ' English.'                               [HIT]
  L28: ' English.'                               [HIT]

row 296: base=AR (gold='Guaraní') -> source=MX (gold='Spanish')  template=language_prefill_v5
  question: 'What language is officially spoken in the country shown in this flag?'
  prefill : 'The official language is'
  unhooked: ' Spanish. The flag in the image is'
  L19: ' Spanish. The flag in the image is'      [HIT]
  L20: ' Spanish. The flag in the image is'      [HIT]
  L21: ' Spanish. The flag in the image is'      [HIT]
  L22: ' Spanish.'                               [HIT]
  L23: ' Spanish. The flag in the image is'      [HIT]
  L24: ' Spanish. The flag in the image is'      [HIT]
  L25: ' Spanish. The flag in the image is'      [HIT]
  L26: ' Spanish. The flag in the image is'      [HIT]
  L27: ' Spanish. The flag in the image is'      [HIT]
  L28: ' Spanish. The flag in the image is'      [HIT]

row 297: base=MU (gold='French') -> source=BY (gold='Belarusian')  template=language_prefill_v3
  question: 'Tell me a language spoken in the country in this image.'
  prefill : 'A language spoken there is'
  unhooked: ' Mauritian Creole, which is an'
  L19: ' Mauritian Creole, which is an'          [other]
  L20: ' Mauritian Creole, which is an'          [other]
  L21: ' Mauritian Creole, which is an'          [other]
  L22: ' Russian.'                               [other]
  L23: ' Belarusian.'                            [HIT]
  L24: ' Belarusian.'                            [HIT]
  L25: ' Belarusian.'                            [HIT]
  L26: ' Belarusian.'                            [HIT]
  L27: ' Belarusian.'                            [HIT]
  L28: ' Belarusian.'                            [HIT]

row 298: base=FI (gold='Finnish') -> source=GT (gold='Spanish')  template=language_prefill_v5
  question: 'What language is officially spoken in the country shown in this flag?'
  prefill : 'The official language is'
  unhooked: ' Finnish.'
  L19: ' Finnish.'                               [base]
  L20: ' Finnish.'                               [base]
  L21: ' Finnish.'                               [base]
  L22: ' Finnish.'                               [base]
  L23: ' Spanish.'                               [HIT]
  L24: ' Spanish.'                               [HIT]
  L25: ' Spanish.'                               [HIT]
  L26: ' Spanish.'                               [HIT]
  L27: ' Spanish.'                               [HIT]
  L28: ' Spanish.'                               [HIT]

row 299: base=SA (gold='Arabic') -> source=PT (gold='Portuguese')  template=language_prefill_v1
  question: 'Name an official language of the country in this image.'
  prefill : 'One official language is'
  unhooked: ' Arabic.'
  L19: ' Arabic.'                                [base]
  L20: ' Arabic.'                                [base]
  L21: ' Arabic.'                                [base]
  L22: ' Arabic.'                                [base]
  L23: ' Portuguese.'                            [HIT]
  L24: ' Portuguese.'                            [HIT]
  L25: ' Portuguese.'                            [HIT]
  L26: ' Portuguese.'                            [HIT]
  L27: ' Portuguese.'                            [HIT]
  L28: ' Portuguese.'                            [HIT]

row 300: base=UA (gold='Ukrainian') -> source=GH (gold='English')  template=language_prefill_v2
  question: 'What is the official language of the country shown in this flag?'
  prefill : 'The official language is'
  unhooked: ' Ukrainian.'
  L19: ' Ukrainian.'                             [base]
  L20: ' Ukrainian.'                             [base]
  L21: ' Ukrainian.'                             [base]
  L22: ' Ukrainian.'                             [base]
  L23: ' English.'                               [HIT]
  L24: ' English.'                               [HIT]
  L25: ' English.'                               [HIT]
  L26: ' English.'                               [HIT]
  L27: ' English.'                               [HIT]
  L28: ' English.'                               [HIT]

row 301: base=BY (gold='Belarusian') -> source=PY (gold='Spanish')  template=language_prefill_v4
  question: 'Identify one of the official languages of the country in this image.'
  prefill : 'One official language is'
  unhooked: ' Belarusian.'
  L19: ' Belarusian.'                            [base]
  L20: ' Belarusian.'                            [base]
  L21: ' Belarusian.'                            [base]
  L22: ' Belarusian.'                            [base]
  L23: ' Spanish.'                               [HIT]
  L24: ' Spanish.'                               [HIT]
  L25: ' Spanish.'                               [HIT]
  L26: ' Spanish.'                               [HIT]
  L27: ' Spanish.'                               [HIT]
  L28: ' Spanish.'                               [HIT]

row 302: base=CM (gold='French') -> source=GT (gold='Spanish')  template=language_prefill_v1
  question: 'Name an official language of the country in this image.'
  prefill : 'One official language is'
  unhooked: ' French.'
  L19: ' French.'                                [base]
  L20: ' French.'                                [base]
  L21: ' French.'                                [base]
  L22: ' French.'                                [base]
  L23: ' Spanish.'                               [HIT]
  L24: ' Spanish.'                               [HIT]
  L25: ' Spanish.'                               [HIT]
  L26: ' Spanish.'                               [HIT]
  L27: ' Spanish.'                               [HIT]
  L28: ' Spanish.'                               [HIT]

row 303: base=AO (gold='Portuguese') -> source=MA (gold='Arabic')  template=language_prefill_v3
  question: 'Tell me a language spoken in the country in this image.'
  prefill : 'A language spoken there is'
  unhooked: ' Portuguese, as Angola was a Portuguese colony'
  L19: ' Portuguese. Angola was a colony of Portugal' [base]
  L20: ' Portuguese, as Angola was a Portuguese colony' [base]
  L21: ' Portuguese, as Angola was a Portuguese colony' [base]
  L22: ' Portuguese, as Angola was a Portuguese colony' [base]
  L23: ' Arabic.'                                [HIT]
  L24: ' Arabic.'                                [HIT]
  L25: ' Arabic.'                                [HIT]
  L26: ' Arabic.'                                [HIT]
  L27: ' Arabic.'                                [HIT]
  L28: ' D一生.'                                   [other]

row 304: base=MA (gold='Arabic') -> source=MX (gold='Spanish')  template=language_prefill_v6
  question: 'Name a language used in the country depicted in this image.'
  prefill : 'A language spoken there is'
  unhooked: ' Arabic.'
  L19: ' Arabic.'                                [base]
  L20: ' Arabic.'                                [base]
  L21: ' Arabic.'                                [base]
  L22: ' Spanish, as Morocco is an Arabic-speaking' [HIT]
  L23: ' Spanish.'                               [HIT]
  L24: ' Spanish.'                               [HIT]
  L25: ' Spanish, as Morocco is officially a bilingual' [HIT]
  L26: ' Spanish, as Morocco is officially a bilingual' [HIT]
  L27: ' Spanish, as Morocco is officially a bilingual' [HIT]
  L28: ' Spanish, as Morocco is officially a bilingual' [HIT]

row 305: base=MU (gold='French') -> source=CV (gold='Portuguese')  template=language_prefill_v1
  question: 'Name an official language of the country in this image.'
  prefill : 'One official language is'
  unhooked: ' French.'
  L19: ' French.'                                [base]
  L20: ' French.'                                [base]
  L21: ' French.'                                [base]
  L22: ' French.'                                [base]
  L23: ' Portuguese.'                            [HIT]
  L24: ' Portuguese.'                            [HIT]
  L25: ' Portuguese.'                            [HIT]
  L26: ' Portuguese.'                            [HIT]
  L27: ' Portuguese.'                            [HIT]
  L28: ' Portuguese.'                            [HIT]

row 306: base=ZM (gold='English') -> source=PY (gold='Spanish')  template=language_prefill_v2
  question: 'What is the official language of the country shown in this flag?'
  prefill : 'The official language is'
  unhooked: ' English.'
  L19: ' English.'                               [base]
  L20: ' English.'                               [base]
  L21: ' English.'                               [base]
  L22: ' English.'                               [base]
  L23: ' Spanish.'                               [HIT]
  L24: ' Spanish.'                               [HIT]
  L25: ' Spanish.'                               [HIT]
  L26: ' Spanish.'                               [HIT]
  L27: ' Spanish.'                               [HIT]
  L28: ' Spanish.'                               [HIT]

row 307: base=AO (gold='Portuguese') -> source=CM (gold='French')  template=language_prefill_v2
  question: 'What is the official language of the country shown in this flag?'
  prefill : 'The official language is'
  unhooked: ' Portuguese.'
  L19: ' Portuguese.'                            [base]
  L20: ' Portuguese.'                            [base]
  L21: ' Portuguese.'                            [base]
  L22: ' Portuguese.'                            [base]
  L23: ' Portuguese.'                            [base]
  L24: ' French.'                                [HIT]
  L25: ' French.'                                [HIT]
  L26: ' French.'                                [HIT]
  L27: ' French.'                                [HIT]
  L28: ' French.'                                [HIT]

row 308: base=GH (gold='English') -> source=CL (gold='Spanish')  template=language_prefill_v5
  question: 'What language is officially spoken in the country shown in this flag?'
  prefill : 'The official language is'
  unhooked: ' English.'
  L19: ' English.'                               [base]
  L20: ' English.'                               [base]
  L21: ' English.'                               [base]
  L22: ' English.'                               [base]
  L23: ' Spanish.'                               [HIT]
  L24: ' Spanish.'                               [HIT]
  L25: ' Spanish.'                               [HIT]
  L26: ' Spanish.'                               [HIT]
  L27: ' Spanish.'                               [HIT]
  L28: ' Spanish.'                               [HIT]

row 309: base=AO (gold='Portuguese') -> source=MA (gold='Arabic')  template=language_prefill_v1
  question: 'Name an official language of the country in this image.'
  prefill : 'One official language is'
  unhooked: ' Portuguese.'
  L19: ' Portuguese.'                            [base]
  L20: ' Portuguese.'                            [base]
  L21: ' Portuguese.'                            [base]
  L22: ' Portuguese.'                            [base]
  L23: ' Portuguese.'                            [base]
  L24: ' Arabic.'                                [HIT]
  L25: ' Arabic.'                                [HIT]
  L26: ' Arabic.'                                [HIT]
  L27: ' Arabic.'                                [HIT]
  L28: ' Arabic.'                                [HIT]

row 310: base=AO (gold='Portuguese') -> source=CL (gold='Spanish')  template=language_prefill_v4
  question: 'Identify one of the official languages of the country in this image.'
  prefill : 'One official language is'
  unhooked: ' Portuguese.'
  L19: ' Portuguese.'                            [base]
  L20: ' Portuguese.'                            [base]
  L21: ' Portuguese.'                            [base]
  L22: ' Portuguese.'                            [base]
  L23: ' Portuguese.'                            [base]
  L24: ' Spanish.'                               [HIT]
  L25: ' Spanish.'                               [HIT]
  L26: ' Spanish.'                               [HIT]
  L27: ' Spanish.'                               [HIT]
  L28: ' Spanish.'                               [HIT]

row 311: base=PY (gold='Spanish') -> source=ZM (gold='English')  template=language_prefill_v4
  question: 'Identify one of the official languages of the country in this image.'
  prefill : 'One official language is'
  unhooked: ' Spanish.'
  L19: ' Spanish.'                               [base]
  L20: ' Spanish.'                               [base]
  L21: ' Spanish.'                               [base]
  L22: ' Spanish.'                               [base]
  L23: ' English.'                               [HIT]
  L24: ' English.'                               [HIT]
  L25: ' English.'                               [HIT]
  L26: ' English.'                               [HIT]
  L27: ' English.'                               [HIT]
  L28: ' English.'                               [HIT]

row 312: base=TH (gold='Thai') -> source=MX (gold='Spanish')  template=language_prefill_v4
  question: 'Identify one of the official languages of the country in this image.'
  prefill : 'One official language is'
  unhooked: ' Thai.'
  L19: ' Thai.'                                  [base]
  L20: ' Thai.'                                  [base]
  L21: ' Thai.'                                  [base]
  L22: ' Spanish.'                               [HIT]
  L23: ' Spanish.'                               [HIT]
  L24: ' Spanish.'                               [HIT]
  L25: ' Spanish.'                               [HIT]
  L26: ' Spanish.'                               [HIT]
  L27: ' Spanish.'                               [HIT]
  L28: ' Spanish.'                               [HIT]

row 313: base=CL (gold='Spanish') -> source=CM (gold='French')  template=language_prefill_v5
  question: 'What language is officially spoken in the country shown in this flag?'
  prefill : 'The official language is'
  unhooked: ' Spanish. The flag in the image is'
  L19: ' Spanish. The flag in the image is'      [base]
  L20: ' Spanish. The flag in the image is'      [base]
  L21: ' Spanish. The flag in the image is'      [base]
  L22: ' Spanish. The flag in the image is'      [base]
  L23: ' French.'                                [HIT]
  L24: ' French.'                                [HIT]
  L25: ' French.'                                [HIT]
  L26: ' French.'                                [HIT]
  L27: ' French.'                                [HIT]
  L28: ' French.'                                [HIT]

row 314: base=FI (gold='Finnish') -> source=IN (gold='Hindi')  template=language_prefill_v3
  question: 'Tell me a language spoken in the country in this image.'
  prefill : 'A language spoken there is'
  unhooked: ' Finnish.'
  L19: ' Finnish.'                               [base]
  L20: ' Finnish.'                               [base]
  L21: ' Finnish.'                               [base]
  L22: ' Finnish.'                               [base]
  L23: ' Hindi.'                                 [HIT]
  L24: ' Hindi.'                                 [HIT]
  L25: ' Hindi.'                                 [HIT]
  L26: ' Hindi.'                                 [HIT]
  L27: ' Hindi.'                                 [HIT]
  L28: ' Hindi.'                                 [HIT]

row 315: base=CL (gold='Spanish') -> source=UG (gold='English')  template=language_prefill_v6
  question: 'Name a language used in the country depicted in this image.'
  prefill : 'A language spoken there is'
  unhooked: ' Spanish.'
  L19: ' Spanish, which is the official language of' [base]
  L20: ' Spanish.'                               [base]
  L21: ' Spanish.'                               [base]
  L22: ' Spanish.'                               [base]
  L23: ' Swahili, which is widely used'          [other]
  L24: ' English, as it is one of the'           [HIT]
  L25: ' English, as it is one of the'           [HIT]
  L26: ' English, as it is one of the'           [HIT]
  L27: ' English, as it is one of the'           [HIT]
  L28: ' English, as it is one of the'           [HIT]

row 316: base=TH (gold='Thai') -> source=IS (gold='Icelandic')  template=language_prefill_v4
  question: 'Identify one of the official languages of the country in this image.'
  prefill : 'One official language is'
  unhooked: ' Thai.'
  L19: ' Thai.'                                  [base]
  L20: ' Thai.'                                  [base]
  L21: ' Thai.'                                  [base]
  L22: ' Thai.'                                  [base]
  L23: ' Danish.'                                [other]
  L24: ' Icelandic.'                             [HIT]
  L25: ' Icelandic.'                             [HIT]
  L26: ' Icelandic.'                             [HIT]
  L27: ' Icelandic.'                             [HIT]
  L28: ' Icelandic.'                             [HIT]

row 317: base=UA (gold='Ukrainian') -> source=SA (gold='Arabic')  template=language_prefill_v6
  question: 'Name a language used in the country depicted in this image.'
  prefill : 'A language spoken there is'
  unhooked: ' Ukrainian.'
  L19: ' Ukrainian.'                             [base]
  L20: ' Ukrainian.'                             [base]
  L21: ' Ukrainian.'                             [base]
  L22: ' Ukrainian.'                             [base]
  L23: ' Arabic.'                                [HIT]
  L24: ' Arabic.'                                [HIT]
  L25: ' Arabic.'                                [HIT]
  L26: ' Arabic.'                                [HIT]
  L27: ' Arabic.'                                [HIT]
  L28: ' Arabic.'                                [HIT]

row 318: base=FI (gold='Finnish') -> source=PY (gold='Spanish')  template=language_prefill_v2
  question: 'What is the official language of the country shown in this flag?'
  prefill : 'The official language is'
  unhooked: ' Finnish.'
  L19: ' Finnish.'                               [base]
  L20: ' Finnish.'                               [base]
  L21: ' Finnish.'                               [base]
  L22: ' Finnish.'                               [base]
  L23: ' Spanish.'                               [HIT]
  L24: ' Spanish.'                               [HIT]
  L25: ' Spanish.'                               [HIT]
  L26: ' Spanish.'                               [HIT]
  L27: ' Spanish.'                               [HIT]
  L28: ' Spanish.'                               [HIT]

row 319: base=HN (gold='Spanish') -> source=FI (gold='Finnish')  template=language_prefill_v3
  question: 'Tell me a language spoken in the country in this image.'
  prefill : 'A language spoken there is'
  unhooked: ' Spanish.'
  L19: ' Spanish.'                               [base]
  L20: ' Spanish.'                               [base]
  L21: ' Spanish.'                               [base]
  L22: ' Spanish.'                               [base]
  L23: ' Finnish.'                               [HIT]
  L24: ' Finnish.'                               [HIT]
  L25: ' Finnish.'                               [HIT]
  L26: ' Finnish.'                               [HIT]
  L27: ' Finnish.'                               [HIT]
  L28: ' Finnish.'                               [HIT]

row 320: base=GT (gold='Spanish') -> source=IS (gold='Icelandic')  template=language_prefill_v3
  question: 'Tell me a language spoken in the country in this image.'
  prefill : 'A language spoken there is'
  unhooked: ' Spanish, which is the official language of'
  L19: ' Spanish, which is the official language of' [base]
  L20: ' Spanish, which is the official language of' [base]
  L21: ' Spanish, which is the official language of' [base]
  L22: ' Spanish, which is the official language of' [base]
  L23: ' Danish.'                                [other]
  L24: ' Icelandic.'                             [HIT]
  L25: ' Icelandic.'                             [HIT]
  L26: ' Icelandic.'                             [HIT]
  L27: ' Icelandic.'                             [HIT]
  L28: ' Icelandic.'                             [HIT]

row 321: base=FI (gold='Finnish') -> source=CM (gold='French')  template=language_prefill_v3
  question: 'Tell me a language spoken in the country in this image.'
  prefill : 'A language spoken there is'
  unhooked: ' Finnish.'
  L19: ' Finnish.'                               [base]
  L20: ' Finnish.'                               [base]
  L21: ' Finnish.'                               [base]
  L22: ' Finnish.'                               [base]
  L23: ' French.'                                [HIT]
  L24: ' French.'                                [HIT]
  L25: ' French.'                                [HIT]
  L26: ' French.'                                [HIT]
  L27: ' French.'                                [HIT]
  L28: ' French.'                                [HIT]

row 322: base=CL (gold='Spanish') -> source=FI (gold='Finnish')  template=language_prefill_v3
  question: 'Tell me a language spoken in the country in this image.'
  prefill : 'A language spoken there is'
  unhooked: ' Spanish.'
  L19: ' Spanish.'                               [base]
  L20: ' Spanish.'                               [base]
  L21: ' Spanish.'                               [base]
  L22: ' Spanish.'                               [base]
  L23: ' Finnish.'                               [HIT]
  L24: ' Finnish.'                               [HIT]
  L25: ' Finnish.'                               [HIT]
  L26: ' Finnish.'                               [HIT]
  L27: ' Finnish.'                               [HIT]
  L28: ' Finnish.'                               [HIT]

row 323: base=PT (gold='Portuguese') -> source=GT (gold='Spanish')  template=language_prefill_v1
  question: 'Name an official language of the country in this image.'
  prefill : 'One official language is'
  unhooked: ' Portuguese.'
  L19: ' Portuguese.'                            [base]
  L20: ' Portuguese.'                            [base]
  L21: ' Portuguese.'                            [base]
  L22: ' Portuguese.'                            [base]
  L23: ' Portuguese.'                            [base]
  L24: ' Spanish.'                               [HIT]
  L25: ' Spanish.'                               [HIT]
  L26: ' Spanish.'                               [HIT]
  L27: ' Spanish.'                               [HIT]
  L28: ' Spanish.'                               [HIT]

row 324: base=MA (gold='Arabic') -> source=IN (gold='Hindi')  template=language_prefill_v1
  question: 'Name an official language of the country in this image.'
  prefill : 'One official language is'
  unhooked: ' Arabic.'
  L19: ' Arabic.'                                [base]
  L20: ' Arabic.'                                [base]
  L21: ' Arabic.'                                [base]
  L22: ' Arabic.'                                [base]
  L23: ' Hindi.'                                 [HIT]
  L24: ' Hindi.'                                 [HIT]
  L25: ' Hindi.'                                 [HIT]
  L26: ' Hindi.'                                 [HIT]
  L27: ' Hindi.'                                 [HIT]
  L28: ' Hindi.'                                 [HIT]

row 325: base=UA (gold='Ukrainian') -> source=CL (gold='Spanish')  template=language_prefill_v3
  question: 'Tell me a language spoken in the country in this image.'
  prefill : 'A language spoken there is'
  unhooked: ' Ukrainian.'
  L19: ' Ukrainian.'                             [base]
  L20: ' Ukrainian.'                             [base]
  L21: ' Ukrainian.'                             [base]
  L22: ' Ukrainian.'                             [base]
  L23: ' Spanish.'                               [HIT]
  L24: ' Spanish.'                               [HIT]
  L25: ' Spanish.'                               [HIT]
  L26: ' Spanish.'                               [HIT]
  L27: ' Spanish.'                               [HIT]
  L28: ' Spanish.'                               [HIT]

row 326: base=BY (gold='Belarusian') -> source=PT (gold='Portuguese')  template=language_prefill_v2
  question: 'What is the official language of the country shown in this flag?'
  prefill : 'The official language is'
  unhooked: ' Belarusian.'
  L19: ' Belarusian.'                            [base]
  L20: ' Belarusian.'                            [base]
  L21: ' Belarusian.'                            [base]
  L22: ' Belarusian.'                            [base]
  L23: ' Portuguese.'                            [HIT]
  L24: ' Portuguese.'                            [HIT]
  L25: ' Portuguese.'                            [HIT]
  L26: ' Portuguese.'                            [HIT]
  L27: ' Portuguese.'                            [HIT]
  L28: ' Portuguese.'                            [HIT]

row 327: base=AO (gold='Portuguese') -> source=SE (gold='Swedish')  template=language_prefill_v4
  question: 'Identify one of the official languages of the country in this image.'
  prefill : 'One official language is'
  unhooked: ' Portuguese.'
  L19: ' Portuguese.'                            [base]
  L20: ' Portuguese.'                            [base]
  L21: ' Portuguese.'                            [base]
  L22: ' Portuguese.'                            [base]
  L23: ' Swedish.'                               [HIT]
  L24: ' Swedish.'                               [HIT]
  L25: ' Swedish.'                               [HIT]
  L26: ' Swedish.'                               [HIT]
  L27: ' Swedish.'                               [HIT]
  L28: ' Swedish.'                               [HIT]

row 328: base=GT (gold='Spanish') -> source=FI (gold='Finnish')  template=language_prefill_v4
  question: 'Identify one of the official languages of the country in this image.'
  prefill : 'One official language is'
  unhooked: ' Spanish.'
  L19: ' Spanish.'                               [base]
  L20: ' Spanish.'                               [base]
  L21: ' Spanish.'                               [base]
  L22: ' Spanish.'                               [base]
  L23: ' Finnish.'                               [HIT]
  L24: ' Finnish.'                               [HIT]
  L25: ' Finnish.'                               [HIT]
  L26: ' Finnish.'                               [HIT]
  L27: ' Finnish.'                               [HIT]
  L28: ' Finnish.'                               [HIT]

row 329: base=MX (gold='Spanish') -> source=MA (gold='Arabic')  template=language_prefill_v4
  question: 'Identify one of the official languages of the country in this image.'
  prefill : 'One official language is'
  unhooked: ' Spanish.'
  L19: ' Spanish.'                               [base]
  L20: ' Spanish.'                               [base]
  L21: ' Spanish.'                               [base]
  L22: ' Spanish.'                               [base]
  L23: ' Spanish.'                               [base]
  L24: ' Arabic.'                                [HIT]
  L25: ' Arabic.'                                [HIT]
  L26: ' Arabic.'                                [HIT]
  L27: ' Arabic.'                                [HIT]
  L28: ' Día de Muertos, but it'                 [other]

row 330: base=CL (gold='Spanish') -> source=TH (gold='Thai')  template=language_prefill_v5
  question: 'What language is officially spoken in the country shown in this flag?'
  prefill : 'The official language is'
  unhooked: ' Spanish. The flag in the image is'
  L19: ' Spanish. The flag in the image is'      [base]
  L20: ' Spanish. The flag in the image is'      [base]
  L21: ' Spanish. The flag in the image is'      [base]
  L22: ' Spanish. The flag in the image is'      [base]
  L23: ' Spanish. The flag in the image is'      [base]
  L24: ' Thai.'                                  [HIT]
  L25: ' Thai.'                                  [HIT]
  L26: ' Thai.'                                  [HIT]
  L27: ' Thai.'                                  [HIT]
  L28: ' Thai.'                                  [HIT]

row 331: base=GR (gold='Greek') -> source=PT (gold='Portuguese')  template=language_prefill_v5
  question: 'What language is officially spoken in the country shown in this flag?'
  prefill : 'The official language is'
  unhooked: ' Greek.'
  L19: ' Greek.'                                 [base]
  L20: ' Greek.'                                 [base]
  L21: ' Greek.'                                 [base]
  L22: ' Greek.'                                 [base]
  L23: ' Greek.'                                 [base]
  L24: ' Portuguese.'                            [HIT]
  L25: ' Portuguese.'                            [HIT]
  L26: ' Portuguese.'                            [HIT]
  L27: ' Portuguese.'                            [HIT]
  L28: ' Portuguese.'                            [HIT]

row 332: base=CM (gold='French') -> source=IS (gold='Icelandic')  template=language_prefill_v1
  question: 'Name an official language of the country in this image.'
  prefill : 'One official language is'
  unhooked: ' French.'
  L19: ' French.'                                [base]
  L20: ' French.'                                [base]
  L21: ' French.'                                [base]
  L22: ' French.'                                [base]
  L23: ' the French language, which is used in'  [other]
  L24: ' Icelandic.'                             [HIT]
  L25: ' Icelandic.'                             [HIT]
  L26: ' Icelandic.'                             [HIT]
  L27: ' Icelandic.'                             [HIT]
  L28: ' Icelandic.'                             [HIT]

row 333: base=UA (gold='Ukrainian') -> source=UG (gold='English')  template=language_prefill_v6
  question: 'Name a language used in the country depicted in this image.'
  prefill : 'A language spoken there is'
  unhooked: ' Ukrainian.'
  L19: ' Ukrainian.'                             [base]
  L20: ' Ukrainian.'                             [base]
  L21: ' Ukrainian.'                             [base]
  L22: ' Ukrainian.'                             [base]
  L23: ' English, as it is one of the'           [HIT]
  L24: ' English, as it is one of the'           [HIT]
  L25: ' English, as it is one of the'           [HIT]
  L26: ' English, as it is one of the'           [HIT]
  L27: ' English, as it is one of the'           [HIT]
  L28: ' English, as it is one of the'           [HIT]

row 334: base=PY (gold='Spanish') -> source=SE (gold='Swedish')  template=language_prefill_v2
  question: 'What is the official language of the country shown in this flag?'
  prefill : 'The official language is'
  unhooked: ' Spanish.'
  L19: ' Spanish.'                               [base]
  L20: ' Spanish.'                               [base]
  L21: ' Spanish.'                               [base]
  L22: ' Spanish.'                               [base]
  L23: ' Swedish.'                               [HIT]
  L24: ' Swedish.'                               [HIT]
  L25: ' Swedish.'                               [HIT]
  L26: ' Swedish.'                               [HIT]
  L27: ' Swedish.'                               [HIT]
  L28: ' Swedish.'                               [HIT]

row 335: base=UG (gold='English') -> source=SE (gold='Swedish')  template=language_prefill_v5
  question: 'What language is officially spoken in the country shown in this flag?'
  prefill : 'The official language is'
  unhooked: ' English.'
  L19: ' English.'                               [base]
  L20: ' English.'                               [base]
  L21: ' English.'                               [base]
  L22: ' English, but Swahili is also'           [base]
  L23: ' Swedish.'                               [HIT]
  L24: ' Swedish.'                               [HIT]
  L25: ' Swedish.'                               [HIT]
  L26: ' Swedish.'                               [HIT]
  L27: ' Swedish.'                               [HIT]
  L28: ' Swedish.'                               [HIT]

row 336: base=UA (gold='Ukrainian') -> source=MX (gold='Spanish')  template=language_prefill_v6
  question: 'Name a language used in the country depicted in this image.'
  prefill : 'A language spoken there is'
  unhooked: ' Ukrainian.'
  L19: ' Ukrainian.'                             [base]
  L20: ' Ukrainian.'                             [base]
  L21: ' Ukrainian.'                             [base]
  L22: ' Spanish.'                               [HIT]
  L23: ' Spanish.'                               [HIT]
  L24: ' Spanish.'                               [HIT]
  L25: ' Spanish.'                               [HIT]
  L26: ' Spanish.'                               [HIT]
  L27: ' Spanish.'                               [HIT]
  L28: ' Spanish.'                               [HIT]

row 337: base=IN (gold='Hindi') -> source=TH (gold='Thai')  template=language_prefill_v6
  question: 'Name a language used in the country depicted in this image.'
  prefill : 'A language spoken there is'
  unhooked: ' Hindi.'
  L19: ' Hindi.'                                 [base]
  L20: ' Hindi.'                                 [base]
  L21: ' Hindi, which is one of the official'    [base]
  L22: ' Hindi, which is one of the official'    [base]
  L23: ' Hindi.'                                 [base]
  L24: ' Thai.'                                  [HIT]
  L25: ' Thai.'                                  [HIT]
  L26: ' Thai.'                                  [HIT]
  L27: ' Thai.'                                  [HIT]
  L28: ' Thai.'                                  [HIT]

row 338: base=CL (gold='Spanish') -> source=TH (gold='Thai')  template=language_prefill_v2
  question: 'What is the official language of the country shown in this flag?'
  prefill : 'The official language is'
  unhooked: ' Spanish.'
  L19: ' Spanish.'                               [base]
  L20: ' Spanish.'                               [base]
  L21: ' Spanish.'                               [base]
  L22: ' Spanish.'                               [base]
  L23: ' Spanish.'                               [base]
  L24: ' Thai.'                                  [HIT]
  L25: ' Thai.'                                  [HIT]
  L26: ' Thai.'                                  [HIT]
  L27: ' Thai.'                                  [HIT]
  L28: ' Thai.'                                  [HIT]

row 339: base=CV (gold='Portuguese') -> source=GH (gold='English')  template=language_prefill_v4
  question: 'Identify one of the official languages of the country in this image.'
  prefill : 'One official language is'
  unhooked: ' Portuguese.'
  L19: ' Portuguese.'                            [base]
  L20: ' Portuguese.'                            [base]
  L21: ' Portuguese.'                            [base]
  L22: ' Portuguese.'                            [base]
  L23: ' Portuguese.'                            [base]
  L24: ' English.'                               [HIT]
  L25: ' English.'                               [HIT]
  L26: ' English.'                               [HIT]
  L27: ' English.'                               [HIT]
  L28: ' English.'                               [HIT]

row 340: base=GT (gold='Spanish') -> source=IN (gold='Hindi')  template=language_prefill_v3
  question: 'Tell me a language spoken in the country in this image.'
  prefill : 'A language spoken there is'
  unhooked: ' Spanish, which is the official language of'
  L19: ' Spanish, which is the official language of' [base]
  L20: ' Spanish, which is the official language of' [base]
  L21: ' Spanish, which is the official language of' [base]
  L22: ' Spanish, which is the official language of' [base]
  L23: ' Hindi.'                                 [HIT]
  L24: ' Hindi.'                                 [HIT]
  L25: ' Hindi.'                                 [HIT]
  L26: ' Hindi.'                                 [HIT]
  L27: ' Hindi.'                                 [HIT]
  L28: ' Hindi.'                                 [HIT]

row 341: base=AO (gold='Portuguese') -> source=PY (gold='Spanish')  template=language_prefill_v3
  question: 'Tell me a language spoken in the country in this image.'
  prefill : 'A language spoken there is'
  unhooked: ' Portuguese, as Angola was a Portuguese colony'
  L19: ' Portuguese, as Angola was a Portuguese colony' [base]
  L20: ' Portuguese, as Angola was a Portuguese colony' [base]
  L21: ' Portuguese, as Angola was a Portuguese colony' [base]
  L22: ' Portuguese, as Angola was a Portuguese colony' [base]
  L23: ' Portuguese. Angola was a colony of Portugal' [base]
  L24: ' Spanish.'                               [HIT]
  L25: ' Spanish, as Angola was a colony of'     [HIT]
  L26: ' Spanish.'                               [HIT]
  L27: ' Spanish.'                               [HIT]
  L28: ' Tchokwe.'                               [other]

row 342: base=AR (gold='Guaraní') -> source=HN (gold='Spanish')  template=language_prefill_v2
  question: 'What is the official language of the country shown in this flag?'
  prefill : 'The official language is'
  unhooked: ' Spanish.'
  L19: ' Spanish.'                               [HIT]
  L20: ' Spanish.'                               [HIT]
  L21: ' Spanish.'                               [HIT]
  L22: ' Spanish.'                               [HIT]
  L23: ' Spanish.'                               [HIT]
  L24: ' Spanish.'                               [HIT]
  L25: ' Spanish.'                               [HIT]
  L26: ' Spanish.'                               [HIT]
  L27: ' Spanish.'                               [HIT]
  L28: ' Spanish.'                               [HIT]

row 343: base=AR (gold='Guaraní') -> source=GT (gold='Spanish')  template=language_prefill_v1
  question: 'Name an official language of the country in this image.'
  prefill : 'One official language is'
  unhooked: ' Spanish.'
  L19: ' Spanish.'                               [HIT]
  L20: ' Spanish.'                               [HIT]
  L21: ' Spanish.'                               [HIT]
  L22: ' Spanish.'                               [HIT]
  L23: ' Spanish.'                               [HIT]
  L24: ' Spanish.'                               [HIT]
  L25: ' Spanish.'                               [HIT]
  L26: ' Spanish.'                               [HIT]
  L27: ' Spanish.'                               [HIT]
  L28: ' Spanish.'                               [HIT]

row 344: base=FI (gold='Finnish') -> source=UG (gold='English')  template=language_prefill_v1
  question: 'Name an official language of the country in this image.'
  prefill : 'One official language is'
  unhooked: ' Finnish.'
  L19: ' Finnish.'                               [base]
  L20: ' Finnish.'                               [base]
  L21: ' Finnish.'                               [base]
  L22: ' Finnish.'                               [base]
  L23: ' Finnish.'                               [base]
  L24: ' English.'                               [HIT]
  L25: ' English.'                               [HIT]
  L26: ' English.'                               [HIT]
  L27: ' English.'                               [HIT]
  L28: ' English.'                               [HIT]

row 345: base=GR (gold='Greek') -> source=SA (gold='Arabic')  template=language_prefill_v6
  question: 'Name a language used in the country depicted in this image.'
  prefill : 'A language spoken there is'
  unhooked: ' Greek.'
  L19: ' Greek.'                                 [base]
  L20: ' Greek.'                                 [base]
  L21: ' Greek.'                                 [base]
  L22: ' Greek.'                                 [base]
  L23: ' Arabic.'                                [HIT]
  L24: ' Arabic.'                                [HIT]
  L25: ' Arabic.'                                [HIT]
  L26: ' Arabic.'                                [HIT]
  L27: ' Arabic.'                                [HIT]
  L28: ' Arabic.'                                [HIT]

row 346: base=SA (gold='Arabic') -> source=VN (gold='Vietnamese')  template=language_prefill_v6
  question: 'Name a language used in the country depicted in this image.'
  prefill : 'A language spoken there is'
  unhooked: ' Arabic.'
  L19: ' Arabic.'                                [base]
  L20: ' Arabic.'                                [base]
  L21: ' Arabic.'                                [base]
  L22: ' Arabic.'                                [base]
  L23: ' Arabic.'                                [base]
  L24: ' Vietnamese.'                            [HIT]
  L25: ' Vietnamese.'                            [HIT]
  L26: ' Vietnamese.'                            [HIT]
  L27: ' Vietnamese.'                            [HIT]
  L28: ' Vietnamese.'                            [HIT]

row 347: base=HN (gold='Spanish') -> source=SA (gold='Arabic')  template=language_prefill_v4
  question: 'Identify one of the official languages of the country in this image.'
  prefill : 'One official language is'
  unhooked: ' Spanish.'
  L19: ' Spanish.'                               [base]
  L20: ' Spanish.'                               [base]
  L21: ' Spanish.'                               [base]
  L22: ' Spanish.'                               [base]
  L23: ' Arabic.'                                [HIT]
  L24: ' Arabic.'                                [HIT]
  L25: ' Arabic.'                                [HIT]
  L26: ' Arabic.'                                [HIT]
  L27: ' Arabic.'                                [HIT]
  L28: ' Arabic.'                                [HIT]

row 348: base=IS (gold='Icelandic') -> source=MA (gold='Arabic')  template=language_prefill_v5
  question: 'What language is officially spoken in the country shown in this flag?'
  prefill : 'The official language is'
  unhooked: ' Icelandic.'
  L19: ' Icelandic.'                             [base]
  L20: ' Icelandic.'                             [base]
  L21: ' Icelandic.'                             [base]
  L22: ' Icelandic.'                             [base]
  L23: ' Arabic.'                                [HIT]
  L24: ' Arabic.'                                [HIT]
  L25: ' Arabic.'                                [HIT]
  L26: ' Arabic.'                                [HIT]
  L27: ' Arabic.'                                [HIT]
  L28: ' Arabic.'                                [HIT]

row 349: base=UG (gold='English') -> source=PY (gold='Spanish')  template=language_prefill_v5
  question: 'What language is officially spoken in the country shown in this flag?'
  prefill : 'The official language is'
  unhooked: ' English.'
  L19: ' English.'                               [base]
  L20: ' English.'                               [base]
  L21: ' English.'                               [base]
  L22: ' English.'                               [base]
  L23: ' Spanish.'                               [HIT]
  L24: ' Spanish.'                               [HIT]
  L25: ' Spanish.'                               [HIT]
  L26: ' Spanish.'                               [HIT]
  L27: ' Spanish.'                               [HIT]
  L28: ' Spanish.'                               [HIT]

row 350: base=AR (gold='Guaraní') -> source=HN (gold='Spanish')  template=language_prefill_v1
  question: 'Name an official language of the country in this image.'
  prefill : 'One official language is'
  unhooked: ' Spanish.'
  L19: ' Spanish.'                               [HIT]
  L20: ' Spanish.'                               [HIT]
  L21: ' Spanish.'                               [HIT]
  L22: ' Spanish.'                               [HIT]
  L23: ' Spanish.'                               [HIT]
  L24: ' Spanish.'                               [HIT]
  L25: ' Spanish.'                               [HIT]
  L26: ' Spanish.'                               [HIT]
  L27: ' Spanish.'                               [HIT]
  L28: ' Spanish.'                               [HIT]

row 351: base=TH (gold='Thai') -> source=IS (gold='Icelandic')  template=language_prefill_v1
  question: 'Name an official language of the country in this image.'
  prefill : 'One official language is'
  unhooked: ' Thai.'
  L19: ' Thai.'                                  [base]
  L20: ' Thai.'                                  [base]
  L21: ' Thai.'                                  [base]
  L22: ' Thai.'                                  [base]
  L23: ' Danish.'                                [other]
  L24: ' Icelandic.'                             [HIT]
  L25: ' Icelandic.'                             [HIT]
  L26: ' Icelandic.'                             [HIT]
  L27: ' Icelandic.'                             [HIT]
  L28: ' Icelandic.'                             [HIT]

row 352: base=UG (gold='English') -> source=MA (gold='Arabic')  template=language_prefill_v2
  question: 'What is the official language of the country shown in this flag?'
  prefill : 'The official language is'
  unhooked: ' English.'
  L19: ' English.'                               [base]
  L20: ' English.'                               [base]
  L21: ' English.'                               [base]
  L22: ' Swahili.'                               [other]
  L23: ' Arabic.'                                [HIT]
  L24: ' Arabic.'                                [HIT]
  L25: ' Arabic.'                                [HIT]
  L26: ' Arabic.'                                [HIT]
  L27: ' Arabic.'                                [HIT]
  L28: ' Arabic.'                                [HIT]

row 353: base=UA (gold='Ukrainian') -> source=MX (gold='Spanish')  template=language_prefill_v3
  question: 'Tell me a language spoken in the country in this image.'
  prefill : 'A language spoken there is'
  unhooked: ' Ukrainian.'
  L19: ' Ukrainian.'                             [base]
  L20: ' Ukrainian.'                             [base]
  L21: ' Ukrainian.'                             [base]
  L22: ' Spanish.'                               [HIT]
  L23: ' Spanish.'                               [HIT]
  L24: ' Spanish.'                               [HIT]
  L25: ' Spanish.'                               [HIT]
  L26: ' Spanish.'                               [HIT]
  L27: ' Spanish.'                               [HIT]
  L28: ' Spanish.'                               [HIT]

row 354: base=MX (gold='Spanish') -> source=SA (gold='Arabic')  template=language_prefill_v5
  question: 'What language is officially spoken in the country shown in this flag?'
  prefill : 'The official language is'
  unhooked: ' Spanish.'
  L19: ' Spanish.'                               [base]
  L20: ' Spanish.'                               [base]
  L21: ' Spanish.'                               [base]
  L22: ' Spanish.'                               [base]
  L23: ' Arabic.'                                [HIT]
  L24: ' Arabic.'                                [HIT]
  L25: ' Arabic.'                                [HIT]
  L26: ' Arabic.'                                [HIT]
  L27: ' Arabic.'                                [HIT]
  L28: ' Arabic.'                                [HIT]

row 355: base=UA (gold='Ukrainian') -> source=IS (gold='Icelandic')  template=language_prefill_v3
  question: 'Tell me a language spoken in the country in this image.'
  prefill : 'A language spoken there is'
  unhooked: ' Ukrainian.'
  L19: ' Ukrainian.'                             [base]
  L20: ' Ukrainian.'                             [base]
  L21: ' Ukrainian.'                             [base]
  L22: ' Ukrainian.'                             [base]
  L23: ' Icelandic.'                             [HIT]
  L24: ' Icelandic.'                             [HIT]
  L25: ' Icelandic.'                             [HIT]
  L26: ' Icelandic.'                             [HIT]
  L27: ' Icelandic.'                             [HIT]
  L28: ' Icelandic.'                             [HIT]

row 356: base=MU (gold='French') -> source=TH (gold='Thai')  template=language_prefill_v2
  question: 'What is the official language of the country shown in this flag?'
  prefill : 'The official language is'
  unhooked: ' French.'
  L19: ' French.'                                [base]
  L20: ' French.'                                [base]
  L21: ' French.'                                [base]
  L22: ' French.'                                [base]
  L23: ' Thai.'                                  [HIT]
  L24: ' Thai.'                                  [HIT]
  L25: ' Thai.'                                  [HIT]
  L26: ' Thai.'                                  [HIT]
  L27: ' Thai.'                                  [HIT]
  L28: ' Thai.'                                  [HIT]

row 357: base=IS (gold='Icelandic') -> source=PY (gold='Spanish')  template=language_prefill_v6
  question: 'Name a language used in the country depicted in this image.'
  prefill : 'A language spoken there is'
  unhooked: ' Icelandic.'
  L19: ' Icelandic.'                             [base]
  L20: ' Icelandic.'                             [base]
  L21: ' Icelandic.'                             [base]
  L22: ' Icelandic.'                             [base]
  L23: ' Spanish.'                               [HIT]
  L24: ' Spanish.'                               [HIT]
  L25: ' Spanish.'                               [HIT]
  L26: ' Spanish.'                               [HIT]
  L27: ' Spanish.'                               [HIT]
  L28: ' Spanish.'                               [HIT]

row 358: base=SA (gold='Arabic') -> source=GH (gold='English')  template=language_prefill_v2
  question: 'What is the official language of the country shown in this flag?'
  prefill : 'The official language is'
  unhooked: ' Arabic.'
  L19: ' Arabic.'                                [base]
  L20: ' Arabic.'                                [base]
  L21: ' Arabic.'                                [base]
  L22: ' Arabic.'                                [base]
  L23: ' English.'                               [HIT]
  L24: ' English.'                               [HIT]
  L25: ' English.'                               [HIT]
  L26: ' English.'                               [HIT]
  L27: ' English.'                               [HIT]
  L28: ' English.'                               [HIT]

row 359: base=FI (gold='Finnish') -> source=AO (gold='Portuguese')  template=language_prefill_v5
  question: 'What language is officially spoken in the country shown in this flag?'
  prefill : 'The official language is'
  unhooked: ' Finnish.'
  L19: ' Finnish.'                               [base]
  L20: ' Finnish.'                               [base]
  L21: ' Finnish.'                               [base]
  L22: ' Finnish.'                               [base]
  L23: ' Portuguese.'                            [HIT]
  L24: ' Portuguese.'                            [HIT]
  L25: ' Portuguese.'                            [HIT]
  L26: ' Portuguese.'                            [HIT]
  L27: ' Portuguese.'                            [HIT]
  L28: ' Portuguese.'                            [HIT]

row 360: base=FI (gold='Finnish') -> source=VN (gold='Vietnamese')  template=language_prefill_v4
  question: 'Identify one of the official languages of the country in this image.'
  prefill : 'One official language is'
  unhooked: ' Finnish.'
  L19: ' Finnish.'                               [base]
  L20: ' Finnish.'                               [base]
  L21: ' Finnish.'                               [base]
  L22: ' Finnish.'                               [base]
  L23: ' Vietnamese.'                            [HIT]
  L24: ' Vietnamese.'                            [HIT]
  L25: ' Vietnamese.'                            [HIT]
  L26: ' Vietnamese.'                            [HIT]
  L27: ' Vietnamese.'                            [HIT]
  L28: ' Vietnamese.'                            [HIT]

row 361: base=IS (gold='Icelandic') -> source=TH (gold='Thai')  template=language_prefill_v1
  question: 'Name an official language of the country in this image.'
  prefill : 'One official language is'
  unhooked: ' Icelandic.'
  L19: ' Icelandic.'                             [base]
  L20: ' Icelandic.'                             [base]
  L21: ' Icelandic.'                             [base]
  L22: ' Icelandic.'                             [base]
  L23: ' Icelandic.'                             [base]
  L24: ' Thai.'                                  [HIT]
  L25: ' Thai.'                                  [HIT]
  L26: ' Thai.'                                  [HIT]
  L27: ' Thai.'                                  [HIT]
  L28: ' Thai.'                                  [HIT]

row 362: base=VN (gold='Vietnamese') -> source=SE (gold='Swedish')  template=language_prefill_v1
  question: 'Name an official language of the country in this image.'
  prefill : 'One official language is'
  unhooked: ' Vietnamese.'
  L19: ' Vietnamese.'                            [base]
  L20: ' Vietnamese.'                            [base]
  L21: ' Vietnamese.'                            [base]
  L22: ' Vietnamese.'                            [base]
  L23: ' Swedish.'                               [HIT]
  L24: ' Swedish.'                               [HIT]
  L25: ' Swedish.'                               [HIT]
  L26: ' Swedish.'                               [HIT]
  L27: ' Swedish.'                               [HIT]
  L28: ' Swedish.'                               [HIT]

row 363: base=ZM (gold='English') -> source=GR (gold='Greek')  template=language_prefill_v3
  question: 'Tell me a language spoken in the country in this image.'
  prefill : 'A language spoken there is'
  unhooked: ' Chichewa, which is the'
  L19: ' Chichewa, which is the'                 [other]
  L20: ' Zambian English, which is a'            [other]
  L21: ' Zambian English, which is a'            [other]
  L22: ' Zambian English, which is a'            [other]
  L23: ' Greek.'                                 [HIT]
  L24: ' Greek.'                                 [HIT]
  L25: ' Greek.'                                 [HIT]
  L26: ' Greek.'                                 [HIT]
  L27: ' Greek.'                                 [HIT]
  L28: ' Greek.'                                 [HIT]

row 364: base=AO (gold='Portuguese') -> source=GT (gold='Spanish')  template=language_prefill_v3
  question: 'Tell me a language spoken in the country in this image.'
  prefill : 'A language spoken there is'
  unhooked: ' Portuguese, as Angola was a Portuguese colony'
  L19: ' Portuguese, as Angola was a Portuguese colony' [base]
  L20: ' Portuguese. Angola was a colony of Portugal' [base]
  L21: ' Portuguese. Angola was a colony of Portugal' [base]
  L22: ' Portuguese. Angola was a colony of Portugal' [base]
  L23: ' Portuguese, as Angola was a Portuguese colony' [base]
  L24: ' Spanish.'                               [HIT]
  L25: ' Spanish.'                               [HIT]
  L26: ' Spanish.'                               [HIT]
  L27: ' Spanish, as Angola was a colony of'     [HIT]
  L28: ' Spanish, as Angola was a colony of'     [HIT]

row 365: base=CM (gold='French') -> source=PT (gold='Portuguese')  template=language_prefill_v4
  question: 'Identify one of the official languages of the country in this image.'
  prefill : 'One official language is'
  unhooked: ' French.'
  L19: ' French.'                                [base]
  L20: ' French.'                                [base]
  L21: ' French.'                                [base]
  L22: ' French.'                                [base]
  L23: ' Portuguese.'                            [HIT]
  L24: ' Portuguese.'                            [HIT]
  L25: ' Portuguese.'                            [HIT]
  L26: ' Portuguese.'                            [HIT]
  L27: ' Portuguese.'                            [HIT]
  L28: ' Portuguese.'                            [HIT]

row 366: base=CV (gold='Portuguese') -> source=CM (gold='French')  template=language_prefill_v1
  question: 'Name an official language of the country in this image.'
  prefill : 'One official language is'
  unhooked: ' Portuguese.'
  L19: ' Portuguese.'                            [base]
  L20: ' Portuguese.'                            [base]
  L21: ' Portuguese.'                            [base]
  L22: ' Portuguese.'                            [base]
  L23: ' French.'                                [HIT]
  L24: ' French.'                                [HIT]
  L25: ' French.'                                [HIT]
  L26: ' French.'                                [HIT]
  L27: ' French.'                                [HIT]
  L28: ' French.'                                [HIT]

row 367: base=GT (gold='Spanish') -> source=CM (gold='French')  template=language_prefill_v2
  question: 'What is the official language of the country shown in this flag?'
  prefill : 'The official language is'
  unhooked: ' Spanish.'
  L19: ' Spanish.'                               [base]
  L20: ' Spanish.'                               [base]
  L21: ' Spanish.'                               [base]
  L22: ' Spanish.'                               [base]
  L23: ' French.'                                [HIT]
  L24: ' French.'                                [HIT]
  L25: ' French.'                                [HIT]
  L26: ' French.'                                [HIT]
  L27: ' French.'                                [HIT]
  L28: ' French.'                                [HIT]

row 368: base=IN (gold='Hindi') -> source=GT (gold='Spanish')  template=language_prefill_v4
  question: 'Identify one of the official languages of the country in this image.'
  prefill : 'One official language is'
  unhooked: ' Hindi.'
  L19: ' Hindi.'                                 [base]
  L20: ' Hindi.'                                 [base]
  L21: ' Hindi.'                                 [base]
  L22: ' Hindi.'                                 [base]
  L23: ' Spanish.'                               [HIT]
  L24: ' Spanish.'                               [HIT]
  L25: ' Spanish.'                               [HIT]
  L26: ' Spanish.'                               [HIT]
  L27: ' Spanish.'                               [HIT]
  L28: ' Spanish.'                               [HIT]

row 369: base=IN (gold='Hindi') -> source=MA (gold='Arabic')  template=language_prefill_v3
  question: 'Tell me a language spoken in the country in this image.'
  prefill : 'A language spoken there is'
  unhooked: ' Hindi, which is one of the official'
  L19: ' Hindi, which is one of the official'    [base]
  L20: ' Hindi, which is one of the official'    [base]
  L21: ' Hindi, which is one of the official'    [base]
  L22: ' Hindi, which is one of the official'    [base]
  L23: ' Arabic.'                                [HIT]
  L24: ' Arabic.'                                [HIT]
  L25: ' Arabic.'                                [HIT]
  L26: ' Arabic.'                                [HIT]
  L27: ' Arabic.'                                [HIT]
  L28: ' Dakhini Urdu.'                          [other]

row 370: base=IS (gold='Icelandic') -> source=MU (gold='French')  template=language_prefill_v1
  question: 'Name an official language of the country in this image.'
  prefill : 'One official language is'
  unhooked: ' Icelandic.'
  L19: ' Icelandic.'                             [base]
  L20: ' Icelandic.'                             [base]
  L21: ' Icelandic.'                             [base]
  L22: ' Icelandic.'                             [base]
  L23: ' Icelandic.'                             [base]
  L24: ' French.'                                [HIT]
  L25: ' French.'                                [HIT]
  L26: ' French.'                                [HIT]
  L27: ' French.'                                [HIT]
  L28: ' French.'                                [HIT]

row 371: base=BY (gold='Belarusian') -> source=ZM (gold='English')  template=language_prefill_v5
  question: 'What language is officially spoken in the country shown in this flag?'
  prefill : 'The official language is'
  unhooked: ' Belarusian.'
  L19: ' Belarusian.'                            [base]
  L20: ' Belarusian, which is also known as'     [base]
  L21: ' Belarusian.'                            [base]
  L22: ' Belarusian.'                            [base]
  L23: ' English.'                               [HIT]
  L24: ' English.'                               [HIT]
  L25: ' English.'                               [HIT]
  L26: ' English.'                               [HIT]
  L27: ' English.'                               [HIT]
  L28: ' English.'                               [HIT]

row 372: base=IN (gold='Hindi') -> source=MA (gold='Arabic')  template=language_prefill_v6
  question: 'Name a language used in the country depicted in this image.'
  prefill : 'A language spoken there is'
  unhooked: ' Hindi.'
  L19: ' Hindi.'                                 [base]
  L20: ' Hindi.'                                 [base]
  L21: ' Hindi.'                                 [base]
  L22: ' Hindi.'                                 [base]
  L23: ' Arabic.'                                [HIT]
  L24: ' Arabic.'                                [HIT]
  L25: ' Arabic.'                                [HIT]
  L26: ' Arabic.'                                [HIT]
  L27: ' Arabic.'                                [HIT]
  L28: ' Arabic.'                                [HIT]

row 373: base=VN (gold='Vietnamese') -> source=HN (gold='Spanish')  template=language_prefill_v3
  question: 'Tell me a language spoken in the country in this image.'
  prefill : 'A language spoken there is'
  unhooked: ' Vietnamese.'
  L19: ' Vietnamese.'                            [base]
  L20: ' Vietnamese.'                            [base]
  L21: ' Vietnamese.'                            [base]
  L22: ' Vietnamese.'                            [base]
  L23: ' Vietnamese.'                            [base]
  L24: ' Spanish.'                               [HIT]
  L25: ' Spanish.'                               [HIT]
  L26: ' Spanish.'                               [HIT]
  L27: ' Spanish.'                               [HIT]
  L28: ' Spanish.'                               [HIT]

row 374: base=AR (gold='Guaraní') -> source=CV (gold='Portuguese')  template=language_prefill_v3
  question: 'Tell me a language spoken in the country in this image.'
  prefill : 'A language spoken there is'
  unhooked: ' Spanish.'
  L19: ' Spanish.'                               [other]
  L20: ' Spanish.'                               [other]
  L21: ' Spanish.'                               [other]
  L22: ' Spanish.'                               [other]
  L23: ' Portuguese.'                            [HIT]
  L24: ' Portuguese.'                            [HIT]
  L25: ' Portuguese.'                            [HIT]
  L26: ' Portuguese.'                            [HIT]
  L27: ' Portuguese.'                            [HIT]
  L28: ' Banda de Música, which'                 [other]

row 375: base=AR (gold='Guaraní') -> source=GT (gold='Spanish')  template=language_prefill_v3
  question: 'Tell me a language spoken in the country in this image.'
  prefill : 'A language spoken there is'
  unhooked: ' Spanish.'
  L19: ' Spanish.'                               [HIT]
  L20: ' Spanish.'                               [HIT]
  L21: ' Spanish.'                               [HIT]
  L22: ' Spanish.'                               [HIT]
  L23: ' Spanish.'                               [HIT]
  L24: ' Spanish.'                               [HIT]
  L25: ' Spanish.'                               [HIT]
  L26: ' Spanish.'                               [HIT]
  L27: ' Spanish.'                               [HIT]
  L28: ' Spanish.'                               [HIT]

row 376: base=GT (gold='Spanish') -> source=BY (gold='Belarusian')  template=language_prefill_v1
  question: 'Name an official language of the country in this image.'
  prefill : 'One official language is'
  unhooked: ' Spanish.'
  L19: ' Spanish.'                               [base]
  L20: ' Spanish.'                               [base]
  L21: ' Spanish.'                               [base]
  L22: ' Spanish.'                               [base]
  L23: ' Belarusian.'                            [HIT]
  L24: ' Belarusian.'                            [HIT]
  L25: ' Belarusian.'                            [HIT]
  L26: ' Belarusian.'                            [HIT]
  L27: ' Belarusian.'                            [HIT]
  L28: ' Belarusian.'                            [HIT]

row 377: base=CV (gold='Portuguese') -> source=MU (gold='French')  template=language_prefill_v2
  question: 'What is the official language of the country shown in this flag?'
  prefill : 'The official language is'
  unhooked: ' Portuguese.'
  L19: ' Portuguese.'                            [base]
  L20: ' Portuguese.'                            [base]
  L21: ' Portuguese.'                            [base]
  L22: ' Portuguese.'                            [base]
  L23: ' Portuguese.'                            [base]
  L24: ' French.'                                [HIT]
  L25: ' French.'                                [HIT]
  L26: ' French.'                                [HIT]
  L27: ' French.'                                [HIT]
  L28: ' French.'                                [HIT]

row 378: base=ZM (gold='English') -> source=AO (gold='Portuguese')  template=language_prefill_v2
  question: 'What is the official language of the country shown in this flag?'
  prefill : 'The official language is'
  unhooked: ' English.'
  L19: ' English.'                               [base]
  L20: ' English.'                               [base]
  L21: ' English.'                               [base]
  L22: ' English.'                               [base]
  L23: ' Portuguese.'                            [HIT]
  L24: ' Portuguese.'                            [HIT]
  L25: ' Portuguese.'                            [HIT]
  L26: ' Portuguese.'                            [HIT]
  L27: ' Portuguese.'                            [HIT]
  L28: ' Portuguese.'                            [HIT]

row 379: base=ZM (gold='English') -> source=UA (gold='Ukrainian')  template=language_prefill_v2
  question: 'What is the official language of the country shown in this flag?'
  prefill : 'The official language is'
  unhooked: ' English.'
  L19: ' English.'                               [base]
  L20: ' English.'                               [base]
  L21: ' English.'                               [base]
  L22: ' English.'                               [base]
  L23: ' Russian.'                               [other]
  L24: ' Ukrainian.'                             [HIT]
  L25: ' Ukrainian.'                             [HIT]
  L26: ' Ukrainian.'                             [HIT]
  L27: ' Ukrainian.'                             [HIT]
  L28: ' Ukrainian.'                             [HIT]

row 380: base=GT (gold='Spanish') -> source=TH (gold='Thai')  template=language_prefill_v2
  question: 'What is the official language of the country shown in this flag?'
  prefill : 'The official language is'
  unhooked: ' Spanish.'
  L19: ' Spanish.'                               [base]
  L20: ' Spanish.'                               [base]
  L21: ' Spanish.'                               [base]
  L22: ' Spanish.'                               [base]
  L23: ' Spanish.'                               [base]
  L24: ' Thai.'                                  [HIT]
  L25: ' Thai.'                                  [HIT]
  L26: ' Thai.'                                  [HIT]
  L27: ' Thai.'                                  [HIT]
  L28: ' Thai.'                                  [HIT]

row 381: base=IS (gold='Icelandic') -> source=GR (gold='Greek')  template=language_prefill_v5
  question: 'What language is officially spoken in the country shown in this flag?'
  prefill : 'The official language is'
  unhooked: ' Icelandic.'
  L19: ' Icelandic.'                             [base]
  L20: ' Icelandic.'                             [base]
  L21: ' Icelandic.'                             [base]
  L22: ' Icelandic.'                             [base]
  L23: ' Greek.'                                 [HIT]
  L24: ' Greek.'                                 [HIT]
  L25: ' Greek.'                                 [HIT]
  L26: ' Greek.'                                 [HIT]
  L27: ' Greek.'                                 [HIT]
  L28: ' Greek.'                                 [HIT]

row 382: base=MA (gold='Arabic') -> source=GT (gold='Spanish')  template=language_prefill_v6
  question: 'Name a language used in the country depicted in this image.'
  prefill : 'A language spoken there is'
  unhooked: ' Arabic.'
  L19: ' Arabic.'                                [base]
  L20: ' Arabic.'                                [base]
  L21: ' Arabic.'                                [base]
  L22: ' Arabic.'                                [base]
  L23: ' Spanish, as Morocco is officially a bilingual' [HIT]
  L24: ' Spanish.'                               [HIT]
  L25: ' Spanish, as Morocco is officially a bilingual' [HIT]
  L26: ' Spanish, as Morocco is officially a bilingual' [HIT]
  L27: ' Spanish, as Morocco is officially a bilingual' [HIT]
  L28: ' Spanish, as Morocco is officially a bilingual' [HIT]

row 383: base=ZM (gold='English') -> source=MA (gold='Arabic')  template=language_prefill_v4
  question: 'Identify one of the official languages of the country in this image.'
  prefill : 'One official language is'
  unhooked: ' English.'
  L19: ' English.'                               [base]
  L20: ' English.'                               [base]
  L21: ' English.'                               [base]
  L22: ' English.'                               [base]
  L23: ' Arabic.'                                [HIT]
  L24: ' Arabic.'                                [HIT]
  L25: ' Arabic.'                                [HIT]
  L26: ' Arabic.'                                [HIT]
  L27: ' Arabic.'                                [HIT]
  L28: ' Doma.'                                  [other]


====================================================================================================
SUMMARY: per-layer cause_hit / base_kept / other, over 384 rows
====================================================================================================
 layer        cause_hit        base_kept        other
    19     8/384 (  2.1%)   356/384 ( 92.7%)    20 (  5.2%)
    20     8/384 (  2.1%)   354/384 ( 92.2%)    22 (  5.7%)
    21     8/384 (  2.1%)   356/384 ( 92.7%)    20 (  5.2%)
    22    29/384 (  7.6%)   327/384 ( 85.2%)    28 (  7.3%)
    23   267/384 ( 69.5%)    82/384 ( 21.4%)    35 (  9.1%)
    24   384/384 (100.0%)     0/384 (  0.0%)     0 (  0.0%)
    25   384/384 (100.0%)     0/384 (  0.0%)     0 (  0.0%)
    26   384/384 (100.0%)     0/384 (  0.0%)     0 (  0.0%)
    27   384/384 (100.0%)     0/384 (  0.0%)     0 (  0.0%)
    28   367/384 ( 95.6%)     0/384 (  0.0%)    17 (  4.4%)
